ISO-10303-21;
HEADER;
FILE_DESCRIPTION (( 'STEP AP203' ),
    '1' );
FILE_NAME ('LID_v3.STEP',
    '2026-07-06T22:01:25',
    ( '' ),
    ( '' ),
    'SwSTEP 2.0',
    'SolidWorks 2024',
    '' );
FILE_SCHEMA (( 'CONFIG_CONTROL_DESIGN' ));
ENDSEC;

DATA;
#1 = ORIENTED_EDGE ( 'NONE', *, *, #221, .F. ) ;
#2 = EDGE_CURVE ( 'NONE', #437, #1053, #953, .T. ) ;
#3 = ORIENTED_EDGE ( 'NONE', *, *, #417, .F. ) ;
#4 = CYLINDRICAL_SURFACE ( 'NONE', #98, 1.700000000000005285 ) ;
#5 = VECTOR ( 'NONE', #252, 1000.000000000000000 ) ;
#6 = DIRECTION ( 'NONE',  ( 0.000000000000000000, -0.000000000000000000, -1.000000000000000000 ) ) ;
#7 = VECTOR ( 'NONE', #1530, 1000.000000000000000 ) ;
#8 = LINE ( 'NONE', #859, #409 ) ;
#9 = CARTESIAN_POINT ( 'NONE',  ( 5.480077554195742273, 3.851859888774471706E-31, 5.480077554195744050 ) ) ;
#10 = CC_DESIGN_PERSON_AND_ORGANIZATION_ASSIGNMENT ( #1154, #39, ( #12 ) ) ;
#11 = CYLINDRICAL_SURFACE ( 'NONE', #1297, 2.874999999999994671 ) ;
#12 = PRODUCT ( 'LID_v3', 'LID_v3', '', ( #1381 ) ) ;
#13 = EDGE_CURVE ( 'NONE', #1773, #507, #1137, .T. ) ;
#14 = CARTESIAN_POINT ( 'NONE',  ( 0.000000000000000000, 0.000000000000000000, 0.000000000000000000 ) ) ;
#15 = ORIENTED_EDGE ( 'NONE', *, *, #460, .F. ) ;
#16 = FACE_OUTER_BOUND ( 'NONE', #235, .T. ) ;
#17 = FACE_OUTER_BOUND ( 'NONE', #1125, .T. ) ;
#18 = DIRECTION ( 'NONE',  ( 1.000000000000000000, 0.000000000000000000, -1.577021341797097314E-16 ) ) ;
#19 = CARTESIAN_POINT ( 'NONE',  ( -5.480077554195744938, 3.400000000000000355, 8.355077554195736056 ) ) ;
#20 = FACE_OUTER_BOUND ( 'NONE', #1295, .T. ) ;
#21 = ORIENTED_EDGE ( 'NONE', *, *, #634, .F. ) ;
#22 = CIRCLE ( 'NONE', #970, 2.874999999999999112 ) ;
#23 = VECTOR ( 'NONE', #604, 1000.000000000000000 ) ;
#24 = ORIENTED_EDGE ( 'NONE', *, *, #521, .F. ) ;
#25 = LINE ( 'NONE', #739, #307 ) ;
#26 = EDGE_LOOP ( 'NONE', ( #336, #1368 ) ) ;
#27 = DIRECTION ( 'NONE',  ( -0.000000000000000000, 1.000000000000000000, -0.000000000000000000 ) ) ;
#28 = CARTESIAN_POINT ( 'NONE',  ( 5.480077554195744938, 3.400000000000000355, -5.480077554195744050 ) ) ;
#29 = FACE_BOUND ( 'NONE', #377, .T. ) ;
#30 = CARTESIAN_POINT ( 'NONE',  ( -12.50000000000000178, 5.500000000000000000, 10.45000000000000462 ) ) ;
#31 = AXIS2_PLACEMENT_3D ( 'NONE', #870, #452, #608 ) ;
#32 = ADVANCED_FACE ( 'NONE', ( #1696 ), #1532, .F. ) ;
#33 = VERTEX_POINT ( 'NONE', #1685 ) ;
#34 = EDGE_LOOP ( 'NONE', ( #410, #1697 ) ) ;
#35 = ORIENTED_EDGE ( 'NONE', *, *, #150, .F. ) ;
#36 = DIRECTION ( 'NONE',  ( 0.000000000000000000, 0.000000000000000000, 1.000000000000000000 ) ) ;
#37 = CIRCLE ( 'NONE', #260, 1.699999999999998401 ) ;
#38 = FACE_OUTER_BOUND ( 'NONE', #395, .T. ) ;
#39 = PERSON_AND_ORGANIZATION_ROLE ( 'design_owner' ) ;
#40 = DIRECTION ( 'NONE',  ( 1.224646799147351482E-16, 0.000000000000000000, -1.000000000000000000 ) ) ;
#41 = CARTESIAN_POINT ( 'NONE',  ( 5.480077554195742273, 5.500000000000000000, 7.180077554195742451 ) ) ;
#42 = AXIS2_PLACEMENT_3D ( 'NONE', #539, #107, #676 ) ;
#43 = FACE_BOUND ( 'NONE', #1485, .T. ) ;
#44 = ORIENTED_EDGE ( 'NONE', *, *, #574, .F. ) ;
#45 = ORIENTED_EDGE ( 'NONE', *, *, #593, .F. ) ;
#46 = CARTESIAN_POINT ( 'NONE',  ( -12.50000000000000178, 5.500000000000000000, -7.574999999999993072 ) ) ;
#47 = EDGE_CURVE ( 'NONE', #1469, #1207, #554, .T. ) ;
#48 = EDGE_CURVE ( 'NONE', #691, #1276, #1483, .T. ) ;
#49 = ORIENTED_EDGE ( 'NONE', *, *, #1675, .F. ) ;
#50 = DIRECTION ( 'NONE',  ( -0.000000000000000000, -1.000000000000000000, -0.000000000000000000 ) ) ;
#51 = CARTESIAN_POINT ( 'NONE',  ( 16.49999999999999289, 5.500000000000000000, 13.34999999999998721 ) ) ;
#52 = APPLICATION_PROTOCOL_DEFINITION ( 'international standard', 'config_control_design', 1994, #866 ) ;
#53 = DIRECTION ( 'NONE',  ( 0.000000000000000000, 1.000000000000000000, 0.000000000000000000 ) ) ;
#54 = DIRECTION ( 'NONE',  ( 0.000000000000000000, -1.000000000000000000, 0.000000000000000000 ) ) ;
#55 = DIRECTION ( 'NONE',  ( 0.000000000000000000, 0.000000000000000000, 1.000000000000000000 ) ) ;
#56 = ORIENTED_EDGE ( 'NONE', *, *, #1466, .T. ) ;
#57 = EDGE_LOOP ( 'NONE', ( #1080, #390, #741, #1586 ) ) ;
#58 = ORIENTED_EDGE ( 'NONE', *, *, #602, .F. ) ;
#59 = LINE ( 'NONE', #454, #777 ) ;
#60 = CIRCLE ( 'NONE', #1624, 2.874999999999999112 ) ;
#61 = ORIENTED_EDGE ( 'NONE', *, *, #631, .T. ) ;
#62 = DIRECTION ( 'NONE',  ( 0.000000000000000000, 1.000000000000000000, 0.000000000000000000 ) ) ;
#63 = AXIS2_PLACEMENT_3D ( 'NONE', #1648, #431, #201 ) ;
#64 = DIRECTION ( 'NONE',  ( -0.000000000000000000, -1.000000000000000000, -0.000000000000000000 ) ) ;
#65 = LINE ( 'NONE', #1309, #7 ) ;
#66 = EDGE_CURVE ( 'NONE', #1268, #1293, #1585, .T. ) ;
#67 = CARTESIAN_POINT ( 'NONE',  ( -12.50000000000000178, 2.100000000000000089, -12.14999999999999325 ) ) ;
#68 = PRODUCT_DEFINITION_SHAPE ( 'NONE', 'NONE',  #533 ) ;
#69 = DIRECTION ( 'NONE',  ( 0.000000000000000000, 0.000000000000000000, -1.000000000000000000 ) ) ;
#70 = ORIENTED_EDGE ( 'NONE', *, *, #891, .F. ) ;
#71 = CARTESIAN_POINT ( 'NONE',  ( -12.50000000000000178, 2.100000000000000089, 10.45000000000000462 ) ) ;
#72 = ORIENTED_EDGE ( 'NONE', *, *, #1285, .F. ) ;
#73 = CYLINDRICAL_SURFACE ( 'NONE', #1396, 10.25000000000000000 ) ;
#74 = DIRECTION ( 'NONE',  ( -0.000000000000000000, -1.000000000000000000, -0.000000000000000000 ) ) ;
#75 = DIRECTION ( 'NONE',  ( -0.000000000000000000, -1.000000000000000000, -0.000000000000000000 ) ) ;
#76 = CARTESIAN_POINT ( 'NONE',  ( 12.49999999999999822, 2.100000000000000089, -10.44999999999999929 ) ) ;
#77 = DIRECTION ( 'NONE',  ( 0.000000000000000000, 0.000000000000000000, -1.000000000000000000 ) ) ;
#78 = CIRCLE ( 'NONE', #42, 1.700000000000012168 ) ;
#79 = AXIS2_PLACEMENT_3D ( 'NONE', #1011, #1434, #1288 ) ;
#80 = CARTESIAN_POINT ( 'NONE',  ( 12.50000000000000000, 2.100000000000000089, 8.750000000000001776 ) ) ;
#81 = AXIS2_PLACEMENT_3D ( 'NONE', #309, #62, #1390 ) ;
#82 = DIRECTION ( 'NONE',  ( 0.000000000000000000, 1.000000000000000000, 0.000000000000000000 ) ) ;
#83 = ORIENTED_EDGE ( 'NONE', *, *, #335, .F. ) ;
#84 = ORIENTED_EDGE ( 'NONE', *, *, #221, .T. ) ;
#85 = ORIENTED_EDGE ( 'NONE', *, *, #941, .F. ) ;
#86 = DIRECTION ( 'NONE',  ( 0.000000000000000000, 0.000000000000000000, 1.000000000000000000 ) ) ;
#87 = CARTESIAN_POINT ( 'NONE',  ( -15.50000000000000711, 5.500000000000000000, 14.34999999999999076 ) ) ;
#88 = CARTESIAN_POINT ( 'NONE',  ( 5.480077554195742273, 3.400000000000000355, 8.355077554195737832 ) ) ;
#89 = DIRECTION ( 'NONE',  ( 0.000000000000000000, 0.000000000000000000, 1.000000000000000000 ) ) ;
#90 = ADVANCED_FACE ( 'NONE', ( #512 ), #370, .F. ) ;
#91 = ORIENTED_EDGE ( 'NONE', *, *, #1098, .T. ) ;
#92 = VERTEX_POINT ( 'NONE', #1324 ) ;
#93 = VERTEX_POINT ( 'NONE', #110 ) ;
#94 = CIRCLE ( 'NONE', #1108, 2.874999999999995559 ) ;
#95 = CARTESIAN_POINT ( 'NONE',  ( 5.480077554195742273, 3.400000000000000355, 5.480077554195744050 ) ) ;
#96 = DIRECTION ( 'NONE',  ( -1.051347561198064958E-16, 0.000000000000000000, -1.000000000000000000 ) ) ;
#97 = ORGANIZATION ( 'UNSPECIFIED', 'UNSPECIFIED', '' ) ;
#98 = AXIS2_PLACEMENT_3D ( 'NONE', #834, #1367, #158 ) ;
#99 = ORIENTED_EDGE ( 'NONE', *, *, #1675, .T. ) ;
#100 = ORIENTED_EDGE ( 'NONE', *, *, #417, .T. ) ;
#101 = EDGE_CURVE ( 'NONE', #1046, #1526, #1266, .T. ) ;
#102 = AXIS2_PLACEMENT_3D ( 'NONE', #71, #1294, #1117 ) ;
#103 = EDGE_LOOP ( 'NONE', ( #1627, #578 ) ) ;
#104 = ORIENTED_EDGE ( 'NONE', *, *, #681, .T. ) ;
#105 = CC_DESIGN_PERSON_AND_ORGANIZATION_ASSIGNMENT ( #1209, #1343, ( #1454 ) ) ;
#106 = EDGE_CURVE ( 'NONE', #868, #1333, #1230, .T. ) ;
#107 = DIRECTION ( 'NONE',  ( -0.000000000000000000, -1.000000000000000000, -0.000000000000000000 ) ) ;
#108 = CARTESIAN_POINT ( 'NONE',  ( -5.480077554195744938, 5.500000000000000000, 3.780077554195742984 ) ) ;
#109 = COORDINATED_UNIVERSAL_TIME_OFFSET ( 5, 0, .BEHIND. ) ;
#110 = CARTESIAN_POINT ( 'NONE',  ( -12.50000000000000178, 5.500000000000000000, 7.575000000000003730 ) ) ;
#111 = EDGE_LOOP ( 'NONE', ( #403, #855 ) ) ;
#112 = CIRCLE ( 'NONE', #81, 11.75000000000000178 ) ;
#113 = EDGE_LOOP ( 'NONE', ( #135, #1340 ) ) ;
#114 = ORIENTED_EDGE ( 'NONE', *, *, #556, .T. ) ;
#115 = CARTESIAN_POINT ( 'NONE',  ( 12.50000000000000000, 2.100000000000000089, 13.32499999999999929 ) ) ;
#116 = CARTESIAN_POINT ( 'NONE',  ( -12.50000000000000178, 2.100000000000000089, 10.45000000000000462 ) ) ;
#117 = CARTESIAN_POINT ( 'NONE',  ( -15.50000000000000711, 5.500000000000000000, 0.000000000000000000 ) ) ;
#118 = PLANE ( 'NONE',  #1605 ) ;
#119 = EDGE_LOOP ( 'NONE', ( #195, #1579, #1149, #49 ) ) ;
#120 = ORIENTED_EDGE ( 'NONE', *, *, #787, .T. ) ;
#121 = DIRECTION ( 'NONE',  ( 0.000000000000000000, 0.000000000000000000, -1.000000000000000000 ) ) ;
#122 = DIRECTION ( 'NONE',  ( 0.000000000000000000, 0.000000000000000000, 1.000000000000000000 ) ) ;
#123 = AXIS2_PLACEMENT_3D ( 'NONE', #887, #878, #1135 ) ;
#124 = DIRECTION ( 'NONE',  ( 0.000000000000000000, 1.000000000000000000, 0.000000000000000000 ) ) ;
#125 = ADVANCED_FACE ( 'NONE', ( #1706, #484, #904, #1742, #750 ), #1303, .T. ) ;
#126 = ORIENTED_EDGE ( 'NONE', *, *, #435, .F. ) ;
#127 = ORIENTED_EDGE ( 'NONE', *, *, #1570, .T. ) ;
#128 = CYLINDRICAL_SURFACE ( 'NONE', #1747, 2.875000000000000000 ) ;
#129 = DIRECTION ( 'NONE',  ( 0.000000000000000000, 0.000000000000000000, 1.000000000000000000 ) ) ;
#130 = PERSON_AND_ORGANIZATION ( #1564, #97 ) ;
#131 = DIRECTION ( 'NONE',  ( 0.000000000000000000, 0.000000000000000000, 1.000000000000000000 ) ) ;
#132 = CIRCLE ( 'NONE', #813, 2.875000000000000888 ) ;
#133 = ORIENTED_EDGE ( 'NONE', *, *, #402, .T. ) ;
#134 = VECTOR ( 'NONE', #1301, 1000.000000000000000 ) ;
#135 = ORIENTED_EDGE ( 'NONE', *, *, #184, .F. ) ;
#136 = AXIS2_PLACEMENT_3D ( 'NONE', #1233, #1225, #982 ) ;
#137 = DIRECTION ( 'NONE',  ( 0.000000000000000000, 0.000000000000000000, 1.000000000000000000 ) ) ;
#138 = DIRECTION ( 'NONE',  ( 0.000000000000000000, 0.000000000000000000, 1.000000000000000000 ) ) ;
#139 = CARTESIAN_POINT ( 'NONE',  ( -16.50000000000000711, 5.500000000000000000, -13.35000000000000675 ) ) ;
#140 = EDGE_LOOP ( 'NONE', ( #1506, #1163 ) ) ;
#141 = ORIENTED_EDGE ( 'NONE', *, *, #424, .T. ) ;
#142 = DIRECTION ( 'NONE',  ( -0.000000000000000000, 1.000000000000000000, -0.000000000000000000 ) ) ;
#143 = DIRECTION ( 'NONE',  ( 0.000000000000000000, 0.000000000000000000, 1.000000000000000000 ) ) ;
#144 = DIRECTION ( 'NONE',  ( -0.000000000000000000, -1.000000000000000000, -0.000000000000000000 ) ) ;
#145 = LINE ( 'NONE', #139, #1161 ) ;
#146 = CIRCLE ( 'NONE', #315, 2.875000000000000888 ) ;
#147 = CIRCLE ( 'NONE', #1505, 10.75000000000000178 ) ;
#148 = AXIS2_PLACEMENT_3D ( 'NONE', #557, #1632, #820 ) ;
#149 = ORIENTED_EDGE ( 'NONE', *, *, #748, .F. ) ;
#150 = EDGE_CURVE ( 'NONE', #788, #882, #1635, .T. ) ;
#151 = DIRECTION ( 'NONE',  ( 0.000000000000000000, -0.000000000000000000, 1.000000000000000000 ) ) ;
#152 = ADVANCED_FACE ( 'NONE', ( #619 ), #1033, .F. ) ;
#153 = DIRECTION ( 'NONE',  ( -0.000000000000000000, -1.000000000000000000, -0.000000000000000000 ) ) ;
#154 = FACE_OUTER_BOUND ( 'NONE', #1456, .T. ) ;
#155 = CYLINDRICAL_SURFACE ( 'NONE', #323, 1.700000000000005285 ) ;
#156 = ORIENTED_EDGE ( 'NONE', *, *, #534, .T. ) ;
#157 = VERTEX_POINT ( 'NONE', #1577 ) ;
#158 = DIRECTION ( 'NONE',  ( 0.000000000000000000, 0.000000000000000000, -1.000000000000000000 ) ) ;
#159 = VECTOR ( 'NONE', #381, 1000.000000000000000 ) ;
#160 = CARTESIAN_POINT ( 'NONE',  ( -10.33333333333333925, 10.66666666666666785, 8.183333333333321136 ) ) ;
#161 = CIRCLE ( 'NONE', #707, 1.699999999999998401 ) ;
#162 = FACE_BOUND ( 'NONE', #421, .T. ) ;
#163 = CARTESIAN_POINT ( 'NONE',  ( -12.50000000000000178, 2.100000000000000089, 10.45000000000000462 ) ) ;
#164 = CYLINDRICAL_SURFACE ( 'NONE', #979, 1.700000000000005285 ) ;
#165 = EDGE_CURVE ( 'NONE', #1515, #371, #358, .T. ) ;
#166 = EDGE_LOOP ( 'NONE', ( #780, #609, #1339, #265 ) ) ;
#167 = DIRECTION ( 'NONE',  ( -0.000000000000000000, -1.000000000000000000, -0.000000000000000000 ) ) ;
#168 = CYLINDRICAL_SURFACE ( 'NONE', #1147, 1.699999999999998401 ) ;
#169 = PERSON_AND_ORGANIZATION ( #1564, #97 ) ;
#170 = CARTESIAN_POINT ( 'NONE',  ( 12.49999999999999822, 5.500000000000000000, -7.574999999999999289 ) ) ;
#171 = DIRECTION ( 'NONE',  ( -0.000000000000000000, -1.000000000000000000, -0.000000000000000000 ) ) ;
#172 = ADVANCED_FACE ( 'NONE', ( #551 ), #11, .F. ) ;
#173 = FACE_BOUND ( 'NONE', #1661, .T. ) ;
#174 = VECTOR ( 'NONE', #1641, 1000.000000000000000 ) ;
#175 = ADVANCED_FACE ( 'NONE', ( #286 ), #1511, .F. ) ;
#176 = EDGE_LOOP ( 'NONE', ( #1430, #783, #338, #639 ) ) ;
#177 = CARTESIAN_POINT ( 'NONE',  ( -12.50000000000000178, 5.500000000000000000, -7.574999999999993960 ) ) ;
#178 = CIRCLE ( 'NONE', #1628, 1.699999999999998401 ) ;
#179 = CARTESIAN_POINT ( 'NONE',  ( -5.480077554195744938, 0.000000000000000000, 5.480077554195741385 ) ) ;
#180 = APPLICATION_PROTOCOL_DEFINITION ( 'international standard', 'config_control_design', 1994, #683 ) ;
#181 = CARTESIAN_POINT ( 'NONE',  ( 12.50000000000000000, 5.500000000000000000, 12.14999999999999858 ) ) ;
#182 = CARTESIAN_POINT ( 'NONE',  ( 10.33333333333332860, 10.66666666666666075, 8.183333333333322912 ) ) ;
#183 = VECTOR ( 'NONE', #705, 1000.000000000000000 ) ;
#184 = EDGE_CURVE ( 'NONE', #1325, #1420, #874, .T. ) ;
#185 = ORIENTED_EDGE ( 'NONE', *, *, #279, .F. ) ;
#186 = ORIENTED_EDGE ( 'NONE', *, *, #1413, .F. ) ;
#187 = CARTESIAN_POINT ( 'NONE',  ( 0.000000000000000000, 7.500000000000000000, 0.000000000000000000 ) ) ;
#188 = LINE ( 'NONE', #733, #1222 ) ;
#189 = CARTESIAN_POINT ( 'NONE',  ( 12.50000000000000000, 5.500000000000000000, 10.45000000000000107 ) ) ;
#190 = CIRCLE ( 'NONE', #1158, 10.25000000000000000 ) ;
#191 = LINE ( 'NONE', #895, #910 ) ;
#192 = FACE_BOUND ( 'NONE', #411, .T. ) ;
#193 = DIRECTION ( 'NONE',  ( 0.000000000000000000, 0.000000000000000000, 1.000000000000000000 ) ) ;
#194 = DIRECTION ( 'NONE',  ( 0.000000000000000000, 0.000000000000000000, -1.000000000000000000 ) ) ;
#195 = ORIENTED_EDGE ( 'NONE', *, *, #196, .F. ) ;
#196 = EDGE_CURVE ( 'NONE', #1052, #515, #1124, .T. ) ;
#197 = EDGE_LOOP ( 'NONE', ( #264, #1588 ) ) ;
#198 = DIRECTION ( 'NONE',  ( 0.000000000000000000, 0.000000000000000000, -1.000000000000000000 ) ) ;
#199 = DIRECTION ( 'NONE',  ( -0.000000000000000000, 1.000000000000000000, -0.000000000000000000 ) ) ;
#200 = ADVANCED_FACE ( 'NONE', ( #1649 ), #164, .F. ) ;
#201 = DIRECTION ( 'NONE',  ( 0.000000000000000000, 0.000000000000000000, -1.000000000000000000 ) ) ;
#202 = LINE ( 'NONE', #182, #134 ) ;
#203 = CARTESIAN_POINT ( 'NONE',  ( 14.19999999999999751, 2.100000000000000089, -10.44999999999999929 ) ) ;
#204 = ORIENTED_EDGE ( 'NONE', *, *, #1541, .F. ) ;
#205 = CIRCLE ( 'NONE', #1423, 1.699999999999998401 ) ;
#206 = ORIENTED_EDGE ( 'NONE', *, *, #1507, .T. ) ;
#207 = DIRECTION ( 'NONE',  ( -0.000000000000000000, -1.000000000000000000, -0.000000000000000000 ) ) ;
#208 = CARTESIAN_POINT ( 'NONE',  ( 1.403548994199415520E-15, 5.500000000000000000, 13.34999999999998899 ) ) ;
#209 = FACE_OUTER_BOUND ( 'NONE', #1402, .T. ) ;
#210 = DIRECTION ( 'NONE',  ( 0.000000000000000000, 0.000000000000000000, 1.000000000000000000 ) ) ;
#211 = CARTESIAN_POINT ( 'NONE',  ( 12.50000000000000000, 5.500000000000000000, 10.45000000000000107 ) ) ;
#212 = EDGE_CURVE ( 'NONE', #443, #1052, #854, .T. ) ;
#213 = ORIENTED_EDGE ( 'NONE', *, *, #430, .F. ) ;
#214 = ORIENTED_EDGE ( 'NONE', *, *, #1246, .T. ) ;
#215 = DIRECTION ( 'NONE',  ( 0.000000000000000000, 0.000000000000000000, -1.000000000000000000 ) ) ;
#216 = EDGE_CURVE ( 'NONE', #314, #815, #1260, .T. ) ;
#217 = LINE ( 'NONE', #51, #641 ) ;
#218 = DIRECTION ( 'NONE',  ( 0.000000000000000000, 0.000000000000000000, 1.000000000000000000 ) ) ;
#219 = DIRECTION ( 'NONE',  ( 0.000000000000000000, 0.000000000000000000, 1.000000000000000000 ) ) ;
#220 = DIRECTION ( 'NONE',  ( 0.000000000000000000, -0.000000000000000000, 1.000000000000000000 ) ) ;
#221 = EDGE_CURVE ( 'NONE', #271, #868, #566, .T. ) ;
#222 = AXIS2_PLACEMENT_3D ( 'NONE', #769, #1574, #615 ) ;
#223 = AXIS2_PLACEMENT_3D ( 'NONE', #445, #1414, #198 ) ;
#224 = CARTESIAN_POINT ( 'NONE',  ( 1.255262969126037241E-15, 7.500000000000000000, 10.25000000000000000 ) ) ;
#225 = ORIENTED_EDGE ( 'NONE', *, *, #1329, .T. ) ;
#226 = VERTEX_POINT ( 'NONE', #1500 ) ;
#227 = VERTEX_POINT ( 'NONE', #1383 ) ;
#228 = ORIENTED_EDGE ( 'NONE', *, *, #1600, .F. ) ;
#229 = CARTESIAN_POINT ( 'NONE',  ( -5.480077554195743161, 5.500000000000000000, -5.480077554195746714 ) ) ;
#230 = DIRECTION ( 'NONE',  ( 0.000000000000000000, 0.000000000000000000, -1.000000000000000000 ) ) ;
#231 = ADVANCED_FACE ( 'NONE', ( #20 ), #155, .F. ) ;
#232 = VERTEX_POINT ( 'NONE', #959 ) ;
#233 = CC_DESIGN_PERSON_AND_ORGANIZATION_ASSIGNMENT ( #469, #1010, ( #533 ) ) ;
#234 = ORIENTED_EDGE ( 'NONE', *, *, #1212, .T. ) ;
#235 = EDGE_LOOP ( 'NONE', ( #1109, #1407, #214, #1377 ) ) ;
#236 = AXIS2_PLACEMENT_3D ( 'NONE', #696, #1538, #1362 ) ;
#237 = CARTESIAN_POINT ( 'NONE',  ( 12.50000000000000000, 5.500000000000000000, 7.575000000000001954 ) ) ;
#238 = CARTESIAN_POINT ( 'NONE',  ( 12.50000000000000000, 5.500000000000000000, 10.45000000000000107 ) ) ;
#239 = VERTEX_POINT ( 'NONE', #814 ) ;
#240 = EDGE_CURVE ( 'NONE', #818, #621, #1431, .T. ) ;
#241 = VECTOR ( 'NONE', #1771, 1000.000000000000000 ) ;
#242 = EDGE_LOOP ( 'NONE', ( #579, #1352 ) ) ;
#243 = VERTEX_POINT ( 'NONE', #712 ) ;
#244 = CARTESIAN_POINT ( 'NONE',  ( 15.49999999999999289, 5.500000000000000000, -13.35000000000001030 ) ) ;
#245 = CARTESIAN_POINT ( 'NONE',  ( 12.50000000000000000, 0.000000000000000000, 10.45000000000000107 ) ) ;
#246 = CIRCLE ( 'NONE', #1238, 2.874999999999999112 ) ;
#247 = ORIENTED_EDGE ( 'NONE', *, *, #1470, .F. ) ;
#248 = ORIENTED_EDGE ( 'NONE', *, *, #1015, .F. ) ;
#249 = ORIENTED_EDGE ( 'NONE', *, *, #272, .F. ) ;
#250 = EDGE_CURVE ( 'NONE', #1069, #93, #1245, .T. ) ;
#251 = DIRECTION ( 'NONE',  ( -0.000000000000000000, -1.000000000000000000, -0.000000000000000000 ) ) ;
#252 = DIRECTION ( 'NONE',  ( -0.000000000000000000, -1.000000000000000000, -0.000000000000000000 ) ) ;
#253 = EDGE_CURVE ( 'NONE', #1457, #239, #793, .T. ) ;
#254 = CARTESIAN_POINT ( 'NONE',  ( 0.000000000000000000, 6.500000000000000000, 10.75000000000000178 ) ) ;
#255 = EDGE_CURVE ( 'NONE', #507, #515, #145, .T. ) ;
#256 = ORIENTED_EDGE ( 'NONE', *, *, #1591, .F. ) ;
#257 = ORIENTED_EDGE ( 'NONE', *, *, #2, .T. ) ;
#258 = CARTESIAN_POINT ( 'NONE',  ( -5.480077554195744938, 0.000000000000000000, 3.780077554195735878 ) ) ;
#259 = CIRCLE ( 'NONE', #406, 2.874999999999994671 ) ;
#260 = AXIS2_PLACEMENT_3D ( 'NONE', #757, #353, #1689 ) ;
#261 = APPROVAL_DATE_TIME ( #1473, #663 ) ;
#262 = DIRECTION ( 'NONE',  ( 0.000000000000000000, 0.000000000000000000, 1.000000000000000000 ) ) ;
#263 = CIRCLE ( 'NONE', #721, 1.699999999999998401 ) ;
#264 = ORIENTED_EDGE ( 'NONE', *, *, #1067, .T. ) ;
#265 = ORIENTED_EDGE ( 'NONE', *, *, #1753, .F. ) ;
#266 = ORIENTED_EDGE ( 'NONE', *, *, #281, .F. ) ;
#267 = FACE_OUTER_BOUND ( 'NONE', #1107, .T. ) ;
#268 = SECURITY_CLASSIFICATION_LEVEL ( 'unclassified' ) ;
#269 = LINE ( 'NONE', #1072, #576 ) ;
#270 = DIRECTION ( 'NONE',  ( -0.000000000000000000, -1.000000000000000000, -0.000000000000000000 ) ) ;
#271 = VERTEX_POINT ( 'NONE', #718 ) ;
#272 = EDGE_CURVE ( 'NONE', #93, #1091, #1669, .T. ) ;
#273 = ORIENTED_EDGE ( 'NONE', *, *, #250, .T. ) ;
#274 = AXIS2_PLACEMENT_3D ( 'NONE', #1110, #810, #151 ) ;
#275 = DIRECTION ( 'NONE',  ( 0.000000000000000000, 1.000000000000000000, 0.000000000000000000 ) ) ;
#276 = DIRECTION ( 'NONE',  ( 0.000000000000000000, 0.000000000000000000, -1.000000000000000000 ) ) ;
#277 = DIRECTION ( 'NONE',  ( -0.000000000000000000, 1.000000000000000000, -0.000000000000000000 ) ) ;
#278 = DIRECTION ( 'NONE',  ( -0.000000000000000000, -1.000000000000000000, -0.000000000000000000 ) ) ;
#279 = EDGE_CURVE ( 'NONE', #1447, #1671, #161, .T. ) ;
#280 = APPROVAL ( #785, 'UNSPECIFIED' ) ;
#281 = EDGE_CURVE ( 'NONE', #305, #1320, #394, .T. ) ;
#282 = VERTEX_POINT ( 'NONE', #427 ) ;
#283 = DIRECTION ( 'NONE',  ( 0.000000000000000000, 0.000000000000000000, -1.000000000000000000 ) ) ;
#284 = DIRECTION ( 'NONE',  ( 0.000000000000000000, 0.000000000000000000, 1.000000000000000000 ) ) ;
#285 = DIRECTION ( 'NONE',  ( -0.000000000000000000, 1.000000000000000000, -0.000000000000000000 ) ) ;
#286 = FACE_OUTER_BOUND ( 'NONE', #1127, .T. ) ;
#287 = CIRCLE ( 'NONE', #1289, 1.000000000000000888 ) ;
#288 = ORIENTED_EDGE ( 'NONE', *, *, #420, .F. ) ;
#289 = CIRCLE ( 'NONE', #1476, 1.700000000000012168 ) ;
#290 = EDGE_LOOP ( 'NONE', ( #1461, #675, #1354, #1412 ) ) ;
#291 = CARTESIAN_POINT ( 'NONE',  ( 0.000000000000000000, 5.500000000000000000, -10.25000000000000000 ) ) ;
#292 = CARTESIAN_POINT ( 'NONE',  ( -10.80000000000000426, 2.100000000000000089, 10.45000000000000462 ) ) ;
#293 = DIRECTION ( 'NONE',  ( 0.000000000000000000, 0.000000000000000000, -1.000000000000000000 ) ) ;
#294 = CARTESIAN_POINT ( 'NONE',  ( 5.480077554195742273, 0.000000000000000000, 5.480077554195744050 ) ) ;
#295 = EDGE_CURVE ( 'NONE', #809, #232, #1375, .T. ) ;
#296 = ORIENTED_EDGE ( 'NONE', *, *, #347, .F. ) ;
#297 = DIRECTION ( 'NONE',  ( -0.000000000000000000, 1.000000000000000000, -0.000000000000000000 ) ) ;
#298 = AXIS2_PLACEMENT_3D ( 'NONE', #30, #584, #1668 ) ;
#299 = ADVANCED_FACE ( 'NONE', ( #312, #1134 ), #1426, .F. ) ;
#300 = AXIS2_PLACEMENT_3D ( 'NONE', #1664, #1298, #36 ) ;
#301 = DIRECTION ( 'NONE',  ( -0.000000000000000000, -1.000000000000000000, -0.000000000000000000 ) ) ;
#302 = FACE_BOUND ( 'NONE', #1735, .T. ) ;
#303 = DIRECTION ( 'NONE',  ( 0.000000000000000000, 0.000000000000000000, -1.000000000000000000 ) ) ;
#304 = ORIENTED_EDGE ( 'NONE', *, *, #250, .F. ) ;
#305 = VERTEX_POINT ( 'NONE', #491 ) ;
#306 = CYLINDRICAL_SURFACE ( 'NONE', #1264, 2.874999999999999112 ) ;
#307 = VECTOR ( 'NONE', #1282, 1000.000000000000000 ) ;
#308 = ORIENTED_EDGE ( 'NONE', *, *, #1758, .F. ) ;
#309 = CARTESIAN_POINT ( 'NONE',  ( 0.000000000000000000, 6.500000000000000000, 0.000000000000000000 ) ) ;
#310 = CARTESIAN_POINT ( 'NONE',  ( -5.480077554195743161, 5.500000000000000000, -7.180077554195745115 ) ) ;
#311 = LINE ( 'NONE', #181, #548 ) ;
#312 = FACE_BOUND ( 'NONE', #242, .T. ) ;
#313 = DIRECTION ( 'NONE',  ( 0.000000000000000000, 0.000000000000000000, 1.000000000000000000 ) ) ;
#314 = VERTEX_POINT ( 'NONE', #1692 ) ;
#315 = AXIS2_PLACEMENT_3D ( 'NONE', #993, #1529, #1001 ) ;
#316 = VECTOR ( 'NONE', #1718, 1000.000000000000000 ) ;
#317 = AXIS2_PLACEMENT_3D ( 'NONE', #1411, #339, #1026 ) ;
#318 = VERTEX_POINT ( 'NONE', #459 ) ;
#319 = FACE_OUTER_BOUND ( 'NONE', #290, .T. ) ;
#320 = DIRECTION ( 'NONE',  ( 0.000000000000000000, 0.000000000000000000, 1.000000000000000000 ) ) ;
#321 = CARTESIAN_POINT ( 'NONE',  ( 5.480077554195744938, 0.000000000000000000, -3.780077554195738543 ) ) ;
#322 = DIRECTION ( 'NONE',  ( 0.000000000000000000, -0.000000000000000000, -1.000000000000000000 ) ) ;
#323 = AXIS2_PLACEMENT_3D ( 'NONE', #1237, #171, #1105 ) ;
#324 = EDGE_CURVE ( 'NONE', #1293, #1025, #65, .T. ) ;
#325 = VERTEX_POINT ( 'NONE', #41 ) ;
#326 = DIRECTION ( 'NONE',  ( 0.000000000000000000, 0.000000000000000000, -1.000000000000000000 ) ) ;
#327 = ORIENTED_EDGE ( 'NONE', *, *, #1544, .F. ) ;
#328 = CARTESIAN_POINT ( 'NONE',  ( -5.480077554195743161, 0.000000000000000000, -5.480077554195746714 ) ) ;
#329 = AXIS2_PLACEMENT_3D ( 'NONE', #516, #96, #798 ) ;
#330 = CARTESIAN_POINT ( 'NONE',  ( -12.50000000000000178, 5.500000000000000000, 13.32500000000000462 ) ) ;
#331 = CIRCLE ( 'NONE', #1607, 1.700000000000012168 ) ;
#332 = CARTESIAN_POINT ( 'NONE',  ( -5.480077554195743161, 0.000000000000000000, -3.780077554195741207 ) ) ;
#333 = DIRECTION ( 'NONE',  ( -0.000000000000000000, 1.000000000000000000, -0.000000000000000000 ) ) ;
#334 =( NAMED_UNIT ( * ) SI_UNIT ( $, .STERADIAN. ) SOLID_ANGLE_UNIT ( ) );
#335 = EDGE_CURVE ( 'NONE', #818, #1046, #470, .T. ) ;
#336 = ORIENTED_EDGE ( 'NONE', *, *, #1543, .T. ) ;
#337 = CARTESIAN_POINT ( 'NONE',  ( 15.49999999999999289, 5.500000000000000000, -14.35000000000001030 ) ) ;
#338 = ORIENTED_EDGE ( 'NONE', *, *, #891, .T. ) ;
#339 = DIRECTION ( 'NONE',  ( -0.000000000000000000, 1.000000000000000000, -0.000000000000000000 ) ) ;
#340 = CC_DESIGN_PERSON_AND_ORGANIZATION_ASSIGNMENT ( #811, #1348, ( #1291 ) ) ;
#341 = EDGE_CURVE ( 'NONE', #1471, #1091, #1271, .T. ) ;
#342 = CYLINDRICAL_SURFACE ( 'NONE', #223, 2.874999999999995559 ) ;
#343 = PLANE ( 'NONE',  #366 ) ;
#344 = CARTESIAN_POINT ( 'NONE',  ( 12.49999999999999822, 2.100000000000000089, -8.750000000000000000 ) ) ;
#345 = DIRECTION ( 'NONE',  ( -0.000000000000000000, 1.000000000000000000, -0.000000000000000000 ) ) ;
#346 = LINE ( 'NONE', #1042, #1358 ) ;
#347 = EDGE_CURVE ( 'NONE', #621, #1526, #1417, .T. ) ;
#348 = EDGE_LOOP ( 'NONE', ( #817, #666, #1653, #914 ) ) ;
#349 = AXIS2_PLACEMENT_3D ( 'NONE', #385, #544, #1323 ) ;
#350 = ORIENTED_EDGE ( 'NONE', *, *, #389, .F. ) ;
#351 = PERSON_AND_ORGANIZATION ( #1564, #97 ) ;
#352 = DIRECTION ( 'NONE',  ( 0.000000000000000000, 0.000000000000000000, -1.000000000000000000 ) ) ;
#353 = DIRECTION ( 'NONE',  ( -0.000000000000000000, 1.000000000000000000, -0.000000000000000000 ) ) ;
#354 = CYLINDRICAL_SURFACE ( 'NONE', #1257, 1.699999999999998401 ) ;
#355 = DIRECTION ( 'NONE',  ( 1.000000000000000000, -0.000000000000000000, 1.224646799147353207E-16 ) ) ;
#356 = CARTESIAN_POINT ( 'NONE',  ( -12.50000000000000178, 5.500000000000000000, 10.45000000000000462 ) ) ;
#357 = AXIS2_PLACEMENT_3D ( 'NONE', #975, #278, #442 ) ;
#358 = LINE ( 'NONE', #224, #241 ) ;
#359 = ORIENTED_EDGE ( 'NONE', *, *, #438, .F. ) ;
#360 = ORIENTED_EDGE ( 'NONE', *, *, #1541, .T. ) ;
#361 = VERTEX_POINT ( 'NONE', #88 ) ;
#362 = ORIENTED_EDGE ( 'NONE', *, *, #1597, .F. ) ;
#363 = CARTESIAN_POINT ( 'NONE',  ( -5.480077554195743161, 0.000000000000000000, -2.605077554195750711 ) ) ;
#364 = DIRECTION ( 'NONE',  ( 0.000000000000000000, 0.000000000000000000, 1.000000000000000000 ) ) ;
#365 = EDGE_CURVE ( 'NONE', #1263, #227, #1211, .T. ) ;
#366 = AXIS2_PLACEMENT_3D ( 'NONE', #208, #1676, #1404 ) ;
#367 = EDGE_CURVE ( 'NONE', #690, #371, #844, .T. ) ;
#368 = DATE_AND_TIME ( #1584, #697 ) ;
#369 = AXIS2_PLACEMENT_3D ( 'NONE', #413, #1355, #555 ) ;
#370 = CYLINDRICAL_SURFACE ( 'NONE', #1065, 1.699999999999998401 ) ;
#371 = VERTEX_POINT ( 'NONE', #1679 ) ;
#372 = ORIENTED_EDGE ( 'NONE', *, *, #1331, .T. ) ;
#373 = CARTESIAN_POINT ( 'NONE',  ( -5.480077554195743161, 0.000000000000000000, -7.180077554195751333 ) ) ;
#374 = EDGE_LOOP ( 'NONE', ( #1054, #206, #1203, #248 ) ) ;
#375 = CARTESIAN_POINT ( 'NONE',  ( 5.480077554195744938, 0.000000000000000000, -8.355077554195739609 ) ) ;
#376 = ADVANCED_FACE ( 'NONE', ( #862 ), #1395, .F. ) ;
#377 = EDGE_LOOP ( 'NONE', ( #1345, #797 ) ) ;
#378 = EDGE_LOOP ( 'NONE', ( #1496, #1608 ) ) ;
#379 = CIRCLE ( 'NONE', #1144, 1.699999999999998401 ) ;
#380 = CARTESIAN_POINT ( 'NONE',  ( 5.480077554195744938, 0.000000000000000000, -5.480077554195744050 ) ) ;
#381 = DIRECTION ( 'NONE',  ( -0.5773502691896262862, 0.5773502691896262862, 0.5773502691896247319 ) ) ;
#382 = AXIS2_PLACEMENT_3D ( 'NONE', #1094, #695, #18 ) ;
#383 = CIRCLE ( 'NONE', #497, 2.874999999999999112 ) ;
#384 = AXIS2_PLACEMENT_3D ( 'NONE', #292, #839, #441 ) ;
#385 = CARTESIAN_POINT ( 'NONE',  ( 5.480077554195744938, 3.851859888774471706E-31, -5.480077554195744050 ) ) ;
#386 = AXIS2_PLACEMENT_3D ( 'NONE', #1656, #1528, #710 ) ;
#387 = EDGE_CURVE ( 'NONE', #305, #318, #1759, .T. ) ;
#388 = EDGE_LOOP ( 'NONE', ( #1442, #789 ) ) ;
#389 = EDGE_CURVE ( 'NONE', #1618, #1333, #191, .T. ) ;
#390 = ORIENTED_EDGE ( 'NONE', *, *, #806, .T. ) ;
#391 = CARTESIAN_POINT ( 'NONE',  ( 0.000000000000000000, 5.500000000000000000, 0.000000000000000000 ) ) ;
#392 = DIRECTION ( 'NONE',  ( -0.000000000000000000, -1.000000000000000000, -0.000000000000000000 ) ) ;
#393 = CIRCLE ( 'NONE', #624, 1.699999999999998401 ) ;
#394 = CIRCLE ( 'NONE', #1703, 11.75000000000000178 ) ;
#395 = EDGE_LOOP ( 'NONE', ( #104, #776, #1007, #764 ) ) ;
#396 = ORIENTED_EDGE ( 'NONE', *, *, #569, .T. ) ;
#397 = EDGE_LOOP ( 'NONE', ( #879, #35, #1267, #570 ) ) ;
#398 = DIRECTION ( 'NONE',  ( 0.000000000000000000, 0.000000000000000000, 1.000000000000000000 ) ) ;
#399 = DIRECTION ( 'NONE',  ( -0.000000000000000000, -1.000000000000000000, -0.000000000000000000 ) ) ;
#400 = CARTESIAN_POINT ( 'NONE',  ( -12.50000000000000178, 2.100000000000000089, 13.32500000000000284 ) ) ;
#401 = ORIENTED_EDGE ( 'NONE', *, *, #165, .F. ) ;
#402 = EDGE_CURVE ( 'NONE', #1773, #560, #202, .T. ) ;
#403 = ORIENTED_EDGE ( 'NONE', *, *, #295, .T. ) ;
#404 = EDGE_LOOP ( 'NONE', ( #1221, #752 ) ) ;
#405 = EDGE_CURVE ( 'NONE', #1744, #1035, #903, .T. ) ;
#406 = AXIS2_PLACEMENT_3D ( 'NONE', #9, #1667, #711 ) ;
#407 = CARTESIAN_POINT ( 'NONE',  ( 16.49999999999999289, 5.500000000000000000, 14.34999999999998721 ) ) ;
#408 = LOCAL_TIME ( 18, 1, 25.00000000000000000, #1550 ) ;
#409 = VECTOR ( 'NONE', #1228, 1000.000000000000000 ) ;
#410 = ORIENTED_EDGE ( 'NONE', *, *, #598, .T. ) ;
#411 = EDGE_LOOP ( 'NONE', ( #1602, #185 ) ) ;
#412 = AXIS2_PLACEMENT_3D ( 'NONE', #577, #464, #1545 ) ;
#413 = CARTESIAN_POINT ( 'NONE',  ( 5.480077554195744938, 3.851859888774471706E-31, -5.480077554195744050 ) ) ;
#414 = APPROVAL_STATUS ( 'not_yet_approved' ) ;
#415 = DIRECTION ( 'NONE',  ( -0.000000000000000000, 1.000000000000000000, -0.000000000000000000 ) ) ;
#416 = DIRECTION ( 'NONE',  ( -0.000000000000000000, 1.000000000000000000, -0.000000000000000000 ) ) ;
#417 = EDGE_CURVE ( 'NONE', #1069, #1471, #986, .T. ) ;
#418 = DIRECTION ( 'NONE',  ( 0.000000000000000000, 0.000000000000000000, -1.000000000000000000 ) ) ;
#419 = CC_DESIGN_DATE_AND_TIME_ASSIGNMENT ( #1078, #1086, ( #533 ) ) ;
#420 = EDGE_CURVE ( 'NONE', #1333, #868, #935, .T. ) ;
#421 = EDGE_LOOP ( 'NONE', ( #1024, #1159 ) ) ;
#422 = AXIS2_PLACEMENT_3D ( 'NONE', #892, #1688, #858 ) ;
#423 = CARTESIAN_POINT ( 'NONE',  ( 12.49999999999999822, 5.500000000000000000, -13.32499999999999929 ) ) ;
#424 = EDGE_CURVE ( 'NONE', #882, #1075, #502, .T. ) ;
#425 = DIRECTION ( 'NONE',  ( 0.000000000000000000, 1.000000000000000000, 0.000000000000000000 ) ) ;
#426 = FACE_OUTER_BOUND ( 'NONE', #1629, .T. ) ;
#427 = CARTESIAN_POINT ( 'NONE',  ( 5.480077554195742273, 3.851859888774471706E-31, 2.605077554195748935 ) ) ;
#428 = ORIENTED_EDGE ( 'NONE', *, *, #1597, .T. ) ;
#429 = DIRECTION ( 'NONE',  ( 0.000000000000000000, 0.000000000000000000, 1.000000000000000000 ) ) ;
#430 = EDGE_CURVE ( 'NONE', #1384, #226, #1556, .T. ) ;
#431 = DIRECTION ( 'NONE',  ( -0.000000000000000000, -1.000000000000000000, -0.000000000000000000 ) ) ;
#432 = CARTESIAN_POINT ( 'NONE',  ( -12.50000000000000178, 5.500000000000000000, -13.32499999999999396 ) ) ;
#433 = CIRCLE ( 'NONE', #1572, 1.699999999999998401 ) ;
#434 = FACE_BOUND ( 'NONE', #103, .T. ) ;
#435 = EDGE_CURVE ( 'NONE', #465, #1617, #246, .T. ) ;
#436 = ORIENTED_EDGE ( 'NONE', *, *, #1732, .T. ) ;
#437 = VERTEX_POINT ( 'NONE', #237 ) ;
#438 = EDGE_CURVE ( 'NONE', #1531, #325, #1274, .T. ) ;
#439 = FACE_OUTER_BOUND ( 'NONE', #945, .T. ) ;
#440 = AXIS2_PLACEMENT_3D ( 'NONE', #952, #1292, #69 ) ;
#441 = DIRECTION ( 'NONE',  ( 0.000000000000000000, -0.000000000000000000, -1.000000000000000000 ) ) ;
#442 = DIRECTION ( 'NONE',  ( 0.000000000000000000, 0.000000000000000000, -1.000000000000000000 ) ) ;
#443 = VERTEX_POINT ( 'NONE', #779 ) ;
#444 = ORIENTED_EDGE ( 'NONE', *, *, #807, .F. ) ;
#445 = CARTESIAN_POINT ( 'NONE',  ( -5.480077554195743161, 0.000000000000000000, -5.480077554195746714 ) ) ;
#446 = VECTOR ( 'NONE', #483, 1000.000000000000000 ) ;
#447 = AXIS2_PLACEMENT_3D ( 'NONE', #766, #1571, #352 ) ;
#448 = FACE_BOUND ( 'NONE', #378, .T. ) ;
#449 = DIRECTION ( 'NONE',  ( 0.000000000000000000, -0.000000000000000000, 1.000000000000000000 ) ) ;
#450 = DIRECTION ( 'NONE',  ( -0.000000000000000000, -1.000000000000000000, -0.000000000000000000 ) ) ;
#451 = DIRECTION ( 'NONE',  ( -0.000000000000000000, 1.000000000000000000, -0.000000000000000000 ) ) ;
#452 = DIRECTION ( 'NONE',  ( -0.000000000000000000, 1.000000000000000000, -0.000000000000000000 ) ) ;
#453 = ORIENTED_EDGE ( 'NONE', *, *, #1246, .F. ) ;
#454 = CARTESIAN_POINT ( 'NONE',  ( 16.49999999999999289, 0.000000000000000000, 14.34999999999998721 ) ) ;
#455 = EDGE_LOOP ( 'NONE', ( #1637, #100 ) ) ;
#456 = CYLINDRICAL_SURFACE ( 'NONE', #422, 1.699999999999998401 ) ;
#457 = DIRECTION ( 'NONE',  ( 0.000000000000000000, 0.000000000000000000, 1.000000000000000000 ) ) ;
#458 = PLANE ( 'NONE',  #1081 ) ;
#459 = CARTESIAN_POINT ( 'NONE',  ( 1.377727649040772783E-15, 7.500000000000000000, -10.75000000000000178 ) ) ;
#460 = EDGE_CURVE ( 'NONE', #371, #690, #190, .T. ) ;
#461 = CARTESIAN_POINT ( 'NONE',  ( 15.49999999999999289, 5.500000000000000000, 13.34999999999998721 ) ) ;
#462 = TOROIDAL_SURFACE ( 'NONE', #825, 10.75000000000000178, 1.000000000000000000 ) ;
#463 = AXIS2_PLACEMENT_3D ( 'NONE', #1721, #758, #626 ) ;
#464 = DIRECTION ( 'NONE',  ( -0.000000000000000000, -1.000000000000000000, -0.000000000000000000 ) ) ;
#465 = VERTEX_POINT ( 'NONE', #1057 ) ;
#466 = ORIENTED_EDGE ( 'NONE', *, *, #832, .T. ) ;
#467 = CYLINDRICAL_SURFACE ( 'NONE', #1275, 2.874999999999994671 ) ;
#468 = CARTESIAN_POINT ( 'NONE',  ( -12.50000000000000178, 0.000000000000000000, -10.44999999999999396 ) ) ;
#469 = PERSON_AND_ORGANIZATION ( #1564, #97 ) ;
#470 = LINE ( 'NONE', #1175, #1609 ) ;
#471 = DIRECTION ( 'NONE',  ( 0.000000000000000000, 0.000000000000000000, 1.000000000000000000 ) ) ;
#472 = EDGE_CURVE ( 'NONE', #788, #1673, #1316, .T. ) ;
#473 = VECTOR ( 'NONE', #1318, 1000.000000000000000 ) ;
#474 = EDGE_CURVE ( 'NONE', #1207, #1469, #331, .T. ) ;
#475 = VERTEX_POINT ( 'NONE', #115 ) ;
#476 = DIRECTION ( 'NONE',  ( -0.000000000000000000, -1.000000000000000000, -0.000000000000000000 ) ) ;
#477 = EDGE_LOOP ( 'NONE', ( #926, #288 ) ) ;
#478 = CARTESIAN_POINT ( 'NONE',  ( -12.50000000000000178, 5.500000000000000000, -13.32499999999999396 ) ) ;
#479 = CIRCLE ( 'NONE', #1462, 2.874999999999995559 ) ;
#480 = DIRECTION ( 'NONE',  ( -0.000000000000000000, -1.000000000000000000, -0.000000000000000000 ) ) ;
#481 = DIRECTION ( 'NONE',  ( 0.000000000000000000, 0.000000000000000000, -1.000000000000000000 ) ) ;
#482 = AXIS2_PLACEMENT_3D ( 'NONE', #1002, #1551, #1539 ) ;
#483 = DIRECTION ( 'NONE',  ( -0.000000000000000000, -1.000000000000000000, -0.000000000000000000 ) ) ;
#484 = FACE_BOUND ( 'NONE', #1193, .T. ) ;
#485 = ORIENTED_EDGE ( 'NONE', *, *, #1068, .T. ) ;
#486 = EDGE_LOOP ( 'NONE', ( #126, #1736, #91, #228 ) ) ;
#487 = ORIENTED_EDGE ( 'NONE', *, *, #1484, .T. ) ;
#488 = DIRECTION ( 'NONE',  ( 0.000000000000000000, 0.000000000000000000, 1.000000000000000000 ) ) ;
#489 = CARTESIAN_POINT ( 'NONE',  ( 12.50000000000000000, 2.100000000000000089, 10.45000000000000107 ) ) ;
#490 = LINE ( 'NONE', #363, #1638 ) ;
#491 = CARTESIAN_POINT ( 'NONE',  ( 1.500192328955508129E-15, 6.500000000000000000, -11.75000000000000355 ) ) ;
#492 = DIRECTION ( 'NONE',  ( -0.000000000000000000, -1.000000000000000000, -0.000000000000000000 ) ) ;
#493 = DIRECTION ( 'NONE',  ( 0.000000000000000000, 1.000000000000000000, 0.000000000000000000 ) ) ;
#494 = VERTEX_POINT ( 'NONE', #1451 ) ;
#495 = CIRCLE ( 'NONE', #1338, 2.874999999999994671 ) ;
#496 = ORIENTED_EDGE ( 'NONE', *, *, #1619, .T. ) ;
#497 = AXIS2_PLACEMENT_3D ( 'NONE', #924, #451, #313 ) ;
#498 = ADVANCED_FACE ( 'NONE', ( #1204 ), #645, .F. ) ;
#499 = ORIENTED_EDGE ( 'NONE', *, *, #1460, .F. ) ;
#500 = DIRECTION ( 'NONE',  ( 0.000000000000000000, 0.000000000000000000, -1.000000000000000000 ) ) ;
#501 = FACE_OUTER_BOUND ( 'NONE', #1305, .T. ) ;
#502 = LINE ( 'NONE', #1022, #678 ) ;
#503 = VECTOR ( 'NONE', #194, 1000.000000000000000 ) ;
#504 = CARTESIAN_POINT ( 'NONE',  ( 0.000000000000000000, 5.500000000000000000, 0.000000000000000000 ) ) ;
#505 = EDGE_LOOP ( 'NONE', ( #1717, #1307 ) ) ;
#506 = ORIENTED_EDGE ( 'NONE', *, *, #968, .T. ) ;
#507 = VERTEX_POINT ( 'NONE', #244 ) ;
#508 = FACE_OUTER_BOUND ( 'NONE', #486, .T. ) ;
#509 = CARTESIAN_POINT ( 'NONE',  ( -5.480077554195743161, 3.400000000000000355, -5.480077554195746714 ) ) ;
#510 = TOROIDAL_SURFACE ( 'NONE', #1665, 10.75000000000000178, 1.000000000000000000 ) ;
#511 = VECTOR ( 'NONE', #1284, 1000.000000000000000 ) ;
#512 = FACE_OUTER_BOUND ( 'NONE', #872, .T. ) ;
#513 = EDGE_LOOP ( 'NONE', ( #72, #680, #1281, #1 ) ) ;
#514 = ORIENTED_EDGE ( 'NONE', *, *, #556, .F. ) ;
#515 = VERTEX_POINT ( 'NONE', #1594 ) ;
#516 = CARTESIAN_POINT ( 'NONE',  ( 16.49999999999999289, 5.500000000000000000, 14.34999999999998721 ) ) ;
#517 = DIRECTION ( 'NONE',  ( 0.000000000000000000, 0.000000000000000000, -1.000000000000000000 ) ) ;
#518 = EDGE_CURVE ( 'NONE', #997, #690, #1335, .T. ) ;
#519 = EDGE_CURVE ( 'NONE', #1757, #1268, #803, .T. ) ;
#520 = SHAPE_DEFINITION_REPRESENTATION ( #68, #1514 ) ;
#521 = EDGE_CURVE ( 'NONE', #1052, #1757, #1341, .T. ) ;
#522 = DIRECTION ( 'NONE',  ( 0.000000000000000000, 0.000000000000000000, 1.000000000000000000 ) ) ;
#523 = ORIENTED_EDGE ( 'NONE', *, *, #1342, .F. ) ;
#524 = AXIS2_PLACEMENT_3D ( 'NONE', #1770, #799, #138 ) ;
#525 = ORIENTED_EDGE ( 'NONE', *, *, #240, .T. ) ;
#526 = EDGE_LOOP ( 'NONE', ( #644, #541, #1315, #943 ) ) ;
#527 = AXIS2_PLACEMENT_3D ( 'NONE', #583, #1510, #1244 ) ;
#528 = CARTESIAN_POINT ( 'NONE',  ( -5.480077554195744938, 3.400000000000000355, 3.780077554195728773 ) ) ;
#529 = DIRECTION ( 'NONE',  ( -0.000000000000000000, -1.000000000000000000, -0.000000000000000000 ) ) ;
#530 = AXIS2_PLACEMENT_3D ( 'NONE', #1666, #301, #572 ) ;
#531 =( GEOMETRIC_REPRESENTATION_CONTEXT ( 3 ) GLOBAL_UNCERTAINTY_ASSIGNED_CONTEXT ( ( #1445 ) ) GLOBAL_UNIT_ASSIGNED_CONTEXT ( ( #1136, #1115, #334 ) ) REPRESENTATION_CONTEXT ( 'NONE', 'WORKASPACE' ) );
#532 = DIRECTION ( 'NONE',  ( -0.000000000000000000, -1.000000000000000000, -0.000000000000000000 ) ) ;
#533 = PRODUCT_DEFINITION ( 'UNKNOWN', '', #1454, #737 ) ;
#534 = EDGE_CURVE ( 'NONE', #1410, #33, #479, .T. ) ;
#535 = AXIS2_PLACEMENT_3D ( 'NONE', #294, #270, #418 ) ;
#536 = ORIENTED_EDGE ( 'NONE', *, *, #593, .T. ) ;
#537 = ORIENTED_EDGE ( 'NONE', *, *, #1231, .F. ) ;
#538 = FACE_OUTER_BOUND ( 'NONE', #166, .T. ) ;
#539 = CARTESIAN_POINT ( 'NONE',  ( -5.480077554195743161, 3.400000000000000355, -5.480077554195746714 ) ) ;
#540 = VECTOR ( 'NONE', #1138, 1000.000000000000000 ) ;
#541 = ORIENTED_EDGE ( 'NONE', *, *, #521, .T. ) ;
#542 = DIRECTION ( 'NONE',  ( 0.000000000000000000, 0.000000000000000000, 1.000000000000000000 ) ) ;
#543 = CALENDAR_DATE ( 2026, 6, 7 ) ;
#544 = DIRECTION ( 'NONE',  ( -0.000000000000000000, -1.000000000000000000, -0.000000000000000000 ) ) ;
#545 = ORIENTED_EDGE ( 'NONE', *, *, #1392, .F. ) ;
#546 = EDGE_CURVE ( 'NONE', #1671, #1447, #706, .T. ) ;
#547 = PLANE ( 'NONE',  #274 ) ;
#548 = VECTOR ( 'NONE', #1095, 1000.000000000000000 ) ;
#549 = CYLINDRICAL_SURFACE ( 'NONE', #530, 10.25000000000000000 ) ;
#550 = FACE_OUTER_BOUND ( 'NONE', #642, .T. ) ;
#551 = FACE_OUTER_BOUND ( 'NONE', #1439, .T. ) ;
#552 = EDGE_CURVE ( 'NONE', #1757, #507, #670, .T. ) ;
#553 = ORIENTED_EDGE ( 'NONE', *, *, #602, .T. ) ;
#554 = CIRCLE ( 'NONE', #412, 1.700000000000012168 ) ;
#555 = DIRECTION ( 'NONE',  ( 0.000000000000000000, 0.000000000000000000, -1.000000000000000000 ) ) ;
#556 = EDGE_CURVE ( 'NONE', #1449, #1687, #393, .T. ) ;
#557 = CARTESIAN_POINT ( 'NONE',  ( 7.180077554195756662, 3.400000000000000355, -5.480077554195744050 ) ) ;
#558 = CARTESIAN_POINT ( 'NONE',  ( 5.480077554195742273, 3.400000000000000355, 5.480077554195744050 ) ) ;
#559 = DIRECTION ( 'NONE',  ( -0.000000000000000000, -1.000000000000000000, -0.000000000000000000 ) ) ;
#560 = VERTEX_POINT ( 'NONE', #1746 ) ;
#561 = DATE_TIME_ROLE ( 'classification_date' ) ;
#562 = AXIS2_PLACEMENT_3D ( 'NONE', #824, #142, #542 ) ;
#563 = FACE_OUTER_BOUND ( 'NONE', #513, .T. ) ;
#564 = FACE_OUTER_BOUND ( 'NONE', #727, .T. ) ;
#565 = DIRECTION ( 'NONE',  ( -0.000000000000000000, 1.000000000000000000, -0.000000000000000000 ) ) ;
#566 = LINE ( 'NONE', #1493, #1118 ) ;
#567 = EDGE_CURVE ( 'NONE', #930, #282, #1763, .T. ) ;
#568 = ORIENTED_EDGE ( 'NONE', *, *, #1557, .F. ) ;
#569 = EDGE_CURVE ( 'NONE', #907, #1035, #78, .T. ) ;
#570 = ORIENTED_EDGE ( 'NONE', *, *, #728, .T. ) ;
#571 = CYLINDRICAL_SURFACE ( 'NONE', #1074, 1.699999999999998401 ) ;
#572 = DIRECTION ( 'NONE',  ( 0.000000000000000000, 0.000000000000000000, -1.000000000000000000 ) ) ;
#573 = DIRECTION ( 'NONE',  ( 1.000000000000000000, -0.000000000000000000, 1.224646799147353207E-16 ) ) ;
#574 = EDGE_CURVE ( 'NONE', #649, #1325, #1188, .T. ) ;
#575 = CARTESIAN_POINT ( 'NONE',  ( -12.50000000000000178, 5.500000000000000000, 7.575000000000004619 ) ) ;
#576 = VECTOR ( 'NONE', #532, 1000.000000000000000 ) ;
#577 = CARTESIAN_POINT ( 'NONE',  ( -5.480077554195744938, 3.400000000000000355, 5.480077554195741385 ) ) ;
#578 = ORIENTED_EDGE ( 'NONE', *, *, #430, .T. ) ;
#579 = ORIENTED_EDGE ( 'NONE', *, *, #569, .F. ) ;
#580 = CARTESIAN_POINT ( 'NONE',  ( -12.50000000000000178, 0.000000000000000000, 12.15000000000000213 ) ) ;
#581 = AXIS2_PLACEMENT_3D ( 'NONE', #1521, #450, #829 ) ;
#582 = CARTESIAN_POINT ( 'NONE',  ( -5.480077554195743161, 3.400000000000000355, -3.780077554195734102 ) ) ;
#583 = CARTESIAN_POINT ( 'NONE',  ( 5.480077554195742273, 3.400000000000000355, 5.480077554195744050 ) ) ;
#584 = DIRECTION ( 'NONE',  ( -0.000000000000000000, 1.000000000000000000, -0.000000000000000000 ) ) ;
#585 = CIRCLE ( 'NONE', #1045, 2.875000000000000888 ) ;
#586 = ORIENTED_EDGE ( 'NONE', *, *, #574, .T. ) ;
#587 = CARTESIAN_POINT ( 'NONE',  ( -12.50000000000000178, 5.500000000000000000, 10.45000000000000462 ) ) ;
#588 = ORIENTED_EDGE ( 'NONE', *, *, #1239, .T. ) ;
#589 = LINE ( 'NONE', #1130, #540 ) ;
#590 = VECTOR ( 'NONE', #1041, 1000.000000000000000 ) ;
#591 = DIRECTION ( 'NONE',  ( 0.000000000000000000, 0.000000000000000000, 1.000000000000000000 ) ) ;
#592 = APPROVAL_STATUS ( 'not_yet_approved' ) ;
#593 = EDGE_CURVE ( 'NONE', #1449, #1207, #1070, .T. ) ;
#594 = LINE ( 'NONE', #1657, #174 ) ;
#595 = DIRECTION ( 'NONE',  ( -0.000000000000000000, -1.000000000000000000, -0.000000000000000000 ) ) ;
#596 = DIRECTION ( 'NONE',  ( 0.000000000000000000, -0.000000000000000000, 1.000000000000000000 ) ) ;
#597 = PLANE ( 'NONE',  #1643 ) ;
#598 = EDGE_CURVE ( 'NONE', #1495, #318, #1494, .T. ) ;
#599 = DIRECTION ( 'NONE',  ( 1.000000000000000000, 0.000000000000000000, -1.051347561198064958E-16 ) ) ;
#600 = CALENDAR_DATE ( 2026, 6, 7 ) ;
#601 = DIRECTION ( 'NONE',  ( -0.000000000000000000, 1.000000000000000000, -0.000000000000000000 ) ) ;
#602 = EDGE_CURVE ( 'NONE', #1568, #649, #1441, .T. ) ;
#603 = ADVANCED_FACE ( 'NONE', ( #563 ), #716, .F. ) ;
#604 = DIRECTION ( 'NONE',  ( -0.000000000000000000, 1.000000000000000000, -0.000000000000000000 ) ) ;
#605 = DIRECTION ( 'NONE',  ( 0.000000000000000000, 1.000000000000000000, 0.000000000000000000 ) ) ;
#606 = AXIS2_PLACEMENT_3D ( 'NONE', #770, #1310, #471 ) ;
#607 = CIRCLE ( 'NONE', #1723, 1.700000000000012168 ) ;
#608 = DIRECTION ( 'NONE',  ( 0.000000000000000000, 0.000000000000000000, 1.000000000000000000 ) ) ;
#609 = ORIENTED_EDGE ( 'NONE', *, *, #405, .T. ) ;
#610 = CARTESIAN_POINT ( 'NONE',  ( -12.50000000000000178, 2.100000000000000089, 12.15000000000000213 ) ) ;
#611 = ORIENTED_EDGE ( 'NONE', *, *, #1413, .T. ) ;
#612 = CYLINDRICAL_SURFACE ( 'NONE', #447, 2.874999999999995559 ) ;
#613 = DIRECTION ( 'NONE',  ( -0.000000000000000000, 1.000000000000000000, -0.000000000000000000 ) ) ;
#614 = LINE ( 'NONE', #87, #1427 ) ;
#615 = DIRECTION ( 'NONE',  ( 0.000000000000000000, 0.000000000000000000, 1.000000000000000000 ) ) ;
#616 = CYLINDRICAL_SURFACE ( 'NONE', #1200, 2.874999999999999112 ) ;
#617 = DIRECTION ( 'NONE',  ( 0.000000000000000000, 0.000000000000000000, 1.000000000000000000 ) ) ;
#618 = AXIS2_PLACEMENT_3D ( 'NONE', #1569, #1017, #848 ) ;
#619 = FACE_OUTER_BOUND ( 'NONE', #526, .T. ) ;
#620 = ORIENTED_EDGE ( 'NONE', *, *, #387, .T. ) ;
#621 = VERTEX_POINT ( 'NONE', #1092 ) ;
#622 = CARTESIAN_POINT ( 'NONE',  ( 5.480077554195744938, 3.400000000000000355, -5.480077554195744050 ) ) ;
#623 = DIRECTION ( 'NONE',  ( 0.000000000000000000, 0.000000000000000000, 1.000000000000000000 ) ) ;
#624 = AXIS2_PLACEMENT_3D ( 'NONE', #1047, #660, #917 ) ;
#625 = DIRECTION ( 'NONE',  ( 0.000000000000000000, 1.000000000000000000, 0.000000000000000000 ) ) ;
#626 = DIRECTION ( 'NONE',  ( 0.000000000000000000, 0.000000000000000000, 1.000000000000000000 ) ) ;
#627 = AXIS2_PLACEMENT_3D ( 'NONE', #1141, #601, #638 ) ;
#628 = DIRECTION ( 'NONE',  ( -0.000000000000000000, 1.000000000000000000, -0.000000000000000000 ) ) ;
#629 = DIRECTION ( 'NONE',  ( 0.000000000000000000, -1.000000000000000000, 0.000000000000000000 ) ) ;
#630 = AXIS2_PLACEMENT_3D ( 'NONE', #1214, #1242, #429 ) ;
#631 = EDGE_CURVE ( 'NONE', #1568, #1420, #1646, .T. ) ;
#632 = CARTESIAN_POINT ( 'NONE',  ( 16.49999999999999289, 5.500000000000000000, -14.35000000000001030 ) ) ;
#633 = ORIENTED_EDGE ( 'NONE', *, *, #1392, .T. ) ;
#634 = EDGE_CURVE ( 'NONE', #243, #1671, #1256, .T. ) ;
#635 = EDGE_LOOP ( 'NONE', ( #85, #689, #857, #149 ) ) ;
#636 = ORIENTED_EDGE ( 'NONE', *, *, #216, .F. ) ;
#637 = DIRECTION ( 'NONE',  ( -0.000000000000000000, 1.000000000000000000, -0.000000000000000000 ) ) ;
#638 = DIRECTION ( 'NONE',  ( 0.000000000000000000, 0.000000000000000000, 1.000000000000000000 ) ) ;
#639 = ORIENTED_EDGE ( 'NONE', *, *, #1419, .F. ) ;
#640 = CIRCLE ( 'NONE', #123, 1.699999999999998401 ) ;
#641 = VECTOR ( 'NONE', #599, 1000.000000000000000 ) ;
#642 = EDGE_LOOP ( 'NONE', ( #1429, #720, #1477, #308 ) ) ;
#643 = APPROVAL_PERSON_ORGANIZATION ( #351, #280, #1093 ) ;
#644 = ORIENTED_EDGE ( 'NONE', *, *, #1615, .F. ) ;
#645 = PLANE ( 'NONE',  #329 ) ;
#646 = CARTESIAN_POINT ( 'NONE',  ( -12.50000000000000178, 5.500000000000000000, 8.750000000000005329 ) ) ;
#647 = AXIS2_PLACEMENT_3D ( 'NONE', #632, #1169, #1715 ) ;
#648 = ORIENTED_EDGE ( 'NONE', *, *, #255, .T. ) ;
#649 = VERTEX_POINT ( 'NONE', #1102 ) ;
#650 = CARTESIAN_POINT ( 'NONE',  ( 16.49999999999999289, 4.499999999999999112, -14.35000000000001030 ) ) ;
#651 = AXIS2_PLACEMENT_3D ( 'NONE', #1549, #1173, #1020 ) ;
#652 = ADVANCED_FACE ( 'NONE', ( #1478 ), #1639, .T. ) ;
#653 = CARTESIAN_POINT ( 'NONE',  ( 5.480077554195744938, 5.500000000000000000, -5.480077554195744050 ) ) ;
#654 = AXIS2_PLACEMENT_3D ( 'NONE', #1518, #167, #971 ) ;
#655 = DIRECTION ( 'NONE',  ( -0.000000000000000000, -1.000000000000000000, -0.000000000000000000 ) ) ;
#656 = EDGE_LOOP ( 'NONE', ( #247, #1601 ) ) ;
#657 = ADVANCED_FACE ( 'NONE', ( #684, #267 ), #1347, .F. ) ;
#658 = ORIENTED_EDGE ( 'NONE', *, *, #790, .T. ) ;
#659 = EDGE_LOOP ( 'NONE', ( #1385, #899 ) ) ;
#660 = DIRECTION ( 'NONE',  ( -0.000000000000000000, -1.000000000000000000, -0.000000000000000000 ) ) ;
#661 = EDGE_CURVE ( 'NONE', #1053, #437, #961, .T. ) ;
#662 = DIRECTION ( 'NONE',  ( 0.000000000000000000, 0.000000000000000000, -1.000000000000000000 ) ) ;
#663 = APPROVAL ( #414, 'UNSPECIFIED' ) ;
#664 = ADVANCED_FACE ( 'NONE', ( #17 ), #571, .F. ) ;
#665 = AXIS2_PLACEMENT_3D ( 'NONE', #672, #277, #1205 ) ;
#666 = ORIENTED_EDGE ( 'NONE', *, *, #1239, .F. ) ;
#667 = CIRCLE ( 'NONE', #1255, 2.874999999999995559 ) ;
#668 = VERTEX_POINT ( 'NONE', #423 ) ;
#669 = CC_DESIGN_SECURITY_CLASSIFICATION ( #1291, ( #1454 ) ) ;
#670 = LINE ( 'NONE', #1754, #159 ) ;
#671 = CIRCLE ( 'NONE', #950, 2.874999999999995559 ) ;
#672 = CARTESIAN_POINT ( 'NONE',  ( -12.50000000000000178, 5.500000000000000000, -10.44999999999999396 ) ) ;
#673 = ORIENTED_EDGE ( 'NONE', *, *, #1329, .F. ) ;
#674 = VECTOR ( 'NONE', #1363, 1000.000000000000000 ) ;
#675 = ORIENTED_EDGE ( 'NONE', *, *, #165, .T. ) ;
#676 = DIRECTION ( 'NONE',  ( 0.000000000000000000, 0.000000000000000000, -1.000000000000000000 ) ) ;
#677 = DIRECTION ( 'NONE',  ( 0.000000000000000000, 0.000000000000000000, -1.000000000000000000 ) ) ;
#678 = VECTOR ( 'NONE', #886, 1000.000000000000000 ) ;
#679 = ADVANCED_FACE ( 'NONE', ( #439 ), #771, .F. ) ;
#680 = ORIENTED_EDGE ( 'NONE', *, *, #389, .T. ) ;
#681 = EDGE_CURVE ( 'NONE', #92, #443, #962, .T. ) ;
#682 = ORIENTED_EDGE ( 'NONE', *, *, #1570, .F. ) ;
#683 = APPLICATION_CONTEXT ( 'configuration controlled 3d designs of mechanical parts and assemblies' ) ;
#684 = FACE_BOUND ( 'NONE', #477, .T. ) ;
#685 = COORDINATED_UNIVERSAL_TIME_OFFSET ( 5, 0, .BEHIND. ) ;
#686 = DIRECTION ( 'NONE',  ( 0.000000000000000000, 0.000000000000000000, 1.000000000000000000 ) ) ;
#687 = DIRECTION ( 'NONE',  ( -0.000000000000000000, -1.000000000000000000, -0.000000000000000000 ) ) ;
#688 = DIRECTION ( 'NONE',  ( -0.000000000000000000, 1.000000000000000000, -0.000000000000000000 ) ) ;
#689 = ORIENTED_EDGE ( 'NONE', *, *, #216, .T. ) ;
#690 = VERTEX_POINT ( 'NONE', #291 ) ;
#691 = VERTEX_POINT ( 'NONE', #851 ) ;
#692 = CARTESIAN_POINT ( 'NONE',  ( -5.480077554195744938, 0.000000000000000000, 8.355077554195736056 ) ) ;
#693 = TOROIDAL_SURFACE ( 'NONE', #524, 12.75000000000000178, 1.000000000000000000 ) ;
#694 = AXIS2_PLACEMENT_3D ( 'NONE', #1009, #1308, #398 ) ;
#695 = DIRECTION ( 'NONE',  ( -1.115122484860637081E-16, 0.7071067811865465735, -0.7071067811865484609 ) ) ;
#696 = CARTESIAN_POINT ( 'NONE',  ( -12.50000000000000178, 5.500000000000000000, -10.44999999999999396 ) ) ;
#697 = LOCAL_TIME ( 18, 1, 25.00000000000000000, #109 ) ;
#698 = DIRECTION ( 'NONE',  ( -1.000000000000000000, 0.000000000000000000, 1.577021341797097314E-16 ) ) ;
#699 = ORIENTED_EDGE ( 'NONE', *, *, #324, .F. ) ;
#700 = FACE_OUTER_BOUND ( 'NONE', #1101, .T. ) ;
#701 = ADVANCED_FACE ( 'NONE', ( #1620 ), #819, .F. ) ;
#702 = ADVANCED_FACE ( 'NONE', ( #947, #700 ), #547, .F. ) ;
#703 = FACE_OUTER_BOUND ( 'NONE', #1448, .T. ) ;
#704 = DIRECTION ( 'NONE',  ( 0.000000000000000000, 1.000000000000000000, 0.000000000000000000 ) ) ;
#705 = DIRECTION ( 'NONE',  ( -0.000000000000000000, 1.000000000000000000, -0.000000000000000000 ) ) ;
#706 = CIRCLE ( 'NONE', #933, 1.699999999999998401 ) ;
#707 = AXIS2_PLACEMENT_3D ( 'NONE', #994, #1357, #1229 ) ;
#708 = ORIENTED_EDGE ( 'NONE', *, *, #1615, .T. ) ;
#709 = CARTESIAN_POINT ( 'NONE',  ( -10.80000000000000426, 2.100000000000000089, -10.44999999999999396 ) ) ;
#710 = DIRECTION ( 'NONE',  ( 0.000000000000000000, 0.000000000000000000, 1.000000000000000000 ) ) ;
#711 = DIRECTION ( 'NONE',  ( 0.000000000000000000, 0.000000000000000000, -1.000000000000000000 ) ) ;
#712 = CARTESIAN_POINT ( 'NONE',  ( 12.49999999999999822, 0.000000000000000000, -8.750000000000000000 ) ) ;
#713 = EDGE_CURVE ( 'NONE', #1320, #1263, #1126, .T. ) ;
#714 = CYLINDRICAL_SURFACE ( 'NONE', #317, 2.874999999999999112 ) ;
#715 = ORIENTED_EDGE ( 'NONE', *, *, #1543, .F. ) ;
#716 = CYLINDRICAL_SURFACE ( 'NONE', #562, 1.699999999999998401 ) ;
#717 = CARTESIAN_POINT ( 'NONE',  ( 7.180077554195753997, 3.400000000000000355, 5.480077554195744050 ) ) ;
#718 = CARTESIAN_POINT ( 'NONE',  ( -12.50000000000000178, 0.000000000000000000, -8.749999999999996447 ) ) ;
#719 = VECTOR ( 'NONE', #812, 1000.000000000000000 ) ;
#720 = ORIENTED_EDGE ( 'NONE', *, *, #281, .T. ) ;
#721 = AXIS2_PLACEMENT_3D ( 'NONE', #1573, #480, #1561 ) ;
#722 = ORIENTED_EDGE ( 'NONE', *, *, #1157, .F. ) ;
#723 = CARTESIAN_POINT ( 'NONE',  ( 12.50000000000000000, 5.500000000000000000, 8.750000000000001776 ) ) ;
#724 = VECTOR ( 'NONE', #965, 1000.000000000000114 ) ;
#725 = FACE_OUTER_BOUND ( 'NONE', #831, .T. ) ;
#726 = DIRECTION ( 'NONE',  ( -0.000000000000000000, 1.000000000000000000, -0.000000000000000000 ) ) ;
#727 = EDGE_LOOP ( 'NONE', ( #401, #775, #1223, #15 ) ) ;
#728 = EDGE_CURVE ( 'NONE', #1673, #1075, #988, .T. ) ;
#729 = DIRECTION ( 'NONE',  ( 0.000000000000000000, 0.000000000000000000, 1.000000000000000000 ) ) ;
#730 = DIRECTION ( 'NONE',  ( -0.000000000000000000, 1.000000000000000000, -0.000000000000000000 ) ) ;
#731 = ORIENTED_EDGE ( 'NONE', *, *, #272, .T. ) ;
#732 = CARTESIAN_POINT ( 'NONE',  ( -12.50000000000000178, 2.100000000000000089, -8.749999999999996447 ) ) ;
#733 = CARTESIAN_POINT ( 'NONE',  ( 12.49999999999999822, 5.500000000000000000, -12.14999999999999680 ) ) ;
#734 = DIRECTION ( 'NONE',  ( 0.000000000000000000, 0.000000000000000000, -1.000000000000000000 ) ) ;
#735 = DIRECTION ( 'NONE',  ( -0.000000000000000000, 1.000000000000000000, -0.000000000000000000 ) ) ;
#736 = CARTESIAN_POINT ( 'NONE',  ( -12.50000000000000178, 2.100000000000000089, -10.44999999999999396 ) ) ;
#737 = DESIGN_CONTEXT ( 'detailed design', #866, 'design' ) ;
#738 = VERTEX_POINT ( 'NONE', #1508 ) ;
#739 = CARTESIAN_POINT ( 'NONE',  ( 12.50000000000000000, 5.500000000000000000, 13.32499999999999929 ) ) ;
#740 = ADVANCED_FACE ( 'NONE', ( #1655, #837 ), #597, .T. ) ;
#741 = ORIENTED_EDGE ( 'NONE', *, *, #1027, .T. ) ;
#742 = CARTESIAN_POINT ( 'NONE',  ( -5.480077554195743161, 3.851859888774471706E-31, -5.480077554195746714 ) ) ;
#743 = DIRECTION ( 'NONE',  ( 0.000000000000000000, 0.000000000000000000, -1.000000000000000000 ) ) ;
#744 = DIRECTION ( 'NONE',  ( 0.000000000000000000, 0.000000000000000000, -1.000000000000000000 ) ) ;
#745 = DIRECTION ( 'NONE',  ( -0.000000000000000000, 1.000000000000000000, -0.000000000000000000 ) ) ;
#746 = FACE_OUTER_BOUND ( 'NONE', #980, .T. ) ;
#747 = AXIS2_PLACEMENT_3D ( 'NONE', #840, #285, #1394 ) ;
#748 = EDGE_CURVE ( 'NONE', #1039, #1240, #873, .T. ) ;
#749 = CC_DESIGN_APPROVAL ( #967, ( #533 ) ) ;
#750 = FACE_OUTER_BOUND ( 'NONE', #659, .T. ) ;
#751 = AXIS2_PLACEMENT_3D ( 'NONE', #909, #918, #617 ) ;
#752 = ORIENTED_EDGE ( 'NONE', *, *, #2, .F. ) ;
#753 = ORIENTED_EDGE ( 'NONE', *, *, #212, .T. ) ;
#754 = CARTESIAN_POINT ( 'NONE',  ( 0.000000000000000000, 5.500000000000000000, 12.75000000000000178 ) ) ;
#755 = DIRECTION ( 'NONE',  ( -0.000000000000000000, -1.000000000000000000, -0.000000000000000000 ) ) ;
#756 = CIRCLE ( 'NONE', #386, 2.874999999999999112 ) ;
#757 = CARTESIAN_POINT ( 'NONE',  ( 12.49999999999999822, 0.000000000000000000, -10.44999999999999929 ) ) ;
#758 = DIRECTION ( 'NONE',  ( -0.000000000000000000, 1.000000000000000000, -0.000000000000000000 ) ) ;
#759 = DIRECTION ( 'NONE',  ( 0.000000000000000000, 0.000000000000000000, 1.000000000000000000 ) ) ;
#760 = ADVANCED_FACE ( 'NONE', ( #1121 ), #467, .F. ) ;
#761 = AXIS2_PLACEMENT_3D ( 'NONE', #772, #1437, #1192 ) ;
#762 = ADVANCED_FACE ( 'NONE', ( #1710 ), #456, .F. ) ;
#763 = CARTESIAN_POINT ( 'NONE',  ( 5.480077554195744938, 3.400000000000000355, -5.480077554195744050 ) ) ;
#764 = ORIENTED_EDGE ( 'NONE', *, *, #1168, .F. ) ;
#765 = EDGE_LOOP ( 'NONE', ( #1120, #1194 ) ) ;
#766 = CARTESIAN_POINT ( 'NONE',  ( -5.480077554195743161, 0.000000000000000000, -5.480077554195746714 ) ) ;
#767 = CARTESIAN_POINT ( 'NONE',  ( -12.50000000000000178, 2.100000000000000089, 7.575000000000005507 ) ) ;
#768 = VECTOR ( 'NONE', #1712, 1000.000000000000000 ) ;
#769 = CARTESIAN_POINT ( 'NONE',  ( 0.000000000000000000, 5.500000000000000000, 0.000000000000000000 ) ) ;
#770 = CARTESIAN_POINT ( 'NONE',  ( 0.000000000000000000, 7.500000000000000000, 0.000000000000000000 ) ) ;
#771 = TOROIDAL_SURFACE ( 'NONE', #1189, 12.75000000000000178, 1.000000000000000000 ) ;
#772 = CARTESIAN_POINT ( 'NONE',  ( -12.50000000000000178, 2.100000000000000089, -10.44999999999999396 ) ) ;
#773 = ORIENTED_EDGE ( 'NONE', *, *, #552, .F. ) ;
#774 = ORIENTED_EDGE ( 'NONE', *, *, #335, .T. ) ;
#775 = ORIENTED_EDGE ( 'NONE', *, *, #1741, .T. ) ;
#776 = ORIENTED_EDGE ( 'NONE', *, *, #806, .F. ) ;
#777 = VECTOR ( 'NONE', #1401, 1000.000000000000000 ) ;
#778 = DIRECTION ( 'NONE',  ( 0.000000000000000000, 0.000000000000000000, 1.000000000000000000 ) ) ;
#779 = CARTESIAN_POINT ( 'NONE',  ( -16.50000000000000711, 4.499999999999999112, 14.34999999999999076 ) ) ;
#780 = ORIENTED_EDGE ( 'NONE', *, *, #1652, .F. ) ;
#781 = CIRCLE ( 'NONE', #606, 10.25000000000000000 ) ;
#782 = ORIENTED_EDGE ( 'NONE', *, *, #1342, .T. ) ;
#783 = ORIENTED_EDGE ( 'NONE', *, *, #1096, .T. ) ;
#784 = CARTESIAN_POINT ( 'NONE',  ( 12.49999999999999822, 2.100000000000000089, -10.44999999999999929 ) ) ;
#785 = APPROVAL_STATUS ( 'not_yet_approved' ) ;
#786 = ORIENTED_EDGE ( 'NONE', *, *, #1145, .F. ) ;
#787 = EDGE_CURVE ( 'NONE', #1389, #906, #884, .T. ) ;
#788 = VERTEX_POINT ( 'NONE', #1008 ) ;
#789 = ORIENTED_EDGE ( 'NONE', *, *, #1553, .F. ) ;
#790 = EDGE_CURVE ( 'NONE', #1320, #305, #112, .T. ) ;
#791 = DIRECTION ( 'NONE',  ( 0.000000000000000000, 0.000000000000000000, 1.000000000000000000 ) ) ;
#792 = CARTESIAN_POINT ( 'NONE',  ( -5.480077554195744938, 3.851859888774471706E-31, 8.355077554195736056 ) ) ;
#793 = CIRCLE ( 'NONE', #1464, 2.874999999999995559 ) ;
#794 = AXIS2_PLACEMENT_3D ( 'NONE', #911, #1443, #283 ) ;
#795 = ORIENTED_EDGE ( 'NONE', *, *, #1036, .F. ) ;
#796 = ORIENTED_EDGE ( 'NONE', *, *, #1249, .F. ) ;
#797 = ORIENTED_EDGE ( 'NONE', *, *, #1098, .F. ) ;
#798 = DIRECTION ( 'NONE',  ( -1.000000000000000000, 0.000000000000000000, 1.051347561198064958E-16 ) ) ;
#799 = DIRECTION ( 'NONE',  ( 0.000000000000000000, 1.000000000000000000, 0.000000000000000000 ) ) ;
#800 = CIRCLE ( 'NONE', #527, 2.874999999999994671 ) ;
#801 = EDGE_LOOP ( 'NONE', ( #588, #156 ) ) ;
#802 = AXIS2_PLACEMENT_3D ( 'NONE', #14, #1262, #596 ) ;
#803 = LINE ( 'NONE', #932, #5 ) ;
#804 = CARTESIAN_POINT ( 'NONE',  ( -5.480077554195743161, 3.400000000000000355, -7.180077554195758438 ) ) ;
#805 = LINE ( 'NONE', #1623, #1772 ) ;
#806 = EDGE_CURVE ( 'NONE', #560, #443, #1422, .T. ) ;
#807 = EDGE_CURVE ( 'NONE', #1384, #906, #1152, .T. ) ;
#808 = ORIENTED_EDGE ( 'NONE', *, *, #1027, .F. ) ;
#809 = VERTEX_POINT ( 'NONE', #580 ) ;
#810 = DIRECTION ( 'NONE',  ( 0.000000000000000000, 1.000000000000000000, 0.000000000000000000 ) ) ;
#811 = PERSON_AND_ORGANIZATION ( #1564, #97 ) ;
#812 = DIRECTION ( 'NONE',  ( -0.000000000000000000, -1.000000000000000000, -0.000000000000000000 ) ) ;
#813 = AXIS2_PLACEMENT_3D ( 'NONE', #1536, #199, #457 ) ;
#814 = CARTESIAN_POINT ( 'NONE',  ( -5.480077554195743161, 3.851859888774471706E-31, -2.605077554195750711 ) ) ;
#815 = VERTEX_POINT ( 'NONE', #478 ) ;
#816 = VECTOR ( 'NONE', #883, 1000.000000000000000 ) ;
#817 = ORIENTED_EDGE ( 'NONE', *, *, #1096, .F. ) ;
#818 = VERTEX_POINT ( 'NONE', #1548 ) ;
#819 = CYLINDRICAL_SURFACE ( 'NONE', #654, 2.874999999999996447 ) ;
#820 = DIRECTION ( 'NONE',  ( 0.000000000000000000, -0.000000000000000000, 1.000000000000000000 ) ) ;
#821 = DIRECTION ( 'NONE',  ( -0.000000000000000000, -1.000000000000000000, -0.000000000000000000 ) ) ;
#822 = DIRECTION ( 'NONE',  ( -0.000000000000000000, 1.000000000000000000, -0.000000000000000000 ) ) ;
#823 = EDGE_CURVE ( 'NONE', #969, #243, #1762, .T. ) ;
#824 = CARTESIAN_POINT ( 'NONE',  ( -12.50000000000000178, 5.500000000000000000, -10.44999999999999396 ) ) ;
#825 = AXIS2_PLACEMENT_3D ( 'NONE', #1474, #124, #934 ) ;
#826 = CARTESIAN_POINT ( 'NONE',  ( -12.50000000000000178, 0.000000000000000000, 10.45000000000000462 ) ) ;
#827 = CYLINDRICAL_SURFACE ( 'NONE', #236, 2.875000000000000000 ) ;
#828 = CC_DESIGN_APPROVAL ( #663, ( #1454 ) ) ;
#829 = DIRECTION ( 'NONE',  ( 0.000000000000000000, 0.000000000000000000, -1.000000000000000000 ) ) ;
#830 = AXIS2_PLACEMENT_3D ( 'NONE', #1122, #153, #1258 ) ;
#831 = EDGE_LOOP ( 'NONE', ( #58, #61, #234, #44 ) ) ;
#832 = EDGE_CURVE ( 'NONE', #809, #1276, #589, .T. ) ;
#833 = ORIENTED_EDGE ( 'NONE', *, *, #106, .T. ) ;
#834 = CARTESIAN_POINT ( 'NONE',  ( -5.480077554195743161, 0.000000000000000000, -5.480077554195746714 ) ) ;
#835 = ADVANCED_FACE ( 'NONE', ( #1028 ), #1674, .F. ) ;
#836 = ORIENTED_EDGE ( 'NONE', *, *, #713, .T. ) ;
#837 = FACE_BOUND ( 'NONE', #140, .T. ) ;
#838 = ADVANCED_FACE ( 'NONE', ( #1700 ), #342, .F. ) ;
#839 = DIRECTION ( 'NONE',  ( 0.000000000000000000, -1.000000000000000000, 0.000000000000000000 ) ) ;
#840 = CARTESIAN_POINT ( 'NONE',  ( 12.50000000000000000, 2.100000000000000089, 10.45000000000000107 ) ) ;
#841 = DIRECTION ( 'NONE',  ( 0.000000000000000000, 0.000000000000000000, -1.000000000000000000 ) ) ;
#842 = FACE_BOUND ( 'NONE', #1181, .T. ) ;
#843 = VECTOR ( 'NONE', #529, 1000.000000000000000 ) ;
#844 = CIRCLE ( 'NONE', #79, 10.25000000000000000 ) ;
#845 = EDGE_LOOP ( 'NONE', ( #905, #1636 ) ) ;
#846 = AXIS2_PLACEMENT_3D ( 'NONE', #489, #1277, #623 ) ;
#847 = EDGE_LOOP ( 'NONE', ( #850, #506 ) ) ;
#848 = DIRECTION ( 'NONE',  ( 0.000000000000000000, 0.000000000000000000, -1.000000000000000000 ) ) ;
#849 = ADVANCED_FACE ( 'NONE', ( #1535 ), #612, .F. ) ;
#850 = ORIENTED_EDGE ( 'NONE', *, *, #150, .T. ) ;
#851 = CARTESIAN_POINT ( 'NONE',  ( -12.50000000000000178, 2.100000000000000089, 8.750000000000005329 ) ) ;
#852 = DIRECTION ( 'NONE',  ( -0.000000000000000000, -1.000000000000000000, -0.000000000000000000 ) ) ;
#853 = FACE_BOUND ( 'NONE', #888, .T. ) ;
#854 = LINE ( 'NONE', #1634, #674 ) ;
#855 = ORIENTED_EDGE ( 'NONE', *, *, #923, .T. ) ;
#856 = CARTESIAN_POINT ( 'NONE',  ( 16.49999999999999289, 0.000000000000000000, -14.35000000000001030 ) ) ;
#857 = ORIENTED_EDGE ( 'NONE', *, *, #1631, .T. ) ;
#858 = DIRECTION ( 'NONE',  ( 0.000000000000000000, 0.000000000000000000, 1.000000000000000000 ) ) ;
#859 = CARTESIAN_POINT ( 'NONE',  ( 12.49999999999999822, 5.500000000000000000, -13.32499999999999929 ) ) ;
#860 = DIRECTION ( 'NONE',  ( 0.000000000000000000, 0.000000000000000000, 1.000000000000000000 ) ) ;
#861 = FACE_BOUND ( 'NONE', #404, .T. ) ;
#862 = FACE_OUTER_BOUND ( 'NONE', #1037, .T. ) ;
#863 = AXIS2_PLACEMENT_3D ( 'NONE', #117, #1079, #662 ) ;
#864 = AXIS2_PLACEMENT_3D ( 'NONE', #1433, #1174, #734 ) ;
#865 = ADVANCED_FACE ( 'NONE', ( #319 ), #73, .F. ) ;
#866 = APPLICATION_CONTEXT ( 'configuration controlled 3d designs of mechanical parts and assemblies' ) ;
#867 = FACE_BOUND ( 'NONE', #111, .T. ) ;
#868 = VERTEX_POINT ( 'NONE', #732 ) ;
#869 = AXIS2_PLACEMENT_3D ( 'NONE', #1235, #1371, #284 ) ;
#870 = CARTESIAN_POINT ( 'NONE',  ( 12.50000000000000000, 5.500000000000000000, 10.45000000000000107 ) ) ;
#871 = ORIENTED_EDGE ( 'NONE', *, *, #405, .F. ) ;
#872 = EDGE_LOOP ( 'NONE', ( #213, #1400, #1273, #256 ) ) ;
#873 = LINE ( 'NONE', #177, #511 ) ;
#874 = CIRCLE ( 'NONE', #581, 2.874999999999995559 ) ;
#875 = DIRECTION ( 'NONE',  ( -0.000000000000000000, 1.000000000000000000, -0.000000000000000000 ) ) ;
#876 = DIRECTION ( 'NONE',  ( -0.000000000000000000, -1.000000000000000000, -0.000000000000000000 ) ) ;
#877 = CARTESIAN_POINT ( 'NONE',  ( -12.50000000000000178, 5.500000000000000000, 13.32500000000000284 ) ) ;
#878 = DIRECTION ( 'NONE',  ( -0.000000000000000000, -1.000000000000000000, -0.000000000000000000 ) ) ;
#879 = ORIENTED_EDGE ( 'NONE', *, *, #424, .F. ) ;
#880 = EDGE_LOOP ( 'NONE', ( #133, #898, #1730, #1463 ) ) ;
#881 = DIRECTION ( 'NONE',  ( 0.000000000000000000, 0.000000000000000000, -1.000000000000000000 ) ) ;
#882 = VERTEX_POINT ( 'NONE', #1432 ) ;
#883 = DIRECTION ( 'NONE',  ( -1.000000000000000000, -0.000000000000000000, 1.051347561198064958E-16 ) ) ;
#884 = CIRCLE ( 'NONE', #846, 1.699999999999998401 ) ;
#885 = CARTESIAN_POINT ( 'NONE',  ( 12.50000000000000000, 5.500000000000000000, 13.32499999999999929 ) ) ;
#886 = DIRECTION ( 'NONE',  ( -0.000000000000000000, -1.000000000000000000, -0.000000000000000000 ) ) ;
#887 = CARTESIAN_POINT ( 'NONE',  ( -5.480077554195743161, 5.500000000000000000, -5.480077554195746714 ) ) ;
#888 = EDGE_LOOP ( 'NONE', ( #1542, #249 ) ) ;
#889 = ORIENTED_EDGE ( 'NONE', *, *, #1714, .F. ) ;
#890 = PLANE ( 'NONE',  #618 ) ;
#891 = EDGE_CURVE ( 'NONE', #239, #1457, #671, .T. ) ;
#892 = CARTESIAN_POINT ( 'NONE',  ( -12.50000000000000178, 5.500000000000000000, 10.45000000000000462 ) ) ;
#893 = CARTESIAN_POINT ( 'NONE',  ( -12.50000000000000178, 2.100000000000000089, -7.574999999999994849 ) ) ;
#894 = DIRECTION ( 'NONE',  ( 0.000000000000000000, 0.000000000000000000, -1.000000000000000000 ) ) ;
#895 = CARTESIAN_POINT ( 'NONE',  ( -12.50000000000000178, 5.500000000000000000, -12.14999999999999325 ) ) ;
#896 = CYLINDRICAL_SURFACE ( 'NONE', #1220, 1.700000000000005285 ) ;
#897 = AXIS2_PLACEMENT_3D ( 'NONE', #356, #1436, #1492 ) ;
#898 = ORIENTED_EDGE ( 'NONE', *, *, #1331, .F. ) ;
#899 = ORIENTED_EDGE ( 'NONE', *, *, #460, .T. ) ;
#900 = DIRECTION ( 'NONE',  ( 0.000000000000000000, -0.000000000000000000, 1.000000000000000000 ) ) ;
#901 = CARTESIAN_POINT ( 'NONE',  ( 16.49999999999999289, 0.000000000000000000, 14.34999999999998721 ) ) ;
#902 = DIRECTION ( 'NONE',  ( -0.000000000000000000, -1.000000000000000000, -0.000000000000000000 ) ) ;
#903 = LINE ( 'NONE', #332, #446 ) ;
#904 = FACE_BOUND ( 'NONE', #996, .T. ) ;
#905 = ORIENTED_EDGE ( 'NONE', *, *, #474, .F. ) ;
#906 = VERTEX_POINT ( 'NONE', #80 ) ;
#907 = VERTEX_POINT ( 'NONE', #804 ) ;
#908 = CARTESIAN_POINT ( 'NONE',  ( -5.480077554195744938, 0.000000000000000000, 5.480077554195741385 ) ) ;
#909 = CARTESIAN_POINT ( 'NONE',  ( 16.49999999999999289, 5.500000000000000000, 14.34999999999998721 ) ) ;
#910 = VECTOR ( 'NONE', #1702, 1000.000000000000000 ) ;
#911 = CARTESIAN_POINT ( 'NONE',  ( -5.480077554195744938, 3.400000000000000355, 5.480077554195741385 ) ) ;
#912 = EDGE_CURVE ( 'NONE', #1276, #691, #178, .T. ) ;
#913 = VECTOR ( 'NONE', #1379, 1000.000000000000000 ) ;
#914 = ORIENTED_EDGE ( 'NONE', *, *, #253, .T. ) ;
#915 = ORIENTED_EDGE ( 'NONE', *, *, #472, .F. ) ;
#916 = ORIENTED_EDGE ( 'NONE', *, *, #13, .T. ) ;
#917 = DIRECTION ( 'NONE',  ( 0.000000000000000000, 0.000000000000000000, -1.000000000000000000 ) ) ;
#918 = DIRECTION ( 'NONE',  ( -1.000000000000000000, 0.000000000000000000, 0.000000000000000000 ) ) ;
#919 = ADVANCED_FACE ( 'NONE', ( #1071 ), #1613, .F. ) ;
#920 = EDGE_LOOP ( 'NONE', ( #722, #786, #998, #1321 ) ) ;
#921 = AXIS2_PLACEMENT_3D ( 'NONE', #245, #1604, #131 ) ;
#922 = CC_DESIGN_DATE_AND_TIME_ASSIGNMENT ( #1119, #561, ( #1291 ) ) ;
#923 = EDGE_CURVE ( 'NONE', #232, #809, #1626, .T. ) ;
#924 = CARTESIAN_POINT ( 'NONE',  ( 12.50000000000000000, 2.100000000000000089, 10.45000000000000107 ) ) ;
#925 = CIRCLE ( 'NONE', #864, 2.874999999999994671 ) ;
#926 = ORIENTED_EDGE ( 'NONE', *, *, #106, .F. ) ;
#927 = DIRECTION ( 'NONE',  ( 0.000000000000000000, 0.000000000000000000, 1.000000000000000000 ) ) ;
#928 = CARTESIAN_POINT ( 'NONE',  ( -5.480077554195744938, 0.000000000000000000, 2.605077554195745826 ) ) ;
#929 = ADVANCED_FACE ( 'NONE', ( #1491 ), #168, .F. ) ;
#930 = VERTEX_POINT ( 'NONE', #956 ) ;
#931 = ORIENTED_EDGE ( 'NONE', *, *, #1756, .F. ) ;
#932 = CARTESIAN_POINT ( 'NONE',  ( 16.49999999999999289, 5.500000000000000000, -14.35000000000001030 ) ) ;
#933 = AXIS2_PLACEMENT_3D ( 'NONE', #784, #1590, #122 ) ;
#934 = DIRECTION ( 'NONE',  ( 0.000000000000000000, 0.000000000000000000, 1.000000000000000000 ) ) ;
#935 = CIRCLE ( 'NONE', #1440, 1.699999999999998401 ) ;
#936 = ADVANCED_FACE ( 'NONE', ( #1361, #1647 ), #1509, .F. ) ;
#937 = ORIENTED_EDGE ( 'NONE', *, *, #1067, .F. ) ;
#938 = ORIENTED_EDGE ( 'NONE', *, *, #1399, .F. ) ;
#939 = ADVANCED_FACE ( 'NONE', ( #162, #1216 ), #1380, .F. ) ;
#940 = CARTESIAN_POINT ( 'NONE',  ( -5.480077554195744938, 3.400000000000000355, 5.480077554195741385 ) ) ;
#941 = EDGE_CURVE ( 'NONE', #314, #1039, #756, .T. ) ;
#942 = CARTESIAN_POINT ( 'NONE',  ( -5.480077554195743161, 0.000000000000000000, -8.355077554195741385 ) ) ;
#943 = ORIENTED_EDGE ( 'NONE', *, *, #66, .T. ) ;
#944 = AXIS2_PLACEMENT_3D ( 'NONE', #203, #54, #1680 ) ;
#945 = EDGE_LOOP ( 'NONE', ( #266, #428, #1195, #1016 ) ) ;
#946 = AXIS2_PLACEMENT_3D ( 'NONE', #1165, #1021, #1030 ) ;
#947 = FACE_BOUND ( 'NONE', #845, .T. ) ;
#948 = VECTOR ( 'NONE', #1498, 1000.000000000000000 ) ;
#949 = PERSON_AND_ORGANIZATION ( #1564, #97 ) ;
#950 = AXIS2_PLACEMENT_3D ( 'NONE', #742, #50, #215 ) ;
#951 = DIRECTION ( 'NONE',  ( -0.000000000000000000, -1.000000000000000000, -0.000000000000000000 ) ) ;
#952 = CARTESIAN_POINT ( 'NONE',  ( 5.480077554195744938, 3.400000000000000355, -5.480077554195744050 ) ) ;
#953 = CIRCLE ( 'NONE', #31, 2.874999999999999112 ) ;
#954 = VERTEX_POINT ( 'NONE', #310 ) ;
#955 = DIRECTION ( 'NONE',  ( 0.000000000000000000, 0.000000000000000000, 1.000000000000000000 ) ) ;
#956 = CARTESIAN_POINT ( 'NONE',  ( 5.480077554195742273, 3.400000000000000355, 2.605077554195748935 ) ) ;
#957 = CARTESIAN_POINT ( 'NONE',  ( -5.480077554195743161, 3.851859888774471706E-31, -8.355077554195741385 ) ) ;
#958 = AXIS2_PLACEMENT_3D ( 'NONE', #908, #1720, #500 ) ;
#959 = CARTESIAN_POINT ( 'NONE',  ( -12.50000000000000178, 0.000000000000000000, 8.750000000000005329 ) ) ;
#960 = AXIS2_PLACEMENT_3D ( 'NONE', #1612, #1467, #1731 ) ;
#961 = CIRCLE ( 'NONE', #630, 2.874999999999999112 ) ;
#962 = LINE ( 'NONE', #160, #1587 ) ;
#963 = LINE ( 'NONE', #1519, #1034 ) ;
#964 = CARTESIAN_POINT ( 'NONE',  ( 0.000000000000000000, 5.500000000000000000, 0.000000000000000000 ) ) ;
#965 = DIRECTION ( 'NONE',  ( 0.5773502691896262862, 0.5773502691896262862, 0.5773502691896247319 ) ) ;
#966 = EDGE_CURVE ( 'NONE', #1035, #907, #1261, .T. ) ;
#967 = APPROVAL ( #592, 'UNSPECIFIED' ) ;
#968 = EDGE_CURVE ( 'NONE', #882, #788, #1576, .T. ) ;
#969 = VERTEX_POINT ( 'NONE', #1356 ) ;
#970 = AXIS2_PLACEMENT_3D ( 'NONE', #163, #1236, #1123 ) ;
#971 = DIRECTION ( 'NONE',  ( 0.000000000000000000, 0.000000000000000000, -1.000000000000000000 ) ) ;
#972 = APPROVAL_PERSON_ORGANIZATION ( #130, #663, #1768 ) ;
#973 = CARTESIAN_POINT ( 'NONE',  ( 12.49999999999999822, 5.500000000000000000, -10.44999999999999929 ) ) ;
#974 = CARTESIAN_POINT ( 'NONE',  ( -12.50000000000000178, 0.000000000000000000, -12.14999999999999325 ) ) ;
#975 = CARTESIAN_POINT ( 'NONE',  ( 5.480077554195744938, 5.500000000000000000, -5.480077554195744050 ) ) ;
#976 = AXIS2_PLACEMENT_3D ( 'NONE', #28, #1243, #276 ) ;
#977 = PLANE ( 'NONE',  #802 ) ;
#978 = ADVANCED_FACE ( 'NONE', ( #703 ), #1769, .T. ) ;
#979 = AXIS2_PLACEMENT_3D ( 'NONE', #1659, #559, #303 ) ;
#980 = EDGE_LOOP ( 'NONE', ( #931, #1038, #257, #453 ) ) ;
#981 = EDGE_LOOP ( 'NONE', ( #1005, #141, #1580, #915 ) ) ;
#982 = DIRECTION ( 'NONE',  ( 0.000000000000000000, -0.000000000000000000, 1.000000000000000000 ) ) ;
#983 = CARTESIAN_POINT ( 'NONE',  ( 5.480077554195742273, 0.000000000000000000, 3.780077554195738543 ) ) ;
#984 = CARTESIAN_POINT ( 'NONE',  ( 12.49999999999999822, 2.100000000000000089, -7.575000000000000178 ) ) ;
#985 = DIRECTION ( 'NONE',  ( 0.000000000000000000, 0.000000000000000000, -1.000000000000000000 ) ) ;
#986 = CIRCLE ( 'NONE', #1306, 2.874999999999999112 ) ;
#987 = EDGE_LOOP ( 'NONE', ( #658, #620, #1547, #499 ) ) ;
#988 = CIRCLE ( 'NONE', #369, 2.874999999999996447 ) ;
#989 = EDGE_LOOP ( 'NONE', ( #1213, #1766, #466, #1171 ) ) ;
#990 = CARTESIAN_POINT ( 'NONE',  ( 5.480077554195742273, 0.000000000000000000, 5.480077554195744050 ) ) ;
#991 = EDGE_CURVE ( 'NONE', #465, #668, #8, .T. ) ;
#992 = CARTESIAN_POINT ( 'NONE',  ( -16.50000000000000711, 0.000000000000000000, 14.34999999999999076 ) ) ;
#993 = CARTESIAN_POINT ( 'NONE',  ( -12.50000000000000178, 5.500000000000000000, -10.44999999999999396 ) ) ;
#994 = CARTESIAN_POINT ( 'NONE',  ( 12.49999999999999822, 2.100000000000000089, -10.44999999999999929 ) ) ;
#995 = ADVANCED_FACE ( 'NONE', ( #564 ), #549, .F. ) ;
#996 = EDGE_LOOP ( 'NONE', ( #225, #1386 ) ) ;
#997 = VERTEX_POINT ( 'NONE', #1393 ) ;
#998 = ORIENTED_EDGE ( 'NONE', *, *, #634, .T. ) ;
#999 = DIRECTION ( 'NONE',  ( -0.000000000000000000, -1.000000000000000000, -0.000000000000000000 ) ) ;
#1000 = DIRECTION ( 'NONE',  ( 0.000000000000000000, 0.000000000000000000, 1.000000000000000000 ) ) ;
#1001 = DIRECTION ( 'NONE',  ( 0.000000000000000000, 0.000000000000000000, 1.000000000000000000 ) ) ;
#1002 = CARTESIAN_POINT ( 'NONE',  ( -5.480077554195744938, 0.000000000000000000, 5.480077554195741385 ) ) ;
#1003 = AXIS2_PLACEMENT_3D ( 'NONE', #1050, #493, #55 ) ;
#1004 = ORIENTED_EDGE ( 'NONE', *, *, #1745, .T. ) ;
#1005 = ORIENTED_EDGE ( 'NONE', *, *, #968, .F. ) ;
#1006 = ORIENTED_EDGE ( 'NONE', *, *, #196, .T. ) ;
#1007 = ORIENTED_EDGE ( 'NONE', *, *, #402, .F. ) ;
#1008 = CARTESIAN_POINT ( 'NONE',  ( 5.480077554195744938, 3.400000000000000355, -8.355077554195739609 ) ) ;
#1009 = CARTESIAN_POINT ( 'NONE',  ( 12.50000000000000000, 2.100000000000000089, 10.45000000000000107 ) ) ;
#1010 = PERSON_AND_ORGANIZATION_ROLE ( 'creator' ) ;
#1011 = CARTESIAN_POINT ( 'NONE',  ( 0.000000000000000000, 5.500000000000000000, 0.000000000000000000 ) ) ;
#1012 = ADVANCED_FACE ( 'NONE', ( #448, #1776 ), #1640, .F. ) ;
#1013 = VECTOR ( 'NONE', #1063, 1000.000000000000000 ) ;
#1014 = DIRECTION ( 'NONE',  ( -0.000000000000000000, 1.000000000000000000, -0.000000000000000000 ) ) ;
#1015 = EDGE_CURVE ( 'NONE', #1531, #157, #1103, .T. ) ;
#1016 = ORIENTED_EDGE ( 'NONE', *, *, #713, .F. ) ;
#1017 = DIRECTION ( 'NONE',  ( 1.000000000000000000, -0.000000000000000000, 0.000000000000000000 ) ) ;
#1018 = AXIS2_PLACEMENT_3D ( 'NONE', #1563, #745, #759 ) ;
#1019 = DIRECTION ( 'NONE',  ( 0.000000000000000000, 1.000000000000000000, 0.000000000000000000 ) ) ;
#1020 = DIRECTION ( 'NONE',  ( 0.000000000000000000, 0.000000000000000000, 1.000000000000000000 ) ) ;
#1021 = DIRECTION ( 'NONE',  ( -0.000000000000000000, -1.000000000000000000, -0.000000000000000000 ) ) ;
#1022 = CARTESIAN_POINT ( 'NONE',  ( 5.480077554195744938, 0.000000000000000000, -2.605077554195748046 ) ) ;
#1023 = DIRECTION ( 'NONE',  ( -0.000000000000000000, 1.000000000000000000, -0.000000000000000000 ) ) ;
#1024 = ORIENTED_EDGE ( 'NONE', *, *, #912, .F. ) ;
#1025 = VERTEX_POINT ( 'NONE', #992 ) ;
#1026 = DIRECTION ( 'NONE',  ( 0.000000000000000000, 0.000000000000000000, 1.000000000000000000 ) ) ;
#1027 = EDGE_CURVE ( 'NONE', #443, #1025, #963, .T. ) ;
#1028 = FACE_OUTER_BOUND ( 'NONE', #1517, .T. ) ;
#1029 = CARTESIAN_POINT ( 'NONE',  ( 12.49999999999999822, 5.500000000000000000, -10.44999999999999929 ) ) ;
#1030 = DIRECTION ( 'NONE',  ( 0.000000000000000000, 0.000000000000000000, 1.000000000000000000 ) ) ;
#1031 = DIRECTION ( 'NONE',  ( 0.000000000000000000, -0.000000000000000000, 1.000000000000000000 ) ) ;
#1032 = FACE_OUTER_BOUND ( 'NONE', #989, .T. ) ;
#1033 = PLANE ( 'NONE',  #647 ) ;
#1034 = VECTOR ( 'NONE', #852, 1000.000000000000000 ) ;
#1035 = VERTEX_POINT ( 'NONE', #582 ) ;
#1036 = EDGE_CURVE ( 'NONE', #1687, #1449, #263, .T. ) ;
#1037 = EDGE_LOOP ( 'NONE', ( #1610, #514, #536, #1684 ) ) ;
#1038 = ORIENTED_EDGE ( 'NONE', *, *, #1408, .T. ) ;
#1039 = VERTEX_POINT ( 'NONE', #893 ) ;
#1040 = FACE_OUTER_BOUND ( 'NONE', #987, .T. ) ;
#1041 = DIRECTION ( 'NONE',  ( -0.000000000000000000, -1.000000000000000000, -0.000000000000000000 ) ) ;
#1042 = CARTESIAN_POINT ( 'NONE',  ( 16.49999999999999289, 4.499999999999999112, 14.34999999999998721 ) ) ;
#1043 = ORIENTED_EDGE ( 'NONE', *, *, #1048, .F. ) ;
#1044 = ORIENTED_EDGE ( 'NONE', *, *, #48, .T. ) ;
#1045 = AXIS2_PLACEMENT_3D ( 'NONE', #1029, #613, #1000 ) ;
#1046 = VERTEX_POINT ( 'NONE', #1139 ) ;
#1047 = CARTESIAN_POINT ( 'NONE',  ( -5.480077554195744938, 5.500000000000000000, 5.480077554195741385 ) ) ;
#1048 = EDGE_CURVE ( 'NONE', #271, #1618, #1725, .T. ) ;
#1049 = VECTOR ( 'NONE', #297, 1000.000000000000000 ) ;
#1050 = CARTESIAN_POINT ( 'NONE',  ( 0.000000000000000000, 7.500000000000000000, 0.000000000000000000 ) ) ;
#1051 = DIRECTION ( 'NONE',  ( -0.000000000000000000, 1.000000000000000000, -0.000000000000000000 ) ) ;
#1052 = VERTEX_POINT ( 'NONE', #1131 ) ;
#1053 = VERTEX_POINT ( 'NONE', #885 ) ;
#1054 = ORIENTED_EDGE ( 'NONE', *, *, #1351, .F. ) ;
#1055 = CYLINDRICAL_SURFACE ( 'NONE', #1651, 2.874999999999996447 ) ;
#1056 = ADVANCED_FACE ( 'NONE', ( #1299 ), #1711, .F. ) ;
#1057 = CARTESIAN_POINT ( 'NONE',  ( 12.49999999999999822, 2.100000000000000089, -13.32499999999999751 ) ) ;
#1058 = PLANE ( 'NONE',  #863 ) ;
#1059 = VECTOR ( 'NONE', #392, 1000.000000000000000 ) ;
#1060 = EDGE_LOOP ( 'NONE', ( #1501, #937, #1186, #485 ) ) ;
#1061 = ADVANCED_FACE ( 'NONE', ( #725 ), #1424, .F. ) ;
#1062 = CARTESIAN_POINT ( 'NONE',  ( -5.480077554195744938, 3.851859888774471706E-31, 5.480077554195741385 ) ) ;
#1063 = DIRECTION ( 'NONE',  ( 1.000000000000000000, 0.000000000000000000, -1.577021341797097314E-16 ) ) ;
#1064 = LINE ( 'NONE', #407, #1650 ) ;
#1065 = AXIS2_PLACEMENT_3D ( 'NONE', #238, #1051, #522 ) ;
#1066 = ORIENTED_EDGE ( 'NONE', *, *, #1015, .T. ) ;
#1067 = EDGE_CURVE ( 'NONE', #1617, #465, #1487, .T. ) ;
#1068 = EDGE_CURVE ( 'NONE', #494, #668, #585, .T. ) ;
#1069 = VERTEX_POINT ( 'NONE', #767 ) ;
#1070 = LINE ( 'NONE', #258, #590 ) ;
#1071 = FACE_OUTER_BOUND ( 'NONE', #1334, .T. ) ;
#1072 = CARTESIAN_POINT ( 'NONE',  ( 5.480077554195742273, 0.000000000000000000, 8.355077554195737832 ) ) ;
#1073 = AXIS2_PLACEMENT_3D ( 'NONE', #1406, #355, #1156 ) ;
#1074 = AXIS2_PLACEMENT_3D ( 'NONE', #1497, #1360, #1767 ) ;
#1075 = VERTEX_POINT ( 'NONE', #1415 ) ;
#1076 = EDGE_LOOP ( 'NONE', ( #1241, #537 ) ) ;
#1077 = CARTESIAN_POINT ( 'NONE',  ( 12.49999999999999822, 5.500000000000000000, -8.750000000000000000 ) ) ;
#1078 = DATE_AND_TIME ( #543, #408 ) ;
#1079 = DIRECTION ( 'NONE',  ( -0.7071067811865475727, 0.7071067811865475727, 0.000000000000000000 ) ) ;
#1080 = ORIENTED_EDGE ( 'NONE', *, *, #1513, .F. ) ;
#1081 = AXIS2_PLACEMENT_3D ( 'NONE', #964, #704, #449 ) ;
#1082 = ORIENTED_EDGE ( 'NONE', *, *, #1513, .T. ) ;
#1083 = CC_DESIGN_APPROVAL ( #280, ( #1291 ) ) ;
#1084 = CIRCLE ( 'NONE', #1537, 1.700000000000012168 ) ;
#1085 = DIRECTION ( 'NONE',  ( -0.5773502691896256200, -0.5773502691896257311, 0.5773502691896258421 ) ) ;
#1086 = DATE_TIME_ROLE ( 'creation_date' ) ;
#1087 = DIRECTION ( 'NONE',  ( -0.000000000000000000, 1.000000000000000000, -0.000000000000000000 ) ) ;
#1088 = CARTESIAN_POINT ( 'NONE',  ( 12.50000000000000000, 0.000000000000000000, 8.750000000000001776 ) ) ;
#1089 = CARTESIAN_POINT ( 'NONE',  ( -11.05000000000000782, 9.949999999999997513, -8.900000000000021672 ) ) ;
#1090 = ADVANCED_FACE ( 'NONE', ( #1040 ), #510, .T. ) ;
#1091 = VERTEX_POINT ( 'NONE', #330 ) ;
#1092 = CARTESIAN_POINT ( 'NONE',  ( 5.480077554195744938, 5.500000000000000000, -3.780077554195745648 ) ) ;
#1093 = APPROVAL_ROLE ( '' ) ;
#1094 = CARTESIAN_POINT ( 'NONE',  ( -2.105323491299126336E-15, 5.500000000000000000, -13.35000000000001030 ) ) ;
#1095 = DIRECTION ( 'NONE',  ( -0.000000000000000000, 1.000000000000000000, -0.000000000000000000 ) ) ;
#1096 = EDGE_CURVE ( 'NONE', #1410, #239, #490, .T. ) ;
#1097 = DIRECTION ( 'NONE',  ( 0.000000000000000000, 1.000000000000000000, 0.000000000000000000 ) ) ;
#1098 = EDGE_CURVE ( 'NONE', #668, #494, #132, .T. ) ;
#1099 = ADVANCED_FACE ( 'NONE', ( #1164 ), #1153, .F. ) ;
#1100 = VECTOR ( 'NONE', #27, 1000.000000000000000 ) ;
#1101 = EDGE_LOOP ( 'NONE', ( #360, #553 ) ) ;
#1102 = CARTESIAN_POINT ( 'NONE',  ( -5.480077554195744938, 3.400000000000000355, 2.605077554195745826 ) ) ;
#1103 = LINE ( 'NONE', #983, #948 ) ;
#1104 = CYLINDRICAL_SURFACE ( 'NONE', #63, 1.700000000000005285 ) ;
#1105 = DIRECTION ( 'NONE',  ( 0.000000000000000000, 0.000000000000000000, -1.000000000000000000 ) ) ;
#1106 = EDGE_LOOP ( 'NONE', ( #636, #523, #1699, #1202 ) ) ;
#1107 = EDGE_LOOP ( 'NONE', ( #782, #1172 ) ) ;
#1108 = AXIS2_PLACEMENT_3D ( 'NONE', #1777, #144, #293 ) ;
#1109 = ORIENTED_EDGE ( 'NONE', *, *, #1408, .F. ) ;
#1110 = CARTESIAN_POINT ( 'NONE',  ( -3.780077554195732326, 3.400000000000000355, 5.480077554195741385 ) ) ;
#1111 = DIRECTION ( 'NONE',  ( 0.000000000000000000, -0.000000000000000000, 1.000000000000000000 ) ) ;
#1112 = LINE ( 'NONE', #170, #1452 ) ;
#1113 = AXIS2_PLACEMENT_3D ( 'NONE', #717, #425, #1111 ) ;
#1114 = DIRECTION ( 'NONE',  ( -0.000000000000000000, -1.000000000000000000, -0.000000000000000000 ) ) ;
#1115 =( NAMED_UNIT ( * ) PLANE_ANGLE_UNIT ( ) SI_UNIT ( $, .RADIAN. ) );
#1116 = ADVANCED_FACE ( 'NONE', ( #38 ), #343, .T. ) ;
#1117 = DIRECTION ( 'NONE',  ( 0.000000000000000000, 0.000000000000000000, 1.000000000000000000 ) ) ;
#1118 = VECTOR ( 'NONE', #688, 1000.000000000000000 ) ;
#1119 = DATE_AND_TIME ( #1215, #1750 ) ;
#1120 = ORIENTED_EDGE ( 'NONE', *, *, #1145, .T. ) ;
#1121 = FACE_OUTER_BOUND ( 'NONE', #1752, .T. ) ;
#1122 = CARTESIAN_POINT ( 'NONE',  ( -5.480077554195743161, 3.400000000000000355, -5.480077554195746714 ) ) ;
#1123 = DIRECTION ( 'NONE',  ( 0.000000000000000000, 0.000000000000000000, 1.000000000000000000 ) ) ;
#1124 = LINE ( 'NONE', #1089, #724 ) ;
#1125 = EDGE_LOOP ( 'NONE', ( #350, #1043, #84, #833 ) ) ;
#1126 = CIRCLE ( 'NONE', #1611, 1.000000000000000888 ) ;
#1127 = EDGE_LOOP ( 'NONE', ( #1251, #359, #1066, #1151 ) ) ;
#1128 = DIRECTION ( 'NONE',  ( 0.000000000000000000, 0.000000000000000000, 1.000000000000000000 ) ) ;
#1129 = ORIENTED_EDGE ( 'NONE', *, *, #832, .F. ) ;
#1130 = CARTESIAN_POINT ( 'NONE',  ( -12.50000000000000178, 5.500000000000000000, 12.15000000000000213 ) ) ;
#1131 = CARTESIAN_POINT ( 'NONE',  ( -16.50000000000000711, 4.499999999999999112, -14.35000000000000497 ) ) ;
#1132 = APPROVAL_ROLE ( '' ) ;
#1133 = CARTESIAN_POINT ( 'NONE',  ( -12.50000000000000178, 5.500000000000000000, 10.45000000000000462 ) ) ;
#1134 = FACE_OUTER_BOUND ( 'NONE', #801, .T. ) ;
#1135 = DIRECTION ( 'NONE',  ( 0.000000000000000000, 0.000000000000000000, -1.000000000000000000 ) ) ;
#1136 =( LENGTH_UNIT ( ) NAMED_UNIT ( * ) SI_UNIT ( .MILLI., .METRE. ) );
#1137 = LINE ( 'NONE', #337, #503 ) ;
#1138 = DIRECTION ( 'NONE',  ( -0.000000000000000000, 1.000000000000000000, -0.000000000000000000 ) ) ;
#1139 = CARTESIAN_POINT ( 'NONE',  ( 5.480077554195744938, 3.400000000000000355, -7.180077554195755773 ) ) ;
#1140 = DATE_AND_TIME ( #600, #1749 ) ;
#1141 = CARTESIAN_POINT ( 'NONE',  ( -12.50000000000000178, 0.000000000000000000, 10.45000000000000462 ) ) ;
#1142 = VECTOR ( 'NONE', #416, 1000.000000000000000 ) ;
#1143 = CARTESIAN_POINT ( 'NONE',  ( 5.480077554195742273, 5.500000000000000000, 5.480077554195744050 ) ) ;
#1144 = AXIS2_PLACEMENT_3D ( 'NONE', #229, #876, #481 ) ;
#1145 = EDGE_CURVE ( 'NONE', #243, #969, #37, .T. ) ;
#1146 = FACE_BOUND ( 'NONE', #1486, .T. ) ;
#1147 = AXIS2_PLACEMENT_3D ( 'NONE', #973, #415, #143 ) ;
#1148 = VERTEX_POINT ( 'NONE', #901 ) ;
#1149 = ORIENTED_EDGE ( 'NONE', *, *, #681, .F. ) ;
#1150 = DIRECTION ( 'NONE',  ( -0.000000000000000000, 1.000000000000000000, -0.000000000000000000 ) ) ;
#1151 = ORIENTED_EDGE ( 'NONE', *, *, #1682, .T. ) ;
#1152 = LINE ( 'NONE', #723, #1100 ) ;
#1153 = CYLINDRICAL_SURFACE ( 'NONE', #1346, 1.699999999999998401 ) ;
#1154 = PERSON_AND_ORGANIZATION ( #1564, #97 ) ;
#1155 = CARTESIAN_POINT ( 'NONE',  ( 5.480077554195742273, 3.400000000000000355, 5.480077554195744050 ) ) ;
#1156 = DIRECTION ( 'NONE',  ( 1.224646799147351482E-16, 0.000000000000000000, -1.000000000000000000 ) ) ;
#1157 = EDGE_CURVE ( 'NONE', #969, #1447, #188, .T. ) ;
#1158 = AXIS2_PLACEMENT_3D ( 'NONE', #391, #1208, #129 ) ;
#1159 = ORIENTED_EDGE ( 'NONE', *, *, #48, .F. ) ;
#1160 = ORIENTED_EDGE ( 'NONE', *, *, #184, .T. ) ;
#1161 = VECTOR ( 'NONE', #698, 1000.000000000000000 ) ;
#1162 = DIRECTION ( 'NONE',  ( 0.000000000000000000, 0.000000000000000000, -1.000000000000000000 ) ) ;
#1163 = ORIENTED_EDGE ( 'NONE', *, *, #1741, .F. ) ;
#1164 = FACE_OUTER_BOUND ( 'NONE', #920, .T. ) ;
#1165 = CARTESIAN_POINT ( 'NONE',  ( 0.000000000000000000, 5.500000000000000000, 0.000000000000000000 ) ) ;
#1166 = CARTESIAN_POINT ( 'NONE',  ( -3.780077554195730549, 3.400000000000000355, -5.480077554195746714 ) ) ;
#1167 = CARTESIAN_POINT ( 'NONE',  ( 14.19999999999999929, 2.100000000000000089, 10.45000000000000107 ) ) ;
#1168 = EDGE_CURVE ( 'NONE', #92, #1773, #217, .T. ) ;
#1169 = DIRECTION ( 'NONE',  ( 1.577021341797097314E-16, -0.000000000000000000, 1.000000000000000000 ) ) ;
#1170 = ORIENTED_EDGE ( 'NONE', *, *, #728, .F. ) ;
#1171 = ORIENTED_EDGE ( 'NONE', *, *, #912, .T. ) ;
#1172 = ORIENTED_EDGE ( 'NONE', *, *, #941, .T. ) ;
#1173 = DIRECTION ( 'NONE',  ( -0.000000000000000000, 1.000000000000000000, -0.000000000000000000 ) ) ;
#1174 = DIRECTION ( 'NONE',  ( -0.000000000000000000, -1.000000000000000000, -0.000000000000000000 ) ) ;
#1175 = CARTESIAN_POINT ( 'NONE',  ( 5.480077554195744938, 0.000000000000000000, -7.180077554195749556 ) ) ;
#1176 = DIRECTION ( 'NONE',  ( -0.000000000000000000, -1.000000000000000000, -0.000000000000000000 ) ) ;
#1177 = CIRCLE ( 'NONE', #349, 2.874999999999996447 ) ;
#1178 = APPROVAL_PERSON_ORGANIZATION ( #169, #967, #1132 ) ;
#1179 = DIRECTION ( 'NONE',  ( 0.000000000000000000, 0.000000000000000000, -1.000000000000000000 ) ) ;
#1180 = ORIENTED_EDGE ( 'NONE', *, *, #1036, .T. ) ;
#1181 = EDGE_LOOP ( 'NONE', ( #1709, #70 ) ) ;
#1182 = EDGE_CURVE ( 'NONE', #475, #1304, #1453, .T. ) ;
#1183 = ORIENTED_EDGE ( 'NONE', *, *, #923, .F. ) ;
#1184 = ADVANCED_FACE ( 'NONE', ( #508 ), #128, .F. ) ;
#1185 = DIRECTION ( 'NONE',  ( -0.000000000000000000, -1.000000000000000000, -0.000000000000000000 ) ) ;
#1186 = ORIENTED_EDGE ( 'NONE', *, *, #1600, .T. ) ;
#1187 = ORIENTED_EDGE ( 'NONE', *, *, #1285, .T. ) ;
#1188 = LINE ( 'NONE', #928, #1409 ) ;
#1189 = AXIS2_PLACEMENT_3D ( 'NONE', #1488, #275, #955 ) ;
#1190 = DIRECTION ( 'NONE',  ( -1.000000000000000000, 0.000000000000000000, 0.000000000000000000 ) ) ;
#1191 = APPROVAL_DATE_TIME ( #368, #280 ) ;
#1192 = DIRECTION ( 'NONE',  ( 0.000000000000000000, 0.000000000000000000, 1.000000000000000000 ) ) ;
#1193 = EDGE_LOOP ( 'NONE', ( #114, #1180 ) ) ;
#1194 = ORIENTED_EDGE ( 'NONE', *, *, #823, .T. ) ;
#1195 = ORIENTED_EDGE ( 'NONE', *, *, #365, .F. ) ;
#1196 = DIRECTION ( 'NONE',  ( -0.000000000000000000, -1.000000000000000000, -0.000000000000000000 ) ) ;
#1197 = DIRECTION ( 'NONE',  ( -0.000000000000000000, -1.000000000000000000, -0.000000000000000000 ) ) ;
#1198 = CARTESIAN_POINT ( 'NONE',  ( 12.50000000000000000, 5.500000000000000000, 7.575000000000001954 ) ) ;
#1199 = ADVANCED_FACE ( 'NONE', ( #1593 ), #1055, .F. ) ;
#1200 = AXIS2_PLACEMENT_3D ( 'NONE', #211, #1023, #1428 ) ;
#1201 = CIRCLE ( 'NONE', #1003, 10.25000000000000000 ) ;
#1202 = ORIENTED_EDGE ( 'NONE', *, *, #1470, .T. ) ;
#1203 = ORIENTED_EDGE ( 'NONE', *, *, #1708, .T. ) ;
#1204 = FACE_OUTER_BOUND ( 'NONE', #57, .T. ) ;
#1205 = DIRECTION ( 'NONE',  ( 0.000000000000000000, 0.000000000000000000, 1.000000000000000000 ) ) ;
#1206 = AXIS2_PLACEMENT_3D ( 'NONE', #504, #82, #1598 ) ;
#1207 = VERTEX_POINT ( 'NONE', #528 ) ;
#1208 = DIRECTION ( 'NONE',  ( 0.000000000000000000, 1.000000000000000000, 0.000000000000000000 ) ) ;
#1209 = PERSON_AND_ORGANIZATION ( #1564, #97 ) ;
#1210 = CARTESIAN_POINT ( 'NONE',  ( 12.49999999999999822, 2.100000000000000089, -12.14999999999999680 ) ) ;
#1211 = CIRCLE ( 'NONE', #222, 12.75000000000000178 ) ;
#1212 = EDGE_CURVE ( 'NONE', #1420, #1325, #667, .T. ) ;
#1213 = ORIENTED_EDGE ( 'NONE', *, *, #1745, .F. ) ;
#1214 = CARTESIAN_POINT ( 'NONE',  ( 12.50000000000000000, 5.500000000000000000, 10.45000000000000107 ) ) ;
#1215 = CALENDAR_DATE ( 2026, 6, 7 ) ;
#1216 = FACE_OUTER_BOUND ( 'NONE', #455, .T. ) ;
#1217 = CARTESIAN_POINT ( 'NONE',  ( 1.255262969126037241E-15, 7.500000000000000000, 10.25000000000000000 ) ) ;
#1218 = CARTESIAN_POINT ( 'NONE',  ( 5.480077554195742273, 0.000000000000000000, 5.480077554195744050 ) ) ;
#1219 = ORIENTED_EDGE ( 'NONE', *, *, #341, .T. ) ;
#1220 = AXIS2_PLACEMENT_3D ( 'NONE', #1713, #492, #77 ) ;
#1221 = ORIENTED_EDGE ( 'NONE', *, *, #661, .F. ) ;
#1222 = VECTOR ( 'NONE', #1278, 1000.000000000000000 ) ;
#1223 = ORIENTED_EDGE ( 'NONE', *, *, #518, .T. ) ;
#1224 = ADVANCED_FACE ( 'NONE', ( #538 ), #4, .F. ) ;
#1225 = DIRECTION ( 'NONE',  ( 0.7071067811865475727, 0.7071067811865475727, 0.000000000000000000 ) ) ;
#1226 = CC_DESIGN_PERSON_AND_ORGANIZATION_ASSIGNMENT ( #949, #1480, ( #1454 ) ) ;
#1227 = ADVANCED_FACE ( 'NONE', ( #16 ), #714, .F. ) ;
#1228 = DIRECTION ( 'NONE',  ( -0.000000000000000000, 1.000000000000000000, -0.000000000000000000 ) ) ;
#1229 = DIRECTION ( 'NONE',  ( 0.000000000000000000, 0.000000000000000000, 1.000000000000000000 ) ) ;
#1230 = CIRCLE ( 'NONE', #761, 1.699999999999998401 ) ;
#1231 = EDGE_CURVE ( 'NONE', #1526, #1046, #1084, .T. ) ;
#1232 = ORIENTED_EDGE ( 'NONE', *, *, #324, .T. ) ;
#1233 = CARTESIAN_POINT ( 'NONE',  ( 15.49999999999999289, 5.500000000000000000, 0.000000000000000000 ) ) ;
#1234 = ADVANCED_FACE ( 'NONE', ( #1559 ), #306, .F. ) ;
#1235 = CARTESIAN_POINT ( 'NONE',  ( -12.50000000000000178, 5.500000000000000000, 10.45000000000000462 ) ) ;
#1236 = DIRECTION ( 'NONE',  ( -0.000000000000000000, 1.000000000000000000, -0.000000000000000000 ) ) ;
#1237 = CARTESIAN_POINT ( 'NONE',  ( -5.480077554195744938, 0.000000000000000000, 5.480077554195741385 ) ) ;
#1238 = AXIS2_PLACEMENT_3D ( 'NONE', #76, #628, #791 ) ;
#1239 = EDGE_CURVE ( 'NONE', #33, #1410, #1658, .T. ) ;
#1240 = VERTEX_POINT ( 'NONE', #46 ) ;
#1241 = ORIENTED_EDGE ( 'NONE', *, *, #101, .F. ) ;
#1242 = DIRECTION ( 'NONE',  ( -0.000000000000000000, 1.000000000000000000, -0.000000000000000000 ) ) ;
#1243 = DIRECTION ( 'NONE',  ( -0.000000000000000000, -1.000000000000000000, -0.000000000000000000 ) ) ;
#1244 = DIRECTION ( 'NONE',  ( 0.000000000000000000, 0.000000000000000000, -1.000000000000000000 ) ) ;
#1245 = LINE ( 'NONE', #575, #1729 ) ;
#1246 = EDGE_CURVE ( 'NONE', #475, #1053, #25, .T. ) ;
#1247 = FACE_OUTER_BOUND ( 'NONE', #1663, .T. ) ;
#1248 = ORIENTED_EDGE ( 'NONE', *, *, #255, .F. ) ;
#1249 = EDGE_CURVE ( 'NONE', #1025, #1148, #59, .T. ) ;
#1250 = EDGE_LOOP ( 'NONE', ( #186, #1446, #1465, #83 ) ) ;
#1251 = ORIENTED_EDGE ( 'NONE', *, *, #1507, .F. ) ;
#1252 = FACE_BOUND ( 'NONE', #388, .T. ) ;
#1253 = CIRCLE ( 'NONE', #665, 2.875000000000000888 ) ;
#1254 = ORIENTED_EDGE ( 'NONE', *, *, #240, .F. ) ;
#1255 = AXIS2_PLACEMENT_3D ( 'NONE', #1062, #251, #121 ) ;
#1256 = LINE ( 'NONE', #1077, #1049 ) ;
#1257 = AXIS2_PLACEMENT_3D ( 'NONE', #189, #1287, #218 ) ;
#1258 = DIRECTION ( 'NONE',  ( 0.000000000000000000, 0.000000000000000000, -1.000000000000000000 ) ) ;
#1259 = CARTESIAN_POINT ( 'NONE',  ( 5.480077554195742273, 5.500000000000000000, 3.780077554195745648 ) ) ;
#1260 = LINE ( 'NONE', #432, #183 ) ;
#1261 = CIRCLE ( 'NONE', #830, 1.700000000000012168 ) ;
#1262 = DIRECTION ( 'NONE',  ( 0.000000000000000000, 1.000000000000000000, 0.000000000000000000 ) ) ;
#1263 = VERTEX_POINT ( 'NONE', #754 ) ;
#1264 = AXIS2_PLACEMENT_3D ( 'NONE', #587, #730, #1128 ) ;
#1265 = ORIENTED_EDGE ( 'NONE', *, *, #1591, .T. ) ;
#1266 = CIRCLE ( 'NONE', #1779, 1.700000000000012168 ) ;
#1267 = ORIENTED_EDGE ( 'NONE', *, *, #472, .T. ) ;
#1268 = VERTEX_POINT ( 'NONE', #856 ) ;
#1269 = CARTESIAN_POINT ( 'NONE',  ( -16.50000000000000711, 4.499999999999999112, 14.34999999999999076 ) ) ;
#1270 = DIRECTION ( 'NONE',  ( 0.000000000000000000, 0.000000000000000000, -1.000000000000000000 ) ) ;
#1271 = LINE ( 'NONE', #877, #1522 ) ;
#1272 = CARTESIAN_POINT ( 'NONE',  ( 0.000000000000000000, 7.500000000000000000, 0.000000000000000000 ) ) ;
#1273 = ORIENTED_EDGE ( 'NONE', *, *, #1553, .T. ) ;
#1274 = CIRCLE ( 'NONE', #960, 1.699999999999998401 ) ;
#1275 = AXIS2_PLACEMENT_3D ( 'NONE', #990, #755, #1527 ) ;
#1276 = VERTEX_POINT ( 'NONE', #610 ) ;
#1277 = DIRECTION ( 'NONE',  ( -0.000000000000000000, 1.000000000000000000, -0.000000000000000000 ) ) ;
#1278 = DIRECTION ( 'NONE',  ( -0.000000000000000000, 1.000000000000000000, -0.000000000000000000 ) ) ;
#1279 = CARTESIAN_POINT ( 'NONE',  ( -12.50000000000000178, 2.100000000000000089, -10.44999999999999396 ) ) ;
#1280 = FACE_OUTER_BOUND ( 'NONE', #197, .T. ) ;
#1281 = ORIENTED_EDGE ( 'NONE', *, *, #420, .T. ) ;
#1282 = DIRECTION ( 'NONE',  ( -0.000000000000000000, 1.000000000000000000, -0.000000000000000000 ) ) ;
#1283 = ORIENTED_EDGE ( 'NONE', *, *, #1048, .T. ) ;
#1284 = DIRECTION ( 'NONE',  ( -0.000000000000000000, 1.000000000000000000, -0.000000000000000000 ) ) ;
#1285 = EDGE_CURVE ( 'NONE', #1618, #271, #1765, .T. ) ;
#1286 = ORIENTED_EDGE ( 'NONE', *, *, #1714, .T. ) ;
#1287 = DIRECTION ( 'NONE',  ( -0.000000000000000000, 1.000000000000000000, -0.000000000000000000 ) ) ;
#1288 = DIRECTION ( 'NONE',  ( 0.000000000000000000, 0.000000000000000000, 1.000000000000000000 ) ) ;
#1289 = AXIS2_PLACEMENT_3D ( 'NONE', #254, #1190, #262 ) ;
#1290 = ADVANCED_FACE ( 'NONE', ( #1698 ), #890, .F. ) ;
#1291 = SECURITY_CLASSIFICATION ( '', '', #268 ) ;
#1292 = DIRECTION ( 'NONE',  ( -0.000000000000000000, -1.000000000000000000, -0.000000000000000000 ) ) ;
#1293 = VERTEX_POINT ( 'NONE', #1662 ) ;
#1294 = DIRECTION ( 'NONE',  ( -0.000000000000000000, 1.000000000000000000, -0.000000000000000000 ) ) ;
#1295 = EDGE_LOOP ( 'NONE', ( #795, #487, #1534, #45 ) ) ;
#1296 = CARTESIAN_POINT ( 'NONE',  ( -12.50000000000000178, 0.000000000000000000, -10.44999999999999396 ) ) ;
#1297 = AXIS2_PLACEMENT_3D ( 'NONE', #1218, #1373, #841 ) ;
#1298 = DIRECTION ( 'NONE',  ( -0.000000000000000000, 1.000000000000000000, -0.000000000000000000 ) ) ;
#1299 = FACE_OUTER_BOUND ( 'NONE', #1660, .T. ) ;
#1300 = PLANE ( 'NONE',  #751 ) ;
#1301 = DIRECTION ( 'NONE',  ( 0.5773502691896258421, -0.5773502691896258421, 0.5773502691896257311 ) ) ;
#1302 = CARTESIAN_POINT ( 'NONE',  ( -5.480077554195744938, 3.851859888774471706E-31, 2.605077554195745826 ) ) ;
#1303 = PLANE ( 'NONE',  #1206 ) ;
#1304 = VERTEX_POINT ( 'NONE', #1378 ) ;
#1305 = EDGE_LOOP ( 'NONE', ( #1716, #372, #1082, #56 ) ) ;
#1306 = AXIS2_PLACEMENT_3D ( 'NONE', #1722, #735, #210 ) ;
#1307 = ORIENTED_EDGE ( 'NONE', *, *, #1351, .T. ) ;
#1308 = DIRECTION ( 'NONE',  ( -0.000000000000000000, 1.000000000000000000, -0.000000000000000000 ) ) ;
#1309 = CARTESIAN_POINT ( 'NONE',  ( -16.50000000000000711, 0.000000000000000000, 14.34999999999999076 ) ) ;
#1310 = DIRECTION ( 'NONE',  ( 0.000000000000000000, 1.000000000000000000, 0.000000000000000000 ) ) ;
#1311 = ADVANCED_FACE ( 'NONE', ( #1252, #1387 ), #118, .F. ) ;
#1312 = EDGE_LOOP ( 'NONE', ( #362, #1592, #836, #889 ) ) ;
#1313 = ADVANCED_FACE ( 'NONE', ( #192, #1280 ), #1540, .F. ) ;
#1314 = ORIENTED_EDGE ( 'NONE', *, *, #823, .F. ) ;
#1315 = ORIENTED_EDGE ( 'NONE', *, *, #519, .T. ) ;
#1316 = LINE ( 'NONE', #375, #1489 ) ;
#1317 = AXIS2_PLACEMENT_3D ( 'NONE', #468, #637, #86 ) ;
#1318 = DIRECTION ( 'NONE',  ( -1.000000000000000000, 0.000000000000000000, 1.577021341797097314E-16 ) ) ;
#1319 = ORIENTED_EDGE ( 'NONE', *, *, #1753, .T. ) ;
#1320 = VERTEX_POINT ( 'NONE', #1552 ) ;
#1321 = ORIENTED_EDGE ( 'NONE', *, *, #546, .T. ) ;
#1322 = CARTESIAN_POINT ( 'NONE',  ( 0.000000000000000000, 7.500000000000000000, -10.25000000000000000 ) ) ;
#1323 = DIRECTION ( 'NONE',  ( 0.000000000000000000, 0.000000000000000000, -1.000000000000000000 ) ) ;
#1324 = CARTESIAN_POINT ( 'NONE',  ( -15.50000000000000711, 5.500000000000000000, 13.34999999999999076 ) ) ;
#1325 = VERTEX_POINT ( 'NONE', #1302 ) ;
#1326 = EDGE_LOOP ( 'NONE', ( #808, #753, #708, #1232 ) ) ;
#1327 = AXIS2_PLACEMENT_3D ( 'NONE', #1166, #53, #1031 ) ;
#1328 = VERTEX_POINT ( 'NONE', #1693 ) ;
#1329 = EDGE_CURVE ( 'NONE', #954, #1744, #640, .T. ) ;
#1330 = DIRECTION ( 'NONE',  ( -0.000000000000000000, -1.000000000000000000, -0.000000000000000000 ) ) ;
#1331 = EDGE_CURVE ( 'NONE', #1757, #560, #346, .T. ) ;
#1332 = CARTESIAN_POINT ( 'NONE',  ( -5.480077554195744938, 3.400000000000000355, 7.180077554195753109 ) ) ;
#1333 = VERTEX_POINT ( 'NONE', #67 ) ;
#1334 = EDGE_LOOP ( 'NONE', ( #3, #273, #731, #1606 ) ) ;
#1335 = LINE ( 'NONE', #1322, #1554 ) ;
#1336 = DIRECTION ( 'NONE',  ( -0.000000000000000000, -1.000000000000000000, -0.000000000000000000 ) ) ;
#1337 = EDGE_CURVE ( 'NONE', #997, #1515, #781, .T. ) ;
#1338 = AXIS2_PLACEMENT_3D ( 'NONE', #558, #821, #1270 ) ;
#1339 = ORIENTED_EDGE ( 'NONE', *, *, #966, .T. ) ;
#1340 = ORIENTED_EDGE ( 'NONE', *, *, #1212, .F. ) ;
#1341 = LINE ( 'NONE', #650, #1013 ) ;
#1342 = EDGE_CURVE ( 'NONE', #1039, #314, #60, .T. ) ;
#1343 = PERSON_AND_ORGANIZATION_ROLE ( 'creator' ) ;
#1344 = CARTESIAN_POINT ( 'NONE',  ( 0.000000000000000000, 7.500000000000000000, 10.75000000000000178 ) ) ;
#1345 = ORIENTED_EDGE ( 'NONE', *, *, #1068, .F. ) ;
#1346 = AXIS2_PLACEMENT_3D ( 'NONE', #1701, #875, #320 ) ;
#1347 = PLANE ( 'NONE',  #1734 ) ;
#1348 = PERSON_AND_ORGANIZATION_ROLE ( 'classification_officer' ) ;
#1349 = FACE_OUTER_BOUND ( 'NONE', #119, .T. ) ;
#1350 = CARTESIAN_POINT ( 'NONE',  ( -5.480077554195743161, 3.851859888774471706E-31, -5.480077554195746714 ) ) ;
#1351 = EDGE_CURVE ( 'NONE', #325, #1531, #205, .T. ) ;
#1352 = ORIENTED_EDGE ( 'NONE', *, *, #966, .F. ) ;
#1353 = ADVANCED_FACE ( 'NONE', ( #1418 ), #896, .F. ) ;
#1354 = ORIENTED_EDGE ( 'NONE', *, *, #367, .F. ) ;
#1355 = DIRECTION ( 'NONE',  ( -0.000000000000000000, -1.000000000000000000, -0.000000000000000000 ) ) ;
#1356 = CARTESIAN_POINT ( 'NONE',  ( 12.49999999999999822, 0.000000000000000000, -12.14999999999999680 ) ) ;
#1357 = DIRECTION ( 'NONE',  ( -0.000000000000000000, 1.000000000000000000, -0.000000000000000000 ) ) ;
#1358 = VECTOR ( 'NONE', #220, 1000.000000000000000 ) ;
#1359 = EDGE_LOOP ( 'NONE', ( #1314, #1654, #1567, #21 ) ) ;
#1360 = DIRECTION ( 'NONE',  ( -0.000000000000000000, 1.000000000000000000, -0.000000000000000000 ) ) ;
#1361 = FACE_BOUND ( 'NONE', #1076, .T. ) ;
#1362 = DIRECTION ( 'NONE',  ( 0.000000000000000000, 0.000000000000000000, 1.000000000000000000 ) ) ;
#1363 = DIRECTION ( 'NONE',  ( 0.000000000000000000, 0.000000000000000000, -1.000000000000000000 ) ) ;
#1364 = ADVANCED_FACE ( 'NONE', ( #746 ), #616, .F. ) ;
#1365 = ORIENTED_EDGE ( 'NONE', *, *, #567, .T. ) ;
#1366 = AXIS2_PLACEMENT_3D ( 'NONE', #1296, #1150, #488 ) ;
#1367 = DIRECTION ( 'NONE',  ( -0.000000000000000000, -1.000000000000000000, -0.000000000000000000 ) ) ;
#1368 = ORIENTED_EDGE ( 'NONE', *, *, #1544, .T. ) ;
#1369 = DIRECTION ( 'NONE',  ( 0.000000000000000000, -1.000000000000000000, 0.000000000000000000 ) ) ;
#1370 = ADVANCED_FACE ( 'NONE', ( #1032 ), #1575, .F. ) ;
#1371 = DIRECTION ( 'NONE',  ( -0.000000000000000000, 1.000000000000000000, -0.000000000000000000 ) ) ;
#1372 = CARTESIAN_POINT ( 'NONE',  ( 1.561424668912875506E-15, 6.500000000000000000, -12.75000000000000178 ) ) ;
#1373 = DIRECTION ( 'NONE',  ( -0.000000000000000000, -1.000000000000000000, -0.000000000000000000 ) ) ;
#1374 = ADVANCED_FACE ( 'NONE', ( #1459 ), #693, .F. ) ;
#1375 = CIRCLE ( 'NONE', #627, 1.699999999999998401 ) ;
#1376 = AXIS2_PLACEMENT_3D ( 'NONE', #1582, #1458, #364 ) ;
#1377 = ORIENTED_EDGE ( 'NONE', *, *, #661, .T. ) ;
#1378 = CARTESIAN_POINT ( 'NONE',  ( 12.50000000000000000, 2.100000000000000089, 7.575000000000001954 ) ) ;
#1379 = DIRECTION ( 'NONE',  ( -0.000000000000000000, -1.000000000000000000, -0.000000000000000000 ) ) ;
#1380 = PLANE ( 'NONE',  #384 ) ;
#1381 = MECHANICAL_CONTEXT ( 'NONE', #683, 'mechanical' ) ;
#1382 = FACE_BOUND ( 'NONE', #656, .T. ) ;
#1383 = CARTESIAN_POINT ( 'NONE',  ( 1.561424668912875506E-15, 5.500000000000000000, -12.75000000000000178 ) ) ;
#1384 = VERTEX_POINT ( 'NONE', #1088 ) ;
#1385 = ORIENTED_EDGE ( 'NONE', *, *, #367, .T. ) ;
#1386 = ORIENTED_EDGE ( 'NONE', *, *, #1652, .T. ) ;
#1387 = FACE_OUTER_BOUND ( 'NONE', #1599, .T. ) ;
#1388 = AXIS2_PLACEMENT_3D ( 'NONE', #1133, #1520, #1678 ) ;
#1389 = VERTEX_POINT ( 'NONE', #1748 ) ;
#1390 = DIRECTION ( 'NONE',  ( 0.000000000000000000, 0.000000000000000000, 1.000000000000000000 ) ) ;
#1391 = LOCAL_TIME ( 18, 1, 25.00000000000000000, #1490 ) ;
#1392 = EDGE_CURVE ( 'NONE', #361, #1328, #269, .T. ) ;
#1393 = CARTESIAN_POINT ( 'NONE',  ( 0.000000000000000000, 7.500000000000000000, -10.25000000000000000 ) ) ;
#1394 = DIRECTION ( 'NONE',  ( 0.000000000000000000, 0.000000000000000000, 1.000000000000000000 ) ) ;
#1395 = CYLINDRICAL_SURFACE ( 'NONE', #482, 1.700000000000005285 ) ;
#1396 = AXIS2_PLACEMENT_3D ( 'NONE', #1403, #207, #1162 ) ;
#1397 = CARTESIAN_POINT ( 'NONE',  ( 12.49999999999999822, 5.500000000000000000, -10.44999999999999929 ) ) ;
#1398 = AXIS2_PLACEMENT_3D ( 'NONE', #1397, #1014, #729 ) ;
#1399 = EDGE_CURVE ( 'NONE', #226, #1384, #1502, .T. ) ;
#1400 = ORIENTED_EDGE ( 'NONE', *, *, #807, .T. ) ;
#1401 = DIRECTION ( 'NONE',  ( 1.000000000000000000, -0.000000000000000000, -1.051347561198064835E-16 ) ) ;
#1402 = EDGE_LOOP ( 'NONE', ( #444, #938, #1265, #120 ) ) ;
#1403 = CARTESIAN_POINT ( 'NONE',  ( 0.000000000000000000, 7.500000000000000000, 0.000000000000000000 ) ) ;
#1404 = DIRECTION ( 'NONE',  ( -1.000000000000000000, 0.000000000000000000, 1.051347561198064958E-16 ) ) ;
#1405 = CARTESIAN_POINT ( 'NONE',  ( 5.480077554195744938, 3.851859888774471706E-31, -8.355077554195739609 ) ) ;
#1406 = CARTESIAN_POINT ( 'NONE',  ( 1.316495309083405012E-15, 6.500000000000000000, -10.75000000000000178 ) ) ;
#1407 = ORIENTED_EDGE ( 'NONE', *, *, #1182, .F. ) ;
#1408 = EDGE_CURVE ( 'NONE', #1304, #437, #1468, .T. ) ;
#1409 = VECTOR ( 'NONE', #399, 1000.000000000000000 ) ;
#1410 = VERTEX_POINT ( 'NONE', #1614 ) ;
#1411 = CARTESIAN_POINT ( 'NONE',  ( 12.50000000000000000, 5.500000000000000000, 10.45000000000000107 ) ) ;
#1412 = ORIENTED_EDGE ( 'NONE', *, *, #518, .F. ) ;
#1413 = EDGE_CURVE ( 'NONE', #621, #818, #433, .T. ) ;
#1414 = DIRECTION ( 'NONE',  ( -0.000000000000000000, -1.000000000000000000, -0.000000000000000000 ) ) ;
#1415 = CARTESIAN_POINT ( 'NONE',  ( 5.480077554195744938, 3.851859888774471706E-31, -2.605077554195748046 ) ) ;
#1416 = DIRECTION ( 'NONE',  ( 1.000000000000000000, 0.000000000000000000, 0.000000000000000000 ) ) ;
#1417 = LINE ( 'NONE', #321, #768 ) ;
#1418 = FACE_OUTER_BOUND ( 'NONE', #1250, .T. ) ;
#1419 = EDGE_CURVE ( 'NONE', #33, #1457, #1755, .T. ) ;
#1420 = VERTEX_POINT ( 'NONE', #792 ) ;
#1421 = ORIENTED_EDGE ( 'NONE', *, *, #66, .F. ) ;
#1422 = LINE ( 'NONE', #1269, #816 ) ;
#1423 = AXIS2_PLACEMENT_3D ( 'NONE', #1143, #1176, #1724 ) ;
#1424 = CYLINDRICAL_SURFACE ( 'NONE', #958, 2.874999999999995559 ) ;
#1425 = CYLINDRICAL_SURFACE ( 'NONE', #463, 2.875000000000000000 ) ;
#1426 = PLANE ( 'NONE',  #1327 ) ;
#1427 = VECTOR ( 'NONE', #778, 1000.000000000000000 ) ;
#1428 = DIRECTION ( 'NONE',  ( 0.000000000000000000, 0.000000000000000000, 1.000000000000000000 ) ) ;
#1429 = ORIENTED_EDGE ( 'NONE', *, *, #387, .F. ) ;
#1430 = ORIENTED_EDGE ( 'NONE', *, *, #534, .F. ) ;
#1431 = CIRCLE ( 'NONE', #357, 1.699999999999998401 ) ;
#1432 = CARTESIAN_POINT ( 'NONE',  ( 5.480077554195744938, 3.400000000000000355, -2.605077554195748046 ) ) ;
#1433 = CARTESIAN_POINT ( 'NONE',  ( 5.480077554195742273, 3.851859888774471706E-31, 5.480077554195744050 ) ) ;
#1434 = DIRECTION ( 'NONE',  ( 0.000000000000000000, 1.000000000000000000, 0.000000000000000000 ) ) ;
#1435 = ADVANCED_FACE ( 'NONE', ( #550 ), #462, .T. ) ;
#1436 = DIRECTION ( 'NONE',  ( -0.000000000000000000, 1.000000000000000000, -0.000000000000000000 ) ) ;
#1437 = DIRECTION ( 'NONE',  ( -0.000000000000000000, 1.000000000000000000, -0.000000000000000000 ) ) ;
#1438 = ORIENTED_EDGE ( 'NONE', *, *, #1482, .F. ) ;
#1439 = EDGE_LOOP ( 'NONE', ( #545, #715, #1365, #127 ) ) ;
#1440 = AXIS2_PLACEMENT_3D ( 'NONE', #1279, #726, #219 ) ;
#1441 = CIRCLE ( 'NONE', #794, 2.874999999999995559 ) ;
#1442 = ORIENTED_EDGE ( 'NONE', *, *, #787, .F. ) ;
#1443 = DIRECTION ( 'NONE',  ( -0.000000000000000000, -1.000000000000000000, -0.000000000000000000 ) ) ;
#1444 = CARTESIAN_POINT ( 'NONE',  ( -5.480077554195743161, 5.500000000000000000, -3.780077554195747869 ) ) ;
#1445 = UNCERTAINTY_MEASURE_WITH_UNIT (LENGTH_MEASURE( 1.000000000000000082E-05 ), #1136, 'distance_accuracy_value', 'NONE');
#1446 = ORIENTED_EDGE ( 'NONE', *, *, #347, .T. ) ;
#1447 = VERTEX_POINT ( 'NONE', #1210 ) ;
#1448 = EDGE_LOOP ( 'NONE', ( #1006, #1248, #773, #24 ) ) ;
#1449 = VERTEX_POINT ( 'NONE', #108 ) ;
#1450 = DIRECTION ( 'NONE',  ( 0.000000000000000000, 0.000000000000000000, -1.000000000000000000 ) ) ;
#1451 = CARTESIAN_POINT ( 'NONE',  ( 12.49999999999999822, 5.500000000000000000, -7.574999999999998401 ) ) ;
#1452 = VECTOR ( 'NONE', #565, 1000.000000000000000 ) ;
#1453 = CIRCLE ( 'NONE', #694, 2.874999999999999112 ) ;
#1454 = PRODUCT_DEFINITION_FORMATION_WITH_SPECIFIED_SOURCE ( 'ANY', '', #12, .NOT_KNOWN. ) ;
#1455 = AXIS2_PLACEMENT_3D ( 'NONE', #826, #1087, #686 ) ;
#1456 = EDGE_LOOP ( 'NONE', ( #296, #1254, #774, #1670 ) ) ;
#1457 = VERTEX_POINT ( 'NONE', #957 ) ;
#1458 = DIRECTION ( 'NONE',  ( 0.000000000000000000, 1.000000000000000000, 0.000000000000000000 ) ) ;
#1459 = FACE_OUTER_BOUND ( 'NONE', #1312, .T. ) ;
#1460 = EDGE_CURVE ( 'NONE', #1320, #1495, #287, .T. ) ;
#1461 = ORIENTED_EDGE ( 'NONE', *, *, #1337, .T. ) ;
#1462 = AXIS2_PLACEMENT_3D ( 'NONE', #509, #1197, #1472 ) ;
#1463 = ORIENTED_EDGE ( 'NONE', *, *, #13, .F. ) ;
#1464 = AXIS2_PLACEMENT_3D ( 'NONE', #1350, #1114, #985 ) ;
#1465 = ORIENTED_EDGE ( 'NONE', *, *, #1231, .T. ) ;
#1466 = EDGE_CURVE ( 'NONE', #1148, #1268, #1764, .T. ) ;
#1467 = DIRECTION ( 'NONE',  ( -0.000000000000000000, -1.000000000000000000, -0.000000000000000000 ) ) ;
#1468 = LINE ( 'NONE', #1198, #1142 ) ;
#1469 = VERTEX_POINT ( 'NONE', #1332 ) ;
#1470 = EDGE_CURVE ( 'NONE', #1240, #815, #1253, .T. ) ;
#1471 = VERTEX_POINT ( 'NONE', #400 ) ;
#1472 = DIRECTION ( 'NONE',  ( 0.000000000000000000, 0.000000000000000000, -1.000000000000000000 ) ) ;
#1473 = DATE_AND_TIME ( #1622, #1391 ) ;
#1474 = CARTESIAN_POINT ( 'NONE',  ( 0.000000000000000000, 6.500000000000000000, 0.000000000000000000 ) ) ;
#1475 = CIRCLE ( 'NONE', #1719, 1.000000000000000888 ) ;
#1476 = AXIS2_PLACEMENT_3D ( 'NONE', #1155, #902, #894 ) ;
#1477 = ORIENTED_EDGE ( 'NONE', *, *, #1460, .T. ) ;
#1478 = FACE_OUTER_BOUND ( 'NONE', #880, .T. ) ;
#1479 = AXIS2_PLACEMENT_3D ( 'NONE', #1672, #476, #881 ) ;
#1480 = PERSON_AND_ORGANIZATION_ROLE ( 'design_supplier' ) ;
#1481 = CARTESIAN_POINT ( 'NONE',  ( 16.49999999999999289, 0.000000000000000000, 14.34999999999998721 ) ) ;
#1482 = EDGE_CURVE ( 'NONE', #1075, #1673, #1177, .T. ) ;
#1483 = CIRCLE ( 'NONE', #102, 1.699999999999998401 ) ;
#1484 = EDGE_CURVE ( 'NONE', #1687, #1469, #1739, .T. ) ;
#1485 = EDGE_LOOP ( 'NONE', ( #1170, #1438 ) ) ;
#1486 = EDGE_LOOP ( 'NONE', ( #1283, #1187 ) ) ;
#1487 = CIRCLE ( 'NONE', #651, 2.874999999999999112 ) ;
#1488 = CARTESIAN_POINT ( 'NONE',  ( 0.000000000000000000, 6.500000000000000000, 0.000000000000000000 ) ) ;
#1489 = VECTOR ( 'NONE', #1603, 1000.000000000000000 ) ;
#1490 = COORDINATED_UNIVERSAL_TIME_OFFSET ( 5, 0, .BEHIND. ) ;
#1491 = FACE_OUTER_BOUND ( 'NONE', #1359, .T. ) ;
#1492 = DIRECTION ( 'NONE',  ( 0.000000000000000000, 0.000000000000000000, 1.000000000000000000 ) ) ;
#1493 = CARTESIAN_POINT ( 'NONE',  ( -12.50000000000000178, 5.500000000000000000, -8.749999999999996447 ) ) ;
#1494 = CIRCLE ( 'NONE', #1376, 10.75000000000000178 ) ;
#1495 = VERTEX_POINT ( 'NONE', #1344 ) ;
#1496 = ORIENTED_EDGE ( 'NONE', *, *, #1682, .F. ) ;
#1497 = CARTESIAN_POINT ( 'NONE',  ( -12.50000000000000178, 5.500000000000000000, -10.44999999999999396 ) ) ;
#1498 = DIRECTION ( 'NONE',  ( -0.000000000000000000, -1.000000000000000000, -0.000000000000000000 ) ) ;
#1499 = FACE_OUTER_BOUND ( 'NONE', #635, .T. ) ;
#1500 = CARTESIAN_POINT ( 'NONE',  ( 12.50000000000000000, 0.000000000000000000, 12.14999999999999858 ) ) ;
#1501 = ORIENTED_EDGE ( 'NONE', *, *, #991, .F. ) ;
#1502 = CIRCLE ( 'NONE', #921, 1.699999999999998401 ) ;
#1503 = CIRCLE ( 'NONE', #747, 1.699999999999998401 ) ;
#1504 = ADVANCED_FACE ( 'NONE', ( #1349 ), #1058, .T. ) ;
#1505 = AXIS2_PLACEMENT_3D ( 'NONE', #1272, #605, #193 ) ;
#1506 = ORIENTED_EDGE ( 'NONE', *, *, #1337, .F. ) ;
#1507 = EDGE_CURVE ( 'NONE', #325, #738, #805, .T. ) ;
#1508 = CARTESIAN_POINT ( 'NONE',  ( 5.480077554195742273, 3.400000000000000355, 7.180077554195755773 ) ) ;
#1509 = PLANE ( 'NONE',  #148 ) ;
#1510 = DIRECTION ( 'NONE',  ( -0.000000000000000000, -1.000000000000000000, -0.000000000000000000 ) ) ;
#1511 = CYLINDRICAL_SURFACE ( 'NONE', #535, 1.700000000000005285 ) ;
#1512 = CLOSED_SHELL ( 'NONE', ( #1090, #679, #865, #760, #200, #838, #1224, #1061, #231, #1199, #1353, #1644, #603, #1364, #90, #1184, #929, #919, #762, #125, #1290, #498, #1740, #152, #1621, #1775, #1370, #939, #1234, #1099, #1313, #32, #1704, #1311, #1227, #664, #657, #1738, #1645, #936, #701, #376, #702, #1056, #835, #299, #849, #175, #1012, #172, #740, #995, #1374, #1435, #1504, #1116, #978, #652 ) ) ;
#1513 = EDGE_CURVE ( 'NONE', #560, #1148, #1064, .T. ) ;
#1514 = ADVANCED_BREP_SHAPE_REPRESENTATION ( 'LID_v3', ( #1616, #1596 ), #531 ) ;
#1515 = VERTEX_POINT ( 'NONE', #1217 ) ;
#1516 = ORIENTED_EDGE ( 'NONE', *, *, #1168, .T. ) ;
#1517 = EDGE_LOOP ( 'NONE', ( #871, #673, #1319, #396 ) ) ;
#1518 = CARTESIAN_POINT ( 'NONE',  ( 5.480077554195744938, 0.000000000000000000, -5.480077554195744050 ) ) ;
#1519 = CARTESIAN_POINT ( 'NONE',  ( -16.50000000000000711, 5.500000000000000000, 14.34999999999999076 ) ) ;
#1520 = DIRECTION ( 'NONE',  ( -0.000000000000000000, 1.000000000000000000, -0.000000000000000000 ) ) ;
#1521 = CARTESIAN_POINT ( 'NONE',  ( -5.480077554195744938, 3.851859888774471706E-31, 5.480077554195741385 ) ) ;
#1522 = VECTOR ( 'NONE', #345, 1000.000000000000000 ) ;
#1523 = AXIS2_PLACEMENT_3D ( 'NONE', #328, #999, #1560 ) ;
#1524 = CARTESIAN_POINT ( 'NONE',  ( 0.000000000000000000, 0.000000000000000000, 0.000000000000000000 ) ) ;
#1525 = DIRECTION ( 'NONE',  ( -0.000000000000000000, -1.000000000000000000, -0.000000000000000000 ) ) ;
#1526 = VERTEX_POINT ( 'NONE', #1595 ) ;
#1527 = DIRECTION ( 'NONE',  ( 0.000000000000000000, 0.000000000000000000, -1.000000000000000000 ) ) ;
#1528 = DIRECTION ( 'NONE',  ( -0.000000000000000000, 1.000000000000000000, -0.000000000000000000 ) ) ;
#1529 = DIRECTION ( 'NONE',  ( -0.000000000000000000, 1.000000000000000000, -0.000000000000000000 ) ) ;
#1530 = DIRECTION ( 'NONE',  ( -0.000000000000000000, -0.000000000000000000, 1.000000000000000000 ) ) ;
#1531 = VERTEX_POINT ( 'NONE', #1259 ) ;
#1532 = CYLINDRICAL_SURFACE ( 'NONE', #1398, 2.875000000000000000 ) ;
#1533 = VECTOR ( 'NONE', #517, 1000.000000000000000 ) ;
#1534 = ORIENTED_EDGE ( 'NONE', *, *, #47, .T. ) ;
#1535 = FACE_OUTER_BOUND ( 'NONE', #348, .T. ) ;
#1536 = CARTESIAN_POINT ( 'NONE',  ( 12.49999999999999822, 5.500000000000000000, -10.44999999999999929 ) ) ;
#1537 = AXIS2_PLACEMENT_3D ( 'NONE', #622, #1525, #326 ) ;
#1538 = DIRECTION ( 'NONE',  ( -0.000000000000000000, 1.000000000000000000, -0.000000000000000000 ) ) ;
#1539 = DIRECTION ( 'NONE',  ( 0.000000000000000000, 0.000000000000000000, -1.000000000000000000 ) ) ;
#1540 = PLANE ( 'NONE',  #944 ) ;
#1541 = EDGE_CURVE ( 'NONE', #649, #1568, #94, .T. ) ;
#1542 = ORIENTED_EDGE ( 'NONE', *, *, #1619, .F. ) ;
#1543 = EDGE_CURVE ( 'NONE', #930, #361, #495, .T. ) ;
#1544 = EDGE_CURVE ( 'NONE', #361, #930, #800, .T. ) ;
#1545 = DIRECTION ( 'NONE',  ( 0.000000000000000000, 0.000000000000000000, -1.000000000000000000 ) ) ;
#1546 = ORIENTED_EDGE ( 'NONE', *, *, #1756, .T. ) ;
#1547 = ORIENTED_EDGE ( 'NONE', *, *, #598, .F. ) ;
#1548 = CARTESIAN_POINT ( 'NONE',  ( 5.480077554195744938, 5.500000000000000000, -7.180077554195742451 ) ) ;
#1549 = CARTESIAN_POINT ( 'NONE',  ( 12.49999999999999822, 2.100000000000000089, -10.44999999999999929 ) ) ;
#1550 = COORDINATED_UNIVERSAL_TIME_OFFSET ( 5, 0, .BEHIND. ) ;
#1551 = DIRECTION ( 'NONE',  ( -0.000000000000000000, -1.000000000000000000, -0.000000000000000000 ) ) ;
#1552 = CARTESIAN_POINT ( 'NONE',  ( 0.000000000000000000, 6.500000000000000000, 11.75000000000000178 ) ) ;
#1553 = EDGE_CURVE ( 'NONE', #906, #1389, #1503, .T. ) ;
#1554 = VECTOR ( 'NONE', #1185, 1000.000000000000000 ) ;
#1555 = FACE_BOUND ( 'NONE', #113, .T. ) ;
#1556 = CIRCLE ( 'NONE', #1018, 1.699999999999998401 ) ;
#1557 = EDGE_CURVE ( 'NONE', #1471, #1069, #22, .T. ) ;
#1558 = ORIENTED_EDGE ( 'NONE', *, *, #1732, .F. ) ;
#1559 = FACE_OUTER_BOUND ( 'NONE', #1743, .T. ) ;
#1560 = DIRECTION ( 'NONE',  ( 0.000000000000000000, 0.000000000000000000, -1.000000000000000000 ) ) ;
#1561 = DIRECTION ( 'NONE',  ( 0.000000000000000000, 0.000000000000000000, -1.000000000000000000 ) ) ;
#1562 = FACE_OUTER_BOUND ( 'NONE', #1106, .T. ) ;
#1563 = CARTESIAN_POINT ( 'NONE',  ( 12.50000000000000000, 0.000000000000000000, 10.45000000000000107 ) ) ;
#1564 = PERSON ( 'UNSPECIFIED', 'UNSPECIFIED', 'UNSPECIFIED', ('UNSPECIFIED'), ('UNSPECIFIED'), ('UNSPECIFIED') ) ;
#1565 = LINE ( 'NONE', #373, #316 ) ;
#1566 = DIRECTION ( 'NONE',  ( 0.000000000000000000, 0.000000000000000000, 1.000000000000000000 ) ) ;
#1567 = ORIENTED_EDGE ( 'NONE', *, *, #279, .T. ) ;
#1568 = VERTEX_POINT ( 'NONE', #19 ) ;
#1569 = CARTESIAN_POINT ( 'NONE',  ( -16.50000000000000711, 5.500000000000000000, 14.34999999999999076 ) ) ;
#1570 = EDGE_CURVE ( 'NONE', #282, #1328, #259, .T. ) ;
#1571 = DIRECTION ( 'NONE',  ( -0.000000000000000000, -1.000000000000000000, -0.000000000000000000 ) ) ;
#1572 = AXIS2_PLACEMENT_3D ( 'NONE', #653, #1336, #677 ) ;
#1573 = CARTESIAN_POINT ( 'NONE',  ( -5.480077554195744938, 5.500000000000000000, 5.480077554195741385 ) ) ;
#1574 = DIRECTION ( 'NONE',  ( -0.000000000000000000, -1.000000000000000000, -0.000000000000000000 ) ) ;
#1575 = CYLINDRICAL_SURFACE ( 'NONE', #897, 1.699999999999998401 ) ;
#1576 = CIRCLE ( 'NONE', #976, 2.874999999999996447 ) ;
#1577 = CARTESIAN_POINT ( 'NONE',  ( 5.480077554195742273, 3.400000000000000355, 3.780077554195731437 ) ) ;
#1578 = ORIENTED_EDGE ( 'NONE', *, *, #365, .T. ) ;
#1579 = ORIENTED_EDGE ( 'NONE', *, *, #212, .F. ) ;
#1580 = ORIENTED_EDGE ( 'NONE', *, *, #1482, .T. ) ;
#1581 = CARTESIAN_POINT ( 'NONE',  ( 0.000000000000000000, 6.500000000000000000, 0.000000000000000000 ) ) ;
#1582 = CARTESIAN_POINT ( 'NONE',  ( 0.000000000000000000, 7.500000000000000000, 0.000000000000000000 ) ) ;
#1583 = AXIS2_PLACEMENT_3D ( 'NONE', #179, #64, #743 ) ;
#1584 = CALENDAR_DATE ( 2026, 6, 7 ) ;
#1585 = LINE ( 'NONE', #1726, #473 ) ;
#1586 = ORIENTED_EDGE ( 'NONE', *, *, #1249, .T. ) ;
#1587 = VECTOR ( 'NONE', #1085, 999.9999999999998863 ) ;
#1588 = ORIENTED_EDGE ( 'NONE', *, *, #435, .T. ) ;
#1589 = DIRECTION ( 'NONE',  ( -0.000000000000000000, 1.000000000000000000, -0.000000000000000000 ) ) ;
#1590 = DIRECTION ( 'NONE',  ( -0.000000000000000000, 1.000000000000000000, -0.000000000000000000 ) ) ;
#1591 = EDGE_CURVE ( 'NONE', #226, #1389, #311, .T. ) ;
#1592 = ORIENTED_EDGE ( 'NONE', *, *, #790, .F. ) ;
#1593 = FACE_OUTER_BOUND ( 'NONE', #981, .T. ) ;
#1594 = CARTESIAN_POINT ( 'NONE',  ( -15.50000000000000711, 5.500000000000000000, -13.35000000000000675 ) ) ;
#1595 = CARTESIAN_POINT ( 'NONE',  ( 5.480077554195744938, 3.400000000000000355, -3.780077554195731437 ) ) ;
#1596 = AXIS2_PLACEMENT_3D ( 'NONE', #1524, #860, #1416 ) ;
#1597 = EDGE_CURVE ( 'NONE', #305, #227, #1475, .T. ) ;
#1598 = DIRECTION ( 'NONE',  ( 0.000000000000000000, -0.000000000000000000, 1.000000000000000000 ) ) ;
#1599 = EDGE_LOOP ( 'NONE', ( #1707, #1546 ) ) ;
#1600 = EDGE_CURVE ( 'NONE', #1617, #494, #1112, .T. ) ;
#1601 = ORIENTED_EDGE ( 'NONE', *, *, #1631, .F. ) ;
#1602 = ORIENTED_EDGE ( 'NONE', *, *, #546, .F. ) ;
#1603 = DIRECTION ( 'NONE',  ( -0.000000000000000000, -1.000000000000000000, -0.000000000000000000 ) ) ;
#1604 = DIRECTION ( 'NONE',  ( -0.000000000000000000, 1.000000000000000000, -0.000000000000000000 ) ) ;
#1605 = AXIS2_PLACEMENT_3D ( 'NONE', #1167, #629, #322 ) ;
#1606 = ORIENTED_EDGE ( 'NONE', *, *, #341, .F. ) ;
#1607 = AXIS2_PLACEMENT_3D ( 'NONE', #940, #1330, #230 ) ;
#1608 = ORIENTED_EDGE ( 'NONE', *, *, #1708, .F. ) ;
#1609 = VECTOR ( 'NONE', #595, 1000.000000000000000 ) ;
#1610 = ORIENTED_EDGE ( 'NONE', *, *, #1484, .F. ) ;
#1611 = AXIS2_PLACEMENT_3D ( 'NONE', #1774, #1630, #137 ) ;
#1612 = CARTESIAN_POINT ( 'NONE',  ( 5.480077554195742273, 5.500000000000000000, 5.480077554195744050 ) ) ;
#1613 = CYLINDRICAL_SURFACE ( 'NONE', #869, 2.874999999999999112 ) ;
#1614 = CARTESIAN_POINT ( 'NONE',  ( -5.480077554195743161, 3.400000000000000355, -2.605077554195750711 ) ) ;
#1615 = EDGE_CURVE ( 'NONE', #1052, #1293, #594, .T. ) ;
#1616 = MANIFOLD_SOLID_BREP ( 'Chamfer1', #1512 ) ;
#1617 = VERTEX_POINT ( 'NONE', #984 ) ;
#1618 = VERTEX_POINT ( 'NONE', #974 ) ;
#1619 = EDGE_CURVE ( 'NONE', #1091, #93, #1686, .T. ) ;
#1620 = FACE_OUTER_BOUND ( 'NONE', #397, .T. ) ;
#1621 = ADVANCED_FACE ( 'NONE', ( #426, #302, #1382, #861, #29, #853 ), #458, .T. ) ;
#1622 = CALENDAR_DATE ( 2026, 6, 7 ) ;
#1623 = CARTESIAN_POINT ( 'NONE',  ( 5.480077554195742273, 0.000000000000000000, 7.180077554195749556 ) ) ;
#1624 = AXIS2_PLACEMENT_3D ( 'NONE', #736, #333, #89 ) ;
#1625 = CIRCLE ( 'NONE', #946, 12.75000000000000178 ) ;
#1626 = CIRCLE ( 'NONE', #1455, 1.699999999999998401 ) ;
#1627 = ORIENTED_EDGE ( 'NONE', *, *, #1399, .T. ) ;
#1628 = AXIS2_PLACEMENT_3D ( 'NONE', #116, #1705, #1566 ) ;
#1629 = EDGE_LOOP ( 'NONE', ( #1516, #916, #648, #99 ) ) ;
#1630 = DIRECTION ( 'NONE',  ( -1.000000000000000000, 0.000000000000000000, 0.000000000000000000 ) ) ;
#1631 = EDGE_CURVE ( 'NONE', #815, #1240, #146, .T. ) ;
#1632 = DIRECTION ( 'NONE',  ( 0.000000000000000000, 1.000000000000000000, 0.000000000000000000 ) ) ;
#1633 = CARTESIAN_POINT ( 'NONE',  ( -5.480077554195744938, 0.000000000000000000, 7.180077554195746892 ) ) ;
#1634 = CARTESIAN_POINT ( 'NONE',  ( -16.50000000000000711, 4.499999999999999112, -14.35000000000000497 ) ) ;
#1635 = CIRCLE ( 'NONE', #440, 2.874999999999996447 ) ;
#1636 = ORIENTED_EDGE ( 'NONE', *, *, #47, .F. ) ;
#1637 = ORIENTED_EDGE ( 'NONE', *, *, #1557, .T. ) ;
#1638 = VECTOR ( 'NONE', #74, 1000.000000000000000 ) ;
#1639 = PLANE ( 'NONE',  #136 ) ;
#1640 = PLANE ( 'NONE',  #1113 ) ;
#1641 = DIRECTION ( 'NONE',  ( -0.000000000000000000, -1.000000000000000000, -0.000000000000000000 ) ) ;
#1642 = DIRECTION ( 'NONE',  ( 0.000000000000000000, 0.000000000000000000, 1.000000000000000000 ) ) ;
#1643 = AXIS2_PLACEMENT_3D ( 'NONE', #187, #1019, #900 ) ;
#1644 = ADVANCED_FACE ( 'NONE', ( #1499 ), #827, .F. ) ;
#1645 = ADVANCED_FACE ( 'NONE', ( #154 ), #1104, .F. ) ;
#1646 = LINE ( 'NONE', #692, #913 ) ;
#1647 = FACE_OUTER_BOUND ( 'NONE', #847, .T. ) ;
#1648 = CARTESIAN_POINT ( 'NONE',  ( 5.480077554195744938, 0.000000000000000000, -5.480077554195744050 ) ) ;
#1649 = FACE_OUTER_BOUND ( 'NONE', #374, .T. ) ;
#1650 = VECTOR ( 'NONE', #951, 1000.000000000000000 ) ;
#1651 = AXIS2_PLACEMENT_3D ( 'NONE', #380, #1196, #1450 ) ;
#1652 = EDGE_CURVE ( 'NONE', #1744, #954, #379, .T. ) ;
#1653 = ORIENTED_EDGE ( 'NONE', *, *, #1419, .T. ) ;
#1654 = ORIENTED_EDGE ( 'NONE', *, *, #1157, .T. ) ;
#1655 = FACE_OUTER_BOUND ( 'NONE', #34, .T. ) ;
#1656 = CARTESIAN_POINT ( 'NONE',  ( -12.50000000000000178, 2.100000000000000089, -10.44999999999999396 ) ) ;
#1657 = CARTESIAN_POINT ( 'NONE',  ( -16.50000000000000711, 5.500000000000000000, -14.35000000000000497 ) ) ;
#1658 = CIRCLE ( 'NONE', #1479, 2.874999999999995559 ) ;
#1659 = CARTESIAN_POINT ( 'NONE',  ( 5.480077554195742273, 0.000000000000000000, 5.480077554195744050 ) ) ;
#1660 = EDGE_LOOP ( 'NONE', ( #1760, #204, #586, #1160 ) ) ;
#1661 = EDGE_LOOP ( 'NONE', ( #682, #1558 ) ) ;
#1662 = CARTESIAN_POINT ( 'NONE',  ( -16.50000000000000711, 0.000000000000000000, -14.35000000000000497 ) ) ;
#1663 = EDGE_LOOP ( 'NONE', ( #699, #1421, #1733, #796 ) ) ;
#1664 = CARTESIAN_POINT ( 'NONE',  ( 12.49999999999999822, 0.000000000000000000, -10.44999999999999929 ) ) ;
#1665 = AXIS2_PLACEMENT_3D ( 'NONE', #1581, #625, #591 ) ;
#1666 = CARTESIAN_POINT ( 'NONE',  ( 0.000000000000000000, 7.500000000000000000, 0.000000000000000000 ) ) ;
#1667 = DIRECTION ( 'NONE',  ( -0.000000000000000000, -1.000000000000000000, -0.000000000000000000 ) ) ;
#1668 = DIRECTION ( 'NONE',  ( 0.000000000000000000, 0.000000000000000000, 1.000000000000000000 ) ) ;
#1669 = CIRCLE ( 'NONE', #298, 2.875000000000000888 ) ;
#1670 = ORIENTED_EDGE ( 'NONE', *, *, #101, .T. ) ;
#1671 = VERTEX_POINT ( 'NONE', #344 ) ;
#1672 = CARTESIAN_POINT ( 'NONE',  ( -5.480077554195743161, 3.400000000000000355, -5.480077554195746714 ) ) ;
#1673 = VERTEX_POINT ( 'NONE', #1405 ) ;
#1674 = CYLINDRICAL_SURFACE ( 'NONE', #1523, 1.700000000000005285 ) ;
#1675 = EDGE_CURVE ( 'NONE', #515, #92, #614, .T. ) ;
#1676 = DIRECTION ( 'NONE',  ( 7.434149899070905248E-17, 0.7071067811865475727, 0.7071067811865475727 ) ) ;
#1677 = COORDINATED_UNIVERSAL_TIME_OFFSET ( 5, 0, .BEHIND. ) ;
#1678 = DIRECTION ( 'NONE',  ( 0.000000000000000000, 0.000000000000000000, 1.000000000000000000 ) ) ;
#1679 = CARTESIAN_POINT ( 'NONE',  ( 1.255262969126037241E-15, 5.500000000000000000, 10.25000000000000000 ) ) ;
#1680 = DIRECTION ( 'NONE',  ( 0.000000000000000000, -0.000000000000000000, -1.000000000000000000 ) ) ;
#1681 = PRODUCT_RELATED_PRODUCT_CATEGORY ( 'detail', '', ( #12 ) ) ;
#1682 = EDGE_CURVE ( 'NONE', #157, #738, #607, .T. ) ;
#1683 = CARTESIAN_POINT ( 'NONE',  ( 16.49999999999999289, 4.499999999999999112, -14.35000000000001030 ) ) ;
#1684 = ORIENTED_EDGE ( 'NONE', *, *, #474, .T. ) ;
#1685 = CARTESIAN_POINT ( 'NONE',  ( -5.480077554195743161, 3.400000000000000355, -8.355077554195741385 ) ) ;
#1686 = CIRCLE ( 'NONE', #1388, 2.875000000000000888 ) ;
#1687 = VERTEX_POINT ( 'NONE', #1691 ) ;
#1688 = DIRECTION ( 'NONE',  ( -0.000000000000000000, 1.000000000000000000, -0.000000000000000000 ) ) ;
#1689 = DIRECTION ( 'NONE',  ( 0.000000000000000000, 0.000000000000000000, 1.000000000000000000 ) ) ;
#1690 = APPROVAL_DATE_TIME ( #1140, #967 ) ;
#1691 = CARTESIAN_POINT ( 'NONE',  ( -5.480077554195744938, 5.500000000000000000, 7.180077554195739786 ) ) ;
#1692 = CARTESIAN_POINT ( 'NONE',  ( -12.50000000000000178, 2.100000000000000089, -13.32499999999999396 ) ) ;
#1693 = CARTESIAN_POINT ( 'NONE',  ( 5.480077554195742273, 3.851859888774471706E-31, 8.355077554195737832 ) ) ;
#1694 = LINE ( 'NONE', #646, #23 ) ;
#1695 = FACE_BOUND ( 'NONE', #765, .T. ) ;
#1696 = FACE_OUTER_BOUND ( 'NONE', #1060, .T. ) ;
#1697 = ORIENTED_EDGE ( 'NONE', *, *, #1758, .T. ) ;
#1698 = FACE_OUTER_BOUND ( 'NONE', #1326, .T. ) ;
#1699 = ORIENTED_EDGE ( 'NONE', *, *, #748, .T. ) ;
#1700 = FACE_OUTER_BOUND ( 'NONE', #176, .T. ) ;
#1701 = CARTESIAN_POINT ( 'NONE',  ( 12.49999999999999822, 5.500000000000000000, -10.44999999999999929 ) ) ;
#1702 = DIRECTION ( 'NONE',  ( -0.000000000000000000, 1.000000000000000000, -0.000000000000000000 ) ) ;
#1703 = AXIS2_PLACEMENT_3D ( 'NONE', #1778, #1097, #1642 ) ;
#1704 = ADVANCED_FACE ( 'NONE', ( #209 ), #354, .F. ) ;
#1705 = DIRECTION ( 'NONE',  ( -0.000000000000000000, 1.000000000000000000, -0.000000000000000000 ) ) ;
#1706 = FACE_BOUND ( 'NONE', #1727, .T. ) ;
#1707 = ORIENTED_EDGE ( 'NONE', *, *, #1182, .T. ) ;
#1708 = EDGE_CURVE ( 'NONE', #738, #157, #289, .T. ) ;
#1709 = ORIENTED_EDGE ( 'NONE', *, *, #253, .F. ) ;
#1710 = FACE_OUTER_BOUND ( 'NONE', #1751, .T. ) ;
#1711 = CYLINDRICAL_SURFACE ( 'NONE', #1583, 2.874999999999995559 ) ;
#1712 = DIRECTION ( 'NONE',  ( -0.000000000000000000, -1.000000000000000000, -0.000000000000000000 ) ) ;
#1713 = CARTESIAN_POINT ( 'NONE',  ( 5.480077554195744938, 0.000000000000000000, -5.480077554195744050 ) ) ;
#1714 = EDGE_CURVE ( 'NONE', #227, #1263, #1625, .T. ) ;
#1715 = DIRECTION ( 'NONE',  ( 1.000000000000000000, 0.000000000000000000, -1.577021341797097314E-16 ) ) ;
#1716 = ORIENTED_EDGE ( 'NONE', *, *, #519, .F. ) ;
#1717 = ORIENTED_EDGE ( 'NONE', *, *, #438, .T. ) ;
#1718 = DIRECTION ( 'NONE',  ( -0.000000000000000000, -1.000000000000000000, -0.000000000000000000 ) ) ;
#1719 = AXIS2_PLACEMENT_3D ( 'NONE', #1372, #573, #40 ) ;
#1720 = DIRECTION ( 'NONE',  ( -0.000000000000000000, -1.000000000000000000, -0.000000000000000000 ) ) ;
#1721 = CARTESIAN_POINT ( 'NONE',  ( -12.50000000000000178, 5.500000000000000000, -10.44999999999999396 ) ) ;
#1722 = CARTESIAN_POINT ( 'NONE',  ( -12.50000000000000178, 2.100000000000000089, 10.45000000000000462 ) ) ;
#1723 = AXIS2_PLACEMENT_3D ( 'NONE', #95, #75, #744 ) ;
#1724 = DIRECTION ( 'NONE',  ( 0.000000000000000000, 0.000000000000000000, -1.000000000000000000 ) ) ;
#1725 = CIRCLE ( 'NONE', #1317, 1.699999999999998401 ) ;
#1726 = CARTESIAN_POINT ( 'NONE',  ( 16.49999999999999289, 0.000000000000000000, -14.35000000000001030 ) ) ;
#1727 = EDGE_LOOP ( 'NONE', ( #525, #611 ) ) ;
#1728 = ORIENTED_EDGE ( 'NONE', *, *, #567, .F. ) ;
#1729 = VECTOR ( 'NONE', #822, 1000.000000000000000 ) ;
#1730 = ORIENTED_EDGE ( 'NONE', *, *, #552, .T. ) ;
#1731 = DIRECTION ( 'NONE',  ( 0.000000000000000000, 0.000000000000000000, -1.000000000000000000 ) ) ;
#1732 = EDGE_CURVE ( 'NONE', #1328, #282, #925, .T. ) ;
#1733 = ORIENTED_EDGE ( 'NONE', *, *, #1466, .F. ) ;
#1734 = AXIS2_PLACEMENT_3D ( 'NONE', #709, #1369, #6 ) ;
#1735 = EDGE_LOOP ( 'NONE', ( #1578, #1286 ) ) ;
#1736 = ORIENTED_EDGE ( 'NONE', *, *, #991, .T. ) ;
#1737 = CARTESIAN_POINT ( 'NONE',  ( 5.480077554195742273, 0.000000000000000000, 2.605077554195748935 ) ) ;
#1738 = ADVANCED_FACE ( 'NONE', ( #1562 ), #1425, .F. ) ;
#1739 = LINE ( 'NONE', #1633, #719 ) ;
#1740 = ADVANCED_FACE ( 'NONE', ( #501 ), #1300, .F. ) ;
#1741 = EDGE_CURVE ( 'NONE', #1515, #997, #1201, .T. ) ;
#1742 = FACE_BOUND ( 'NONE', #505, .T. ) ;
#1743 = EDGE_LOOP ( 'NONE', ( #304, #568, #1219, #496 ) ) ;
#1744 = VERTEX_POINT ( 'NONE', #1444 ) ;
#1745 = EDGE_CURVE ( 'NONE', #232, #691, #1694, .T. ) ;
#1746 = CARTESIAN_POINT ( 'NONE',  ( 16.49999999999999289, 4.499999999999999112, 14.34999999999998721 ) ) ;
#1747 = AXIS2_PLACEMENT_3D ( 'NONE', #1761, #1589, #927 ) ;
#1748 = CARTESIAN_POINT ( 'NONE',  ( 12.50000000000000000, 2.100000000000000089, 12.14999999999999858 ) ) ;
#1749 = LOCAL_TIME ( 18, 1, 25.00000000000000000, #1677 ) ;
#1750 = LOCAL_TIME ( 18, 1, 25.00000000000000000, #685 ) ;
#1751 = EDGE_LOOP ( 'NONE', ( #1183, #1004, #1044, #1129 ) ) ;
#1752 = EDGE_LOOP ( 'NONE', ( #327, #633, #436, #1728 ) ) ;
#1753 = EDGE_CURVE ( 'NONE', #954, #907, #1565, .T. ) ;
#1754 = CARTESIAN_POINT ( 'NONE',  ( 10.33333333333331971, 10.66666666666667496, -8.183333333333347781 ) ) ;
#1755 = LINE ( 'NONE', #942, #1059 ) ;
#1756 = EDGE_CURVE ( 'NONE', #1304, #475, #383, .T. ) ;
#1757 = VERTEX_POINT ( 'NONE', #1683 ) ;
#1758 = EDGE_CURVE ( 'NONE', #318, #1495, #147, .T. ) ;
#1759 = CIRCLE ( 'NONE', #1073, 1.000000000000000888 ) ;
#1760 = ORIENTED_EDGE ( 'NONE', *, *, #631, .F. ) ;
#1761 = CARTESIAN_POINT ( 'NONE',  ( 12.49999999999999822, 5.500000000000000000, -10.44999999999999929 ) ) ;
#1762 = CIRCLE ( 'NONE', #300, 1.699999999999998401 ) ;
#1763 = LINE ( 'NONE', #1737, #843 ) ;
#1764 = LINE ( 'NONE', #1481, #1533 ) ;
#1765 = CIRCLE ( 'NONE', #1366, 1.699999999999998401 ) ;
#1766 = ORIENTED_EDGE ( 'NONE', *, *, #295, .F. ) ;
#1767 = DIRECTION ( 'NONE',  ( 0.000000000000000000, 0.000000000000000000, 1.000000000000000000 ) ) ;
#1768 = APPROVAL_ROLE ( '' ) ;
#1769 = PLANE ( 'NONE',  #382 ) ;
#1770 = CARTESIAN_POINT ( 'NONE',  ( 0.000000000000000000, 6.500000000000000000, 0.000000000000000000 ) ) ;
#1771 = DIRECTION ( 'NONE',  ( -0.000000000000000000, -1.000000000000000000, -0.000000000000000000 ) ) ;
#1772 = VECTOR ( 'NONE', #687, 1000.000000000000000 ) ;
#1773 = VERTEX_POINT ( 'NONE', #461 ) ;
#1774 = CARTESIAN_POINT ( 'NONE',  ( 0.000000000000000000, 6.500000000000000000, 12.75000000000000178 ) ) ;
#1775 = ADVANCED_FACE ( 'NONE', ( #173, #842, #1555, #43, #1146, #434, #1695, #867, #1247 ), #977, .F. ) ;
#1776 = FACE_OUTER_BOUND ( 'NONE', #26, .T. ) ;
#1777 = CARTESIAN_POINT ( 'NONE',  ( -5.480077554195744938, 3.400000000000000355, 5.480077554195741385 ) ) ;
#1778 = CARTESIAN_POINT ( 'NONE',  ( 0.000000000000000000, 6.500000000000000000, 0.000000000000000000 ) ) ;
#1779 = AXIS2_PLACEMENT_3D ( 'NONE', #763, #655, #1179 ) ;
ENDSEC;
END-ISO-10303-21;
