ISO-10303-21;
HEADER;
FILE_DESCRIPTION (( 'STEP AP203' ),
    '1' );
FILE_NAME ('tpu_mount.STEP',
    '2026-07-06T22:01:16',
    ( '' ),
    ( '' ),
    'SwSTEP 2.0',
    'SolidWorks 2024',
    '' );
FILE_SCHEMA (( 'CONFIG_CONTROL_DESIGN' ));
ENDSEC;

DATA;
#1 = DIRECTION ( 'NONE',  ( 0.000000000000000000, 1.000000000000000000, 0.000000000000000000 ) ) ;
#2 = CARTESIAN_POINT ( 'NONE',  ( 14.34999999999999787, 29.50000000000000000, 7.393191322957114231 ) ) ;
#3 = ADVANCED_FACE ( 'NONE', ( #633 ), #2170, .F. ) ;
#4 = CARTESIAN_POINT ( 'NONE',  ( 10.67205393198309338, 21.38747209257955717, 6.565992992454233956 ) ) ;
#5 = EDGE_LOOP ( 'NONE', ( #847, #1957, #1267 ) ) ;
#6 = DIRECTION ( 'NONE',  ( 0.000000000000000000, -0.000000000000000000, 1.000000000000000000 ) ) ;
#7 = CYLINDRICAL_SURFACE ( 'NONE', #571, 12.50000000000000000 ) ;
#8 = ORIENTED_EDGE ( 'NONE', *, *, #2327, .F. ) ;
#9 = CARTESIAN_POINT ( 'NONE',  ( -9.812113260681956106, 27.30500129434452106, 7.904610604845665911 ) ) ;
#10 = FACE_OUTER_BOUND ( 'NONE', #775, .T. ) ;
#11 = EDGE_CURVE ( 'NONE', #549, #2492, #1318, .T. ) ;
#12 = ORIENTED_EDGE ( 'NONE', *, *, #1194, .F. ) ;
#13 = DIRECTION ( 'NONE',  ( 1.000000000000000000, -0.000000000000000000, 0.000000000000000000 ) ) ;
#14 = DIRECTION ( 'NONE',  ( -0.000000000000000000, -1.000000000000000000, -0.000000000000000000 ) ) ;
#15 = CARTESIAN_POINT ( 'NONE',  ( 12.40470958019413494, 23.82561790366582244, 1.556203194447234761 ) ) ;
#16 = ORIENTED_EDGE ( 'NONE', *, *, #2213, .T. ) ;
#17 = CARTESIAN_POINT ( 'NONE',  ( 10.45000000000000107, 40.99999999999999289, 12.50000000000000000 ) ) ;
#18 = FACE_OUTER_BOUND ( 'NONE', #176, .T. ) ;
#19 = ORIENTED_EDGE ( 'NONE', *, *, #1487, .T. ) ;
#20 = CARTESIAN_POINT ( 'NONE',  ( -12.50020617400334544, 24.03443240099479539, 0.2107233719907094238 ) ) ;
#21 = TOROIDAL_SURFACE ( 'NONE', #1328, 21.50000000000000000, 9.000000000000000000 ) ;
#22 = ADVANCED_FACE ( 'NONE', ( #2165 ), #57, .F. ) ;
#23 = CARTESIAN_POINT ( 'NONE',  ( 0.000000000000000000, 14.50000000000000000, 0.000000000000000000 ) ) ;
#24 = VERTEX_POINT ( 'NONE', #845 ) ;
#25 = CIRCLE ( 'NONE', #892, 1.699999999999993072 ) ;
#26 = CARTESIAN_POINT ( 'NONE',  ( -5.485273456557983707, 27.29390484309884712, -11.27939004746165530 ) ) ;
#27 = DIRECTION ( 'NONE',  ( 0.000000000000000000, 1.000000000000000000, 0.000000000000000000 ) ) ;
#28 =( BOUNDED_CURVE ( )  B_SPLINE_CURVE ( 3, ( #510, #700, #1090, #2249 ),
 .UNSPECIFIED., .F., .T. ) 
 B_SPLINE_CURVE_WITH_KNOTS ( ( 4, 4 ),
 ( 4.935966444245204698, 5.015658941097644430 ),
 .UNSPECIFIED. ) 
 CURVE ( )  GEOMETRIC_REPRESENTATION_ITEM ( )  RATIONAL_B_SPLINE_CURVE ( ( 1.000000000000000000, 0.9994708288491338521, 0.9994708288491338521, 1.000000000000000000 ) ) 
 REPRESENTATION_ITEM ( '' )  );
#29 = VERTEX_POINT ( 'NONE', #628 ) ;
#30 = FACE_OUTER_BOUND ( 'NONE', #1241, .T. ) ;
#31 = AXIS2_PLACEMENT_3D ( 'NONE', #2044, #1873, #883 ) ;
#32 = CARTESIAN_POINT ( 'NONE',  ( -8.482516260935337726, 29.50000000000000000, 16.50000000000000355 ) ) ;
#33 = ORIENTED_EDGE ( 'NONE', *, *, #2481, .F. ) ;
#34 = CARTESIAN_POINT ( 'NONE',  ( -14.34999999999999964, 29.50000000000000000, 14.95040857867521744 ) ) ;
#35 = CC_DESIGN_DATE_AND_TIME_ASSIGNMENT ( #1397, #451, ( #874 ) ) ;
#36 = DIRECTION ( 'NONE',  ( 0.000000000000000000, 0.000000000000000000, 1.000000000000000000 ) ) ;
#37 = ORIENTED_EDGE ( 'NONE', *, *, #2013, .F. ) ;
#38 = ADVANCED_FACE ( 'NONE', ( #18 ), #431, .F. ) ;
#39 = PERSON_AND_ORGANIZATION ( #2360, #388 ) ;
#40 = CARTESIAN_POINT ( 'NONE',  ( -10.17138003902346455, 29.50000000000000000, -16.49999999999999289 ) ) ;
#41 = ADVANCED_FACE ( 'NONE', ( #1620 ), #2394, .F. ) ;
#42 = EDGE_LOOP ( 'NONE', ( #637, #1122, #536, #2222, #528, #939 ) ) ;
#43 = CARTESIAN_POINT ( 'NONE',  ( -1.840026817927898684, 21.87008701652098352, 12.36921524200642963 ) ) ;
#44 = CIRCLE ( 'NONE', #1479, 1.699999999999993072 ) ;
#45 = CARTESIAN_POINT ( 'NONE',  ( -10.77497099764078214, 14.50000000000000178, -2.450000000000000178 ) ) ;
#46 = ORIENTED_EDGE ( 'NONE', *, *, #1097, .F. ) ;
#47 = CARTESIAN_POINT ( 'NONE',  ( -9.867811850015041131, 20.87789763791207420, -7.685467183003654057 ) ) ;
#48 = CARTESIAN_POINT ( 'NONE',  ( -14.34999999999999964, 29.50000000000000000, 16.50000000000000355 ) ) ;
#49 = CARTESIAN_POINT ( 'NONE',  ( 7.932812202389403211, 29.19453724575488707, 9.660832117142033937 ) ) ;
#50 = CARTESIAN_POINT ( 'NONE',  ( -4.961858092274996856, 29.50000000000097344, -16.50000000000159872 ) ) ;
#51 = CARTESIAN_POINT ( 'NONE',  ( -10.45000000000000284, 35.19999999999999574, 9.400000000000002132 ) ) ;
#52 = EDGE_CURVE ( 'NONE', #335, #1632, #640, .T. ) ;
#53 = FACE_OUTER_BOUND ( 'NONE', #5, .T. ) ;
#54 = ADVANCED_FACE ( 'NONE', ( #2179 ), #653, .F. ) ;
#55 = ORIENTED_EDGE ( 'NONE', *, *, #265, .F. ) ;
#56 = CARTESIAN_POINT ( 'NONE',  ( -10.45000000000000107, 40.99999999999999289, -10.80000000000000782 ) ) ;
#57 = CYLINDRICAL_SURFACE ( 'NONE', #819, 1.699999999999993072 ) ;
#58 = ORIENTED_EDGE ( 'NONE', *, *, #875, .F. ) ;
#59 = CARTESIAN_POINT ( 'NONE',  ( -14.34999999999947917, 29.49999999999934985, -1.545790449367785646 ) ) ;
#60 = AXIS2_PLACEMENT_3D ( 'NONE', #1567, #13, #1152 ) ;
#61 = CARTESIAN_POINT ( 'NONE',  ( -12.49923098789731313, 24.03223839896302394, 0.2713371098832676465 ) ) ;
#62 = ORIENTED_EDGE ( 'NONE', *, *, #2514, .T. ) ;
#63 = TOROIDAL_SURFACE ( 'NONE', #1502, 21.50000000000000000, 9.000000000000000000 ) ;
#64 = CARTESIAN_POINT ( 'NONE',  ( 6.461018239643088634, 27.66145995695924853, -10.75074537068991276 ) ) ;
#65 = AXIS2_PLACEMENT_3D ( 'NONE', #2235, #546, #555 ) ;
#66 = FACE_OUTER_BOUND ( 'NONE', #1833, .T. ) ;
#67 = AXIS2_PLACEMENT_3D ( 'NONE', #1347, #785, #382 ) ;
#68 = CARTESIAN_POINT ( 'NONE',  ( -10.45000000000000284, 35.19999999999999574, -9.400000000000000355 ) ) ;
#69 = VECTOR ( 'NONE', #175, 1000.000000000000000 ) ;
#70 = EDGE_LOOP ( 'NONE', ( #1159, #375 ) ) ;
#71 = FACE_OUTER_BOUND ( 'NONE', #1870, .T. ) ;
#72 = EDGE_CURVE ( 'NONE', #1593, #2150, #2099, .T. ) ;
#73 = CARTESIAN_POINT ( 'NONE',  ( -11.77693194688480105, 29.50000000000000000, 16.50000000000000355 ) ) ;
#74 = VECTOR ( 'NONE', #2420, 1000.000000000000000 ) ;
#75 = ORIENTED_EDGE ( 'NONE', *, *, #1064, .F. ) ;
#76 = CARTESIAN_POINT ( 'NONE',  ( -10.61511044786555757, 21.38168358570513661, -6.614971130506817509 ) ) ;
#77 = CARTESIAN_POINT ( 'NONE',  ( 10.44999999999999751, 37.99999999999999289, -12.50000000000000000 ) ) ;
#78 = EDGE_CURVE ( 'NONE', #1694, #214, #1176, .T. ) ;
#79 = CARTESIAN_POINT ( 'NONE',  ( 8.482685659874990236, 29.50000000000000000, 16.50000000000000000 ) ) ;
#80 = APPROVAL_DATE_TIME ( #1827, #225 ) ;
#81 = CARTESIAN_POINT ( 'NONE',  ( 5.590285282583175253, 20.92276802584038720, -11.18617399704242032 ) ) ;
#82 = CARTESIAN_POINT ( 'NONE',  ( -10.45000000000000284, 35.19999999999999574, -12.50000000000000000 ) ) ;
#83 = CARTESIAN_POINT ( 'NONE',  ( 14.34999999999999964, 40.99999999999999289, -16.50000000000000000 ) ) ;
#84 = ORIENTED_EDGE ( 'NONE', *, *, #1059, .T. ) ;
#85 = FACE_OUTER_BOUND ( 'NONE', #2346, .T. ) ;
#86 = DIRECTION ( 'NONE',  ( -0.000000000000000000, 1.000000000000000000, -0.000000000000000000 ) ) ;
#87 = VERTEX_POINT ( 'NONE', #1693 ) ;
#88 = CARTESIAN_POINT ( 'NONE',  ( -14.35000000000013820, 29.50000000000016342, -3.800844461352090864 ) ) ;
#89 = CARTESIAN_POINT ( 'NONE',  ( -9.615750723569162162, 20.76673694810572357, 7.989808642829131280 ) ) ;
#90 = CARTESIAN_POINT ( 'NONE',  ( 1.443378966749198522, 21.94214198101752444, 12.43793115720792386 ) ) ;
#91 = CARTESIAN_POINT ( 'NONE',  ( 11.77693194688480638, 29.50000000000000000, -16.50000000000000000 ) ) ;
#92 = DIRECTION ( 'NONE',  ( 0.000000000000000000, 0.000000000000000000, 1.000000000000000000 ) ) ;
#93 = PLANE ( 'NONE',  #1581 ) ;
#94 = ORIENTED_EDGE ( 'NONE', *, *, #773, .T. ) ;
#95 = CARTESIAN_POINT ( 'NONE',  ( 12.31160124816604018, 23.62962296391188488, -2.205381312766359070 ) ) ;
#96 = DIRECTION ( 'NONE',  ( 0.000000000000000000, 0.000000000000000000, 1.000000000000000000 ) ) ;
#97 = ORIENTED_EDGE ( 'NONE', *, *, #227, .T. ) ;
#98 = CARTESIAN_POINT ( 'NONE',  ( -14.35000000000036025, 29.50000000000032685, -7.393191322955639855 ) ) ;
#99 = ADVANCED_FACE ( 'NONE', ( #2458 ), #1472, .F. ) ;
#100 = FACE_OUTER_BOUND ( 'NONE', #2434, .T. ) ;
#101 = CARTESIAN_POINT ( 'NONE',  ( -2.482652155950623385, 29.50000000000000355, 16.50000000000000000 ) ) ;
#102 = EDGE_CURVE ( 'NONE', #1007, #801, #241, .T. ) ;
#103 = CARTESIAN_POINT ( 'NONE',  ( 7.247801539611840482, 28.19450486471202311, -10.22207654451719350 ) ) ;
#104 = DIRECTION ( 'NONE',  ( 0.000000000000000000, 0.000000000000000000, 1.000000000000000000 ) ) ;
#105 = AXIS2_PLACEMENT_3D ( 'NONE', #1106, #1852, #2084 ) ;
#106 = DIRECTION ( 'NONE',  ( 0.000000000000000000, 0.000000000000000000, 1.000000000000000000 ) ) ;
#107 = VECTOR ( 'NONE', #983, 1000.000000000000000 ) ;
#108 = FACE_OUTER_BOUND ( 'NONE', #2447, .T. ) ;
#109 = DIRECTION ( 'NONE',  ( 0.000000000000000000, 0.000000000000000000, 1.000000000000000000 ) ) ;
#110 = ORIENTED_EDGE ( 'NONE', *, *, #2136, .F. ) ;
#111 = CARTESIAN_POINT ( 'NONE',  ( 10.59968125644884296, 27.00033641606960444, -6.803630376567207705 ) ) ;
#112 = AXIS2_PLACEMENT_3D ( 'NONE', #2451, #2428, #701 ) ;
#113 = CARTESIAN_POINT ( 'NONE',  ( -13.78404875209021618, 20.49999999999999645, 16.50000000000000355 ) ) ;
#114 = ORIENTED_EDGE ( 'NONE', *, *, #2401, .T. ) ;
#115 = CYLINDRICAL_SURFACE ( 'NONE', #65, 1.699999999999993072 ) ;
#116 =( BOUNDED_SURFACE ( )  B_SPLINE_SURFACE ( 3, 2, ( 
 ( #1491, #317, #1093 ),
 ( #1679, #468, #2202 ),
 ( #1973, #1192, #1227 ),
 ( #996, #1204, #1367 ),
 ( #221, #1765, #2342 ),
 ( #1422, #1182, #40 ),
 ( #1385, #1606, #1962 ),
 ( #2152, #1596, #453 ),
 ( #2364, #26, #1998 ),
 ( #635, #1408, #2173 ),
 ( #249, #1027, #50 ),
 ( #841, #1614, #1252 ),
 ( #865, #327, #1653 ),
 ( #466, #684, #1105 ),
 ( #711, #1066, #2009 ),
 ( #1263, #1477, #1641 ),
 ( #287, #2200, #495 ),
 ( #2389, #1276, #1838 ),
 ( #2412, #1053, #2037 ),
 ( #312, #1238, #273 ),
 ( #121, #1828, #299 ),
 ( #81, #64, #1866 ),
 ( #2049, #1075, #522 ),
 ( #1849, #103, #2399 ),
 ( #671, #878, #91 ),
 ( #1629, #1447, #1290 ),
 ( #2239, #660, #2211 ),
 ( #482, #1462, #2024 ) ),
 .UNSPECIFIED., .F., .F., .F. ) 
 B_SPLINE_SURFACE_WITH_KNOTS ( ( 4, 2, 2, 2, 2, 2, 2, 2, 2, 2, 2, 2, 2, 4 ),
 ( 3, 3 ),
 ( 0.01599879572238249031, 0.01788487264401659310, 0.01977094956565069936, 0.02165702648728480562, 0.02354310340891890840, 0.02731525725218712092, 0.03108741109545532996, 0.03297348801708943622, 0.03485956493872353901, 0.03863171878199175152, 0.04051779570362586125, 0.04240387262525996404, 0.04428994954689406682, 0.04617602646852816961 ),
 ( 0.000000000000000000, 1.000000000000000000 ),
 .UNSPECIFIED. ) 
 GEOMETRIC_REPRESENTATION_ITEM ( )  RATIONAL_B_SPLINE_SURFACE ( (
 ( 1.000000000000000000, 0.7071067811865474617, 1.000000000000000000),
 ( 1.000000000000000000, 0.7193053858775801945, 1.000000000000000000),
 ( 1.000000000000000000, 0.7313339405207514021, 1.000000000000000000),
 ( 1.000000000000000000, 0.7546342770284856227, 1.000000000000000000),
 ( 1.000000000000000000, 0.7659059508373119440, 1.000000000000000000),
 ( 1.000000000000000000, 0.7873681897296168630, 1.000000000000000000),
 ( 1.000000000000000000, 0.7975952661485898876, 1.000000000000000000),
 ( 1.000000000000000000, 0.8165200608794418446, 1.000000000000000000),
 ( 1.000000000000000000, 0.8251999037599193620, 1.000000000000000000),
 ( 1.000000000000000000, 0.8487023724979840811, 1.000000000000000000),
 ( 1.000000000000000000, 0.8610072523328868854, 1.000000000000000000),
 ( 1.000000000000000000, 0.8777495556340699778, 1.000000000000000000),
 ( 1.000000000000000000, 0.8819150467926024639, 1.000000000000000000),
 ( 1.000000000000000000, 0.8819181309962771387, 1.000000000000000000),
 ( 1.000000000000000000, 0.8808765097882302886, 1.000000000000000000),
 ( 1.000000000000000000, 0.8766962332312455697, 1.000000000000000000),
 ( 1.000000000000000000, 0.8735442264557595760, 1.000000000000000000),
 ( 1.000000000000000000, 0.8609908721961890832, 1.000000000000000000),
 ( 1.000000000000000000, 0.8487037722750547797, 1.000000000000000000),
 ( 1.000000000000000000, 0.8252044403093530267, 1.000000000000000000),
 ( 1.000000000000000000, 0.8165230657578780304, 1.000000000000000000),
 ( 1.000000000000000000, 0.7975868869932264404, 1.000000000000000000),
 ( 1.000000000000000000, 0.7873712719009692274, 1.000000000000000000),
 ( 1.000000000000000000, 0.7659182686282325347, 1.000000000000000000),
 ( 1.000000000000000000, 0.7546489969688215949, 1.000000000000000000),
 ( 1.000000000000000000, 0.7313467513621380034, 1.000000000000000000),
 ( 1.000000000000000000, 0.7193138820706845848, 1.000000000000000000),
 ( 1.000000000000000000, 0.7071067811865471286, 1.000000000000000000) ) ) 
 REPRESENTATION_ITEM ( '' )  SURFACE ( )  );
#117 = AXIS2_PLACEMENT_3D ( 'NONE', #1173, #1932, #606 ) ;
#118 = AXIS2_PLACEMENT_3D ( 'NONE', #1755, #1468, #906 ) ;
#119 = CARTESIAN_POINT ( 'NONE',  ( 10.44999999999999751, 31.99999999999999289, -14.19999999999999751 ) ) ;
#120 = CARTESIAN_POINT ( 'NONE',  ( 0.7221992831405052993, 22.01664982581633723, 12.49996919602643430 ) ) ;
#121 = CARTESIAN_POINT ( 'NONE',  ( 4.931695500519264641, 21.10879785417926158, -11.49174302370759015 ) ) ;
#122 = CIRCLE ( 'NONE', #1872, 3.100000000000000533 ) ;
#123 = CARTESIAN_POINT ( 'NONE',  ( 10.44999999999999751, 31.99999999999999289, -12.50000000000000000 ) ) ;
#124 = CARTESIAN_POINT ( 'NONE',  ( 10.44999999999999751, 40.99999999999999289, -12.50000000000000000 ) ) ;
#125 = ORIENTED_EDGE ( 'NONE', *, *, #2073, .T. ) ;
#126 = CARTESIAN_POINT ( 'NONE',  ( 10.33891308973812606, 27.07478308246604470, -7.198123644300474133 ) ) ;
#127 = CARTESIAN_POINT ( 'NONE',  ( 8.819885019418935101, 28.14329636464359297, 8.936426276344926478 ) ) ;
#128 = CARTESIAN_POINT ( 'NONE',  ( 0.000000000000000000, 14.50000000000000000, 0.000000000000000000 ) ) ;
#129 = EDGE_CURVE ( 'NONE', #1322, #1213, #855, .T. ) ;
#130 = ORIENTED_EDGE ( 'NONE', *, *, #2457, .T. ) ;
#131 = DIRECTION ( 'NONE',  ( 0.000000000000000000, 1.000000000000000000, 0.000000000000000000 ) ) ;
#132 = FACE_OUTER_BOUND ( 'NONE', #1610, .T. ) ;
#133 = DIRECTION ( 'NONE',  ( -0.7674418604651168652, 8.601423355421770830E-16, 0.6411185466088468177 ) ) ;
#134 = DIRECTION ( 'NONE',  ( 0.000000000000000000, 0.000000000000000000, 1.000000000000000000 ) ) ;
#135 = LINE ( 'NONE', #1519, #1501 ) ;
#136 = LINE ( 'NONE', #2230, #890 ) ;
#137 = CARTESIAN_POINT ( 'NONE',  ( 11.90269891452007478, 26.93368646237797037, -3.969373229694690419 ) ) ;
#138 = EDGE_CURVE ( 'NONE', #1948, #1527, #1789, .T. ) ;
#139 = DIRECTION ( 'NONE',  ( 0.000000000000000000, 0.000000000000000000, 1.000000000000000000 ) ) ;
#140 = ORIENTED_EDGE ( 'NONE', *, *, #1595, .F. ) ;
#141 = DIRECTION ( 'NONE',  ( 0.000000000000000000, 0.000000000000000000, 1.000000000000000000 ) ) ;
#142 = DIRECTION ( 'NONE',  ( 0.000000000000000000, 0.000000000000000000, 1.000000000000000000 ) ) ;
#143 = VERTEX_POINT ( 'NONE', #1100 ) ;
#144 =( GEOMETRIC_REPRESENTATION_CONTEXT ( 3 ) GLOBAL_UNCERTAINTY_ASSIGNED_CONTEXT ( ( #452 ) ) GLOBAL_UNIT_ASSIGNED_CONTEXT ( ( #2288, #1739, #1914 ) ) REPRESENTATION_CONTEXT ( 'NONE', 'WORKASPACE' ) );
#145 = CARTESIAN_POINT ( 'NONE',  ( -10.45000000000000107, 40.99999999999999289, -12.50000000000000000 ) ) ;
#146 = CARTESIAN_POINT ( 'NONE',  ( 10.44999999999999574, 35.19999999999999574, -12.50000000000000000 ) ) ;
#147 = AXIS2_PLACEMENT_3D ( 'NONE', #2340, #765, #1725 ) ;
#148 = CARTESIAN_POINT ( 'NONE',  ( -10.45000000000000284, 37.99999999999999289, 15.60000000000000320 ) ) ;
#149 = CARTESIAN_POINT ( 'NONE',  ( 9.812113260679346638, 27.30500129434177481, -7.904610604843509414 ) ) ;
#150 = VECTOR ( 'NONE', #1183, 1000.000000000000000 ) ;
#151 = DIRECTION ( 'NONE',  ( 0.000000000000000000, 1.000000000000000000, 0.000000000000000000 ) ) ;
#152 = AXIS2_PLACEMENT_3D ( 'NONE', #523, #484, #686 ) ;
#153 = ORIENTED_EDGE ( 'NONE', *, *, #806, .T. ) ;
#154 = FACE_OUTER_BOUND ( 'NONE', #968, .T. ) ;
#155 = ADVANCED_FACE ( 'NONE', ( #736 ), #2233, .F. ) ;
#156 = CARTESIAN_POINT ( 'NONE',  ( 0.000000000000000000, 0.000000000000000000, -12.50000000000000000 ) ) ;
#157 = DIRECTION ( 'NONE',  ( -0.6411185466088467066, 7.709882115452476194E-16, -0.7674418604651168652 ) ) ;
#158 = EDGE_CURVE ( 'NONE', #677, #1682, #886, .T. ) ;
#159 = PLANE ( 'NONE',  #60 ) ;
#160 = DIRECTION ( 'NONE',  ( -0.000000000000000000, 1.000000000000000000, -0.000000000000000000 ) ) ;
#161 = CARTESIAN_POINT ( 'NONE',  ( 9.806869807053942623, 27.30760492120164784, 7.911291600774236876 ) ) ;
#162 = CARTESIAN_POINT ( 'NONE',  ( 10.02911734493558882, 20.97682947141965926, -7.464239423563301834 ) ) ;
#163 = EDGE_LOOP ( 'NONE', ( #554, #1226, #437, #1247 ) ) ;
#164 = LINE ( 'NONE', #913, #648 ) ;
#165 = CARTESIAN_POINT ( 'NONE',  ( -8.690918591561260342, 20.51533951489880536, -8.987390159878721363 ) ) ;
#166 = ORIENTED_EDGE ( 'NONE', *, *, #786, .T. ) ;
#167 = CARTESIAN_POINT ( 'NONE',  ( 10.44999999999999751, 40.99999999999999289, -14.19999999999999041 ) ) ;
#168 = EDGE_LOOP ( 'NONE', ( #896, #1792, #19, #872 ) ) ;
#169 = DIRECTION ( 'NONE',  ( 0.6674418604651162212, 0.000000000000000000, 0.7446619118088853018 ) ) ;
#170 = CARTESIAN_POINT ( 'NONE',  ( 10.44999999999999751, 31.99999999999999289, -12.50000000000000000 ) ) ;
#171 = CARTESIAN_POINT ( 'NONE',  ( 14.35000000000000142, 29.50000000000000000, 4.174945570084006796 ) ) ;
#172 = CARTESIAN_POINT ( 'NONE',  ( 12.11682564671376383, 23.26106958407324399, 3.101887304432584092 ) ) ;
#173 = VERTEX_POINT ( 'NONE', #291 ) ;
#174 = DIRECTION ( 'NONE',  ( 0.000000000000000000, 0.000000000000000000, 1.000000000000000000 ) ) ;
#175 = DIRECTION ( 'NONE',  ( -0.000000000000000000, 1.000000000000000000, -0.000000000000000000 ) ) ;
#176 = EDGE_LOOP ( 'NONE', ( #1821, #1068, #1578, #737, #1185 ) ) ;
#177 = CARTESIAN_POINT ( 'NONE',  ( -9.173261705966369917, 27.77595458903484982, 8.602349874257150475 ) ) ;
#178 =( BOUNDED_CURVE ( )  B_SPLINE_CURVE ( 3, ( #932, #1466, #497, #1264 ),
 .UNSPECIFIED., .F., .T. ) 
 B_SPLINE_CURVE_WITH_KNOTS ( ( 4, 4 ),
 ( 4.935966444245204698, 5.015658941097644430 ),
 .UNSPECIFIED. ) 
 CURVE ( )  GEOMETRIC_REPRESENTATION_ITEM ( )  RATIONAL_B_SPLINE_CURVE ( ( 1.000000000000000000, 0.9994708288491338521, 0.9994708288491338521, 1.000000000000000000 ) ) 
 REPRESENTATION_ITEM ( '' )  );
#179 = CARTESIAN_POINT ( 'NONE',  ( -14.34999999999999964, 40.99999999999999289, 16.50000000000000355 ) ) ;
#180 = EDGE_LOOP ( 'NONE', ( #1922, #596, #2325, #707, #84, #1453, #2483, #229, #2217, #981, #2387, #433 ) ) ;
#181 = ADVANCED_FACE ( 'NONE', ( #1859 ), #1646, .F. ) ;
#182 = DIRECTION ( 'NONE',  ( 0.000000000000000000, 0.000000000000000000, 1.000000000000000000 ) ) ;
#183 = LINE ( 'NONE', #2479, #1129 ) ;
#184 = SECURITY_CLASSIFICATION ( '', '', #840 ) ;
#185 = CARTESIAN_POINT ( 'NONE',  ( 11.04840061131852735, 21.78464386457619639, 5.862700470741904368 ) ) ;
#186 = AXIS2_PLACEMENT_3D ( 'NONE', #1069, #1645, #674 ) ;
#187 = CARTESIAN_POINT ( 'NONE',  ( 10.54573373454877405, 0.000000000000000000, 3.299999999999999822 ) ) ;
#188 = EDGE_CURVE ( 'NONE', #577, #1948, #307, .T. ) ;
#189 = EDGE_LOOP ( 'NONE', ( #1188, #2512, #1856, #532, #1031 ) ) ;
#190 = CARTESIAN_POINT ( 'NONE',  ( -10.45000000000000284, 35.19999999999999574, -12.50000000000000000 ) ) ;
#191 = CIRCLE ( 'NONE', #1615, 21.50000000000000000 ) ;
#192 = CIRCLE ( 'NONE', #1045, 1.699999999999989742 ) ;
#193 = CARTESIAN_POINT ( 'NONE',  ( 1.509873289799012911E-11, 22.01668522645211823, -12.50000000000000000 ) ) ;
#194 = ORIENTED_EDGE ( 'NONE', *, *, #2296, .T. ) ;
#195 = CARTESIAN_POINT ( 'NONE',  ( -11.31690536764902966, 26.90058347744095357, 5.479928364470838531 ) ) ;
#196 = VECTOR ( 'NONE', #1875, 1000.000000000000000 ) ;
#197 = CARTESIAN_POINT ( 'NONE',  ( 10.45000000000000107, 40.99999999999999289, 10.80000000000000782 ) ) ;
#198 = EDGE_LOOP ( 'NONE', ( #953, #1991, #446 ) ) ;
#199 = AXIS2_PLACEMENT_3D ( 'NONE', #1685, #516, #1284 ) ;
#200 = DIRECTION ( 'NONE',  ( 0.000000000000000000, 0.000000000000000000, 1.000000000000000000 ) ) ;
#201 = CARTESIAN_POINT ( 'NONE',  ( 12.34465759778028549, 27.03077572144706053, 2.044533010745977375 ) ) ;
#202 = CARTESIAN_POINT ( 'NONE',  ( 9.913738801121892763, 20.90253857563271112, 7.626043060405497620 ) ) ;
#203 = ORIENTED_EDGE ( 'NONE', *, *, #2430, .T. ) ;
#204 = FACE_OUTER_BOUND ( 'NONE', #1281, .T. ) ;
#205 = ADVANCED_FACE ( 'NONE', ( #1082 ), #1884, .T. ) ;
#206 = DIRECTION ( 'NONE',  ( -0.000000000000000000, -1.000000000000000000, -0.000000000000000000 ) ) ;
#207 = ORIENTED_EDGE ( 'NONE', *, *, #2327, .T. ) ;
#208 = CARTESIAN_POINT ( 'NONE',  ( -12.45276333434762073, 23.92891517958038961, 1.108274605915190003 ) ) ;
#209 = CARTESIAN_POINT ( 'NONE',  ( -10.45000000000000284, 35.19999999999999574, 12.50000000000000178 ) ) ;
#210 = ORIENTED_EDGE ( 'NONE', *, *, #862, .T. ) ;
#211 = APPLICATION_PROTOCOL_DEFINITION ( 'international standard', 'config_control_design', 1994, #607 ) ;
#212 = CONICAL_SURFACE ( 'NONE', #1638, 1.699999999999996625, 1.029744258676653201 ) ;
#213 = CARTESIAN_POINT ( 'NONE',  ( 12.18402943331255450, 26.98882971647499929, 2.890435095065262860 ) ) ;
#214 = VERTEX_POINT ( 'NONE', #1310 ) ;
#215 = DIRECTION ( 'NONE',  ( 0.000000000000000000, -0.000000000000000000, 1.000000000000000000 ) ) ;
#216 = ADVANCED_FACE ( 'NONE', ( #2433, #2069 ), #2244, .F. ) ;
#217 = EDGE_LOOP ( 'NONE', ( #1396, #1558, #373, #2196, #2160, #210 ) ) ;
#218 = CARTESIAN_POINT ( 'NONE',  ( -11.72478358245879804, 26.91084565752807123, 4.489698219232559850 ) ) ;
#219 = CARTESIAN_POINT ( 'NONE',  ( 1.465814537437309051, 21.93917160603392347, 12.43534717620232932 ) ) ;
#220 = VERTEX_POINT ( 'NONE', #334 ) ;
#221 = CARTESIAN_POINT ( 'NONE',  ( -6.541684288739588737, 20.68249638295024795, -10.65774619015717661 ) ) ;
#222 = LINE ( 'NONE', #1802, #234 ) ;
#223 = ORIENTED_EDGE ( 'NONE', *, *, #1430, .F. ) ;
#224 = LINE ( 'NONE', #419, #276 ) ;
#225 = APPROVAL ( #1434, 'UNSPECIFIED' ) ;
#226 = CARTESIAN_POINT ( 'NONE',  ( -8.013981832610587830, 20.49999999999999645, 9.593023255813951877 ) ) ;
#227 = EDGE_CURVE ( 'NONE', #749, #421, #1627, .T. ) ;
#228 = AXIS2_PLACEMENT_3D ( 'NONE', #262, #1043, #1818 ) ;
#229 = ORIENTED_EDGE ( 'NONE', *, *, #315, .T. ) ;
#230 = CARTESIAN_POINT ( 'NONE',  ( -14.35000000000036380, 29.50000000000033396, 5.974605905211234358 ) ) ;
#231 = CIRCLE ( 'NONE', #2012, 3.100000000000000533 ) ;
#232 = CARTESIAN_POINT ( 'NONE',  ( 4.931034397941327363, 21.10901118424193612, 11.49190083120731209 ) ) ;
#233 = ORIENTED_EDGE ( 'NONE', *, *, #1306, .T. ) ;
#234 = VECTOR ( 'NONE', #415, 1000.000000000000000 ) ;
#235 = SHAPE_DEFINITION_REPRESENTATION ( #239, #948 ) ;
#236 = ADVANCED_FACE ( 'NONE', ( #1832 ), #676, .F. ) ;
#237 = DIRECTION ( 'NONE',  ( 0.000000000000000000, 0.000000000000000000, 1.000000000000000000 ) ) ;
#238 = ORIENTED_EDGE ( 'NONE', *, *, #1387, .T. ) ;
#239 = PRODUCT_DEFINITION_SHAPE ( 'NONE', 'NONE',  #874 ) ;
#240 = CARTESIAN_POINT ( 'NONE',  ( 10.44999999999999574, 35.19999999999999574, -15.60000000000000142 ) ) ;
#241 = CIRCLE ( 'NONE', #1826, 12.50000000000000000 ) ;
#242 = CARTESIAN_POINT ( 'NONE',  ( -4.931695500518189945, 21.10879785417707311, 11.49174302370809109 ) ) ;
#243 = ORIENTED_EDGE ( 'NONE', *, *, #1696, .F. ) ;
#244 = DIRECTION ( 'NONE',  ( 0.000000000000000000, 0.000000000000000000, 1.000000000000000000 ) ) ;
#245 = DIRECTION ( 'NONE',  ( -0.000000000000000000, 1.000000000000000000, -0.000000000000000000 ) ) ;
#246 = CARTESIAN_POINT ( 'NONE',  ( 8.013981832610584277, 29.49999999999998934, 9.593023255813958983 ) ) ;
#247 = CALENDAR_DATE ( 2026, 6, 7 ) ;
#248 = EDGE_CURVE ( 'NONE', #407, #1632, #1667, .T. ) ;
#249 = CARTESIAN_POINT ( 'NONE',  ( -2.884801216457701489, 21.67719372739987804, -12.18455564452871620 ) ) ;
#250 = DIRECTION ( 'NONE',  ( -0.000000000000000000, 1.000000000000000000, -0.000000000000000000 ) ) ;
#251 = ORIENTED_EDGE ( 'NONE', *, *, #503, .F. ) ;
#252 = CARTESIAN_POINT ( 'NONE',  ( -4.936637770241659062, 21.10739558703111030, 11.48948469658463445 ) ) ;
#253 = CARTESIAN_POINT ( 'NONE',  ( -7.247801539613758059, 28.19450486470980266, 10.22207654451830194 ) ) ;
#254 = ORIENTED_EDGE ( 'NONE', *, *, #1030, .F. ) ;
#255 = CARTESIAN_POINT ( 'NONE',  ( 0.000000000000000000, 29.50000000000000000, 0.000000000000000000 ) ) ;
#256 = DIRECTION ( 'NONE',  ( 1.049727191138617833E-16, 0.5150380749100552658, -0.8571673007021116675 ) ) ;
#257 = ORIENTED_EDGE ( 'NONE', *, *, #1771, .T. ) ;
#258 = DIRECTION ( 'NONE',  ( -0.000000000000000000, -1.000000000000000000, -0.000000000000000000 ) ) ;
#259 = EDGE_CURVE ( 'NONE', #2274, #143, #985, .T. ) ;
#260 = CARTESIAN_POINT ( 'NONE',  ( 10.44999999999999751, 40.99999999999999289, -12.50000000000000000 ) ) ;
#261 = ORIENTED_EDGE ( 'NONE', *, *, #1469, .T. ) ;
#262 = CARTESIAN_POINT ( 'NONE',  ( 10.44999999999999751, 40.99999999999999289, -12.50000000000000000 ) ) ;
#263 = LOCAL_TIME ( 18, 1, 16.00000000000000000, #1214 ) ;
#264 = CARTESIAN_POINT ( 'NONE',  ( -5.485079465663027953, 27.29385246393444220, 11.27948172415040951 ) ) ;
#265 = EDGE_CURVE ( 'NONE', #421, #1889, #2025, .T. ) ;
#266 = ORIENTED_EDGE ( 'NONE', *, *, #1003, .T. ) ;
#267 = CARTESIAN_POINT ( 'NONE',  ( -14.35000000000000142, 29.50000000000000000, -10.08384480966406826 ) ) ;
#268 = VECTOR ( 'NONE', #330, 1000.000000000000000 ) ;
#269 = CARTESIAN_POINT ( 'NONE',  ( -8.695338174024778155, 20.49999999999999289, 8.992493379296341516 ) ) ;
#270 = CARTESIAN_POINT ( 'NONE',  ( 2.482611822846680472, 29.50000000000000000, 16.50000000000000000 ) ) ;
#272 = CIRCLE ( 'NONE', #2456, 1.699999999999996625 ) ;
#271 = PERSON_AND_ORGANIZATION ( #2360, #388 ) ;
#273 = CARTESIAN_POINT ( 'NONE',  ( 7.908421154150594212, 29.50000000000000000, -16.50000000000000000 ) ) ;
#274 = AXIS2_PLACEMENT_3D ( 'NONE', #1436, #14, #807 ) ;
#275 = CARTESIAN_POINT ( 'NONE',  ( 14.34999999999999964, 40.99999999999999289, 16.50000000000000000 ) ) ;
#276 = VECTOR ( 'NONE', #408, 1000.000000000000000 ) ;
#277 = CARTESIAN_POINT ( 'NONE',  ( -10.45000000000000284, 37.99999999999999289, -12.50000000000000000 ) ) ;
#278 = ORIENTED_EDGE ( 'NONE', *, *, #1306, .F. ) ;
#279 = CARTESIAN_POINT ( 'NONE',  ( 0.000000000000000000, 29.50000000000000000, 0.000000000000000000 ) ) ;
#280 = CARTESIAN_POINT ( 'NONE',  ( -7.908421154151415777, 29.50000000000000000, 16.50000000000000355 ) ) ;
#281 = AXIS2_PLACEMENT_3D ( 'NONE', #779, #1352, #572 ) ;
#282 = VERTEX_POINT ( 'NONE', #1893 ) ;
#283 = CARTESIAN_POINT ( 'NONE',  ( -12.47544240801296844, 23.97762889021920785, -0.8987153775389742361 ) ) ;
#284 = ADVANCED_FACE ( 'NONE', ( #1728 ), #1511, .F. ) ;
#285 = LINE ( 'NONE', #1063, #867 ) ;
#286 = CARTESIAN_POINT ( 'NONE',  ( 6.460744142705173942, 27.66133891206270690, 10.75090333606972948 ) ) ;
#287 = CARTESIAN_POINT ( 'NONE',  ( 1.805703736239012702, 21.87558399702485801, -12.37428935153079124 ) ) ;
#288 = LINE ( 'NONE', #2417, #846 ) ;
#289 = ORIENTED_EDGE ( 'NONE', *, *, #727, .T. ) ;
#290 = CARTESIAN_POINT ( 'NONE',  ( 10.45000000000000107, 40.99999999999999289, 12.50000000000000000 ) ) ;
#291 = CARTESIAN_POINT ( 'NONE',  ( -10.54573373454877405, 0.000000000000000000, 3.299999999999999822 ) ) ;
#292 = ORIENTED_EDGE ( 'NONE', *, *, #1846, .T. ) ;
#293 = CARTESIAN_POINT ( 'NONE',  ( -12.37536016083394230, 23.76362915137723775, -1.774557063249306843 ) ) ;
#294 = EDGE_CURVE ( 'NONE', #2421, #2366, #1570, .T. ) ;
#295 = EDGE_CURVE ( 'NONE', #1812, #2492, #614, .T. ) ;
#296 = B_SPLINE_CURVE_WITH_KNOTS ( 'NONE', 3,
 ( #193, #1377, #1816, #2391, #1573, #650, #662, #2334, #1560, #1055, #2146, #1228, #2128, #977 ),
 .UNSPECIFIED., .F., .F.,
 ( 4, 2, 2, 2, 2, 2, 4 ),
 ( 0.008815393068737478743, 0.009914428631226154115, 0.01101346419371482775, 0.01321153531869217676, 0.01431057088118084866, 0.01540960644366952230, 0.01760767756864686437 ),
 .UNSPECIFIED. ) ;
#297 = CARTESIAN_POINT ( 'NONE',  ( 10.44999999999999574, 35.19999999999999574, -12.50000000000000000 ) ) ;
#298 = CARTESIAN_POINT ( 'NONE',  ( -0.9078046071165598585, 26.83216055009323142, 12.47622986994205618 ) ) ;
#299 = CARTESIAN_POINT ( 'NONE',  ( 8.482516260934785279, 29.50000000000000000, -16.50000000000000000 ) ) ;
#300 = B_SPLINE_CURVE_WITH_KNOTS ( 'NONE', 3,
 ( #2487, #763, #753, #1603, #645, #1985, #2361, #803, #2133, #632, #1577, #1212 ),
 .UNSPECIFIED., .F., .F.,
 ( 4, 2, 2, 2, 2, 4 ),
 ( 0.000000000000000000, 0.002203848267184368818, 0.003305772400776554095, 0.004407696534368739372, 0.006611544801553109058, 0.008815393068737478743 ),
 .UNSPECIFIED. ) ;
#301 = CARTESIAN_POINT ( 'NONE',  ( -10.45000000000000107, 35.19999999999999574, -10.80000000000000782 ) ) ;
#302 = CARTESIAN_POINT ( 'NONE',  ( 8.343023255813955430, 29.49999999999998934, 9.308273897611071490 ) ) ;
#303 = DIRECTION ( 'NONE',  ( 0.000000000000000000, 0.000000000000000000, 1.000000000000000000 ) ) ;
#304 = DIRECTION ( 'NONE',  ( 0.000000000000000000, 0.000000000000000000, 1.000000000000000000 ) ) ;
#305 = ORIENTED_EDGE ( 'NONE', *, *, #594, .F. ) ;
#306 = CARTESIAN_POINT ( 'NONE',  ( 9.583047949741718696, 20.75285720127588718, -8.028958532000547876 ) ) ;
#307 = LINE ( 'NONE', #1498, #74 ) ;
#308 = ORIENTED_EDGE ( 'NONE', *, *, #1497, .T. ) ;
#309 = CARTESIAN_POINT ( 'NONE',  ( 12.25754869458000584, 14.50000000000000178, -2.450000000000000178 ) ) ;
#310 = CARTESIAN_POINT ( 'NONE',  ( -11.58116627697603107, 22.42135284945154794, 4.721949510908606484 ) ) ;
#311 = CARTESIAN_POINT ( 'NONE',  ( 7.804466268924914907, 28.91190049349931712, 9.776010385157356097 ) ) ;
#312 = CARTESIAN_POINT ( 'NONE',  ( 4.597919275673149286, 21.20615690150403765, -11.62922421558261910 ) ) ;
#313 = AXIS2_PLACEMENT_3D ( 'NONE', #568, #370, #215 ) ;
#314 = CARTESIAN_POINT ( 'NONE',  ( -10.45000000000000107, 40.99999999999999289, 12.50000000000000178 ) ) ;
#315 = EDGE_CURVE ( 'NONE', #801, #1020, #1018, .T. ) ;
#316 = VECTOR ( 'NONE', #439, 1000.000000000000000 ) ;
#317 = CARTESIAN_POINT ( 'NONE',  ( -8.013981832610600264, 29.49999999999999289, -9.593023255813946548 ) ) ;
#318 = CARTESIAN_POINT ( 'NONE',  ( 10.44999999999999574, 35.19999999999999574, -12.50000000000000000 ) ) ;
#319 = EDGE_LOOP ( 'NONE', ( #1861, #2067, #1101, #1938 ) ) ;
#320 = CARTESIAN_POINT ( 'NONE',  ( 11.72478358245956720, 26.91084565752674962, -4.489698219229977916 ) ) ;
#321 = VECTOR ( 'NONE', #2343, 1000.000000000000000 ) ;
#322 = DIRECTION ( 'NONE',  ( 0.000000000000000000, 0.000000000000000000, 1.000000000000000000 ) ) ;
#323 = VERTEX_POINT ( 'NONE', #2473 ) ;
#324 = CARTESIAN_POINT ( 'NONE',  ( 14.34999999999999964, 40.99999999999999289, -16.50000000000000000 ) ) ;
#325 = AXIS2_PLACEMENT_3D ( 'NONE', #813, #473, #1244 ) ;
#326 = CARTESIAN_POINT ( 'NONE',  ( -10.45000000000000107, 40.99999999999999289, 12.50000000000000178 ) ) ;
#327 = CARTESIAN_POINT ( 'NONE',  ( -0.9079097829976717771, 26.82739737781651712, -12.49995335388467943 ) ) ;
#328 = ADVANCED_FACE ( 'NONE', ( #986 ), #1054, .F. ) ;
#329 = EDGE_CURVE ( 'NONE', #1967, #2353, #1548, .T. ) ;
#330 = DIRECTION ( 'NONE',  ( -0.000000000000000000, 1.000000000000000000, -0.000000000000000000 ) ) ;
#331 = FACE_OUTER_BOUND ( 'NONE', #2015, .T. ) ;
#332 = ORIENTED_EDGE ( 'NONE', *, *, #1766, .F. ) ;
#333 = CARTESIAN_POINT ( 'NONE',  ( -10.45000000000000284, 30.97853694765314003, 12.50000000000000178 ) ) ;
#334 = CARTESIAN_POINT ( 'NONE',  ( 0.000000000000000000, 0.000000000000000000, -11.05000000000000071 ) ) ;
#335 = VERTEX_POINT ( 'NONE', #1279 ) ;
#336 = LINE ( 'NONE', #324, #1740 ) ;
#337 = CARTESIAN_POINT ( 'NONE',  ( 12.25754869458000584, 14.50000000000000178, -2.450000000000000178 ) ) ;
#338 = CARTESIAN_POINT ( 'NONE',  ( 10.45000000000000107, 35.19999999999999574, 15.60000000000000142 ) ) ;
#339 = DIRECTION ( 'NONE',  ( 0.000000000000000000, 1.000000000000000000, 0.000000000000000000 ) ) ;
#340 = CARTESIAN_POINT ( 'NONE',  ( 8.733221097166005364, 28.29707186816901654, -9.007215250761527514 ) ) ;
#341 = DIRECTION ( 'NONE',  ( -0.000000000000000000, -1.000000000000000000, -0.000000000000000000 ) ) ;
#342 = ORIENTED_EDGE ( 'NONE', *, *, #1565, .T. ) ;
#343 = DIRECTION ( 'NONE',  ( 0.000000000000000000, -0.000000000000000000, 1.000000000000000000 ) ) ;
#344 = ADVANCED_FACE ( 'NONE', ( #921, #1077, #714, #2253, #498 ), #2065, .T. ) ;
#345 = CARTESIAN_POINT ( 'NONE',  ( 14.34999999999999964, 40.99999999999999289, 16.50000000000000000 ) ) ;
#346 = ORIENTED_EDGE ( 'NONE', *, *, #2448, .F. ) ;
#347 = LOCAL_TIME ( 18, 1, 16.00000000000000000, #1628 ) ;
#348 = DIRECTION ( 'NONE',  ( -0.000000000000000000, -1.000000000000000000, -0.000000000000000000 ) ) ;
#349 = LINE ( 'NONE', #905, #268 ) ;
#350 = EDGE_CURVE ( 'NONE', #1844, #220, #2503, .T. ) ;
#351 = VECTOR ( 'NONE', #1539, 1000.000000000000000 ) ;
#352 = CARTESIAN_POINT ( 'NONE',  ( 0.000000000000000000, 20.49999999999999645, 0.000000000000000000 ) ) ;
#353 = CARTESIAN_POINT ( 'NONE',  ( 10.44999999999999751, 35.19999999999999574, -12.50000000000000000 ) ) ;
#354 = CIRCLE ( 'NONE', #1939, 3.100000000000000533 ) ;
#355 = CARTESIAN_POINT ( 'NONE',  ( 8.690918591561260342, 20.51533951489880536, 8.987390159878721363 ) ) ;
#356 = AXIS2_PLACEMENT_3D ( 'NONE', #82, #866, #134 ) ;
#357 = VERTEX_POINT ( 'NONE', #1854 ) ;
#358 = CARTESIAN_POINT ( 'NONE',  ( 10.44999999999999574, 30.97853694765314003, -12.50000000000000000 ) ) ;
#359 = AXIS2_PLACEMENT_3D ( 'NONE', #751, #1526, #2276 ) ;
#360 = CARTESIAN_POINT ( 'NONE',  ( -10.45000000000000284, 30.97853694765314003, -12.50000000000000000 ) ) ;
#361 = ORIENTED_EDGE ( 'NONE', *, *, #1120, .T. ) ;
#362 = AXIS2_PLACEMENT_3D ( 'NONE', #1592, #2352, #980 ) ;
#363 = DIRECTION ( 'NONE',  ( 0.000000000000000000, 0.000000000000000000, 1.000000000000000000 ) ) ;
#364 = LINE ( 'NONE', #1580, #2374 ) ;
#365 = VECTOR ( 'NONE', #838, 1000.000000000000000 ) ;
#366 = CARTESIAN_POINT ( 'NONE',  ( -12.25754869457999874, 14.50000000000000178, 2.450000000000000178 ) ) ;
#367 = CARTESIAN_POINT ( 'NONE',  ( 14.34999999999987530, 29.49999999999984013, -0.3624441998244373186 ) ) ;
#368 = DIRECTION ( 'NONE',  ( -0.000000000000000000, 1.000000000000000000, -0.000000000000000000 ) ) ;
#369 = ORIENTED_EDGE ( 'NONE', *, *, #1014, .T. ) ;
#370 = DIRECTION ( 'NONE',  ( 0.000000000000000000, 1.000000000000000000, 0.000000000000000000 ) ) ;
#371 = DIRECTION ( 'NONE',  ( -0.000000000000000000, 1.000000000000000000, -0.000000000000000000 ) ) ;
#372 = ADVANCED_FACE ( 'NONE', ( #108 ), #116, .F. ) ;
#373 = ORIENTED_EDGE ( 'NONE', *, *, #1430, .T. ) ;
#374 = CARTESIAN_POINT ( 'NONE',  ( -11.24280076019776686, 21.99927568304892844, 5.480203789960444993 ) ) ;
#375 = ORIENTED_EDGE ( 'NONE', *, *, #1597, .T. ) ;
#376 = CARTESIAN_POINT ( 'NONE',  ( -10.45000000000000107, 40.99999999999999289, 10.80000000000000959 ) ) ;
#377 = ADVANCED_FACE ( 'NONE', ( #1677 ), #1435, .T. ) ;
#378 = CARTESIAN_POINT ( 'NONE',  ( 14.34999999999999964, 29.50000000000000000, -16.50000000000000000 ) ) ;
#379 = CARTESIAN_POINT ( 'NONE',  ( 12.49092902689439555, 27.07687654463304128, -0.5729332092595269543 ) ) ;
#380 = CARTESIAN_POINT ( 'NONE',  ( 10.45000000000000107, 31.99999999999999289, 10.80000000000000426 ) ) ;
#381 = ORIENTED_EDGE ( 'NONE', *, *, #1517, .F. ) ;
#382 = DIRECTION ( 'NONE',  ( 7.105427357601001859E-14, 0.000000000000000000, 1.000000000000000000 ) ) ;
#383 = PLANE ( 'NONE',  #1081 ) ;
#384 = CARTESIAN_POINT ( 'NONE',  ( -14.34999999999970299, 29.49999999999988987, 12.91433616730986778 ) ) ;
#385 = LINE ( 'NONE', #1890, #1178 ) ;
#386 = ORIENTED_EDGE ( 'NONE', *, *, #329, .T. ) ;
#387 = LINE ( 'NONE', #1941, #107 ) ;
#388 = ORGANIZATION ( 'UNSPECIFIED', 'UNSPECIFIED', '' ) ;
#389 = CARTESIAN_POINT ( 'NONE',  ( 10.61511044786681168, 21.38168358570780114, 6.614971130504637920 ) ) ;
#390 = EDGE_CURVE ( 'NONE', #1622, #173, #28, .T. ) ;
#391 = CIRCLE ( 'NONE', #1006, 21.50000000000000000 ) ;
#392 = CARTESIAN_POINT ( 'NONE',  ( 12.37676074499042400, 23.76568554403644029, 1.809707082502018505 ) ) ;
#393 = ORIENTED_EDGE ( 'NONE', *, *, #754, .T. ) ;
#394 = CARTESIAN_POINT ( 'NONE',  ( 10.45000000000000107, 40.99999999999999289, 14.19999999999999396 ) ) ;
#395 = CIRCLE ( 'NONE', #1009, 3.100000000000000533 ) ;
#396 = AXIS2_PLACEMENT_3D ( 'NONE', #1217, #27, #2010 ) ;
#397 = CARTESIAN_POINT ( 'NONE',  ( 0.000000000000000000, 29.50000000000000000, 0.000000000000000000 ) ) ;
#398 = ORIENTED_EDGE ( 'NONE', *, *, #188, .T. ) ;
#399 = CARTESIAN_POINT ( 'NONE',  ( -9.583047949741596128, 20.75285720127447675, 8.028958532000688209 ) ) ;
#400 = AXIS2_PLACEMENT_3D ( 'NONE', #2509, #772, #174 ) ;
#401 = CYLINDRICAL_SURFACE ( 'NONE', #2501, 1.699999999999993072 ) ;
#402 = VERTEX_POINT ( 'NONE', #2427 ) ;
#403 = AXIS2_PLACEMENT_3D ( 'NONE', #1929, #151, #973 ) ;
#404 = DIRECTION ( 'NONE',  ( 0.000000000000000000, 1.000000000000000000, 0.000000000000000000 ) ) ;
#405 = EDGE_CURVE ( 'NONE', #691, #852, #2062, .T. ) ;
#406 = CARTESIAN_POINT ( 'NONE',  ( 12.38169964909140397, 23.77611764621367385, -1.772530071182101485 ) ) ;
#407 = VERTEX_POINT ( 'NONE', #558 ) ;
#408 = DIRECTION ( 'NONE',  ( -0.000000000000000000, 1.000000000000000000, -0.000000000000000000 ) ) ;
#409 = ORIENTED_EDGE ( 'NONE', *, *, #411, .F. ) ;
#410 = CARTESIAN_POINT ( 'NONE',  ( -12.45221477127029885, 27.06396146822420334, 1.163560882977793476 ) ) ;
#411 = EDGE_CURVE ( 'NONE', #2508, #1350, #1380, .T. ) ;
#412 = DIRECTION ( 'NONE',  ( 0.000000000000000000, 0.000000000000000000, 1.000000000000000000 ) ) ;
#413 = VERTEX_POINT ( 'NONE', #179 ) ;
#414 = DIRECTION ( 'NONE',  ( -0.000000000000000000, -1.000000000000000000, -0.000000000000000000 ) ) ;
#415 = DIRECTION ( 'NONE',  ( -1.000000000000000000, 0.000000000000000000, 2.417733067563494313E-16 ) ) ;
#416 = CC_DESIGN_PERSON_AND_ORGANIZATION_ASSIGNMENT ( #2185, #829, ( #874 ) ) ;
#417 = ADVANCED_FACE ( 'NONE', ( #2096 ), #1528, .F. ) ;
#418 = EDGE_LOOP ( 'NONE', ( #2283, #900, #2154, #647 ) ) ;
#419 = CARTESIAN_POINT ( 'NONE',  ( -10.45000000000000284, 35.19999999999999574, 9.400000000000002132 ) ) ;
#420 = CARTESIAN_POINT ( 'NONE',  ( -6.847053457473391447, 20.61833094802242172, 10.46420141788904523 ) ) ;
#421 = VERTEX_POINT ( 'NONE', #1722 ) ;
#422 = CARTESIAN_POINT ( 'NONE',  ( -11.90269891451934647, 26.93368646237930264, 3.969373229695078109 ) ) ;
#423 = ADVANCED_FACE ( 'NONE', ( #917 ), #2083, .F. ) ;
#424 = FACE_OUTER_BOUND ( 'NONE', #319, .T. ) ;
#425 = VERTEX_POINT ( 'NONE', #2287 ) ;
#426 = COORDINATED_UNIVERSAL_TIME_OFFSET ( 5, 0, .BEHIND. ) ;
#427 = LINE ( 'NONE', #1963, #1088 ) ;
#428 = CC_DESIGN_APPROVAL ( #499, ( #874 ) ) ;
#429 = ORIENTED_EDGE ( 'NONE', *, *, #879, .F. ) ;
#430 = DIRECTION ( 'NONE',  ( 0.000000000000000000, 1.000000000000000000, 0.000000000000000000 ) ) ;
#431 = PLANE ( 'NONE',  #2226 ) ;
#432 = VECTOR ( 'NONE', #1509, 1000.000000000000000 ) ;
#433 = ORIENTED_EDGE ( 'NONE', *, *, #1724, .T. ) ;
#434 = CARTESIAN_POINT ( 'NONE',  ( -11.24394210085546852, 22.00059505374619917, -5.477845599648150987 ) ) ;
#435 = VECTOR ( 'NONE', #1715, 1000.000000000000000 ) ;
#436 = CARTESIAN_POINT ( 'NONE',  ( 8.013981832610593159, 20.49999999999999645, 9.593023255813953654 ) ) ;
#437 = ORIENTED_EDGE ( 'NONE', *, *, #448, .F. ) ;
#438 = CIRCLE ( 'NONE', #2339, 1.699999999999989742 ) ;
#439 = DIRECTION ( 'NONE',  ( -0.000000000000000000, 1.000000000000000000, -0.000000000000000000 ) ) ;
#440 = AXIS2_PLACEMENT_3D ( 'NONE', #2453, #1265, #2040 ) ;
#441 = CARTESIAN_POINT ( 'NONE',  ( 13.78404875209021796, 29.50000000000000000, -16.50000000000000000 ) ) ;
#442 = ORIENTED_EDGE ( 'NONE', *, *, #481, .T. ) ;
#443 = CARTESIAN_POINT ( 'NONE',  ( -0.3676457891717473947, 22.01668522645160664, 12.49999999999955769 ) ) ;
#444 = CARTESIAN_POINT ( 'NONE',  ( -5.590285282584254389, 20.92276802584257567, 11.18617399704191939 ) ) ;
#445 = AXIS2_PLACEMENT_3D ( 'NONE', #2005, #1250, #2209 ) ;
#446 = ORIENTED_EDGE ( 'NONE', *, *, #617, .F. ) ;
#447 = CARTESIAN_POINT ( 'NONE',  ( -14.34999999999999964, 29.50000000000000000, -14.94635624879721902 ) ) ;
#448 = EDGE_CURVE ( 'NONE', #975, #749, #490, .T. ) ;
#449 = FACE_BOUND ( 'NONE', #70, .T. ) ;
#450 = ORIENTED_EDGE ( 'NONE', *, *, #960, .T. ) ;
#451 = DATE_TIME_ROLE ( 'creation_date' ) ;
#452 = UNCERTAINTY_MEASURE_WITH_UNIT (LENGTH_MEASURE( 1.000000000000000082E-05 ), #2288, 'distance_accuracy_value', 'NONE');
#453 = CARTESIAN_POINT ( 'NONE',  ( -8.482685659875013329, 29.50000000000000000, -16.49999999999999289 ) ) ;
#454 = CARTESIAN_POINT ( 'NONE',  ( 0.000000000000000000, 14.50000000000000000, 0.000000000000000000 ) ) ;
#455 = CARTESIAN_POINT ( 'NONE',  ( 9.046063030421464646, 27.88316763463176429, 8.734731447843390839 ) ) ;
#456 = AXIS2_PLACEMENT_3D ( 'NONE', #2195, #1824, #1996 ) ;
#457 = ADVANCED_FACE ( 'NONE', ( #1340 ), #1327, .F. ) ;
#458 = DIRECTION ( 'NONE',  ( 0.000000000000000000, 1.000000000000000000, 0.000000000000000000 ) ) ;
#459 = ORIENTED_EDGE ( 'NONE', *, *, #1187, .T. ) ;
#460 = DIRECTION ( 'NONE',  ( 0.6674418604651164433, 0.000000000000000000, -0.7446619118088853018 ) ) ;
#461 = CARTESIAN_POINT ( 'NONE',  ( -6.161196016735892123, 29.50000000000000000, 16.50000000000000355 ) ) ;
#462 = ORIENTED_EDGE ( 'NONE', *, *, #188, .F. ) ;
#463 = CARTESIAN_POINT ( 'NONE',  ( -12.40470958019403014, 23.82561790366451859, -1.556203194448198657 ) ) ;
#464 = CARTESIAN_POINT ( 'NONE',  ( -14.34999999999999964, 29.50000000000000000, -16.01023110389103010 ) ) ;
#465 = EDGE_LOOP ( 'NONE', ( #450, #1425, #16, #474 ) ) ;
#466 = CARTESIAN_POINT ( 'NONE',  ( 0.3602996022027629142, 22.01670290715681588, -12.50001538491843256 ) ) ;
#467 = DIRECTION ( 'NONE',  ( 0.000000000000000000, 0.000000000000000000, 1.000000000000000000 ) ) ;
#468 = CARTESIAN_POINT ( 'NONE',  ( -7.932812202386706701, 29.19453724575671671, -9.660832117146522791 ) ) ;
#469 = DIRECTION ( 'NONE',  ( 0.000000000000000000, 0.000000000000000000, 1.000000000000000000 ) ) ;
#470 = EDGE_CURVE ( 'NONE', #413, #1981, #2450, .T. ) ;
#471 = EDGE_LOOP ( 'NONE', ( #12, #2245, #1346, #1416 ) ) ;
#472 = CARTESIAN_POINT ( 'NONE',  ( -14.35000000000000142, 20.49999999999999645, 16.01023110389103365 ) ) ;
#473 = DIRECTION ( 'NONE',  ( -1.208866533781747157E-16, 0.000000000000000000, -1.000000000000000000 ) ) ;
#474 = ORIENTED_EDGE ( 'NONE', *, *, #1942, .F. ) ;
#475 = CARTESIAN_POINT ( 'NONE',  ( -8.674822246397999592, 20.50000000183464621, -9.010881843493622867 ) ) ;
#476 = AXIS2_PLACEMENT_3D ( 'NONE', #353, #2232, #552 ) ;
#477 = CARTESIAN_POINT ( 'NONE',  ( 8.013981832610593159, 20.49999999999999645, -9.593023255813955430 ) ) ;
#478 = CARTESIAN_POINT ( 'NONE',  ( 3.576485364931103472, 26.95073671067093457, 12.03083368041421863 ) ) ;
#480 = CIRCLE ( 'NONE', #2132, 1.699999999999993072 ) ;
#479 = PERSON_AND_ORGANIZATION_ROLE ( 'design_supplier' ) ;
#481 = EDGE_CURVE ( 'NONE', #839, #323, #1900, .T. ) ;
#482 = CARTESIAN_POINT ( 'NONE',  ( 8.013981832610594935, 20.49999999999999645, -9.593023255813948325 ) ) ;
#483 = CONICAL_SURFACE ( 'NONE', #530, 1.699999999999996625, 1.029744258676653201 ) ;
#484 = DIRECTION ( 'NONE',  ( 0.000000000000000000, 1.000000000000000000, 0.000000000000000000 ) ) ;
#485 = EDGE_CURVE ( 'NONE', #663, #1004, #385, .T. ) ;
#486 = CARTESIAN_POINT ( 'NONE',  ( 14.34999999999999964, 29.50000000000000000, 16.50000000000000000 ) ) ;
#487 = ORIENTED_EDGE ( 'NONE', *, *, #2371, .T. ) ;
#488 = DIRECTION ( 'NONE',  ( -0.000000000000000000, 1.000000000000000000, -0.000000000000000000 ) ) ;
#489 = DIRECTION ( 'NONE',  ( 0.000000000000000000, 0.000000000000000000, 1.000000000000000000 ) ) ;
#490 = CIRCLE ( 'NONE', #1904, 9.000000000000000000 ) ;
#491 = ORIENTED_EDGE ( 'NONE', *, *, #1277, .F. ) ;
#492 = CARTESIAN_POINT ( 'NONE',  ( -11.08874635982088996, 26.91399844952050557, -5.942515778206158394 ) ) ;
#493 = DIRECTION ( 'NONE',  ( 0.000000000000000000, 0.000000000000000000, 1.000000000000000000 ) ) ;
#494 = CARTESIAN_POINT ( 'NONE',  ( 7.908737243665974859, 29.50000000000000000, 16.50000000000000000 ) ) ;
#495 = CARTESIAN_POINT ( 'NONE',  ( 3.105810426307713978, 29.50000000000000000, -16.49999999999999645 ) ) ;
#496 = CARTESIAN_POINT ( 'NONE',  ( -10.45000000000000107, 31.99999999999999289, -12.50000000000000000 ) ) ;
#497 = CARTESIAN_POINT ( 'NONE',  ( 10.63341868617197683, 4.780100252764273527, -3.019787226562093974 ) ) ;
#498 = FACE_OUTER_BOUND ( 'NONE', #1341, .T. ) ;
#499 = APPROVAL ( #2478, 'UNSPECIFIED' ) ;
#500 = CARTESIAN_POINT ( 'NONE',  ( -10.45000000000000284, 35.19999999999999574, 15.60000000000000320 ) ) ;
#501 = VERTEX_POINT ( 'NONE', #167 ) ;
#502 = CARTESIAN_POINT ( 'NONE',  ( 8.994124237826119028, 20.55487296345924619, -8.692098010881766257 ) ) ;
#503 = EDGE_CURVE ( 'NONE', #1020, #2500, #1418, .T. ) ;
#504 = DIRECTION ( 'NONE',  ( 0.000000000000000000, 0.9982862230079877497, 0.05852022686598545853 ) ) ;
#505 = EDGE_LOOP ( 'NONE', ( #1997, #618, #1179, #583, #308, #1817, #2130, #1574, #369, #97, #1533, #1772 ) ) ;
#506 = CARTESIAN_POINT ( 'NONE',  ( 0.000000000000000000, 29.50000000000000000, 0.000000000000000000 ) ) ;
#507 = CARTESIAN_POINT ( 'NONE',  ( -12.46442378065906453, 23.95470595624572852, 0.9709314409510946264 ) ) ;
#508 = ADVANCED_FACE ( 'NONE', ( #539, #1305 ), #743, .F. ) ;
#509 = CARTESIAN_POINT ( 'NONE',  ( 5.913593045950207738, 20.83458335104615600, 11.01864803295942430 ) ) ;
#510 = CARTESIAN_POINT ( 'NONE',  ( -10.77497099764078214, 14.50000000000000000, 2.450000000000002398 ) ) ;
#511 = FACE_OUTER_BOUND ( 'NONE', #580, .T. ) ;
#512 = DIRECTION ( 'NONE',  ( -0.000000000000000000, 1.000000000000000000, -0.000000000000000000 ) ) ;
#513 = CARTESIAN_POINT ( 'NONE',  ( 10.44999999999999574, 37.99999999999999289, -9.400000000000000355 ) ) ;
#514 = ORIENTED_EDGE ( 'NONE', *, *, #1404, .T. ) ;
#515 = CARTESIAN_POINT ( 'NONE',  ( 11.74602435493325103, 22.65606727511173091, -4.297531469148131222 ) ) ;
#516 = DIRECTION ( 'NONE',  ( 0.000000000000000000, 1.000000000000000000, 0.000000000000000000 ) ) ;
#517 = ORIENTED_EDGE ( 'NONE', *, *, #2514, .F. ) ;
#518 = DIRECTION ( 'NONE',  ( -0.000000000000000000, -0.000000000000000000, 1.000000000000000000 ) ) ;
#519 = EDGE_CURVE ( 'NONE', #1748, #1079, #739, .T. ) ;
#520 = CARTESIAN_POINT ( 'NONE',  ( 10.45000000000000107, 37.99999999999999289, 12.50000000000000000 ) ) ;
#521 = AXIS2_PLACEMENT_3D ( 'NONE', #2294, #1335, #1454 ) ;
#522 = CARTESIAN_POINT ( 'NONE',  ( 10.17120511875599398, 29.50000000000000000, -16.50000000000000000 ) ) ;
#523 = CARTESIAN_POINT ( 'NONE',  ( 0.000000000000000000, 20.49999999999999645, 0.000000000000000000 ) ) ;
#524 = VECTOR ( 'NONE', #1840, 1000.000000000000000 ) ;
#525 = FACE_OUTER_BOUND ( 'NONE', #1952, .T. ) ;
#526 = AXIS2_PLACEMENT_3D ( 'NONE', #591, #1029, #2203 ) ;
#527 = DIRECTION ( 'NONE',  ( 0.000000000000000000, 1.000000000000000000, 0.000000000000000000 ) ) ;
#528 = ORIENTED_EDGE ( 'NONE', *, *, #470, .F. ) ;
#529 = CARTESIAN_POINT ( 'NONE',  ( 14.35000000000000142, 29.50000000000000000, -10.08189929032021581 ) ) ;
#530 = AXIS2_PLACEMENT_3D ( 'NONE', #496, #1879, #2107 ) ;
#531 = CARTESIAN_POINT ( 'NONE',  ( 10.44999999999999574, 37.99999999999999289, -12.50000000000000000 ) ) ;
#532 = ORIENTED_EDGE ( 'NONE', *, *, #2194, .F. ) ;
#533 = DIRECTION ( 'NONE',  ( -0.7446619118088855238, -2.870627777956987588E-16, 0.6674418604651163323 ) ) ;
#534 = AXIS2_PLACEMENT_3D ( 'NONE', #2220, #1455, #1905 ) ;
#535 = DIRECTION ( 'NONE',  ( 0.6411185466088475948, 0.000000000000000000, 0.7674418604651160880 ) ) ;
#536 = ORIENTED_EDGE ( 'NONE', *, *, #920, .T. ) ;
#537 = VECTOR ( 'NONE', #2108, 1000.000000000000000 ) ;
#538 = EDGE_CURVE ( 'NONE', #549, #1020, #1713, .T. ) ;
#539 = FACE_OUTER_BOUND ( 'NONE', #1056, .T. ) ;
#540 = CARTESIAN_POINT ( 'NONE',  ( 14.34999999999999964, 29.50000000000000000, 16.01023110389103010 ) ) ;
#541 = CYLINDRICAL_SURFACE ( 'NONE', #1779, 1.699999999999993072 ) ;
#542 = CARTESIAN_POINT ( 'NONE',  ( 8.343023255814156158, 20.49999999999999645, -9.308273897610883196 ) ) ;
#543 = EDGE_CURVE ( 'NONE', #1918, #1795, #300, .T. ) ;
#544 = CARTESIAN_POINT ( 'NONE',  ( 12.25754869458000762, 14.50000000000000178, 2.450000000000000178 ) ) ;
#545 = ORIENTED_EDGE ( 'NONE', *, *, #2073, .F. ) ;
#546 = DIRECTION ( 'NONE',  ( -0.000000000000000000, 1.000000000000000000, -0.000000000000000000 ) ) ;
#547 = AXIS2_PLACEMENT_3D ( 'NONE', #941, #952, #535 ) ;
#548 = CARTESIAN_POINT ( 'NONE',  ( -12.11682564671376383, 23.26106958407324399, -3.101887304432584092 ) ) ;
#549 = VERTEX_POINT ( 'NONE', #2159 ) ;
#550 = DIRECTION ( 'NONE',  ( 0.000000000000000000, 1.000000000000000000, 0.000000000000000000 ) ) ;
#551 = CARTESIAN_POINT ( 'NONE',  ( -14.34999999999999964, 40.99999999999999289, 16.50000000000000355 ) ) ;
#552 = DIRECTION ( 'NONE',  ( 0.000000000000000000, 0.000000000000000000, 1.000000000000000000 ) ) ;
#553 = CARTESIAN_POINT ( 'NONE',  ( 10.77497099764078214, 14.50000000000000178, 2.450000000000000178 ) ) ;
#554 = ORIENTED_EDGE ( 'NONE', *, *, #1672, .T. ) ;
#555 = DIRECTION ( 'NONE',  ( 0.000000000000000000, 0.000000000000000000, 1.000000000000000000 ) ) ;
#556 = DIRECTION ( 'NONE',  ( 0.000000000000000000, 0.000000000000000000, 1.000000000000000000 ) ) ;
#557 = ORIENTED_EDGE ( 'NONE', *, *, #2109, .T. ) ;
#558 = CARTESIAN_POINT ( 'NONE',  ( -10.45000000000000107, 40.99999999999999289, 10.80000000000001315 ) ) ;
#559 = EDGE_CURVE ( 'NONE', #2500, #1361, #1865, .T. ) ;
#560 = CIRCLE ( 'NONE', #476, 1.699999999999993072 ) ;
#561 = LINE ( 'NONE', #1541, #1456 ) ;
#562 = CARTESIAN_POINT ( 'NONE',  ( 12.37536016083404000, 23.76362915137720933, 1.774557063248719091 ) ) ;
#563 = CIRCLE ( 'NONE', #1698, 12.50000000000000000 ) ;
#564 = ADVANCED_FACE ( 'NONE', ( #2324 ), #401, .F. ) ;
#565 = CARTESIAN_POINT ( 'NONE',  ( 8.519757063173079459, 20.49999999999999645, 9.149867056438928614 ) ) ;
#566 = AXIS2_PLACEMENT_3D ( 'NONE', #1895, #708, #2246 ) ;
#567 = ORIENTED_EDGE ( 'NONE', *, *, #1898, .F. ) ;
#568 = CARTESIAN_POINT ( 'NONE',  ( -10.45000000000000284, 35.19999999999999574, 12.50000000000000178 ) ) ;
#569 = DIRECTION ( 'NONE',  ( -0.000000000000000000, -1.000000000000000000, -0.000000000000000000 ) ) ;
#570 = CARTESIAN_POINT ( 'NONE',  ( -8.343023255813946548, 29.49999999999999645, 9.308273897611075043 ) ) ;
#571 = AXIS2_PLACEMENT_3D ( 'NONE', #1219, #989, #2000 ) ;
#572 = DIRECTION ( 'NONE',  ( 0.000000000000000000, 0.000000000000000000, 1.000000000000000000 ) ) ;
#573 = ORIENTED_EDGE ( 'NONE', *, *, #1487, .F. ) ;
#574 = DIRECTION ( 'NONE',  ( 0.000000000000000000, 0.000000000000000000, 1.000000000000000000 ) ) ;
#575 = CARTESIAN_POINT ( 'NONE',  ( 14.34999999999975095, 29.49999999999967315, -0.7469067196090272143 ) ) ;
#576 = CARTESIAN_POINT ( 'NONE',  ( 11.73087291828456813, 22.63421602487995443, -4.337270450358551521 ) ) ;
#577 = VERTEX_POINT ( 'NONE', #1025 ) ;
#578 = FACE_OUTER_BOUND ( 'NONE', #611, .T. ) ;
#579 = CARTESIAN_POINT ( 'NONE',  ( 10.44999999999999751, 31.99999999999999289, -10.80000000000000426 ) ) ;
#580 = EDGE_LOOP ( 'NONE', ( #1514, #1199, #2169 ) ) ;
#581 = CARTESIAN_POINT ( 'NONE',  ( -14.34999999999968701, 29.49999999999991118, 13.21765513625610389 ) ) ;
#582 = ADVANCED_FACE ( 'NONE', ( #10 ), #1395, .F. ) ;
#583 = ORIENTED_EDGE ( 'NONE', *, *, #158, .T. ) ;
#584 = CARTESIAN_POINT ( 'NONE',  ( 14.34999999999999964, 14.50000000000000178, -2.450000000000000178 ) ) ;
#585 = LINE ( 'NONE', #1355, #812 ) ;
#586 = CARTESIAN_POINT ( 'NONE',  ( 11.71964917467217049, 26.91054291594588577, 4.502998054152102192 ) ) ;
#587 = CARTESIAN_POINT ( 'NONE',  ( 10.70987156385992023, 9.615992600816905878, 2.736303882021077438 ) ) ;
#588 = ORIENTED_EDGE ( 'NONE', *, *, #1452, .T. ) ;
#589 = DIRECTION ( 'NONE',  ( 0.000000000000000000, 1.000000000000000000, 0.000000000000000000 ) ) ;
#590 = ADVANCED_FACE ( 'NONE', ( #424 ), #2337, .F. ) ;
#591 = CARTESIAN_POINT ( 'NONE',  ( 0.000000000000000000, 20.49999999999999645, 0.000000000000000000 ) ) ;
#592 = ORIENTED_EDGE ( 'NONE', *, *, #72, .T. ) ;
#593 = CARTESIAN_POINT ( 'NONE',  ( -12.12850481271049219, 23.28216377675826365, 3.055912799246950584 ) ) ;
#594 = EDGE_CURVE ( 'NONE', #2261, #577, #1161, .T. ) ;
#595 = CARTESIAN_POINT ( 'NONE',  ( 10.45000000000000107, 35.19999999999999574, 12.50000000000000000 ) ) ;
#596 = ORIENTED_EDGE ( 'NONE', *, *, #2194, .T. ) ;
#597 = CARTESIAN_POINT ( 'NONE',  ( -12.25754869458000584, 14.50000000000000178, -2.450000000000000178 ) ) ;
#598 = LINE ( 'NONE', #1153, #435 ) ;
#599 = CARTESIAN_POINT ( 'NONE',  ( 12.30707174096638390, 27.01942342453553536, -2.328669764298150202 ) ) ;
#600 = CIRCLE ( 'NONE', #1777, 1.699999999999993072 ) ;
#601 = CARTESIAN_POINT ( 'NONE',  ( 8.343023255813955430, 20.49999999999999645, -9.308273897611067937 ) ) ;
#602 = ORIENTED_EDGE ( 'NONE', *, *, #259, .F. ) ;
#603 = DIRECTION ( 'NONE',  ( 0.000000000000000000, 0.000000000000000000, 1.000000000000000000 ) ) ;
#604 = VECTOR ( 'NONE', #2051, 1000.000000000000000 ) ;
#605 = EDGE_CURVE ( 'NONE', #1079, #691, #1209, .T. ) ;
#606 = DIRECTION ( 'NONE',  ( 0.000000000000000000, -0.000000000000000000, 1.000000000000000000 ) ) ;
#607 = APPLICATION_CONTEXT ( 'configuration controlled 3d designs of mechanical parts and assemblies' ) ;
#608 = ORIENTED_EDGE ( 'NONE', *, *, #942, .F. ) ;
#609 = CARTESIAN_POINT ( 'NONE',  ( -14.34999999999973674, 29.49999999999967315, 1.906232322162010329 ) ) ;
#610 = DIRECTION ( 'NONE',  ( -0.000000000000000000, 1.000000000000000000, -0.000000000000000000 ) ) ;
#611 = EDGE_LOOP ( 'NONE', ( #1964, #1095, #797, #2056 ) ) ;
#612 = EDGE_CURVE ( 'NONE', #764, #214, #993, .T. ) ;
#613 = MECHANICAL_CONTEXT ( 'NONE', #607, 'mechanical' ) ;
#614 = CIRCLE ( 'NONE', #403, 11.05000000000000071 ) ;
#615 = CARTESIAN_POINT ( 'NONE',  ( -10.77497099764078214, 14.50000000000000000, 2.450000000000002398 ) ) ;
#616 = CARTESIAN_POINT ( 'NONE',  ( 12.49447644631341703, 24.02146221968062889, -0.4342480927933352053 ) ) ;
#617 = EDGE_CURVE ( 'NONE', #282, #784, #1790, .T. ) ;
#618 = ORIENTED_EDGE ( 'NONE', *, *, #405, .T. ) ;
#619 = FACE_OUTER_BOUND ( 'NONE', #1442, .T. ) ;
#620 = CARTESIAN_POINT ( 'NONE',  ( -3.577488279022432494, 26.95086007558683150, 12.03047715167514475 ) ) ;
#621 = ORIENTED_EDGE ( 'NONE', *, *, #727, .F. ) ;
#622 = CARTESIAN_POINT ( 'NONE',  ( -12.49929694951728187, 27.07981212853414021, -0.6028627703434634721 ) ) ;
#623 = CARTESIAN_POINT ( 'NONE',  ( 5.582467086490398245, 20.92495016158274268, 11.18994844385957244 ) ) ;
#624 = ORIENTED_EDGE ( 'NONE', *, *, #1625, .F. ) ;
#625 = PERSON_AND_ORGANIZATION_ROLE ( 'classification_officer' ) ;
#626 = ORIENTED_EDGE ( 'NONE', *, *, #350, .T. ) ;
#627 = DIRECTION ( 'NONE',  ( 0.000000000000000000, 1.000000000000000000, 0.000000000000000000 ) ) ;
#628 = CARTESIAN_POINT ( 'NONE',  ( 10.44999999999999751, 37.99999999999999289, -10.80000000000000782 ) ) ;
#629 = ORIENTED_EDGE ( 'NONE', *, *, #1371, .T. ) ;
#630 = CARTESIAN_POINT ( 'NONE',  ( -14.35000000000051656, 29.50000000000027711, 11.36531386150354628 ) ) ;
#631 = PRODUCT ( 'tpu_mount', 'tpu_mount', '', ( #613 ) ) ;
#632 = CARTESIAN_POINT ( 'NONE',  ( -1.465814537437304832, 21.93917160603393413, -12.43534717620232932 ) ) ;
#633 = FACE_OUTER_BOUND ( 'NONE', #189, .T. ) ;
#634 = DATE_AND_TIME ( #1203, #1283 ) ;
#635 = CARTESIAN_POINT ( 'NONE',  ( -3.582175874449583741, 21.49296423661277089, -11.99737436527336421 ) ) ;
#636 = CARTESIAN_POINT ( 'NONE',  ( -10.45000000000000107, 35.19999999999999574, -12.50000000000000000 ) ) ;
#637 = ORIENTED_EDGE ( 'NONE', *, *, #2186, .T. ) ;
#638 = CARTESIAN_POINT ( 'NONE',  ( -6.843744007526196604, 20.60902040241164102, 10.48479990646171522 ) ) ;
#639 = EDGE_CURVE ( 'NONE', #2028, #335, #1103, .T. ) ;
#640 = LINE ( 'NONE', #1414, #2425 ) ;
#641 = AXIS2_PLACEMENT_3D ( 'NONE', #717, #1282, #734 ) ;
#642 = ORIENTED_EDGE ( 'NONE', *, *, #1928, .F. ) ;
#643 = CARTESIAN_POINT ( 'NONE',  ( -12.29703889443449505, 27.01720869389068014, -2.328651837744068143 ) ) ;
#644 = CIRCLE ( 'NONE', #2055, 3.100000000000000533 ) ;
#645 = CARTESIAN_POINT ( 'NONE',  ( -5.582467086490399133, 20.92495016158274268, -11.18994844385957066 ) ) ;
#646 = EDGE_CURVE ( 'NONE', #1457, #2184, #1937, .T. ) ;
#647 = ORIENTED_EDGE ( 'NONE', *, *, #659, .F. ) ;
#648 = VECTOR ( 'NONE', #518, 1000.000000000000000 ) ;
#649 = DIRECTION ( 'NONE',  ( -0.000000000000000000, 1.000000000000000000, 0.000000000000000000 ) ) ;
#650 = CARTESIAN_POINT ( 'NONE',  ( 2.917781068495302055, 21.66929371046883546, -12.17658783122112354 ) ) ;
#651 = ORIENTED_EDGE ( 'NONE', *, *, #2035, .F. ) ;
#652 = LINE ( 'NONE', #56, #2295 ) ;
#653 = CYLINDRICAL_SURFACE ( 'NONE', #899, 1.699999999999993072 ) ;
#654 = ORIENTED_EDGE ( 'NONE', *, *, #2199, .T. ) ;
#655 = CARTESIAN_POINT ( 'NONE',  ( 13.78404875209021974, 29.50000000000000000, 16.50000000000000000 ) ) ;
#656 = CARTESIAN_POINT ( 'NONE',  ( 10.45000000000000107, 40.99999999999999289, 12.50000000000000000 ) ) ;
#657 = ORIENTED_EDGE ( 'NONE', *, *, #1954, .F. ) ;
#658 = DATE_TIME_ROLE ( 'classification_date' ) ;
#659 = EDGE_CURVE ( 'NONE', #1126, #1213, #827, .T. ) ;
#660 = CARTESIAN_POINT ( 'NONE',  ( 7.932756491540114752, 29.19432759116277509, -9.660878657824618188 ) ) ;
#661 = LINE ( 'NONE', #275, #321 ) ;
#662 = CARTESIAN_POINT ( 'NONE',  ( 3.605332479434468329, 21.48658879097590457, -11.98987213015983144 ) ) ;
#663 = VERTEX_POINT ( 'NONE', #1774 ) ;
#664 = CARTESIAN_POINT ( 'NONE',  ( 0.000000000000000000, 14.50000000000000000, -12.50000000000000000 ) ) ;
#665 = CARTESIAN_POINT ( 'NONE',  ( -13.78404875209021974, 29.50000000000000000, 16.50000000000000355 ) ) ;
#666 = ORIENTED_EDGE ( 'NONE', *, *, #1959, .T. ) ;
#667 = CARTESIAN_POINT ( 'NONE',  ( -8.996483478647380849, 20.55527759125271814, -8.689742005204351472 ) ) ;
#668 = CARTESIAN_POINT ( 'NONE',  ( -12.49199734236377424, 24.01587367076817969, 0.5045497450826017527 ) ) ;
#669 = CARTESIAN_POINT ( 'NONE',  ( 7.442818636505332819, 20.52705608479392652, 10.04918282812900721 ) ) ;
#670 = EDGE_CURVE ( 'NONE', #1622, #143, #2308, .T. ) ;
#671 = CARTESIAN_POINT ( 'NONE',  ( 6.847053457473400329, 20.61833094802242172, -10.46420141788903813 ) ) ;
#672 = FACE_OUTER_BOUND ( 'NONE', #465, .T. ) ;
#673 = ORIENTED_EDGE ( 'NONE', *, *, #538, .T. ) ;
#674 = DIRECTION ( 'NONE',  ( 0.000000000000000000, 0.000000000000000000, 1.000000000000000000 ) ) ;
#675 = APPROVAL_PERSON_ORGANIZATION ( #1714, #499, #1529 ) ;
#676 = CYLINDRICAL_SURFACE ( 'NONE', #534, 11.05000000000000071 ) ;
#677 = VERTEX_POINT ( 'NONE', #791 ) ;
#678 = CARTESIAN_POINT ( 'NONE',  ( -14.34999999999999964, 29.50000000000000000, -13.21900355471417221 ) ) ;
#679 = AXIS2_PLACEMENT_3D ( 'NONE', #290, #858, #2002 ) ;
#680 = CARTESIAN_POINT ( 'NONE',  ( -11.73087291828456813, 22.63421602487995443, 4.337270450358551521 ) ) ;
#681 = CARTESIAN_POINT ( 'NONE',  ( -1.240556327675985449, 29.50000000000000355, 16.50000000000000000 ) ) ;
#682 = AXIS2_PLACEMENT_3D ( 'NONE', #1041, #1438, #1747 ) ;
#683 = CC_DESIGN_DATE_AND_TIME_ASSIGNMENT ( #1407, #658, ( #184 ) ) ;
#684 = CARTESIAN_POINT ( 'NONE',  ( 0.4529475413446516496, 26.82738268785091762, -12.50002329712977023 ) ) ;
#685 = VECTOR ( 'NONE', #2461, 1000.000000000000000 ) ;
#686 = DIRECTION ( 'NONE',  ( 0.000000000000000000, 0.000000000000000000, 1.000000000000000000 ) ) ;
#687 = ADVANCED_FACE ( 'NONE', ( #100 ), #863, .F. ) ;
#688 = DIRECTION ( 'NONE',  ( -1.000000000000000000, -0.000000000000000000, -0.000000000000000000 ) ) ;
#689 = CONICAL_SURFACE ( 'NONE', #894, 1.699999999999996625, 1.029744258676653201 ) ;
#690 = DIRECTION ( 'NONE',  ( -0.000000000000000000, -1.000000000000000000, -0.000000000000000000 ) ) ;
#691 = VERTEX_POINT ( 'NONE', #2409 ) ;
#692 = CARTESIAN_POINT ( 'NONE',  ( 9.996175288957118710, 20.95769953299560129, -7.508334981037047662 ) ) ;
#693 = CARTESIAN_POINT ( 'NONE',  ( 10.45000000000000107, 40.99999999999999289, 12.50000000000000000 ) ) ;
#694 = EDGE_CURVE ( 'NONE', #2369, #2042, #122, .T. ) ;
#695 = AXIS2_PLACEMENT_3D ( 'NONE', #1483, #1269, #2259 ) ;
#696 = EDGE_LOOP ( 'NONE', ( #266, #1402, #1911, #2373 ) ) ;
#697 = CARTESIAN_POINT ( 'NONE',  ( -12.45938296403879875, 27.06531900505347110, -1.187044862034552839 ) ) ;
#698 = CARTESIAN_POINT ( 'NONE',  ( -11.07630663220226630, 21.79225723295826356, 5.852034643060443742 ) ) ;
#699 = CARTESIAN_POINT ( 'NONE',  ( -0.3602996022021722200, 22.01670290715466294, 12.50001538491843256 ) ) ;
#700 = CARTESIAN_POINT ( 'NONE',  ( -10.70987156385992023, 9.615992600816863245, 2.736303882021079215 ) ) ;
#701 = DIRECTION ( 'NONE',  ( 0.000000000000000000, 0.000000000000000000, 1.000000000000000000 ) ) ;
#702 = CARTESIAN_POINT ( 'NONE',  ( 10.45000000000000107, 31.99999999999999289, 10.80000000000000426 ) ) ;
#703 = DIRECTION ( 'NONE',  ( -1.000000000000000000, 0.000000000000000000, 2.417733067563494313E-16 ) ) ;
#704 = ORIENTED_EDGE ( 'NONE', *, *, #2270, .F. ) ;
#705 = CARTESIAN_POINT ( 'NONE',  ( 14.34999999999999964, 29.50000000000000000, -15.49279798211861703 ) ) ;
#706 = DIRECTION ( 'NONE',  ( 0.000000000000000000, 0.000000000000000000, 1.000000000000000000 ) ) ;
#707 = ORIENTED_EDGE ( 'NONE', *, *, #787, .T. ) ;
#708 = DIRECTION ( 'NONE',  ( -0.000000000000000000, -1.000000000000000000, -0.000000000000000000 ) ) ;
#709 = CIRCLE ( 'NONE', #2114, 1.699999999999989742 ) ;
#710 = DIRECTION ( 'NONE',  ( 0.000000000000000000, 1.000000000000000000, 0.000000000000000000 ) ) ;
#711 = CARTESIAN_POINT ( 'NONE',  ( 0.7212536788784905673, 21.99859134657783244, -12.48443641724050046 ) ) ;
#712 = DIRECTION ( 'NONE',  ( -0.6674418604651328746, 0.000000000000000000, 0.7446619118088705358 ) ) ;
#713 = DIRECTION ( 'NONE',  ( -0.000000000000000000, 1.000000000000000000, -0.000000000000000000 ) ) ;
#714 = FACE_BOUND ( 'NONE', #2403, .T. ) ;
#715 = LINE ( 'NONE', #2216, #729 ) ;
#716 = ORIENTED_EDGE ( 'NONE', *, *, #1180, .F. ) ;
#717 = CARTESIAN_POINT ( 'NONE',  ( 14.34999999999999964, 0.000000000000000000, 3.299999999999999822 ) ) ;
#718 = CARTESIAN_POINT ( 'NONE',  ( 8.472570292510466672, 28.76174368839262385, 9.219874183509910281 ) ) ;
#719 = CARTESIAN_POINT ( 'NONE',  ( -10.45000000000000107, 35.19999999999999574, 12.50000000000000178 ) ) ;
#720 = ORIENTED_EDGE ( 'NONE', *, *, #138, .F. ) ;
#721 = CARTESIAN_POINT ( 'NONE',  ( 10.54573373454877405, 0.000000000000000000, -3.299999999999999822 ) ) ;
#722 = ADVANCED_FACE ( 'NONE', ( #1460 ), #888, .F. ) ;
#723 = CARTESIAN_POINT ( 'NONE',  ( 12.13342800256708109, 4.792398175836768637, -3.019066313830257808 ) ) ;
#724 = EDGE_LOOP ( 'NONE', ( #517, #2157 ) ) ;
#725 = CONICAL_SURFACE ( 'NONE', #521, 1.699999999999996625, 1.029744258676653201 ) ;
#726 = CARTESIAN_POINT ( 'NONE',  ( 1.530808498934191127E-15, 14.50000000000000000, 12.50000000000000000 ) ) ;
#727 = EDGE_CURVE ( 'NONE', #1126, #402, #2510, .T. ) ;
#728 = DIRECTION ( 'NONE',  ( 0.000000000000000000, 0.000000000000000000, 1.000000000000000000 ) ) ;
#729 = VECTOR ( 'NONE', #908, 1000.000000000000000 ) ;
#730 = DIRECTION ( 'NONE',  ( 0.000000000000000000, 0.000000000000000000, 1.000000000000000000 ) ) ;
#731 = AXIS2_PLACEMENT_3D ( 'NONE', #636, #1409, #2175 ) ;
#732 = DIRECTION ( 'NONE',  ( 0.000000000000000000, 1.000000000000000000, 0.000000000000000000 ) ) ;
#733 = CARTESIAN_POINT ( 'NONE',  ( -10.45000000000000107, 40.99999999999999289, -12.50000000000000000 ) ) ;
#734 = DIRECTION ( 'NONE',  ( 0.000000000000000000, -0.9982862230079877497, 0.05852022686598545853 ) ) ;
#735 = CIRCLE ( 'NONE', #1703, 1.699999999999996625 ) ;
#736 = FACE_OUTER_BOUND ( 'NONE', #1700, .T. ) ;
#737 = ORIENTED_EDGE ( 'NONE', *, *, #1398, .F. ) ;
#738 = DIRECTION ( 'NONE',  ( 0.000000000000000000, -0.000000000000000000, 1.000000000000000000 ) ) ;
#739 = CIRCLE ( 'NONE', #1588, 9.000000000000000000 ) ;
#740 = AXIS2_PLACEMENT_3D ( 'NONE', #1743, #1708, #1169 ) ;
#741 = CARTESIAN_POINT ( 'NONE',  ( -9.638440975065799776, 20.76394196699909855, -7.972397022625933083 ) ) ;
#742 = ORIENTED_EDGE ( 'NONE', *, *, #1881, .F. ) ;
#743 = PLANE ( 'NONE',  #1382 ) ;
#744 = DIRECTION ( 'NONE',  ( 0.000000000000000000, 0.000000000000000000, 1.000000000000000000 ) ) ;
#745 = ADVANCED_FACE ( 'NONE', ( #1274, #449 ), #1431, .T. ) ;
#746 = CARTESIAN_POINT ( 'NONE',  ( 0.000000000000000000, 0.000000000000000000, 0.000000000000000000 ) ) ;
#747 = CARTESIAN_POINT ( 'NONE',  ( 14.35000000000000142, 29.50000000000000000, -11.36531386150321410 ) ) ;
#748 = CARTESIAN_POINT ( 'NONE',  ( 11.74392622684751686, 22.65346255901307870, 4.301668178390776198 ) ) ;
#749 = VERTEX_POINT ( 'NONE', #477 ) ;
#750 = DIRECTION ( 'NONE',  ( 0.000000000000000000, -0.000000000000000000, 1.000000000000000000 ) ) ;
#751 = CARTESIAN_POINT ( 'NONE',  ( 10.45000000000000107, 31.99999999999999289, 12.50000000000000000 ) ) ;
#752 = PRODUCT_RELATED_PRODUCT_CATEGORY ( 'detail', '', ( #631 ) ) ;
#753 = CARTESIAN_POINT ( 'NONE',  ( -6.841970814683476121, 20.60931913373813984, -10.48606072176426629 ) ) ;
#754 = EDGE_CURVE ( 'NONE', #2189, #29, #1676, .T. ) ;
#755 = CARTESIAN_POINT ( 'NONE',  ( -10.77497099764078214, 14.50000000000000178, -2.450000000000000178 ) ) ;
#756 = DIRECTION ( 'NONE',  ( 0.000000000000000000, 1.000000000000000000, 0.000000000000000000 ) ) ;
#757 = CARTESIAN_POINT ( 'NONE',  ( 9.867811850013621822, 20.87789763791205999, 7.685467183005615155 ) ) ;
#758 = CARTESIAN_POINT ( 'NONE',  ( 12.49199734236377424, 24.01587367076817969, -0.5045497450826017527 ) ) ;
#759 = ORIENTED_EDGE ( 'NONE', *, *, #390, .T. ) ;
#760 = DIRECTION ( 'NONE',  ( -0.000000000000000000, 1.000000000000000000, -0.000000000000000000 ) ) ;
#761 = CARTESIAN_POINT ( 'NONE',  ( 10.45000000000000107, 35.19999999999999574, 9.400000000000000355 ) ) ;
#762 = ORIENTED_EDGE ( 'NONE', *, *, #559, .F. ) ;
#763 = CARTESIAN_POINT ( 'NONE',  ( -7.439743994977188635, 20.49999999999999645, -10.07273976182811737 ) ) ;
#764 = VERTEX_POINT ( 'NONE', #2022 ) ;
#765 = DIRECTION ( 'NONE',  ( -0.000000000000000000, -1.000000000000000000, -0.000000000000000000 ) ) ;
#766 = VECTOR ( 'NONE', #2205, 1000.000000000000000 ) ;
#767 = DIRECTION ( 'NONE',  ( -0.000000000000000000, 1.000000000000000000, -0.000000000000000000 ) ) ;
#768 = VECTOR ( 'NONE', #2328, 1000.000000000000000 ) ;
#769 = CARTESIAN_POINT ( 'NONE',  ( -10.45000000000000107, 31.99999999999999289, 12.50000000000000178 ) ) ;
#770 = CIRCLE ( 'NONE', #1584, 11.05000000000000071 ) ;
#771 = ORIENTED_EDGE ( 'NONE', *, *, #294, .F. ) ;
#772 = DIRECTION ( 'NONE',  ( -1.000000000000000000, 0.000000000000000000, 0.000000000000000000 ) ) ;
#773 = EDGE_CURVE ( 'NONE', #2261, #1730, #285, .T. ) ;
#774 = CARTESIAN_POINT ( 'NONE',  ( 10.45000000000000107, 31.99999999999999289, 12.50000000000000000 ) ) ;
#775 = EDGE_LOOP ( 'NONE', ( #58, #1311, #629, #912 ) ) ;
#776 = CARTESIAN_POINT ( 'NONE',  ( -12.19295029541090436, 26.98804867233304705, 2.890255725201649195 ) ) ;
#777 = EDGE_CURVE ( 'NONE', #1787, #2231, #876, .T. ) ;
#778 = AXIS2_PLACEMENT_3D ( 'NONE', #128, #898, #1671 ) ;
#779 = CARTESIAN_POINT ( 'NONE',  ( 10.45000000000000107, 37.99999999999999289, 12.50000000000000000 ) ) ;
#780 = VERTEX_POINT ( 'NONE', #1073 ) ;
#781 = DIRECTION ( 'NONE',  ( 0.000000000000000000, 1.000000000000000000, 0.000000000000000000 ) ) ;
#782 = CARTESIAN_POINT ( 'NONE',  ( 14.34999999999999787, 29.50000000000000000, 5.993564955693315710 ) ) ;
#783 = CARTESIAN_POINT ( 'NONE',  ( 9.019299195171621264, 20.55992653791626168, -8.666397127914788001 ) ) ;
#784 = VERTEX_POINT ( 'NONE', #464 ) ;
#785 = DIRECTION ( 'NONE',  ( -0.000000000000000000, -1.000000000000000000, -0.000000000000000000 ) ) ;
#786 = EDGE_CURVE ( 'NONE', #1601, #1223, #1108, .T. ) ;
#787 = EDGE_CURVE ( 'NONE', #2516, #357, #2140, .T. ) ;
#788 = FACE_OUTER_BOUND ( 'NONE', #180, .T. ) ;
#789 = ORIENTED_EDGE ( 'NONE', *, *, #2448, .T. ) ;
#790 = CARTESIAN_POINT ( 'NONE',  ( -14.35000000000031228, 29.50000000000008527, 13.80980867504022314 ) ) ;
#791 = CARTESIAN_POINT ( 'NONE',  ( 12.05653349848122957, 0.000000000000000000, 3.299999999999999822 ) ) ;
#792 = VERTEX_POINT ( 'NONE', #2248 ) ;
#793 = DIRECTION ( 'NONE',  ( -0.000000000000000000, 1.000000000000000000, -0.000000000000000000 ) ) ;
#794 = CARTESIAN_POINT ( 'NONE',  ( -10.45000000000000284, 37.99999999999999289, 12.50000000000000178 ) ) ;
#795 = CARTESIAN_POINT ( 'NONE',  ( 14.35000000000024301, 29.50000000000031619, 0.7862636753475099605 ) ) ;
#796 = CARTESIAN_POINT ( 'NONE',  ( 12.00468116503807714, 23.06362737913092786, 3.508814965824896603 ) ) ;
#797 = ORIENTED_EDGE ( 'NONE', *, *, #2198, .T. ) ;
#798 = CARTESIAN_POINT ( 'NONE',  ( 10.44999999999999751, 40.99999999999999289, -10.80000000000000782 ) ) ;
#799 = CARTESIAN_POINT ( 'NONE',  ( 12.05653349848122957, 0.000000000000000000, -3.299999999999999822 ) ) ;
#800 = ADVANCED_FACE ( 'NONE', ( #1909 ), #212, .F. ) ;
#801 = VERTEX_POINT ( 'NONE', #156 ) ;
#802 = CARTESIAN_POINT ( 'NONE',  ( -14.35000000000043308, 29.50000000000031264, 9.425950518748598128 ) ) ;
#803 = CARTESIAN_POINT ( 'NONE',  ( -3.597408979927028128, 21.48874913639653883, -11.99232063894964817 ) ) ;
#804 = ORIENTED_EDGE ( 'NONE', *, *, #2247, .T. ) ;
#805 = DIRECTION ( 'NONE',  ( 1.000000000000000000, 0.000000000000000000, 0.000000000000000000 ) ) ;
#806 = EDGE_CURVE ( 'NONE', #1918, #2318, #1756, .T. ) ;
#807 = DIRECTION ( 'NONE',  ( 0.000000000000000000, 0.000000000000000000, -1.000000000000000000 ) ) ;
#808 = CARTESIAN_POINT ( 'NONE',  ( 12.50033760923395221, 27.08017041485809884, -0.2778892688258869925 ) ) ;
#809 = AXIS2_PLACEMENT_3D ( 'NONE', #1925, #2314, #182 ) ;
#810 = ORIENTED_EDGE ( 'NONE', *, *, #2270, .T. ) ;
#811 = DIRECTION ( 'NONE',  ( -0.000000000000000000, 1.000000000000000000, -0.000000000000000000 ) ) ;
#812 = VECTOR ( 'NONE', #160, 1000.000000000000000 ) ;
#813 = CARTESIAN_POINT ( 'NONE',  ( 14.34999999999999964, 40.99999999999999289, 16.50000000000000000 ) ) ;
#814 = CIRCLE ( 'NONE', #356, 3.100000000000000533 ) ;
#815 = ORIENTED_EDGE ( 'NONE', *, *, #1388, .T. ) ;
#816 = CARTESIAN_POINT ( 'NONE',  ( -12.50033760923395754, 27.08017041485809884, 0.2778892688260569677 ) ) ;
#817 = DIRECTION ( 'NONE',  ( 0.000000000000000000, 1.000000000000000000, 0.000000000000000000 ) ) ;
#818 = ORIENTED_EDGE ( 'NONE', *, *, #2142, .F. ) ;
#819 = AXIS2_PLACEMENT_3D ( 'NONE', #1600, #1060, #2368 ) ;
#820 = DIRECTION ( 'NONE',  ( 0.000000000000000000, 0.000000000000000000, 1.000000000000000000 ) ) ;
#821 = VECTOR ( 'NONE', #2168, 1000.000000000000000 ) ;
#822 = ORIENTED_EDGE ( 'NONE', *, *, #350, .F. ) ;
#823 = CARTESIAN_POINT ( 'NONE',  ( 14.34999999999999964, 29.50000000000000000, -16.50000000000000000 ) ) ;
#824 = CARTESIAN_POINT ( 'NONE',  ( -7.732241865489744903, 20.50000000186213001, 9.828387949280982028 ) ) ;
#825 = ORIENTED_EDGE ( 'NONE', *, *, #777, .T. ) ;
#826 = CARTESIAN_POINT ( 'NONE',  ( -8.358242959445083997, 29.12200384650706653, 9.294632455309143282 ) ) ;
#827 = LINE ( 'NONE', #1002, #902 ) ;
#828 = ORIENTED_EDGE ( 'NONE', *, *, #646, .T. ) ;
#829 = PERSON_AND_ORGANIZATION_ROLE ( 'creator' ) ;
#830 = DIRECTION ( 'NONE',  ( 0.000000000000000000, 1.000000000000000000, 0.000000000000000000 ) ) ;
#831 = EDGE_CURVE ( 'NONE', #1924, #1007, #1234, .T. ) ;
#832 = ORIENTED_EDGE ( 'NONE', *, *, #1294, .F. ) ;
#833 = CARTESIAN_POINT ( 'NONE',  ( -5.587339711456474234, 20.92360631084928713, 11.18750579961461078 ) ) ;
#834 = CARTESIAN_POINT ( 'NONE',  ( 0.000000000000000000, 0.000000000000000000, 0.000000000000000000 ) ) ;
#835 = EDGE_CURVE ( 'NONE', #1730, #577, #1521, .T. ) ;
#836 = ORIENTED_EDGE ( 'NONE', *, *, #1504, .T. ) ;
#837 = CARTESIAN_POINT ( 'NONE',  ( -8.343023255813953654, 20.49999999999999645, -9.308273897611060832 ) ) ;
#838 = DIRECTION ( 'NONE',  ( -0.000000000000000000, -0.000000000000000000, 1.000000000000000000 ) ) ;
#839 = VERTEX_POINT ( 'NONE', #360 ) ;
#840 = SECURITY_CLASSIFICATION_LEVEL ( 'unclassified' ) ;
#841 = CARTESIAN_POINT ( 'NONE',  ( -1.443378966752749903, 21.94214198102191204, -12.43793115720730391 ) ) ;
#842 = DIRECTION ( 'NONE',  ( 0.000000000000000000, -0.000000000000000000, 1.000000000000000000 ) ) ;
#843 = VERTEX_POINT ( 'NONE', #2082 ) ;
#844 = DIRECTION ( 'NONE',  ( -0.000000000000000000, 1.000000000000000000, -0.000000000000000000 ) ) ;
#845 = CARTESIAN_POINT ( 'NONE',  ( -14.34999999999999964, 40.99999999999999289, -16.49999999999999289 ) ) ;
#846 = VECTOR ( 'NONE', #690, 1000.000000000000000 ) ;
#847 = ORIENTED_EDGE ( 'NONE', *, *, #920, .F. ) ;
#848 = CARTESIAN_POINT ( 'NONE',  ( -11.59215405581532288, 22.43561047183875701, -4.696274132460653838 ) ) ;
#849 = EDGE_CURVE ( 'NONE', #2366, #843, #2060, .T. ) ;
#850 = CIRCLE ( 'NONE', #1168, 9.000000000000001776 ) ;
#851 = DIRECTION ( 'NONE',  ( 0.000000000000000000, 0.000000000000000000, 1.000000000000000000 ) ) ;
#852 = VERTEX_POINT ( 'NONE', #1314 ) ;
#853 = PERSON_AND_ORGANIZATION ( #2360, #388 ) ;
#854 = DIRECTION ( 'NONE',  ( 0.000000000000000000, 1.000000000000000000, 0.000000000000000000 ) ) ;
#855 = CIRCLE ( 'NONE', #1707, 3.100000000000000533 ) ;
#856 = DIRECTION ( 'NONE',  ( 0.000000000000000000, 1.000000000000000000, 0.000000000000000000 ) ) ;
#857 = ORIENTED_EDGE ( 'NONE', *, *, #787, .F. ) ;
#858 = DIRECTION ( 'NONE',  ( -0.000000000000000000, 1.000000000000000000, -0.000000000000000000 ) ) ;
#859 = CARTESIAN_POINT ( 'NONE',  ( -5.828618016035860272, 27.39901856023091042, 11.10629523896814064 ) ) ;
#860 = ORIENTED_EDGE ( 'NONE', *, *, #2345, .F. ) ;
#861 = CARTESIAN_POINT ( 'NONE',  ( -9.806869807050528465, 27.30760492119756222, -7.911291600773907362 ) ) ;
#862 = EDGE_CURVE ( 'NONE', #1981, #1149, #1720, .T. ) ;
#863 = PLANE ( 'NONE',  #445 ) ;
#864 = CARTESIAN_POINT ( 'NONE',  ( -0.4529475413441436671, 26.82738268784877178, 12.50002329713084848 ) ) ;
#865 = CARTESIAN_POINT ( 'NONE',  ( -0.7221992831416897962, 22.01664982581202779, -12.49996919602643430 ) ) ;
#866 = DIRECTION ( 'NONE',  ( 0.000000000000000000, 1.000000000000000000, 0.000000000000000000 ) ) ;
#867 = VECTOR ( 'NONE', #1836, 1000.000000000000000 ) ;
#868 = DIRECTION ( 'NONE',  ( -0.000000000000000000, -1.000000000000000000, -0.000000000000000000 ) ) ;
#869 = ORIENTED_EDGE ( 'NONE', *, *, #929, .T. ) ;
#870 = PLANE ( 'NONE',  #641 ) ;
#871 = CARTESIAN_POINT ( 'NONE',  ( 0.000000000000000000, 0.000000000000000000, 0.000000000000000000 ) ) ;
#872 = ORIENTED_EDGE ( 'NONE', *, *, #1597, .F. ) ;
#873 = CARTESIAN_POINT ( 'NONE',  ( -11.89769615527392865, 26.93292283474375637, -3.985636829347328103 ) ) ;
#874 = PRODUCT_DEFINITION ( 'UNKNOWN', '', #2410, #2449 ) ;
#875 = EDGE_CURVE ( 'NONE', #2042, #2508, #2485, .T. ) ;
#876 = LINE ( 'NONE', #119, #1308 ) ;
#877 = CARTESIAN_POINT ( 'NONE',  ( 13.29977459890170266, 29.50000000000000000, 16.50000000000000000 ) ) ;
#878 = CARTESIAN_POINT ( 'NONE',  ( 7.460611328298279332, 28.41291607305974409, -10.05738993136884396 ) ) ;
#879 = EDGE_CURVE ( 'NONE', #2020, #1399, #2462, .T. ) ;
#880 = CARTESIAN_POINT ( 'NONE',  ( 14.34999999999999964, 14.50000000000000178, -2.450000000000000178 ) ) ;
#881 = ORIENTED_EDGE ( 'NONE', *, *, #1304, .F. ) ;
#882 = CARTESIAN_POINT ( 'NONE',  ( 12.19295029541029685, 26.98804867233438287, -2.890255725201609671 ) ) ;
#883 = DIRECTION ( 'NONE',  ( 0.000000000000000000, 0.000000000000000000, -1.000000000000000000 ) ) ;
#884 = ORIENTED_EDGE ( 'NONE', *, *, #1089, .F. ) ;
#885 = CARTESIAN_POINT ( 'NONE',  ( -14.35000000000000142, 29.50000000000000000, -11.37775034447987110 ) ) ;
#886 =( BOUNDED_CURVE ( )  B_SPLINE_CURVE ( 3, ( #2031, #2405, #1299, #544 ),
 .UNSPECIFIED., .F., .F. ) 
 B_SPLINE_CURVE_WITH_KNOTS ( ( 4, 4 ),
 ( 1.303629334066839895, 1.373519200609802482 ),
 .UNSPECIFIED. ) 
 CURVE ( )  GEOMETRIC_REPRESENTATION_ITEM ( )  RATIONAL_B_SPLINE_CURVE ( ( 1.000000000000000000, 0.9995929919668455899, 0.9995929919668455899, 1.000000000000000000 ) ) 
 REPRESENTATION_ITEM ( '' )  );
#887 = CIRCLE ( 'NONE', #105, 1.699999999999996625 ) ;
#888 = CYLINDRICAL_SURFACE ( 'NONE', #1338, 1.699999999999993072 ) ;
#889 = CARTESIAN_POINT ( 'NONE',  ( 5.828703947224516568, 27.39906135064595105, 11.10624315311236998 ) ) ;
#890 = VECTOR ( 'NONE', #922, 1000.000000000000000 ) ;
#891 = DIRECTION ( 'NONE',  ( 0.000000000000000000, 0.000000000000000000, -1.000000000000000000 ) ) ;
#892 = AXIS2_PLACEMENT_3D ( 'NONE', #1253, #904, #1850 ) ;
#893 = LINE ( 'NONE', #551, #432 ) ;
#894 = AXIS2_PLACEMENT_3D ( 'NONE', #774, #2105, #1337 ) ;
#895 = CARTESIAN_POINT ( 'NONE',  ( 14.34999999999999964, 29.50000000000000000, 16.01023110389103365 ) ) ;
#896 = ORIENTED_EDGE ( 'NONE', *, *, #612, .F. ) ;
#897 = CARTESIAN_POINT ( 'NONE',  ( 8.358242959441152919, 29.12200384650647678, -9.294632455313733388 ) ) ;
#898 = DIRECTION ( 'NONE',  ( -0.000000000000000000, -1.000000000000000000, -0.000000000000000000 ) ) ;
#899 = AXIS2_PLACEMENT_3D ( 'NONE', #693, #86, #322 ) ;
#900 = ORIENTED_EDGE ( 'NONE', *, *, #2136, .T. ) ;
#901 = DIRECTION ( 'NONE',  ( -0.000000000000000000, -1.000000000000000000, -0.000000000000000000 ) ) ;
#902 = VECTOR ( 'NONE', #1564, 1000.000000000000000 ) ;
#903 = CARTESIAN_POINT ( 'NONE',  ( -12.45113782861250762, 23.92533398985646542, -1.127598482924282219 ) ) ;
#904 = DIRECTION ( 'NONE',  ( -0.000000000000000000, -1.000000000000000000, -0.000000000000000000 ) ) ;
#905 = CARTESIAN_POINT ( 'NONE',  ( 10.44999999999999751, 40.99999999999999289, -10.80000000000000782 ) ) ;
#906 = DIRECTION ( 'NONE',  ( 0.000000000000000000, 0.000000000000000000, 1.000000000000000000 ) ) ;
#907 = ADVANCED_FACE ( 'NONE', ( #1325 ), #689, .F. ) ;
#908 = DIRECTION ( 'NONE',  ( -1.000000000000000000, -0.000000000000000000, -0.000000000000000000 ) ) ;
#909 = ORIENTED_EDGE ( 'NONE', *, *, #2457, .F. ) ;
#910 = CARTESIAN_POINT ( 'NONE',  ( 10.54573373454877405, 0.000000000000000000, 3.299999999999999822 ) ) ;
#911 = CARTESIAN_POINT ( 'NONE',  ( 14.34999999999999964, 14.50000000000000178, -2.450000000000000178 ) ) ;
#912 = ORIENTED_EDGE ( 'NONE', *, *, #1766, .T. ) ;
#913 = CARTESIAN_POINT ( 'NONE',  ( -14.34999999999999964, 29.50000000000000000, 16.50000000000000355 ) ) ;
#914 = EDGE_CURVE ( 'NONE', #764, #323, #2341, .T. ) ;
#915 = FACE_BOUND ( 'NONE', #2301, .T. ) ;
#916 = EDGE_LOOP ( 'NONE', ( #1202, #37, #909, #818 ) ) ;
#917 = FACE_OUTER_BOUND ( 'NONE', #1718, .T. ) ;
#918 = CARTESIAN_POINT ( 'NONE',  ( 14.35000000000035492, 20.49999999999999645, -16.01023110389071391 ) ) ;
#919 = CARTESIAN_POINT ( 'NONE',  ( 10.44999999999999929, 30.97853694765314003, 12.50000000000000000 ) ) ;
#920 = EDGE_CURVE ( 'NONE', #1748, #1149, #1920, .T. ) ;
#921 = FACE_BOUND ( 'NONE', #1955, .T. ) ;
#922 = DIRECTION ( 'NONE',  ( -0.000000000000000000, 1.000000000000000000, -0.000000000000000000 ) ) ;
#923 = CARTESIAN_POINT ( 'NONE',  ( 9.439333187514410639, 20.69592836485942655, -8.197450739964562416 ) ) ;
#924 = DIRECTION ( 'NONE',  ( -0.000000000000000000, 1.000000000000000000, -0.000000000000000000 ) ) ;
#925 = ORIENTED_EDGE ( 'NONE', *, *, #1928, .T. ) ;
#926 = FACE_BOUND ( 'NONE', #2192, .T. ) ;
#927 = CARTESIAN_POINT ( 'NONE',  ( -10.45000000000000107, 31.99999999999999289, 12.50000000000000178 ) ) ;
#928 = ORIENTED_EDGE ( 'NONE', *, *, #129, .F. ) ;
#929 = EDGE_CURVE ( 'NONE', #1457, #663, #44, .T. ) ;
#930 = CIRCLE ( 'NONE', #147, 1.699999999999993072 ) ;
#931 = DIRECTION ( 'NONE',  ( -0.000000000000000000, 1.000000000000000000, -0.000000000000000000 ) ) ;
#932 = CARTESIAN_POINT ( 'NONE',  ( 10.77497099764078214, 14.50000000000000178, -2.450000000000000178 ) ) ;
#933 = AXIS2_PLACEMENT_3D ( 'NONE', #1386, #2212, #92 ) ;
#934 = DIRECTION ( 'NONE',  ( 0.000000000000000000, 0.000000000000000000, -1.000000000000000000 ) ) ;
#935 = CARTESIAN_POINT ( 'NONE',  ( 14.34999999999999964, 29.50000000000000000, -14.09961527276057858 ) ) ;
#936 = AXIS2_PLACEMENT_3D ( 'NONE', #1535, #2298, #556 ) ;
#937 = CARTESIAN_POINT ( 'NONE',  ( 14.34999999999999964, 29.50000000000000000, 13.21900355471554001 ) ) ;
#938 = DIRECTION ( 'NONE',  ( 0.000000000000000000, 0.000000000000000000, 1.000000000000000000 ) ) ;
#939 = ORIENTED_EDGE ( 'NONE', *, *, #1277, .T. ) ;
#940 = CARTESIAN_POINT ( 'NONE',  ( -10.45000000000000284, 37.99999999999999289, 12.50000000000000178 ) ) ;
#941 = CARTESIAN_POINT ( 'NONE',  ( -13.78404875209022684, 20.49999999999999645, -16.49999999999999289 ) ) ;
#942 = EDGE_CURVE ( 'NONE', #1632, #407, #709, .T. ) ;
#943 = ORIENTED_EDGE ( 'NONE', *, *, #1808, .F. ) ;
#944 = DIRECTION ( 'NONE',  ( 0.000000000000000000, 0.000000000000000000, 1.000000000000000000 ) ) ;
#945 = APPLICATION_PROTOCOL_DEFINITION ( 'international standard', 'config_control_design', 1994, #2426 ) ;
#946 = LINE ( 'NONE', #1132, #1815 ) ;
#947 = CARTESIAN_POINT ( 'NONE',  ( 14.34999999999948272, 29.49999999999971578, 11.37775034447991729 ) ) ;
#948 = ADVANCED_BREP_SHAPE_REPRESENTATION ( 'tpu_mount', ( #1563, #1496 ), #144 ) ;
#949 = CARTESIAN_POINT ( 'NONE',  ( 9.470970900846772622, 20.70763897485008798, -8.160990104331826700 ) ) ;
#950 = ORIENTED_EDGE ( 'NONE', *, *, #2296, .F. ) ;
#951 = FACE_OUTER_BOUND ( 'NONE', #1885, .T. ) ;
#952 = DIRECTION ( 'NONE',  ( -0.7674418604651161990, 1.479221568662393069E-16, 0.6411185466088478169 ) ) ;
#953 = ORIENTED_EDGE ( 'NONE', *, *, #1387, .F. ) ;
#954 = ADVANCED_FACE ( 'NONE', ( #132, #915 ), #1688, .F. ) ;
#955 = CARTESIAN_POINT ( 'NONE',  ( 14.34999999999999964, 0.000000000000000000, -3.299999999999999822 ) ) ;
#956 = ORIENTED_EDGE ( 'NONE', *, *, #1317, .T. ) ;
#957 = LINE ( 'NONE', #376, #1164 ) ;
#958 = DIRECTION ( 'NONE',  ( 0.000000000000000000, 0.000000000000000000, 1.000000000000000000 ) ) ;
#959 = CARTESIAN_POINT ( 'NONE',  ( 11.59215405581518432, 22.43561047183871793, 4.696274132460972695 ) ) ;
#960 = EDGE_CURVE ( 'NONE', #29, #2189, #1545, .T. ) ;
#961 = CARTESIAN_POINT ( 'NONE',  ( 9.638440975065799776, 20.76394196699909855, 7.972397022625933083 ) ) ;
#962 = ORIENTED_EDGE ( 'NONE', *, *, #485, .F. ) ;
#963 = DIRECTION ( 'NONE',  ( 0.000000000000000000, 0.000000000000000000, 1.000000000000000000 ) ) ;
#964 = CARTESIAN_POINT ( 'NONE',  ( 14.34999999999999964, 29.50000000000000000, 16.50000000000000000 ) ) ;
#965 = ORIENTED_EDGE ( 'NONE', *, *, #1163, .T. ) ;
#966 = CARTESIAN_POINT ( 'NONE',  ( -14.34999999999970122, 29.49999999999966604, 5.256170014725830342 ) ) ;
#967 = CARTESIAN_POINT ( 'NONE',  ( -10.45000000000000107, 40.99999999999999289, 12.50000000000000178 ) ) ;
#968 = EDGE_LOOP ( 'NONE', ( #1775, #442, #666 ) ) ;
#969 = CIRCLE ( 'NONE', #2172, 1.699999999999996625 ) ;
#970 = DIRECTION ( 'NONE',  ( -1.000000000000000000, -0.000000000000000000, -0.000000000000000000 ) ) ;
#971 = CARTESIAN_POINT ( 'NONE',  ( 11.24394210085555201, 22.00059505374616720, 5.477845599647961805 ) ) ;
#972 = CIRCLE ( 'NONE', #1289, 3.100000000000000533 ) ;
#973 = DIRECTION ( 'NONE',  ( 0.000000000000000000, 0.000000000000000000, 1.000000000000000000 ) ) ;
#974 = AXIS2_PLACEMENT_3D ( 'NONE', #918, #2063, #712 ) ;
#975 = VERTEX_POINT ( 'NONE', #441 ) ;
#976 = CYLINDRICAL_SURFACE ( 'NONE', #2137, 3.100000000000000533 ) ;
#977 = CARTESIAN_POINT ( 'NONE',  ( 8.013981832610593159, 20.49999999999999645, -9.593023255813955430 ) ) ;
#978 = VERTEX_POINT ( 'NONE', #2320 ) ;
#979 = CARTESIAN_POINT ( 'NONE',  ( -14.34999999999963549, 29.49999999999966249, 7.391754126920682566 ) ) ;
#980 = DIRECTION ( 'NONE',  ( 0.000000000000000000, 0.000000000000000000, 1.000000000000000000 ) ) ;
#981 = ORIENTED_EDGE ( 'NONE', *, *, #559, .T. ) ;
#982 = LINE ( 'NONE', #584, #351 ) ;
#983 = DIRECTION ( 'NONE',  ( -0.000000000000000000, 1.000000000000000000, -0.000000000000000000 ) ) ;
#984 = ADVANCED_FACE ( 'NONE', ( #788 ), #7, .T. ) ;
#985 =( BOUNDED_CURVE ( )  B_SPLINE_CURVE ( 3, ( #187, #2491, #587, #553 ),
 .UNSPECIFIED., .F., .T. ) 
 B_SPLINE_CURVE_WITH_KNOTS ( ( 4, 4 ),
 ( 1.267526366081942246, 1.347218862934381978 ),
 .UNSPECIFIED. ) 
 CURVE ( )  GEOMETRIC_REPRESENTATION_ITEM ( )  RATIONAL_B_SPLINE_CURVE ( ( 1.000000000000000000, 0.9994708288491338521, 0.9994708288491338521, 1.000000000000000000 ) ) 
 REPRESENTATION_ITEM ( '' )  );
#986 = FACE_OUTER_BOUND ( 'NONE', #1109, .T. ) ;
#987 = ORIENTED_EDGE ( 'NONE', *, *, #2506, .F. ) ;
#988 = FACE_BOUND ( 'NONE', #2162, .T. ) ;
#989 = DIRECTION ( 'NONE',  ( -0.000000000000000000, -1.000000000000000000, -0.000000000000000000 ) ) ;
#990 = EDGE_LOOP ( 'NONE', ( #1721, #75, #261, #2006 ) ) ;
#991 = CARTESIAN_POINT ( 'NONE',  ( -12.42273178421692137, 27.05430153942304017, 1.459348633696859965 ) ) ;
#992 = ADVANCED_FACE ( 'NONE', ( #53 ), #383, .F. ) ;
#993 = LINE ( 'NONE', #1763, #2349 ) ;
#994 = EDGE_LOOP ( 'NONE', ( #2392, #1171, #1229, #1970 ) ) ;
#995 = CARTESIAN_POINT ( 'NONE',  ( 14.34999999999999964, 20.49999999999999645, 16.01023110389103365 ) ) ;
#996 = CARTESIAN_POINT ( 'NONE',  ( -6.847443517232663979, 20.61825740839059762, -10.46394486068148311 ) ) ;
#997 = CARTESIAN_POINT ( 'NONE',  ( 12.49957067468430871, 24.03300259942394490, 0.4571300438059345828 ) ) ;
#998 = ORIENTED_EDGE ( 'NONE', *, *, #2506, .T. ) ;
#999 = CARTESIAN_POINT ( 'NONE',  ( 14.34999999999999964, 29.50000000000000000, 16.50000000000000000 ) ) ;
#1000 = ORIENTED_EDGE ( 'NONE', *, *, #1881, .T. ) ;
#1001 = CARTESIAN_POINT ( 'NONE',  ( -12.49092902689404916, 27.07687654463169835, 0.5729332092598605763 ) ) ;
#1002 = CARTESIAN_POINT ( 'NONE',  ( 10.44999999999999574, 35.19999999999999574, -9.400000000000000355 ) ) ;
#1003 = EDGE_CURVE ( 'NONE', #2147, #425, #480, .T. ) ;
#1004 = VERTEX_POINT ( 'NONE', #2188 ) ;
#1005 = DIRECTION ( 'NONE',  ( 0.000000000000000000, 1.000000000000000000, 0.000000000000000000 ) ) ;
#1006 = AXIS2_PLACEMENT_3D ( 'NONE', #2178, #430, #1618 ) ;
#1007 = VERTEX_POINT ( 'NONE', #799 ) ;
#1008 = CARTESIAN_POINT ( 'NONE',  ( -10.45000000000000107, 40.99999999999999289, -12.50000000000000000 ) ) ;
#1009 = AXIS2_PLACEMENT_3D ( 'NONE', #2112, #1555, #2489 ) ;
#1010 = CARTESIAN_POINT ( 'NONE',  ( 0.000000000000000000, 0.000000000000000000, 0.000000000000000000 ) ) ;
#1011 = AXIS2_PLACEMENT_3D ( 'NONE', #1323, #131, #141 ) ;
#1012 = VERTEX_POINT ( 'NONE', #83 ) ;
#1013 = CARTESIAN_POINT ( 'NONE',  ( -8.471742419904257915, 28.76435696224610084, 9.220420873209187462 ) ) ;
#1014 = EDGE_CURVE ( 'NONE', #1795, #749, #296, .T. ) ;
#1015 = CARTESIAN_POINT ( 'NONE',  ( -1.509356560374379982E-11, 22.01668522645211468, 12.50000000000000000 ) ) ;
#1016 = ORIENTED_EDGE ( 'NONE', *, *, #1197, .T. ) ;
#1017 = APPROVAL_ROLE ( '' ) ;
#1018 = CIRCLE ( 'NONE', #740, 12.50000000000000000 ) ;
#1019 = CARTESIAN_POINT ( 'NONE',  ( -10.45000000000000107, 35.19999999999999574, 10.80000000000000959 ) ) ;
#1020 = VERTEX_POINT ( 'NONE', #1616 ) ;
#1021 = CYLINDRICAL_SURFACE ( 'NONE', #186, 1.699999999999993072 ) ;
#1022 = DIRECTION ( 'NONE',  ( 0.000000000000000000, -0.000000000000000000, 1.000000000000000000 ) ) ;
#1023 = ORIENTED_EDGE ( 'NONE', *, *, #102, .F. ) ;
#1024 = FACE_OUTER_BOUND ( 'NONE', #1232, .T. ) ;
#1025 = CARTESIAN_POINT ( 'NONE',  ( -10.45000000000000107, 31.99999999999999289, 14.19999999999999929 ) ) ;
#1026 = CARTESIAN_POINT ( 'NONE',  ( 13.78404875209020375, 29.50000000000000000, 16.50000000000000000 ) ) ;
#1027 = CARTESIAN_POINT ( 'NONE',  ( -3.576485364928013500, 26.95073671067095233, -12.03083368041195733 ) ) ;
#1028 = DIRECTION ( 'NONE',  ( 0.000000000000000000, 0.000000000000000000, 1.000000000000000000 ) ) ;
#1029 = DIRECTION ( 'NONE',  ( -0.000000000000000000, -1.000000000000000000, -0.000000000000000000 ) ) ;
#1030 = EDGE_CURVE ( 'NONE', #2207, #501, #192, .T. ) ;
#1031 = ORIENTED_EDGE ( 'NONE', *, *, #605, .F. ) ;
#1032 = CARTESIAN_POINT ( 'NONE',  ( -4.607506200749843295, 21.20336483665667870, 11.62528496881964202 ) ) ;
#1033 = CARTESIAN_POINT ( 'NONE',  ( -7.460611328298528910, 28.41291607305866052, 10.05738993136885462 ) ) ;
#1034 = ORIENTED_EDGE ( 'NONE', *, *, #1576, .F. ) ;
#1035 = CARTESIAN_POINT ( 'NONE',  ( -14.35000000000025722, 29.50000000000031974, -2.676669494450517828 ) ) ;
#1036 = CARTESIAN_POINT ( 'NONE',  ( -9.019299195171621264, 20.55992653791626168, 8.666397127914788001 ) ) ;
#1037 = EDGE_LOOP ( 'NONE', ( #332, #409 ) ) ;
#1038 = DIRECTION ( 'NONE',  ( 1.049727191138617833E-16, 0.5150380749100552658, -0.8571673007021116675 ) ) ;
#1039 = ADVANCED_FACE ( 'NONE', ( #1990 ), #2511, .F. ) ;
#1040 = EDGE_CURVE ( 'NONE', #577, #1730, #272, .T. ) ;
#1041 = CARTESIAN_POINT ( 'NONE',  ( 10.44999999999999574, 35.19999999999999574, -12.50000000000000000 ) ) ;
#1042 = ORIENTED_EDGE ( 'NONE', *, *, #1064, .T. ) ;
#1043 = DIRECTION ( 'NONE',  ( -0.000000000000000000, 1.000000000000000000, -0.000000000000000000 ) ) ;
#1044 = CARTESIAN_POINT ( 'NONE',  ( -11.25109671475199846, 29.49999999999993605, 16.49999999999975131 ) ) ;
#1045 = AXIS2_PLACEMENT_3D ( 'NONE', #260, #2378, #2014 ) ;
#1046 = ORIENTED_EDGE ( 'NONE', *, *, #1349, .F. ) ;
#1047 = CARTESIAN_POINT ( 'NONE',  ( -10.37934334782925028, 21.19629174723156240, -6.979208278608401983 ) ) ;
#1048 = CIRCLE ( 'NONE', #1940, 1.699999999999989742 ) ;
#1049 = CARTESIAN_POINT ( 'NONE',  ( -12.44413639149779094, 23.91007339747207894, 1.201852647833788312 ) ) ;
#1050 = CARTESIAN_POINT ( 'NONE',  ( 1.242182767004391009, 29.49999999999900169, 16.49999999999851141 ) ) ;
#1051 = AXIS2_PLACEMENT_3D ( 'NONE', #17, #2493, #963 ) ;
#1052 = PERSON_AND_ORGANIZATION ( #2360, #388 ) ;
#1053 = CARTESIAN_POINT ( 'NONE',  ( 4.399511421012910262, 27.04307268542222431, -11.75598243133356036 ) ) ;
#1054 = CONICAL_SURFACE ( 'NONE', #118, 1.699999999999996625, 1.029744258676653201 ) ;
#1055 = CARTESIAN_POINT ( 'NONE',  ( 5.587339711456474234, 20.92360631084929778, -11.18750579961460900 ) ) ;
#1056 = EDGE_LOOP ( 'NONE', ( #1656, #884 ) ) ;
#1057 = DIRECTION ( 'NONE',  ( 0.000000000000000000, 1.000000000000000000, 0.000000000000000000 ) ) ;
#1058 = VECTOR ( 'NONE', #2277, 1000.000000000000000 ) ;
#1059 = EDGE_CURVE ( 'NONE', #357, #1918, #1368, .T. ) ;
#1060 = DIRECTION ( 'NONE',  ( -0.000000000000000000, 1.000000000000000000, -0.000000000000000000 ) ) ;
#1061 = ORIENTED_EDGE ( 'NONE', *, *, #1354, .F. ) ;
#1062 = CARTESIAN_POINT ( 'NONE',  ( -10.45000000000000107, 40.99999999999999289, -10.80000000000001137 ) ) ;
#1063 = CARTESIAN_POINT ( 'NONE',  ( -10.45000000000000107, 31.99999999999999289, 10.80000000000000604 ) ) ;
#1064 = EDGE_CURVE ( 'NONE', #1223, #1601, #354, .T. ) ;
#1065 = CARTESIAN_POINT ( 'NONE',  ( 11.77760284966800519, 29.50000000000000000, 16.50000000000000000 ) ) ;
#1066 = CARTESIAN_POINT ( 'NONE',  ( 0.9078046071165647435, 26.83216055009322076, -12.47622986993828142 ) ) ;
#1067 = DIRECTION ( 'NONE',  ( 0.000000000000000000, 0.000000000000000000, 1.000000000000000000 ) ) ;
#1068 = ORIENTED_EDGE ( 'NONE', *, *, #2401, .F. ) ;
#1069 = CARTESIAN_POINT ( 'NONE',  ( -10.45000000000000107, 40.99999999999999289, 12.50000000000000178 ) ) ;
#1070 = DIRECTION ( 'NONE',  ( 0.000000000000000000, 1.000000000000000000, 0.000000000000000000 ) ) ;
#1071 = EDGE_LOOP ( 'NONE', ( #654, #943, #742, #857 ) ) ;
#1072 = CARTESIAN_POINT ( 'NONE',  ( -14.34999999999963904, 29.49999999999966960, -5.993564955694481888 ) ) ;
#1073 = CARTESIAN_POINT ( 'NONE',  ( 10.44999999999999751, 35.19999999999999574, -14.19999999999999396 ) ) ;
#1074 = CARTESIAN_POINT ( 'NONE',  ( 9.614799791409797791, 29.50000000000000000, 16.50000000000000000 ) ) ;
#1075 = CARTESIAN_POINT ( 'NONE',  ( 6.747870808931078379, 27.82012499902290870, -10.56843144227032205 ) ) ;
#1076 = FACE_OUTER_BOUND ( 'NONE', #2102, .T. ) ;
#1077 = FACE_BOUND ( 'NONE', #1296, .T. ) ;
#1078 = DIRECTION ( 'NONE',  ( -0.000000000000000000, 1.000000000000000000, -0.000000000000000000 ) ) ;
#1079 = VERTEX_POINT ( 'NONE', #1158 ) ;
#1080 = CARTESIAN_POINT ( 'NONE',  ( 9.053352129374104607, 27.89425475726240933, -8.718929453299693932 ) ) ;
#1081 = AXIS2_PLACEMENT_3D ( 'NONE', #397, #856, #842 ) ;
#1082 = FACE_OUTER_BOUND ( 'NONE', #505, .T. ) ;
#1083 = VERTEX_POINT ( 'NONE', #68 ) ;
#1084 = LINE ( 'NONE', #1758, #1506 ) ;
#1085 = VECTOR ( 'NONE', #1901, 1000.000000000000000 ) ;
#1086 = CARTESIAN_POINT ( 'NONE',  ( -12.49484108305156482, 24.02227063638984106, -0.4283906450325740134 ) ) ;
#1087 = CARTESIAN_POINT ( 'NONE',  ( 6.847443517232799870, 20.61825740839059762, 10.46394486068139074 ) ) ;
#1088 = VECTOR ( 'NONE', #1239, 1000.000000000000000 ) ;
#1089 = EDGE_CURVE ( 'NONE', #792, #1481, #972, .T. ) ;
#1090 = CARTESIAN_POINT ( 'NONE',  ( -10.63341868617197683, 4.780100252764266422, 3.019787226562093974 ) ) ;
#1091 = VECTOR ( 'NONE', #2307, 1000.000000000000000 ) ;
#1092 = CYLINDRICAL_SURFACE ( 'NONE', #1814, 1.699999999999993072 ) ;
#1093 = CARTESIAN_POINT ( 'NONE',  ( -13.78404875209022684, 29.50000000000000000, -16.49999999999999289 ) ) ;
#1094 = DIRECTION ( 'NONE',  ( -0.000000000000000000, 1.000000000000000000, -0.000000000000000000 ) ) ;
#1095 = ORIENTED_EDGE ( 'NONE', *, *, #1595, .T. ) ;
#1096 = CARTESIAN_POINT ( 'NONE',  ( 12.12850481271056502, 23.28216377675833115, -3.055912799246620182 ) ) ;
#1097 = EDGE_CURVE ( 'NONE', #1787, #1613, #2310, .T. ) ;
#1098 = CARTESIAN_POINT ( 'NONE',  ( 9.592076299547237284, 20.74466864127098731, 8.027478020041629136 ) ) ;
#1099 = AXIS2_PLACEMENT_3D ( 'NONE', #113, #2443, #1258 ) ;
#1100 = CARTESIAN_POINT ( 'NONE',  ( 10.77497099764078214, 14.50000000000000178, 2.450000000000000178 ) ) ;
#1101 = ORIENTED_EDGE ( 'NONE', *, *, #879, .T. ) ;
#1102 = CARTESIAN_POINT ( 'NONE',  ( 10.45000000000000107, 31.99999999999999289, 14.19999999999999751 ) ) ;
#1103 = CIRCLE ( 'NONE', #1793, 1.699999999999993072 ) ;
#1104 = DIRECTION ( 'NONE',  ( -0.000000000000000000, 1.000000000000000000, -0.000000000000000000 ) ) ;
#1105 = CARTESIAN_POINT ( 'NONE',  ( 0.6197153157895113340, 29.50000000000000000, -16.49999999999999645 ) ) ;
#1106 = CARTESIAN_POINT ( 'NONE',  ( 10.45000000000000107, 31.99999999999999289, 12.50000000000000000 ) ) ;
#1107 = CARTESIAN_POINT ( 'NONE',  ( 0.000000000000000000, 20.49999999999999645, 0.000000000000000000 ) ) ;
#1108 = CIRCLE ( 'NONE', #2518, 3.100000000000000533 ) ;
#1109 = EDGE_LOOP ( 'NONE', ( #2234, #2143, #1524 ) ) ;
#1110 = CARTESIAN_POINT ( 'NONE',  ( 8.833369350829562094, 28.15437872930809249, -8.921423403312697786 ) ) ;
#1111 = DIRECTION ( 'NONE',  ( 0.000000000000000000, 0.000000000000000000, 1.000000000000000000 ) ) ;
#1112 = EDGE_CURVE ( 'NONE', #2492, #2500, #715, .T. ) ;
#1113 = EDGE_LOOP ( 'NONE', ( #2181, #1303, #545, #651 ) ) ;
#1114 = FACE_BOUND ( 'NONE', #1805, .T. ) ;
#1115 = CARTESIAN_POINT ( 'NONE',  ( 12.05653349848122957, 0.000000000000000000, -3.299999999999999822 ) ) ;
#1116 = DIRECTION ( 'NONE',  ( -0.000000000000000000, 1.000000000000000000, -0.000000000000000000 ) ) ;
#1117 = FACE_OUTER_BOUND ( 'NONE', #1270, .T. ) ;
#1118 = LINE ( 'NONE', #2431, #2174 ) ;
#1119 = CARTESIAN_POINT ( 'NONE',  ( 9.173261705964788959, 27.77595458903406822, -8.602349874256344009 ) ) ;
#1120 = EDGE_CURVE ( 'NONE', #402, #1126, #644, .T. ) ;
#1121 = CARTESIAN_POINT ( 'NONE',  ( 12.30312011109533188, 23.61256919881641636, 2.252199843313668737 ) ) ;
#1122 = ORIENTED_EDGE ( 'NONE', *, *, #1273, .T. ) ;
#1123 = CARTESIAN_POINT ( 'NONE',  ( 10.45000000000000107, 31.99999999999999289, 12.50000000000000000 ) ) ;
#1124 = CC_DESIGN_SECURITY_CLASSIFICATION ( #184, ( #2410 ) ) ;
#1125 = CARTESIAN_POINT ( 'NONE',  ( -10.45000000000000107, 31.99999999999999289, -12.50000000000000000 ) ) ;
#1126 = VERTEX_POINT ( 'NONE', #1855 ) ;
#1127 = AXIS2_PLACEMENT_3D ( 'NONE', #2122, #414, #2517 ) ;
#1128 = CARTESIAN_POINT ( 'NONE',  ( -10.45000000000000107, 31.99999999999999289, -10.80000000000000426 ) ) ;
#1129 = VECTOR ( 'NONE', #934, 1000.000000000000000 ) ;
#1130 = DIRECTION ( 'NONE',  ( 0.000000000000000000, -0.9982862230079877497, 0.05852022686598545853 ) ) ;
#1131 = AXIS2_PLACEMENT_3D ( 'NONE', #1674, #1907, #1286 ) ;
#1132 = CARTESIAN_POINT ( 'NONE',  ( 10.44999999999999751, 40.99999999999999289, -14.19999999999999396 ) ) ;
#1133 = CARTESIAN_POINT ( 'NONE',  ( 14.35000000000000142, 29.50000000000000000, 5.278393087646554349 ) ) ;
#1134 = CC_DESIGN_PERSON_AND_ORGANIZATION_ASSIGNMENT ( #853, #625, ( #184 ) ) ;
#1135 = DIRECTION ( 'NONE',  ( -0.000000000000000000, 1.000000000000000000, -0.000000000000000000 ) ) ;
#1136 = ORIENTED_EDGE ( 'NONE', *, *, #1625, .T. ) ;
#1137 = DIRECTION ( 'NONE',  ( 0.000000000000000000, 1.000000000000000000, 0.000000000000000000 ) ) ;
#1138 = EDGE_CURVE ( 'NONE', #1149, #1162, #2066, .T. ) ;
#1139 = CARTESIAN_POINT ( 'NONE',  ( 10.44999999999999751, 31.99999999999999289, -12.50000000000000000 ) ) ;
#1140 = ORIENTED_EDGE ( 'NONE', *, *, #2186, .F. ) ;
#1141 = CARTESIAN_POINT ( 'NONE',  ( 14.34999999999999964, 40.99999999999999289, 16.50000000000000000 ) ) ;
#1142 = ADVANCED_FACE ( 'NONE', ( #1891, #1681 ), #93, .T. ) ;
#1143 = DIRECTION ( 'NONE',  ( -0.000000000000000000, 1.000000000000000000, -0.000000000000000000 ) ) ;
#1144 = CARTESIAN_POINT ( 'NONE',  ( -12.13342800256708109, 4.792398175836761531, 3.019066313830257808 ) ) ;
#1145 = ORIENTED_EDGE ( 'NONE', *, *, #670, .T. ) ;
#1146 = DIRECTION ( 'NONE',  ( -0.000000000000000000, 1.000000000000000000, -0.000000000000000000 ) ) ;
#1147 = DIRECTION ( 'NONE',  ( 0.000000000000000000, 0.000000000000000000, 1.000000000000000000 ) ) ;
#1148 = VECTOR ( 'NONE', #1733, 1000.000000000000000 ) ;
#1149 = VERTEX_POINT ( 'NONE', #1668 ) ;
#1150 = CARTESIAN_POINT ( 'NONE',  ( -10.59968125645206882, 27.00033641606828283, 6.803630376565775961 ) ) ;
#1151 = ORIENTED_EDGE ( 'NONE', *, *, #659, .T. ) ;
#1152 = DIRECTION ( 'NONE',  ( 0.000000000000000000, 0.000000000000000000, -1.000000000000000000 ) ) ;
#1153 = CARTESIAN_POINT ( 'NONE',  ( -10.45000000000000107, 40.99999999999999289, 10.80000000000000959 ) ) ;
#1154 = CARTESIAN_POINT ( 'NONE',  ( 11.08874635982018830, 26.91399844952051268, 5.942515778205906152 ) ) ;
#1155 = DIRECTION ( 'NONE',  ( 1.049727191138617833E-16, 0.5150380749100552658, -0.8571673007021116675 ) ) ;
#1156 = ORIENTED_EDGE ( 'NONE', *, *, #914, .F. ) ;
#1157 = CARTESIAN_POINT ( 'NONE',  ( -10.45000000000000107, 35.19999999999999574, 14.19999999999999574 ) ) ;
#1158 = CARTESIAN_POINT ( 'NONE',  ( 8.013981832610593159, 20.49999999999999645, 9.593023255813953654 ) ) ;
#1159 = ORIENTED_EDGE ( 'NONE', *, *, #78, .T. ) ;
#1160 = CARTESIAN_POINT ( 'NONE',  ( -14.34999999999948628, 29.49999999999971934, 10.08189929032053200 ) ) ;
#1161 = LINE ( 'NONE', #1177, #821 ) ;
#1162 = VERTEX_POINT ( 'NONE', #895 ) ;
#1163 = EDGE_CURVE ( 'NONE', #975, #2318, #1118, .T. ) ;
#1164 = VECTOR ( 'NONE', #2502, 1000.000000000000000 ) ;
#1165 = AXIS2_PLACEMENT_3D ( 'NONE', #170, #2086, #958 ) ;
#1166 = DIRECTION ( 'NONE',  ( 0.000000000000000000, 0.000000000000000000, 1.000000000000000000 ) ) ;
#1167 = CARTESIAN_POINT ( 'NONE',  ( 12.42273178421628366, 27.05430153942371518, -1.459348633696819109 ) ) ;
#1168 = AXIS2_PLACEMENT_3D ( 'NONE', #2090, #533, #1301 ) ;
#1169 = DIRECTION ( 'NONE',  ( 0.000000000000000000, 0.000000000000000000, 1.000000000000000000 ) ) ;
#1170 = ADVANCED_FACE ( 'NONE', ( #331 ), #541, .F. ) ;
#1171 = ORIENTED_EDGE ( 'NONE', *, *, #295, .T. ) ;
#1172 = CARTESIAN_POINT ( 'NONE',  ( 10.45000000000000107, 35.19999999999999574, 9.400000000000000355 ) ) ;
#1173 = CARTESIAN_POINT ( 'NONE',  ( 10.44999999999999574, 37.99999999999999289, -12.50000000000000000 ) ) ;
#1174 = ORIENTED_EDGE ( 'NONE', *, *, #485, .T. ) ;
#1175 = CARTESIAN_POINT ( 'NONE',  ( -9.861269033093535086, 20.88360839030855232, 7.684683218752986988 ) ) ;
#1176 = CIRCLE ( 'NONE', #695, 1.699999999999993072 ) ;
#1177 = CARTESIAN_POINT ( 'NONE',  ( -10.45000000000000107, 31.99999999999999289, 14.19999999999999929 ) ) ;
#1178 = VECTOR ( 'NONE', #931, 1000.000000000000000 ) ;
#1179 = ORIENTED_EDGE ( 'NONE', *, *, #1465, .T. ) ;
#1180 = EDGE_CURVE ( 'NONE', #1593, #2516, #563, .T. ) ;
#1181 = CARTESIAN_POINT ( 'NONE',  ( 0.000000000000000000, 0.000000000000000000, 0.000000000000000000 ) ) ;
#1182 = CARTESIAN_POINT ( 'NONE',  ( -6.747968642560011610, 27.82017137821828712, -10.56837143938548884 ) ) ;
#1183 = DIRECTION ( 'NONE',  ( -0.000000000000000000, 1.000000000000000000, -0.000000000000000000 ) ) ;
#1184 = CARTESIAN_POINT ( 'NONE',  ( 12.30509672818512357, 23.62056743256437485, 2.209793291484976940 ) ) ;
#1185 = ORIENTED_EDGE ( 'NONE', *, *, #1465, .F. ) ;
#1186 = DIRECTION ( 'NONE',  ( 0.000000000000000000, 0.000000000000000000, -1.000000000000000000 ) ) ;
#1187 = EDGE_CURVE ( 'NONE', #1812, #220, #1307, .T. ) ;
#1188 = ORIENTED_EDGE ( 'NONE', *, *, #519, .F. ) ;
#1189 = CARTESIAN_POINT ( 'NONE',  ( -14.35000000000012399, 29.50000000000015987, 1.518976467637113137 ) ) ;
#1190 = DIRECTION ( 'NONE',  ( -0.000000000000000000, 1.000000000000000000, -0.000000000000000000 ) ) ;
#1191 = DIRECTION ( 'NONE',  ( 0.000000000000000000, 0.000000000000000000, 1.000000000000000000 ) ) ;
#1192 = CARTESIAN_POINT ( 'NONE',  ( -7.804466268922733541, 28.91190049349934910, -9.776010385155130322 ) ) ;
#1193 = DIRECTION ( 'NONE',  ( 0.000000000000000000, 0.000000000000000000, 1.000000000000000000 ) ) ;
#1194 = EDGE_CURVE ( 'NONE', #2366, #1967, #136, .T. ) ;
#1195 = ORIENTED_EDGE ( 'NONE', *, *, #52, .F. ) ;
#1196 = FACE_OUTER_BOUND ( 'NONE', #217, .T. ) ;
#1197 = EDGE_CURVE ( 'NONE', #1481, #792, #231, .T. ) ;
#1198 = CARTESIAN_POINT ( 'NONE',  ( -7.932756491533115017, 29.19432759116281417, 9.660878657819766957 ) ) ;
#1199 = ORIENTED_EDGE ( 'NONE', *, *, #1512, .T. ) ;
#1200 = CARTESIAN_POINT ( 'NONE',  ( -8.994124237826564894, 20.55487296345918935, 8.692098010881256442 ) ) ;
#1201 = CARTESIAN_POINT ( 'NONE',  ( 7.439743994977185970, 20.49999999999999645, 10.07273976182812270 ) ) ;
#1202 = ORIENTED_EDGE ( 'NONE', *, *, #519, .T. ) ;
#1203 = CALENDAR_DATE ( 2026, 6, 7 ) ;
#1204 = CARTESIAN_POINT ( 'NONE',  ( -7.460864786605837295, 28.41321210575158673, -10.05718981521570754 ) ) ;
#1205 = ORIENTED_EDGE ( 'NONE', *, *, #612, .T. ) ;
#1206 = CARTESIAN_POINT ( 'NONE',  ( 10.45000000000000107, 40.99999999999999289, 10.80000000000001137 ) ) ;
#1207 = AXIS2_PLACEMENT_3D ( 'NONE', #746, #781, #200 ) ;
#1208 = CARTESIAN_POINT ( 'NONE',  ( -13.29943805220128716, 29.50000000000000000, 16.50000000000000355 ) ) ;
#1209 = B_SPLINE_CURVE_WITH_KNOTS ( 'NONE', 3,
 ( #436, #1201, #1612, #1969, #623, #232, #1363, #2372, #1951, #219, #1381, #1015 ),
 .UNSPECIFIED., .F., .F.,
 ( 4, 2, 2, 2, 2, 4 ),
 ( 0.000000000000000000, 0.002203848267184365783, 0.003305772400776549325, 0.004407696534368733300, 0.006611544801553100384, 0.008815393068737466600 ),
 .UNSPECIFIED. ) ;
#1210 = ORIENTED_EDGE ( 'NONE', *, *, #670, .F. ) ;
#1211 = CARTESIAN_POINT ( 'NONE',  ( -10.45000000000000284, 35.19999999999999574, -12.50000000000000000 ) ) ;
#1212 = CARTESIAN_POINT ( 'NONE',  ( 1.509873289799012911E-11, 22.01668522645211823, -12.50000000000000000 ) ) ;
#1213 = VERTEX_POINT ( 'NONE', #513 ) ;
#1214 = COORDINATED_UNIVERSAL_TIME_OFFSET ( 5, 0, .BEHIND. ) ;
#1215 = ADVANCED_FACE ( 'NONE', ( #1280 ), #1643, .F. ) ;
#1216 = AXIS2_PLACEMENT_3D ( 'NONE', #769, #368, #2305 ) ;
#1217 = CARTESIAN_POINT ( 'NONE',  ( 0.000000000000000000, 0.000000000000000000, 0.000000000000000000 ) ) ;
#1218 = AXIS2_PLACEMENT_3D ( 'NONE', #23, #817, #2515 ) ;
#1219 = CARTESIAN_POINT ( 'NONE',  ( 0.000000000000000000, 14.50000000000000000, 0.000000000000000000 ) ) ;
#1220 = ORIENTED_EDGE ( 'NONE', *, *, #1089, .T. ) ;
#1221 = CARTESIAN_POINT ( 'NONE',  ( -8.013981832610591383, 20.49999999999999645, 9.593023255813955430 ) ) ;
#1222 = CARTESIAN_POINT ( 'NONE',  ( -6.461018239643919969, 27.66145995696036053, 10.75074537069046521 ) ) ;
#1223 = VERTEX_POINT ( 'NONE', #500 ) ;
#1224 = CARTESIAN_POINT ( 'NONE',  ( -14.34999999999986109, 29.49999999999983302, -3.052238148789574890 ) ) ;
#1225 = DIRECTION ( 'NONE',  ( -0.000000000000000000, 1.000000000000000000, -0.000000000000000000 ) ) ;
#1226 = ORIENTED_EDGE ( 'NONE', *, *, #227, .F. ) ;
#1227 = CARTESIAN_POINT ( 'NONE',  ( -12.80164805476213807, 29.50000000000000000, -16.49999999999999289 ) ) ;
#1228 = CARTESIAN_POINT ( 'NONE',  ( 6.843744007526197493, 20.60902040241163391, -10.48479990646171700 ) ) ;
#1229 = ORIENTED_EDGE ( 'NONE', *, *, #11, .F. ) ;
#1230 = CARTESIAN_POINT ( 'NONE',  ( 10.44999999999999751, 40.99999999999999289, -10.80000000000001137 ) ) ;
#1231 = CARTESIAN_POINT ( 'NONE',  ( -7.804315752457493538, 28.91160801360420152, 9.776141077305116056 ) ) ;
#1232 = EDGE_LOOP ( 'NONE', ( #223, #557, #1034 ) ) ;
#1233 = CARTESIAN_POINT ( 'NONE',  ( -11.71964917466958411, 26.91054291594062065, -4.502998054152975271 ) ) ;
#1234 =( BOUNDED_CURVE ( )  B_SPLINE_CURVE ( 3, ( #337, #2446, #723, #1115 ),
 .UNSPECIFIED., .F., .T. ) 
 B_SPLINE_CURVE_WITH_KNOTS ( ( 4, 4 ),
 ( 4.909666106569783750, 4.979555973112746337 ),
 .UNSPECIFIED. ) 
 CURVE ( )  GEOMETRIC_REPRESENTATION_ITEM ( )  RATIONAL_B_SPLINE_CURVE ( ( 1.000000000000000000, 0.9995929919668455899, 0.9995929919668455899, 1.000000000000000000 ) ) 
 REPRESENTATION_ITEM ( '' )  );
#1235 = DIRECTION ( 'NONE',  ( 0.000000000000000000, 1.000000000000000000, 0.000000000000000000 ) ) ;
#1236 = ORIENTED_EDGE ( 'NONE', *, *, #1371, .F. ) ;
#1237 = CALENDAR_DATE ( 2026, 6, 7 ) ;
#1238 = CARTESIAN_POINT ( 'NONE',  ( 5.485079465661395481, 27.29385246393225373, -11.27948172414930994 ) ) ;
#1239 = DIRECTION ( 'NONE',  ( -0.000000000000000000, 1.000000000000000000, -0.000000000000000000 ) ) ;
#1240 = DIRECTION ( 'NONE',  ( 0.000000000000000000, 0.000000000000000000, 1.000000000000000000 ) ) ;
#1241 = EDGE_LOOP ( 'NONE', ( #62, #828, #1136, #962 ) ) ;
#1242 = CARTESIAN_POINT ( 'NONE',  ( -10.45000000000000107, 37.99999999999999289, -10.80000000000000782 ) ) ;
#1243 = CIRCLE ( 'NONE', #2092, 8.999999999999998224 ) ;
#1244 = DIRECTION ( 'NONE',  ( -1.000000000000000000, 0.000000000000000000, 1.208866533781747157E-16 ) ) ;
#1245 = ADVANCED_FACE ( 'NONE', ( #672 ), #1655, .F. ) ;
#1246 = VECTOR ( 'NONE', #1255, 1000.000000000000000 ) ;
#1247 = ORIENTED_EDGE ( 'NONE', *, *, #2109, .F. ) ;
#1248 = CARTESIAN_POINT ( 'NONE',  ( -8.819885019420270922, 28.14329636464355744, -8.936426276344903386 ) ) ;
#1249 = CIRCLE ( 'NONE', #933, 1.699999999999989742 ) ;
#1250 = DIRECTION ( 'NONE',  ( 2.417733067563494313E-16, -0.000000000000000000, 1.000000000000000000 ) ) ;
#1251 = CARTESIAN_POINT ( 'NONE',  ( 4.931793988276399254, 21.10877062581561248, 11.49169403095766562 ) ) ;
#1252 = CARTESIAN_POINT ( 'NONE',  ( -2.482611822846973570, 29.49999999999902300, -16.49999999999839417 ) ) ;
#1253 = CARTESIAN_POINT ( 'NONE',  ( -10.45000000000000107, 37.99999999999999289, 12.50000000000000178 ) ) ;
#1254 = AXIS2_PLACEMENT_3D ( 'NONE', #1736, #2467, #363 ) ;
#1255 = DIRECTION ( 'NONE',  ( 1.000000000000000000, -0.000000000000000000, -1.208866533781747157E-16 ) ) ;
#1256 = ORIENTED_EDGE ( 'NONE', *, *, #1504, .F. ) ;
#1257 = CARTESIAN_POINT ( 'NONE',  ( -13.78404875209021796, 29.50000000000000000, 16.50000000000000355 ) ) ;
#1258 = DIRECTION ( 'NONE',  ( 0.6411185466088471507, 0.000000000000000000, -0.7674418604651164211 ) ) ;
#1259 = VERTEX_POINT ( 'NONE', #1869 ) ;
#1260 = CARTESIAN_POINT ( 'NONE',  ( -14.34999999999999964, 29.50000000000000000, -13.80726219462466275 ) ) ;
#1261 = CARTESIAN_POINT ( 'NONE',  ( 10.45000000000000107, 35.19999999999999574, 12.50000000000000000 ) ) ;
#1262 = CARTESIAN_POINT ( 'NONE',  ( 5.485273456560433303, 27.29390484310103560, 11.27939004746056106 ) ) ;
#1263 = CARTESIAN_POINT ( 'NONE',  ( 1.443402416253241949, 21.92812859878316800, -12.42167255204269516 ) ) ;
#1264 = CARTESIAN_POINT ( 'NONE',  ( 10.54573373454877405, 0.000000000000000000, -3.299999999999999822 ) ) ;
#1265 = DIRECTION ( 'NONE',  ( 0.000000000000000000, 1.000000000000000000, 0.000000000000000000 ) ) ;
#1266 = LINE ( 'NONE', #1520, #2258 ) ;
#1267 = ORIENTED_EDGE ( 'NONE', *, *, #1138, .F. ) ;
#1268 = CARTESIAN_POINT ( 'NONE',  ( 11.04885932165236895, 21.78532153625384993, -5.861569354806151821 ) ) ;
#1269 = DIRECTION ( 'NONE',  ( -0.000000000000000000, -1.000000000000000000, -0.000000000000000000 ) ) ;
#1270 = EDGE_LOOP ( 'NONE', ( #1046, #1830, #2355, #1236 ) ) ;
#1271 = LINE ( 'NONE', #1102, #196 ) ;
#1272 = ADVANCED_FACE ( 'NONE', ( #2255 ), #2440, .F. ) ;
#1273 = EDGE_CURVE ( 'NONE', #2150, #1748, #2027, .T. ) ;
#1274 = FACE_OUTER_BOUND ( 'NONE', #1546, .T. ) ;
#1275 = CARTESIAN_POINT ( 'NONE',  ( 6.541684288738452757, 20.68249638295242576, 10.65774619015782854 ) ) ;
#1276 = CARTESIAN_POINT ( 'NONE',  ( 3.577488279023290918, 26.95086007558239061, -12.03047715167735454 ) ) ;
#1277 = EDGE_CURVE ( 'NONE', #413, #1737, #288, .T. ) ;
#1278 = CARTESIAN_POINT ( 'NONE',  ( 12.25754869458000762, 14.50000000000000178, 2.450000000000000178 ) ) ;
#1279 = CARTESIAN_POINT ( 'NONE',  ( -10.45000000000000107, 37.99999999999999289, 14.19999999999999574 ) ) ;
#1280 = FACE_OUTER_BOUND ( 'NONE', #1934, .T. ) ;
#1281 = EDGE_LOOP ( 'NONE', ( #1784, #804, #1140 ) ) ;
#1282 = DIRECTION ( 'NONE',  ( -0.000000000000000000, 0.05852022686598545853, 0.9982862230079877497 ) ) ;
#1283 = LOCAL_TIME ( 18, 1, 16.00000000000000000, #2007 ) ;
#1284 = DIRECTION ( 'NONE',  ( 0.000000000000000000, -0.000000000000000000, 1.000000000000000000 ) ) ;
#1285 = EDGE_LOOP ( 'NONE', ( #1686, #1644, #720, #462 ) ) ;
#1286 = DIRECTION ( 'NONE',  ( 0.000000000000000000, 0.000000000000000000, 1.000000000000000000 ) ) ;
#1287 = CIRCLE ( 'NONE', #1933, 21.50000000000000000 ) ;
#1288 = DIRECTION ( 'NONE',  ( -0.000000000000000000, -1.000000000000000000, -0.000000000000000000 ) ) ;
#1289 = AXIS2_PLACEMENT_3D ( 'NONE', #277, #1631, #1240 ) ;
#1290 = CARTESIAN_POINT ( 'NONE',  ( 12.80110895681130678, 29.50000000000000000, -16.50000000000000000 ) ) ;
#1291 = CIRCLE ( 'NONE', #1011, 3.100000000000000533 ) ;
#1292 = FACE_OUTER_BOUND ( 'NONE', #1071, .T. ) ;
#1293 = CARTESIAN_POINT ( 'NONE',  ( 10.45000000000000107, 35.19999999999999574, 14.19999999999999396 ) ) ;
#1294 = EDGE_CURVE ( 'NONE', #1361, #1393, #2091, .T. ) ;
#1295 = DIRECTION ( 'NONE',  ( 0.000000000000000000, 1.000000000000000000, 0.000000000000000000 ) ) ;
#1296 = EDGE_LOOP ( 'NONE', ( #254, #1913 ) ) ;
#1297 = CARTESIAN_POINT ( 'NONE',  ( 11.59133114858449787, 22.43447653873250758, -4.698323607081396069 ) ) ;
#1298 = AXIS2_PLACEMENT_3D ( 'NONE', #2273, #924, #489 ) ;
#1299 = CARTESIAN_POINT ( 'NONE',  ( 12.20046035063748668, 9.627699515658079576, 2.735617614599352709 ) ) ;
#1300 = ORIENTED_EDGE ( 'NONE', *, *, #2345, .T. ) ;
#1301 = DIRECTION ( 'NONE',  ( 0.6674418604651162212, 0.000000000000000000, 0.7446619118088854128 ) ) ;
#1302 = CARTESIAN_POINT ( 'NONE',  ( -9.913738801121892763, 20.90253857563271112, -7.626043060405497620 ) ) ;
#1303 = ORIENTED_EDGE ( 'NONE', *, *, #1194, .T. ) ;
#1304 = EDGE_CURVE ( 'NONE', #1007, #1844, #1266, .T. ) ;
#1305 = FACE_BOUND ( 'NONE', #2089, .T. ) ;
#1306 = EDGE_CURVE ( 'NONE', #1647, #792, #1902, .T. ) ;
#1307 = LINE ( 'NONE', #1480, #604 ) ;
#1308 = VECTOR ( 'NONE', #256, 1000.000000000000000 ) ;
#1309 = CARTESIAN_POINT ( 'NONE',  ( 14.34999999999999964, 29.50000000000000000, -14.95040857867354767 ) ) ;
#1310 = CARTESIAN_POINT ( 'NONE',  ( -10.45000000000000107, 35.19999999999999574, -14.19999999999999396 ) ) ;
#1311 = ORIENTED_EDGE ( 'NONE', *, *, #694, .F. ) ;
#1312 = FACE_OUTER_BOUND ( 'NONE', #198, .T. ) ;
#1313 = EDGE_CURVE ( 'NONE', #1399, #2020, #1896, .T. ) ;
#1314 = CARTESIAN_POINT ( 'NONE',  ( 1.530808498934191127E-15, 0.000000000000000000, 12.50000000000000000 ) ) ;
#1315 = DIRECTION ( 'NONE',  ( 0.000000000000000000, -0.000000000000000000, 1.000000000000000000 ) ) ;
#1316 = CC_DESIGN_PERSON_AND_ORGANIZATION_ASSIGNMENT ( #1384, #2151, ( #631 ) ) ;
#1317 = EDGE_CURVE ( 'NONE', #2231, #1613, #2375, .T. ) ;
#1318 =( BOUNDED_CURVE ( )  B_SPLINE_CURVE ( 3, ( #1634, #2206, #1401, #45 ),
 .UNSPECIFIED., .F., .F. ) 
 B_SPLINE_CURVE_WITH_KNOTS ( ( 4, 4 ),
 ( 1.267526366081942024, 1.347218862934381978 ),
 .UNSPECIFIED. ) 
 CURVE ( )  GEOMETRIC_REPRESENTATION_ITEM ( )  RATIONAL_B_SPLINE_CURVE ( ( 1.000000000000000000, 0.9994708288491338521, 0.9994708288491338521, 1.000000000000000000 ) ) 
 REPRESENTATION_ITEM ( '' )  );
#1319 = FACE_OUTER_BOUND ( 'NONE', #2126, .T. ) ;
#1320 = CARTESIAN_POINT ( 'NONE',  ( 14.35000000000036202, 29.50000000000033396, -5.974605905210607304 ) ) ;
#1321 = CARTESIAN_POINT ( 'NONE',  ( 9.615750723569162162, 20.76673694810572357, -7.989808642829131280 ) ) ;
#1322 = VERTEX_POINT ( 'NONE', #1726 ) ;
#1323 = CARTESIAN_POINT ( 'NONE',  ( 10.45000000000000107, 37.99999999999999289, 12.50000000000000000 ) ) ;
#1324 = ADVANCED_FACE ( 'NONE', ( #1343 ), #63, .F. ) ;
#1325 = FACE_OUTER_BOUND ( 'NONE', #1894, .T. ) ;
#1326 = VECTOR ( 'NONE', #488, 1000.000000000000000 ) ;
#1327 = CYLINDRICAL_SURFACE ( 'NONE', #1791, 1.699999999999993072 ) ;
#1328 = AXIS2_PLACEMENT_3D ( 'NONE', #2280, #756, #2290 ) ;
#1329 = CARTESIAN_POINT ( 'NONE',  ( -8.343023255813955430, 20.49999999999999645, 9.308273897611067937 ) ) ;
#1330 = TOROIDAL_SURFACE ( 'NONE', #1663, 21.50000000000000000, 9.000000000000000000 ) ;
#1331 = CARTESIAN_POINT ( 'NONE',  ( 14.34999999999999964, 14.50000000000000178, 2.450000000000000178 ) ) ;
#1332 = CARTESIAN_POINT ( 'NONE',  ( 12.47078994293641863, 23.96876726971827054, -0.8831258532798749172 ) ) ;
#1333 = CARTESIAN_POINT ( 'NONE',  ( 8.343023255813955430, 20.49999999999999645, 9.308273897611067937 ) ) ;
#1334 = ORIENTED_EDGE ( 'NONE', *, *, #248, .T. ) ;
#1335 = DIRECTION ( 'NONE',  ( -0.000000000000000000, 1.000000000000000000, -0.000000000000000000 ) ) ;
#1336 = AXIS2_PLACEMENT_3D ( 'NONE', #595, #1750, #1405 ) ;
#1337 = DIRECTION ( 'NONE',  ( 0.000000000000000000, 0.000000000000000000, 1.000000000000000000 ) ) ;
#1338 = AXIS2_PLACEMENT_3D ( 'NONE', #656, #1225, #493 ) ;
#1339 = ORIENTED_EDGE ( 'NONE', *, *, #1803, .F. ) ;
#1340 = FACE_OUTER_BOUND ( 'NONE', #696, .T. ) ;
#1341 = EDGE_LOOP ( 'NONE', ( #207, #2293, #342, #292 ) ) ;
#1342 = DIRECTION ( 'NONE',  ( -0.7446619118088854128, 0.000000000000000000, 0.6674418604651163323 ) ) ;
#1343 = FACE_OUTER_BOUND ( 'NONE', #163, .T. ) ;
#1344 = CARTESIAN_POINT ( 'NONE',  ( 12.11820193117629252, 26.97396607775416655, 3.169275020764307449 ) ) ;
#1345 = CARTESIAN_POINT ( 'NONE',  ( 12.47010975744546180, 23.96725689296678041, 0.8949496481524130687 ) ) ;
#1346 = ORIENTED_EDGE ( 'NONE', *, *, #2035, .T. ) ;
#1347 = CARTESIAN_POINT ( 'NONE',  ( 0.000000000000000000, 20.49999999999999645, 0.000000000000000000 ) ) ;
#1348 = DIRECTION ( 'NONE',  ( 0.000000000000000000, 0.000000000000000000, 1.000000000000000000 ) ) ;
#1349 = EDGE_CURVE ( 'NONE', #2042, #2369, #395, .T. ) ;
#1350 = VERTEX_POINT ( 'NONE', #1753 ) ;
#1351 = CARTESIAN_POINT ( 'NONE',  ( -10.33891308973541712, 27.07478308246347254, 7.198123644298632051 ) ) ;
#1352 = DIRECTION ( 'NONE',  ( 0.000000000000000000, 1.000000000000000000, 0.000000000000000000 ) ) ;
#1353 = ORIENTED_EDGE ( 'NONE', *, *, #52, .T. ) ;
#1354 = EDGE_CURVE ( 'NONE', #2189, #501, #946, .T. ) ;
#1355 = CARTESIAN_POINT ( 'NONE',  ( 10.45000000000000107, 35.19999999999999574, 15.60000000000000142 ) ) ;
#1356 = CARTESIAN_POINT ( 'NONE',  ( 11.31625076150895026, 26.90074651546472140, 5.480654249288302360 ) ) ;
#1357 = CARTESIAN_POINT ( 'NONE',  ( 12.46442378065906453, 23.95470595624572852, -0.9709314409510946264 ) ) ;
#1358 = ORIENTED_EDGE ( 'NONE', *, *, #1112, .F. ) ;
#1359 = LINE ( 'NONE', #394, #2129 ) ;
#1360 = CARTESIAN_POINT ( 'NONE',  ( 10.44999999999999751, 37.99999999999999289, -12.50000000000000000 ) ) ;
#1361 = VERTEX_POINT ( 'NONE', #366 ) ;
#1362 = CARTESIAN_POINT ( 'NONE',  ( -14.35000000000052189, 29.50000000000065015, 3.048751722459534630 ) ) ;
#1363 = CARTESIAN_POINT ( 'NONE',  ( 4.601424762506940880, 21.20512237783907139, 11.62771114940714945 ) ) ;
#1364 = ORIENTED_EDGE ( 'NONE', *, *, #1304, .T. ) ;
#1366 = CIRCLE ( 'NONE', #1658, 21.50000000000000000 ) ;
#1365 = CARTESIAN_POINT ( 'NONE',  ( 10.77497099764078214, 14.50000000000000178, -2.450000000000000178 ) ) ;
#1367 = CARTESIAN_POINT ( 'NONE',  ( -11.77760284966748294, 29.50000000000000000, -16.49999999999999289 ) ) ;
#1368 = CIRCLE ( 'NONE', #526, 12.50000000000000000 ) ;
#1369 = LINE ( 'NONE', #2315, #2215 ) ;
#1370 = CARTESIAN_POINT ( 'NONE',  ( 14.34999999999999964, 29.50000000000000000, -3.048751722459929425 ) ) ;
#1371 = EDGE_CURVE ( 'NONE', #2369, #1350, #585, .T. ) ;
#1372 = CIRCLE ( 'NONE', #731, 1.699999999999993072 ) ;
#1373 = CARTESIAN_POINT ( 'NONE',  ( 12.36685361233639213, 23.74501223270897654, -1.874794122100180704 ) ) ;
#1374 = VECTOR ( 'NONE', #1547, 1000.000000000000000 ) ;
#1375 = ORIENTED_EDGE ( 'NONE', *, *, #960, .F. ) ;
#1376 = LINE ( 'NONE', #999, #2494 ) ;
#1377 = CARTESIAN_POINT ( 'NONE',  ( 0.3676457891717526127, 22.01668522645161019, -12.49999999999955413 ) ) ;
#1378 = ORIENTED_EDGE ( 'NONE', *, *, #1942, .T. ) ;
#1379 = CARTESIAN_POINT ( 'NONE',  ( -12.47078994293643461, 23.96876726971825278, 0.8831258532794624694 ) ) ;
#1380 = CIRCLE ( 'NONE', #281, 3.100000000000000533 ) ;
#1381 = CARTESIAN_POINT ( 'NONE',  ( 0.7372241290529507607, 22.01668522645314496, 12.50000000000089173 ) ) ;
#1382 = AXIS2_PLACEMENT_3D ( 'NONE', #1518, #550, #1315 ) ;
#1383 = ORIENTED_EDGE ( 'NONE', *, *, #1097, .T. ) ;
#1384 = PERSON_AND_ORGANIZATION ( #2360, #388 ) ;
#1385 = CARTESIAN_POINT ( 'NONE',  ( -5.589999878749396522, 20.92284805198313080, -11.18630971319535128 ) ) ;
#1386 = CARTESIAN_POINT ( 'NONE',  ( 10.45000000000000107, 40.99999999999999289, 12.50000000000000000 ) ) ;
#1387 = EDGE_CURVE ( 'NONE', #2318, #282, #1530, .T. ) ;
#1388 = EDGE_CURVE ( 'NONE', #2028, #407, #598, .T. ) ;
#1389 = CARTESIAN_POINT ( 'NONE',  ( 12.26401693671971849, 23.53921230659826236, 2.427293936110106909 ) ) ;
#1390 = ORIENTED_EDGE ( 'NONE', *, *, #2385, .T. ) ;
#1391 = LINE ( 'NONE', #798, #1091 ) ;
#1392 = CARTESIAN_POINT ( 'NONE',  ( -2.257736024428969479, 26.87076139503971461, 12.31060246163898597 ) ) ;
#1393 = VERTEX_POINT ( 'NONE', #1741 ) ;
#1394 = CARTESIAN_POINT ( 'NONE',  ( -12.31160124816605084, 23.62962296391182093, 2.205381312766364399 ) ) ;
#1395 = CYLINDRICAL_SURFACE ( 'NONE', #1336, 3.100000000000000533 ) ;
#1396 = ORIENTED_EDGE ( 'NONE', *, *, #1138, .T. ) ;
#1397 = DATE_AND_TIME ( #1237, #1732 ) ;
#1398 = EDGE_CURVE ( 'NONE', #677, #2274, #1369, .T. ) ;
#1399 = VERTEX_POINT ( 'NONE', #148 ) ;
#1400 = CARTESIAN_POINT ( 'NONE',  ( -0.7394744233635280883, 21.99758085513584760, 12.48357092564436321 ) ) ;
#1401 = CARTESIAN_POINT ( 'NONE',  ( -10.70987156385992023, 9.615992600816898772, -2.736303882021077438 ) ) ;
#1402 = ORIENTED_EDGE ( 'NONE', *, *, #1989, .T. ) ;
#1403 = CARTESIAN_POINT ( 'NONE',  ( -9.439333187513929246, 20.69592836485936971, 8.197450739965104205 ) ) ;
#1404 = EDGE_CURVE ( 'NONE', #1682, #143, #2470, .T. ) ;
#1405 = DIRECTION ( 'NONE',  ( 0.000000000000000000, 0.000000000000000000, 1.000000000000000000 ) ) ;
#1406 = ORIENTED_EDGE ( 'NONE', *, *, #777, .F. ) ;
#1407 = DATE_AND_TIME ( #1987, #347 ) ;
#1408 = CARTESIAN_POINT ( 'NONE',  ( -4.399616181473563259, 27.04308218059419033, -11.75594913407350006 ) ) ;
#1409 = DIRECTION ( 'NONE',  ( -0.000000000000000000, -1.000000000000000000, -0.000000000000000000 ) ) ;
#1410 = AXIS2_PLACEMENT_3D ( 'NONE', #146, #713, #1490 ) ;
#1411 = ORIENTED_EDGE ( 'NONE', *, *, #78, .F. ) ;
#1412 = CARTESIAN_POINT ( 'NONE',  ( 0.000000000000000000, 29.50000000000000000, 0.000000000000000000 ) ) ;
#1413 = AXIS2_PLACEMENT_3D ( 'NONE', #1423, #649, #1028 ) ;
#1414 = CARTESIAN_POINT ( 'NONE',  ( -10.45000000000000107, 40.99999999999999289, 14.19999999999999574 ) ) ;
#1415 = CIRCLE ( 'NONE', #1051, 1.699999999999989742 ) ;
#1416 = ORIENTED_EDGE ( 'NONE', *, *, #329, .F. ) ;
#1417 = CYLINDRICAL_SURFACE ( 'NONE', #2377, 3.100000000000000533 ) ;
#1418 =( BOUNDED_CURVE ( )  B_SPLINE_CURVE ( 3, ( #1507, #2266, #2300, #2074 ),
 .UNSPECIFIED., .F., .T. ) 
 B_SPLINE_CURVE_WITH_KNOTS ( ( 4, 4 ),
 ( 1.303629334066839895, 1.373519200609802260 ),
 .UNSPECIFIED. ) 
 CURVE ( )  GEOMETRIC_REPRESENTATION_ITEM ( )  RATIONAL_B_SPLINE_CURVE ( ( 1.000000000000000000, 0.9995929919668455899, 0.9995929919668455899, 1.000000000000000000 ) ) 
 REPRESENTATION_ITEM ( '' )  );
#1419 = CARTESIAN_POINT ( 'NONE',  ( -10.45000000000000107, 37.99999999999999289, 12.50000000000000178 ) ) ;
#1420 = ORIENTED_EDGE ( 'NONE', *, *, #538, .F. ) ;
#1421 = AXIS2_PLACEMENT_3D ( 'NONE', #1488, #2227, #891 ) ;
#1422 = CARTESIAN_POINT ( 'NONE',  ( -5.913593045949114391, 20.83458335104833381, -11.01864803296005313 ) ) ;
#1423 = CARTESIAN_POINT ( 'NONE',  ( 0.000000000000000000, 14.50000000000000178, 0.000000000000000000 ) ) ;
#1424 = DIRECTION ( 'NONE',  ( 0.000000000000000000, 0.000000000000000000, 1.000000000000000000 ) ) ;
#1425 = ORIENTED_EDGE ( 'NONE', *, *, #1354, .T. ) ;
#1426 = DIRECTION ( 'NONE',  ( 0.7446619118088853018, -1.435313888978493301E-16, 0.6674418604651164433 ) ) ;
#1427 = CARTESIAN_POINT ( 'NONE',  ( -6.747870808929185671, 27.82012499902505098, 10.56843144226925979 ) ) ;
#1428 = ORIENTED_EDGE ( 'NONE', *, *, #617, .T. ) ;
#1429 = CARTESIAN_POINT ( 'NONE',  ( -12.34465759778129801, 27.03077572144838925, -2.044533010746437007 ) ) ;
#1430 = EDGE_CURVE ( 'NONE', #1744, #2166, #183, .T. ) ;
#1431 = PLANE ( 'NONE',  #456 ) ;
#1432 = AXIS2_PLACEMENT_3D ( 'NONE', #297, #1486, #2034 ) ;
#1433 = ORIENTED_EDGE ( 'NONE', *, *, #1497, .F. ) ;
#1434 = APPROVAL_STATUS ( 'not_yet_approved' ) ;
#1435 = PLANE ( 'NONE',  #1421 ) ;
#1436 = CARTESIAN_POINT ( 'NONE',  ( 0.000000000000000000, 14.50000000000000000, 0.000000000000000000 ) ) ;
#1437 = ADVANCED_FACE ( 'NONE', ( #1319 ), #21, .F. ) ;
#1438 = DIRECTION ( 'NONE',  ( -0.000000000000000000, 1.000000000000000000, -0.000000000000000000 ) ) ;
#1439 = ORIENTED_EDGE ( 'NONE', *, *, #1954, .T. ) ;
#1440 = CARTESIAN_POINT ( 'NONE',  ( 10.44999999999999751, 37.99999999999999289, -14.19999999999999396 ) ) ;
#1441 = CARTESIAN_POINT ( 'NONE',  ( -12.80110895681130145, 29.50000000000000000, 16.50000000000000355 ) ) ;
#1442 = EDGE_LOOP ( 'NONE', ( #46, #825, #956 ) ) ;
#1443 = CARTESIAN_POINT ( 'NONE',  ( -12.12533430280642044, 23.27637682215003423, -3.068833190462747496 ) ) ;
#1444 = DIRECTION ( 'NONE',  ( -0.000000000000000000, -1.000000000000000000, -0.000000000000000000 ) ) ;
#1445 = CARTESIAN_POINT ( 'NONE',  ( 12.80164805476157497, 29.50000000000000000, 16.50000000000000000 ) ) ;
#1446 = PERSON_AND_ORGANIZATION ( #2360, #388 ) ;
#1447 = CARTESIAN_POINT ( 'NONE',  ( 7.804315752457786637, 28.91160801360311794, -9.776141077305101845 ) ) ;
#1448 = DIRECTION ( 'NONE',  ( -0.000000000000000000, 1.000000000000000000, -0.000000000000000000 ) ) ;
#1449 = CC_DESIGN_APPROVAL ( #225, ( #184 ) ) ;
#1450 = CARTESIAN_POINT ( 'NONE',  ( 10.45000000000000107, 35.19999999999999574, 12.50000000000000000 ) ) ;
#1451 = CARTESIAN_POINT ( 'NONE',  ( 10.44999999999999751, 40.99999999999999289, -12.50000000000000000 ) ) ;
#1452 = EDGE_CURVE ( 'NONE', #1622, #1361, #561, .T. ) ;
#1453 = ORIENTED_EDGE ( 'NONE', *, *, #543, .T. ) ;
#1454 = DIRECTION ( 'NONE',  ( 0.000000000000000000, 0.000000000000000000, 1.000000000000000000 ) ) ;
#1455 = DIRECTION ( 'NONE',  ( -0.000000000000000000, -1.000000000000000000, -0.000000000000000000 ) ) ;
#1456 = VECTOR ( 'NONE', #970, 1000.000000000000000 ) ;
#1457 = VERTEX_POINT ( 'NONE', #2504 ) ;
#1458 = CARTESIAN_POINT ( 'NONE',  ( -14.34999999999984865, 29.49999999999983302, -4.174945570084168445 ) ) ;
#1459 = CIRCLE ( 'NONE', #2058, 11.05000000000000071 ) ;
#1460 = FACE_OUTER_BOUND ( 'NONE', #1113, .T. ) ;
#1461 = CARTESIAN_POINT ( 'NONE',  ( -1.443402416253455556, 21.92812859878316800, 12.42167255204267917 ) ) ;
#1462 = CARTESIAN_POINT ( 'NONE',  ( 8.013981832610591383, 29.50000000000000355, -9.593023255813953654 ) ) ;
#1463 = CARTESIAN_POINT ( 'NONE',  ( -10.45000000000000284, 35.19999999999999574, -15.60000000000000142 ) ) ;
#1464 = VECTOR ( 'NONE', #2477, 1000.000000000000000 ) ;
#1465 = EDGE_CURVE ( 'NONE', #852, #677, #1974, .T. ) ;
#1466 = CARTESIAN_POINT ( 'NONE',  ( 10.70987156385992023, 9.615992600816870350, -2.736303882021079215 ) ) ;
#1467 = AXIS2_PLACEMENT_3D ( 'NONE', #2078, #341, #1111 ) ;
#1468 = DIRECTION ( 'NONE',  ( -0.000000000000000000, 1.000000000000000000, -0.000000000000000000 ) ) ;
#1469 = EDGE_CURVE ( 'NONE', #1223, #1399, #387, .T. ) ;
#1470 = ORIENTED_EDGE ( 'NONE', *, *, #639, .T. ) ;
#1471 = CARTESIAN_POINT ( 'NONE',  ( 10.38404215768696481, 21.19941005585502580, -6.972526575601269982 ) ) ;
#1472 = CYLINDRICAL_SURFACE ( 'NONE', #1298, 1.699999999999993072 ) ;
#1473 = ORIENTED_EDGE ( 'NONE', *, *, #1576, .T. ) ;
#1474 = DIRECTION ( 'NONE',  ( -0.000000000000000000, 1.000000000000000000, -0.000000000000000000 ) ) ;
#1475 = CARTESIAN_POINT ( 'NONE',  ( -12.29329289782199730, 23.59311657723240430, 2.303782774045488146 ) ) ;
#1476 = CARTESIAN_POINT ( 'NONE',  ( 4.598103048646526858, 21.20610409785523487, 11.62915268917009115 ) ) ;
#1477 = CARTESIAN_POINT ( 'NONE',  ( 1.808467942361105418, 26.85374169272409262, -12.38189846836670505 ) ) ;
#1478 = LINE ( 'NONE', #2415, #1085 ) ;
#1479 = AXIS2_PLACEMENT_3D ( 'NONE', #520, #1288, #2059 ) ;
#1480 = CARTESIAN_POINT ( 'NONE',  ( 0.000000000000000000, 14.50000000000000000, -11.05000000000000071 ) ) ;
#1481 = VERTEX_POINT ( 'NONE', #2376 ) ;
#1482 = CARTESIAN_POINT ( 'NONE',  ( 12.01548633018569312, 23.08135351008312952, -3.473608084416586195 ) ) ;
#1483 = CARTESIAN_POINT ( 'NONE',  ( -10.45000000000000107, 35.19999999999999574, -12.50000000000000000 ) ) ;
#1484 = EDGE_LOOP ( 'NONE', ( #1635, #233, #1220, #346 ) ) ;
#1485 = DIRECTION ( 'NONE',  ( 0.000000000000000000, -0.000000000000000000, 1.000000000000000000 ) ) ;
#1486 = DIRECTION ( 'NONE',  ( 0.000000000000000000, 1.000000000000000000, 0.000000000000000000 ) ) ;
#1487 = EDGE_CURVE ( 'NONE', #323, #1694, #427, .T. ) ;
#1488 = CARTESIAN_POINT ( 'NONE',  ( 0.000000000000000000, 14.49999999999999822, -12.50000000000000000 ) ) ;
#1489 = CARTESIAN_POINT ( 'NONE',  ( -14.34999999999999964, 29.50000000000000000, 16.50000000000000355 ) ) ;
#1490 = DIRECTION ( 'NONE',  ( 0.000000000000000000, 0.000000000000000000, 1.000000000000000000 ) ) ;
#1491 = CARTESIAN_POINT ( 'NONE',  ( -8.013981832610598488, 20.49999999999999645, -9.593023255813946548 ) ) ;
#1492 = DIRECTION ( 'NONE',  ( -0.000000000000000000, 1.000000000000000000, -0.000000000000000000 ) ) ;
#1493 = APPROVAL_PERSON_ORGANIZATION ( #39, #225, #2171 ) ;
#1494 = ORIENTED_EDGE ( 'NONE', *, *, #1349, .T. ) ;
#1495 = CARTESIAN_POINT ( 'NONE',  ( 14.34999999999999964, 29.50000000000000000, -13.21765513625713062 ) ) ;
#1496 = AXIS2_PLACEMENT_3D ( 'NONE', #1181, #1953, #805 ) ;
#1497 = EDGE_CURVE ( 'NONE', #1682, #1924, #2495, .T. ) ;
#1498 = CARTESIAN_POINT ( 'NONE',  ( -10.45000000000000107, 40.99999999999999289, 14.19999999999999574 ) ) ;
#1499 = ORIENTED_EDGE ( 'NONE', *, *, #390, .F. ) ;
#1500 = FACE_OUTER_BOUND ( 'NONE', #2497, .T. ) ;
#1501 = VECTOR ( 'NONE', #688, 1000.000000000000000 ) ;
#1502 = AXIS2_PLACEMENT_3D ( 'NONE', #352, #1, #1166 ) ;
#1503 = CARTESIAN_POINT ( 'NONE',  ( -8.519757063173079459, 20.49999999999999645, -9.149867056438928614 ) ) ;
#1504 = EDGE_CURVE ( 'NONE', #2231, #780, #2201, .T. ) ;
#1505 = ORIENTED_EDGE ( 'NONE', *, *, #543, .F. ) ;
#1506 = VECTOR ( 'NONE', #2127, 1000.000000000000000 ) ;
#1507 = CARTESIAN_POINT ( 'NONE',  ( -12.05653349848122957, 0.000000000000000000, -3.299999999999999822 ) ) ;
#1508 = AXIS2_PLACEMENT_3D ( 'NONE', #2333, #589, #6 ) ;
#1509 = DIRECTION ( 'NONE',  ( -0.000000000000000000, -0.000000000000000000, 1.000000000000000000 ) ) ;
#1510 = CARTESIAN_POINT ( 'NONE',  ( 14.34999999999999964, 29.50000000000000000, 16.50000000000000000 ) ) ;
#1511 = CONICAL_SURFACE ( 'NONE', #1216, 1.699999999999996625, 1.029744258676653201 ) ;
#1512 = EDGE_CURVE ( 'NONE', #839, #764, #2187, .T. ) ;
#1513 = DIRECTION ( 'NONE',  ( 0.000000000000000000, 0.05852022686598545853, -0.9982862230079877497 ) ) ;
#1514 = ORIENTED_EDGE ( 'NONE', *, *, #481, .F. ) ;
#1515 = DIRECTION ( 'NONE',  ( 0.000000000000000000, 0.000000000000000000, 1.000000000000000000 ) ) ;
#1516 = CARTESIAN_POINT ( 'NONE',  ( -12.00468116503807714, 23.06362737913092786, -3.508814965824896603 ) ) ;
#1517 = EDGE_CURVE ( 'NONE', #2474, #1812, #1459, .T. ) ;
#1518 = CARTESIAN_POINT ( 'NONE',  ( -10.45000000000000284, 37.99999999999999289, -12.50000000000000000 ) ) ;
#1519 = CARTESIAN_POINT ( 'NONE',  ( 14.34999999999999964, 0.000000000000000000, 3.299999999999999822 ) ) ;
#1520 = CARTESIAN_POINT ( 'NONE',  ( 14.34999999999999964, 0.000000000000000000, -3.299999999999999822 ) ) ;
#1521 = CIRCLE ( 'NONE', #2019, 1.699999999999996625 ) ;
#1522 = ADVANCED_FACE ( 'NONE', ( #1582 ), #1330, .F. ) ;
#1523 = CARTESIAN_POINT ( 'NONE',  ( 11.09036304936919848, 21.80688826758158427, 5.826095797325855585 ) ) ;
#1524 = ORIENTED_EDGE ( 'NONE', *, *, #1040, .T. ) ;
#1525 = LINE ( 'NONE', #2445, #685 ) ;
#1526 = DIRECTION ( 'NONE',  ( -0.000000000000000000, 1.000000000000000000, -0.000000000000000000 ) ) ;
#1527 = VERTEX_POINT ( 'NONE', #1019 ) ;
#1528 = CYLINDRICAL_SURFACE ( 'NONE', #1254, 1.699999999999993072 ) ;
#1529 = APPROVAL_ROLE ( '' ) ;
#1530 = LINE ( 'NONE', #378, #768 ) ;
#1531 = CARTESIAN_POINT ( 'NONE',  ( 14.35000000000013998, 29.50000000000016342, 3.052238148789724104 ) ) ;
#1532 = CARTESIAN_POINT ( 'NONE',  ( 12.49484108305156482, 24.02227063638984106, 0.4283906450325740134 ) ) ;
#1533 = ORIENTED_EDGE ( 'NONE', *, *, #265, .T. ) ;
#1534 = DIRECTION ( 'NONE',  ( -0.000000000000000000, -1.000000000000000000, -0.000000000000000000 ) ) ;
#1535 = CARTESIAN_POINT ( 'NONE',  ( -10.45000000000000284, 37.99999999999999289, 12.50000000000000178 ) ) ;
#1536 = DIRECTION ( 'NONE',  ( 0.6411185466088473728, 0.000000000000000000, -0.7674418604651164211 ) ) ;
#1537 = ORIENTED_EDGE ( 'NONE', *, *, #1030, .T. ) ;
#1538 = AXIS2_PLACEMENT_3D ( 'NONE', #880, #2402, #2455 ) ;
#1539 = DIRECTION ( 'NONE',  ( -1.000000000000000000, -0.000000000000000000, -0.000000000000000000 ) ) ;
#1540 = CONICAL_SURFACE ( 'NONE', #1131, 1.699999999999996625, 1.029744258676653201 ) ;
#1541 = CARTESIAN_POINT ( 'NONE',  ( 14.34999999999999964, 14.50000000000000178, 2.450000000000000178 ) ) ;
#1542 = CARTESIAN_POINT ( 'NONE',  ( 12.29703889443413622, 27.01720869389134450, 2.328651837743929587 ) ) ;
#1543 = EDGE_CURVE ( 'NONE', #220, #549, #2219, .T. ) ;
#1544 = CARTESIAN_POINT ( 'NONE',  ( 11.59527139039283838, 22.44046351399440908, 4.687437208618931983 ) ) ;
#1545 = CIRCLE ( 'NONE', #2180, 1.699999999999993072 ) ;
#1546 = EDGE_LOOP ( 'NONE', ( #194, #2052 ) ) ;
#1547 = DIRECTION ( 'NONE',  ( -0.000000000000000000, 1.000000000000000000, -0.000000000000000000 ) ) ;
#1548 = CIRCLE ( 'NONE', #2145, 1.699999999999993072 ) ;
#1549 = CARTESIAN_POINT ( 'NONE',  ( -10.45000000000000284, 35.19999999999999574, 12.50000000000000178 ) ) ;
#1550 = CARTESIAN_POINT ( 'NONE',  ( -8.833369350827739552, 28.15437872930893093, 8.921423403311123934 ) ) ;
#1551 = ADVANCED_FACE ( 'NONE', ( #66 ), #2365, .F. ) ;
#1552 = CARTESIAN_POINT ( 'NONE',  ( 13.78404875209021796, 20.49999999999999645, -16.50000000000000000 ) ) ;
#1553 = ORIENTED_EDGE ( 'NONE', *, *, #1059, .F. ) ;
#1554 = CYLINDRICAL_SURFACE ( 'NONE', #1735, 3.100000000000000533 ) ;
#1555 = DIRECTION ( 'NONE',  ( 0.000000000000000000, 1.000000000000000000, 0.000000000000000000 ) ) ;
#1556 = CARTESIAN_POINT ( 'NONE',  ( 14.35000000000000142, 29.50000000000000000, 1.545790449367476782 ) ) ;
#1557 = CARTESIAN_POINT ( 'NONE',  ( 11.99480519605842765, 23.04691362215069006, -3.542589828516042871 ) ) ;
#1558 = ORIENTED_EDGE ( 'NONE', *, *, #2061, .T. ) ;
#1559 = CARTESIAN_POINT ( 'NONE',  ( -10.45000000000000107, 37.99999999999999289, 10.80000000000000959 ) ) ;
#1560 = CARTESIAN_POINT ( 'NONE',  ( 4.936637770241662615, 21.10739558703111385, -11.48948469658463267 ) ) ;
#1561 = ORIENTED_EDGE ( 'NONE', *, *, #942, .T. ) ;
#1562 = CARTESIAN_POINT ( 'NONE',  ( -14.34999999999956266, 29.49999999999968381, 8.081116604169613638 ) ) ;
#1563 = MANIFOLD_SOLID_BREP ( 'Cut-Extrude2', #2064 ) ;
#1564 = DIRECTION ( 'NONE',  ( -0.000000000000000000, 1.000000000000000000, -0.000000000000000000 ) ) ;
#1565 = EDGE_CURVE ( 'NONE', #1981, #1012, #661, .T. ) ;
#1566 = ORIENTED_EDGE ( 'NONE', *, *, #1672, .F. ) ;
#1567 = CARTESIAN_POINT ( 'NONE',  ( -14.34999999999999964, 40.99999999999999289, 16.50000000000000355 ) ) ;
#1568 = CARTESIAN_POINT ( 'NONE',  ( -10.45000000000000284, 35.19999999999999574, -15.60000000000000142 ) ) ;
#1569 = CARTESIAN_POINT ( 'NONE',  ( 10.60123818456198563, 26.99995744415262067, 6.801126141965318617 ) ) ;
#1570 = LINE ( 'NONE', #380, #2302 ) ;
#1571 = EDGE_LOOP ( 'NONE', ( #2406, #836, #704, #860 ) ) ;
#1572 = CYLINDRICAL_SURFACE ( 'NONE', #1820, 1.699999999999993072 ) ;
#1573 = CARTESIAN_POINT ( 'NONE',  ( 1.840026817927902902, 21.87008701652099063, -12.36921524200643141 ) ) ;
#1574 = ORIENTED_EDGE ( 'NONE', *, *, #2221, .F. ) ;
#1575 = CARTESIAN_POINT ( 'NONE',  ( -9.996175288957248384, 20.95769953299686605, 7.508334981036864697 ) ) ;
#1576 = EDGE_CURVE ( 'NONE', #2166, #975, #222, .T. ) ;
#1577 = CARTESIAN_POINT ( 'NONE',  ( -0.7372241290529469859, 22.01668522645314496, -12.50000000000089173 ) ) ;
#1578 = ORIENTED_EDGE ( 'NONE', *, *, #1702, .T. ) ;
#1580 = CARTESIAN_POINT ( 'NONE',  ( -10.45000000000000284, 35.19999999999999574, -9.400000000000000355 ) ) ;
#1579 = CIRCLE ( 'NONE', #809, 3.100000000000000533 ) ;
#1581 = AXIS2_PLACEMENT_3D ( 'NONE', #318, #1295, #2271 ) ;
#1582 = FACE_OUTER_BOUND ( 'NONE', #1986, .T. ) ;
#1583 = CARTESIAN_POINT ( 'NONE',  ( 12.45276333434758165, 23.92891517957975722, -1.108274605915564814 ) ) ;
#1584 = AXIS2_PLACEMENT_3D ( 'NONE', #2038, #1689, #104 ) ;
#1585 = ORIENTED_EDGE ( 'NONE', *, *, #248, .F. ) ;
#1586 = PLANE ( 'NONE',  #400 ) ;
#1587 = CARTESIAN_POINT ( 'NONE',  ( -4.399511421009653311, 27.04307268541793263, 11.75598243133145004 ) ) ;
#1588 = AXIS2_PLACEMENT_3D ( 'NONE', #1878, #133, #157 ) ;
#1589 = ORIENTED_EDGE ( 'NONE', *, *, #1313, .F. ) ;
#1590 = CARTESIAN_POINT ( 'NONE',  ( -14.34999999999987885, 29.49999999999984013, 0.3624441998246674124 ) ) ;
#1591 = AXIS2_PLACEMENT_3D ( 'NONE', #967, #1116, #2499 ) ;
#1592 = CARTESIAN_POINT ( 'NONE',  ( 0.000000000000000000, 14.50000000000000178, 0.000000000000000000 ) ) ;
#1593 = VERTEX_POINT ( 'NONE', #1780 ) ;
#1594 = AXIS2_PLACEMENT_3D ( 'NONE', #209, #1960, #412 ) ;
#1595 = EDGE_CURVE ( 'NONE', #425, #2147, #2263, .T. ) ;
#1596 = CARTESIAN_POINT ( 'NONE',  ( -5.828703947225313264, 27.39906135064486037, -11.10624315311290999 ) ) ;
#1597 = EDGE_CURVE ( 'NONE', #214, #1694, #1372, .T. ) ;
#1598 = EDGE_LOOP ( 'NONE', ( #2106, #459, #822, #2395 ) ) ;
#1599 = CARTESIAN_POINT ( 'NONE',  ( -1.509356560374379982E-11, 22.01668522645211468, 12.50000000000000000 ) ) ;
#1600 = CARTESIAN_POINT ( 'NONE',  ( -10.45000000000000107, 40.99999999999999289, -12.50000000000000000 ) ) ;
#1601 = VERTEX_POINT ( 'NONE', #51 ) ;
#1602 = CARTESIAN_POINT ( 'NONE',  ( -14.34999999999999964, 29.50000000000000000, 16.01023110389103365 ) ) ;
#1603 = CARTESIAN_POINT ( 'NONE',  ( -5.903514391990599464, 20.83726289402807197, -11.02399774791054554 ) ) ;
#1604 = ORIENTED_EDGE ( 'NONE', *, *, #1729, .F. ) ;
#1605 = COORDINATED_UNIVERSAL_TIME_OFFSET ( 5, 0, .BEHIND. ) ;
#1606 = CARTESIAN_POINT ( 'NONE',  ( -6.460744142704329285, 27.66133891206381179, -10.75090333606918236 ) ) ;
#1607 = ORIENTED_EDGE ( 'NONE', *, *, #448, .T. ) ;
#1608 = CARTESIAN_POINT ( 'NONE',  ( -5.907408118994863955, 20.83625166011104213, 11.02188707052500050 ) ) ;
#1609 = CARTESIAN_POINT ( 'NONE',  ( -2.885672560830438993, 21.67695121063957941, 12.18430570962387804 ) ) ;
#1610 = EDGE_LOOP ( 'NONE', ( #987, #928 ) ) ;
#1611 = CARTESIAN_POINT ( 'NONE',  ( -14.34999999999999964, 29.50000000000000000, -12.00423823925855693 ) ) ;
#1612 = CARTESIAN_POINT ( 'NONE',  ( 6.841970814683473456, 20.60931913373813984, 10.48606072176427340 ) ) ;
#1613 = VERTEX_POINT ( 'NONE', #1767 ) ;
#1614 = CARTESIAN_POINT ( 'NONE',  ( -1.823333194523932832, 26.84445796774030413, -12.40266583265482403 ) ) ;
#1615 = AXIS2_PLACEMENT_3D ( 'NONE', #1806, #627, #2380 ) ;
#1616 = CARTESIAN_POINT ( 'NONE',  ( -12.05653349848122957, 0.000000000000000000, -3.299999999999999822 ) ) ;
#1617 = ORIENTED_EDGE ( 'NONE', *, *, #11, .T. ) ;
#1618 = DIRECTION ( 'NONE',  ( 0.000000000000000000, 0.000000000000000000, 1.000000000000000000 ) ) ;
#1619 = ADVANCED_FACE ( 'NONE', ( #1813 ), #2390, .F. ) ;
#1620 = FACE_OUTER_BOUND ( 'NONE', #42, .T. ) ;
#1621 = AXIS2_PLACEMENT_3D ( 'NONE', #1687, #2484, #750 ) ;
#1622 = VERTEX_POINT ( 'NONE', #615 ) ;
#1623 = CARTESIAN_POINT ( 'NONE',  ( -12.18402943331223831, 26.98882971647567430, -2.890435095064905369 ) ) ;
#1624 = CARTESIAN_POINT ( 'NONE',  ( -9.894549441556378611, 20.90113702811962781, 7.641831944988339842 ) ) ;
#1625 = EDGE_CURVE ( 'NONE', #2184, #1004, #1249, .T. ) ;
#1626 = ORIENTED_EDGE ( 'NONE', *, *, #1452, .F. ) ;
#1627 = CIRCLE ( 'NONE', #1467, 12.50000000000000000 ) ;
#1628 = COORDINATED_UNIVERSAL_TIME_OFFSET ( 5, 0, .BEHIND. ) ;
#1629 = CARTESIAN_POINT ( 'NONE',  ( 7.442505207466199479, 20.52709032394287902, -10.04941633133426748 ) ) ;
#1630 = CARTESIAN_POINT ( 'NONE',  ( -10.45000000000000107, 37.99999999999999289, -12.50000000000000000 ) ) ;
#1631 = DIRECTION ( 'NONE',  ( 0.000000000000000000, 1.000000000000000000, 0.000000000000000000 ) ) ;
#1632 = VERTEX_POINT ( 'NONE', #2413 ) ;
#1633 = LINE ( 'NONE', #664, #766 ) ;
#1634 = CARTESIAN_POINT ( 'NONE',  ( -10.54573373454877405, 0.000000000000000000, -3.299999999999999822 ) ) ;
#1635 = ORIENTED_EDGE ( 'NONE', *, *, #1652, .F. ) ;
#1636 = CARTESIAN_POINT ( 'NONE',  ( -9.046063030424209117, 27.88316763463307524, -8.734731447841989294 ) ) ;
#1637 = CARTESIAN_POINT ( 'NONE',  ( -10.45000000000000284, 35.19999999999999574, 12.50000000000000178 ) ) ;
#1638 = AXIS2_PLACEMENT_3D ( 'NONE', #1139, #2072, #142 ) ;
#1639 = CARTESIAN_POINT ( 'NONE',  ( 5.589999878749639883, 20.92284805198094944, 11.18630971319524647 ) ) ;
#1640 = ADVANCED_FACE ( 'NONE', ( #2400 ), #2095, .F. ) ;
#1641 = CARTESIAN_POINT ( 'NONE',  ( 2.482652155950273443, 29.50000000000017053, -16.50000000000025935 ) ) ;
#1642 = CARTESIAN_POINT ( 'NONE',  ( -10.45000000000000107, 31.99999999999999289, 10.80000000000000604 ) ) ;
#1643 = PLANE ( 'NONE',  #1538 ) ;
#1644 = ORIENTED_EDGE ( 'NONE', *, *, #2465, .T. ) ;
#1645 = DIRECTION ( 'NONE',  ( -0.000000000000000000, 1.000000000000000000, -0.000000000000000000 ) ) ;
#1646 = CYLINDRICAL_SURFACE ( 'NONE', #31, 11.05000000000000071 ) ;
#1647 = VERTEX_POINT ( 'NONE', #1463 ) ;
#1648 = CARTESIAN_POINT ( 'NONE',  ( -11.74552462051750368, 22.65549253059031543, -4.298367048215264496 ) ) ;
#1649 = CARTESIAN_POINT ( 'NONE',  ( -10.02911734493558882, 20.97682947141965926, 7.464239423563301834 ) ) ;
#1650 = CARTESIAN_POINT ( 'NONE',  ( 7.460864786603679910, 28.41321210575155121, 10.05718981521358657 ) ) ;
#1651 = ADVANCED_FACE ( 'NONE', ( #511 ), #483, .F. ) ;
#1652 = EDGE_CURVE ( 'NONE', #1647, #1083, #814, .T. ) ;
#1653 = CARTESIAN_POINT ( 'NONE',  ( -1.242182767005213018, 29.50000000000000000, -16.49999999999999645 ) ) ;
#1654 = LOCAL_TIME ( 18, 1, 16.00000000000000000, #426 ) ;
#1655 = CYLINDRICAL_SURFACE ( 'NONE', #1936, 1.699999999999993072 ) ;
#1656 = ORIENTED_EDGE ( 'NONE', *, *, #1197, .F. ) ;
#1657 = CARTESIAN_POINT ( 'NONE',  ( 14.34999999999999964, 29.50000000000000000, -3.793255857936459030 ) ) ;
#1658 = AXIS2_PLACEMENT_3D ( 'NONE', #279, #1057, #1831 ) ;
#1659 = DIRECTION ( 'NONE',  ( -0.000000000000000000, -1.000000000000000000, -0.000000000000000000 ) ) ;
#1660 = AXIS2_PLACEMENT_3D ( 'NONE', #1451, #1492, #1067 ) ;
#1661 = ORIENTED_EDGE ( 'NONE', *, *, #1388, .F. ) ;
#1662 = CARTESIAN_POINT ( 'NONE',  ( -14.34999999999999964, 29.50000000000000000, -15.49903246523075317 ) ) ;
#1663 = AXIS2_PLACEMENT_3D ( 'NONE', #1988, #1005, #467 ) ;
#1664 = DIRECTION ( 'NONE',  ( 0.000000000000000000, 0.000000000000000000, 1.000000000000000000 ) ) ;
#1665 = CARTESIAN_POINT ( 'NONE',  ( 1.823333194520448508, 26.84445796774028992, 12.40266583265269240 ) ) ;
#1666 = CARTESIAN_POINT ( 'NONE',  ( 14.34999999999999964, 0.000000000000000000, 3.299999999999999822 ) ) ;
#1667 = CIRCLE ( 'NONE', #2268, 1.699999999999989742 ) ;
#1668 = CARTESIAN_POINT ( 'NONE',  ( 14.34999999999999964, 29.50000000000000000, 16.50000000000000000 ) ) ;
#1669 = EDGE_LOOP ( 'NONE', ( #771, #2299, #2418 ) ) ;
#1670 = CARTESIAN_POINT ( 'NONE',  ( 11.31690536764846655, 26.90058347744231781, -5.479928364472948843 ) ) ;
#1671 = DIRECTION ( 'NONE',  ( 0.000000000000000000, 0.000000000000000000, -1.000000000000000000 ) ) ;
#1672 = EDGE_CURVE ( 'NONE', #1744, #421, #2459, .T. ) ;
#1673 = ORIENTED_EDGE ( 'NONE', *, *, #2199, .F. ) ;
#1674 = CARTESIAN_POINT ( 'NONE',  ( -10.45000000000000107, 31.99999999999999289, -12.50000000000000000 ) ) ;
#1675 = DIRECTION ( 'NONE',  ( 0.000000000000000000, 0.000000000000000000, 1.000000000000000000 ) ) ;
#1676 = CIRCLE ( 'NONE', #1877, 1.699999999999993072 ) ;
#1677 = FACE_OUTER_BOUND ( 'NONE', #2256, .T. ) ;
#1678 = DIRECTION ( 'NONE',  ( -0.000000000000000000, 1.000000000000000000, -0.000000000000000000 ) ) ;
#1679 = CARTESIAN_POINT ( 'NONE',  ( -7.732437371071418930, 20.50000000184989091, -9.828224624525281783 ) ) ;
#1680 =( BOUNDED_SURFACE ( )  B_SPLINE_SURFACE ( 3, 2, ( 
 ( #2267, #570, #1602 ),
 ( #2148, #826, #2131 ),
 ( #1200, #1013, #34 ),
 ( #1403, #1968, #1788 ),
 ( #399, #1550, #790 ),
 ( #1175, #2119, #581 ),
 ( #1575, #177, #384 ),
 ( #2336, #2513, #2359 ),
 ( #2311, #9, #630 ),
 ( #2323, #1351, #1160 ),
 ( #374, #1150, #802 ),
 ( #1935, #1923, #1562 ),
 ( #1749, #195, #979 ),
 ( #1949, #218, #230 ),
 ( #593, #422, #966 ),
 ( #1394, #776, #1734 ),
 ( #1762, #2498, #1362 ),
 ( #208, #991, #609 ),
 ( #1379, #410, #1189 ),
 ( #1958, #1001, #1773 ),
 ( #20, #816, #1590 ),
 ( #2351, #622, #2158 ),
 ( #283, #697, #59 ),
 ( #463, #1429, #1035 ),
 ( #293, #643, #1224 ),
 ( #1822, #1623, #88 ),
 ( #2182, #2167, #1458 ),
 ( #1443, #873, #2193 ),
 ( #2396, #1233, #1072 ),
 ( #1648, #2208, #98 ),
 ( #848, #492, #1845 ),
 ( #434, #2370, #2033 ),
 ( #1834, #2004, #267 ),
 ( #76, #861, #885 ),
 ( #1047, #2407, #1611 ),
 ( #47, #1636, #678 ),
 ( #1810, #1248, #1260 ),
 ( #667, #1982, #447 ),
 ( #475, #2384, #1662 ),
 ( #837, #2021, #2422 ) ),
 .UNSPECIFIED., .F., .F., .F. ) 
 B_SPLINE_SURFACE_WITH_KNOTS ( ( 4, 2, 2, 2, 2, 2, 2, 2, 2, 2, 2, 2, 2, 2, 2, 2, 2, 2, 2, 4 ),
 ( 3, 3 ),
 ( 0.01523581750534325728, 0.01754876211320458013, 0.01870523441713524415, 0.01986170672106590471, 0.02217465132892722929, 0.02448759593678855387, 0.02680054054464987845, 0.02911348515251119956, 0.03142642976037252067, 0.03258290206430318470, 0.03373937436823384872, 0.03605231897609517677, 0.03720879128002584080, 0.03836526358395649788, 0.04067820819181781899, 0.04299115279967914705, 0.04530409740754047510, 0.04761704201540179621, 0.04992998662326311732, 0.05224293123112444537 ),
 ( 0.000000000000000000, 1.000000000000000000 ),
 .UNSPECIFIED. ) 
 GEOMETRIC_REPRESENTATION_ITEM ( )  RATIONAL_B_SPLINE_SURFACE ( (
 ( 1.000000000000000000, 0.7071067811865475727, 1.000000000000000000),
 ( 1.000000000000000000, 0.7222488585828741314, 1.000000000000000000),
 ( 1.000000000000000000, 0.7377878376872067934, 1.000000000000000000),
 ( 1.000000000000000000, 0.7609199249078654193, 1.000000000000000000),
 ( 1.000000000000000000, 0.7686029408678861641, 1.000000000000000000),
 ( 1.000000000000000000, 0.7838119790845532453, 1.000000000000000000),
 ( 1.000000000000000000, 0.7913611381180167825, 1.000000000000000000),
 ( 1.000000000000000000, 0.8134633018225773116, 1.000000000000000000),
 ( 1.000000000000000000, 0.8274166591728738807, 1.000000000000000000),
 ( 1.000000000000000000, 0.8534391061142977408, 1.000000000000000000),
 ( 1.000000000000000000, 0.8655116362650024930, 1.000000000000000000),
 ( 1.000000000000000000, 0.8875355544105280048, 1.000000000000000000),
 ( 1.000000000000000000, 0.8974963482482305466, 1.000000000000000000),
 ( 1.000000000000000000, 0.9150191464952828202, 1.000000000000000000),
 ( 1.000000000000000000, 0.9224674689353323798, 1.000000000000000000),
 ( 1.000000000000000000, 0.9345998307389576931, 1.000000000000000000),
 ( 1.000000000000000000, 0.9392861860281224162, 1.000000000000000000),
 ( 1.000000000000000000, 0.9440459231396486350, 1.000000000000000000),
 ( 1.000000000000000000, 0.9452559923619024973, 1.000000000000000000),
 ( 1.000000000000000000, 0.9468467052887600266, 1.000000000000000000),
 ( 1.000000000000000000, 0.9472320070739513875, 1.000000000000000000),
 ( 1.000000000000000000, 0.9471892924097718991, 1.000000000000000000),
 ( 1.000000000000000000, 0.9455648093353226091, 1.000000000000000000),
 ( 1.000000000000000000, 0.9408274193962650189, 1.000000000000000000),
 ( 1.000000000000000000, 0.9388643274986212539, 1.000000000000000000),
 ( 1.000000000000000000, 0.9341793098365678283, 1.000000000000000000),
 ( 1.000000000000000000, 0.9314464345884033714, 1.000000000000000000),
 ( 1.000000000000000000, 0.9222581267009354322, 1.000000000000000000),
 ( 1.000000000000000000, 0.9147982663823194249, 1.000000000000000000),
 ( 1.000000000000000000, 0.8974648333842890624, 1.000000000000000000),
 ( 1.000000000000000000, 0.8875882688365742679, 1.000000000000000000),
 ( 1.000000000000000000, 0.8655830482754843791, 1.000000000000000000),
 ( 1.000000000000000000, 0.8534088556941128445, 1.000000000000000000),
 ( 1.000000000000000000, 0.8271551980675582172, 1.000000000000000000),
 ( 1.000000000000000000, 0.8131928980616753844, 1.000000000000000000),
 ( 1.000000000000000000, 0.7840491566807261670, 1.000000000000000000),
 ( 1.000000000000000000, 0.7688627075999369120, 1.000000000000000000),
 ( 1.000000000000000000, 0.7379039090334157391, 1.000000000000000000),
 ( 1.000000000000000000, 0.7220717793740487611, 1.000000000000000000),
 ( 1.000000000000000000, 0.7071067811865474617, 1.000000000000000000) ) ) 
 REPRESENTATION_ITEM ( '' )  SURFACE ( )  );
#1681 = FACE_BOUND ( 'NONE', #2379, .T. ) ;
#1682 = VERTEX_POINT ( 'NONE', #1278 ) ;
#1683 = CARTESIAN_POINT ( 'NONE',  ( 11.24280076019631736, 21.99927568304903502, -5.480203789963711714 ) ) ;
#1684 = CARTESIAN_POINT ( 'NONE',  ( 8.996483478647956389, 20.55527759125271103, 8.689742005203703101 ) ) ;
#1685 = CARTESIAN_POINT ( 'NONE',  ( 10.45000000000000107, 37.99999999999999289, 12.50000000000000000 ) ) ;
#1686 = ORIENTED_EDGE ( 'NONE', *, *, #835, .F. ) ;
#1687 = CARTESIAN_POINT ( 'NONE',  ( 10.45000000000000107, 35.19999999999999574, 12.50000000000000000 ) ) ;
#1688 = PLANE ( 'NONE',  #117 ) ;
#1689 = DIRECTION ( 'NONE',  ( 0.000000000000000000, 1.000000000000000000, 0.000000000000000000 ) ) ;
#1690 = DIRECTION ( 'NONE',  ( 0.000000000000000000, 0.000000000000000000, 1.000000000000000000 ) ) ;
#1691 = DIRECTION ( 'NONE',  ( 0.000000000000000000, 0.000000000000000000, 1.000000000000000000 ) ) ;
#1692 = CARTESIAN_POINT ( 'NONE',  ( 14.34999999999999964, 29.50000000000000000, -5.256170014725868533 ) ) ;
#1693 = CARTESIAN_POINT ( 'NONE',  ( 10.44999999999999751, 35.19999999999999574, -10.80000000000000782 ) ) ;
#1694 = VERTEX_POINT ( 'NONE', #301 ) ;
#1695 = CARTESIAN_POINT ( 'NONE',  ( 1.509873289799012911E-11, 22.01668522645211823, -12.50000000000000000 ) ) ;
#1696 = EDGE_CURVE ( 'NONE', #335, #2028, #25, .T. ) ;
#1697 = AXIS2_PLACEMENT_3D ( 'NONE', #2075, #512, #106 ) ;
#1698 = AXIS2_PLACEMENT_3D ( 'NONE', #1107, #868, #2041 ) ;
#1699 = CARTESIAN_POINT ( 'NONE',  ( -9.022651093296648384, 20.57163422412336118, -8.654306159344189453 ) ) ;
#1700 = EDGE_LOOP ( 'NONE', ( #1420, #1617, #2121, #251 ) ) ;
#1701 = CONICAL_SURFACE ( 'NONE', #2017, 1.699999999999996625, 1.029744258676653201 ) ;
#1702 = EDGE_CURVE ( 'NONE', #173, #2274, #770, .T. ) ;
#1703 = AXIS2_PLACEMENT_3D ( 'NONE', #2117, #811, #1785 ) ;
#1704 = CYLINDRICAL_SURFACE ( 'NONE', #1697, 3.100000000000000533 ) ;
#1705 = CARTESIAN_POINT ( 'NONE',  ( 8.343023255813960759, 29.49999999999976552, -9.308273897611060832 ) ) ;
#1706 = CARTESIAN_POINT ( 'NONE',  ( 14.34999999999999964, 29.50000000000000000, 13.80726219462538040 ) ) ;
#1707 = AXIS2_PLACEMENT_3D ( 'NONE', #531, #1070, #96 ) ;
#1708 = DIRECTION ( 'NONE',  ( 0.000000000000000000, 1.000000000000000000, 0.000000000000000000 ) ) ;
#1709 = EDGE_LOOP ( 'NONE', ( #1406, #1383, #1390 ) ) ;
#1710 = CARTESIAN_POINT ( 'NONE',  ( 0.000000000000000000, 14.50000000000000000, -11.05000000000000071 ) ) ;
#1711 = DIRECTION ( 'NONE',  ( -0.000000000000000000, 1.000000000000000000, -0.000000000000000000 ) ) ;
#1712 = EDGE_LOOP ( 'NONE', ( #1061, #393, #1378, #1537 ) ) ;
#1713 = LINE ( 'NONE', #955, #1464 ) ;
#1714 = PERSON_AND_ORGANIZATION ( #2360, #388 ) ;
#1715 = DIRECTION ( 'NONE',  ( -0.000000000000000000, 1.000000000000000000, -0.000000000000000000 ) ) ;
#1716 = CARTESIAN_POINT ( 'NONE',  ( 9.539865085371809883, 27.46759841408277936, 8.220502032268225179 ) ) ;
#1717 = CARTESIAN_POINT ( 'NONE',  ( -10.45000000000000107, 40.99999999999999289, 12.50000000000000178 ) ) ;
#1718 = EDGE_LOOP ( 'NONE', ( #1661, #1470, #1353, #1561 ) ) ;
#1719 = PLANE ( 'NONE',  #2419 ) ;
#1720 = LINE ( 'NONE', #345, #1783 ) ;
#1721 = ORIENTED_EDGE ( 'NONE', *, *, #1979, .F. ) ;
#1722 = CARTESIAN_POINT ( 'NONE',  ( 8.343023255813955430, 20.49999999999999645, -9.308273897611067937 ) ) ;
#1723 = ORIENTED_EDGE ( 'NONE', *, *, #2247, .F. ) ;
#1724 = EDGE_CURVE ( 'NONE', #1393, #852, #2135, .T. ) ;
#1725 = DIRECTION ( 'NONE',  ( 0.000000000000000000, 0.000000000000000000, 1.000000000000000000 ) ) ;
#1726 = CARTESIAN_POINT ( 'NONE',  ( 10.44999999999999574, 37.99999999999999289, -15.60000000000000142 ) ) ;
#1727 = CARTESIAN_POINT ( 'NONE',  ( 14.35000000000043485, 29.50000000000031264, 9.421894431368988521 ) ) ;
#1728 = FACE_OUTER_BOUND ( 'NONE', #2286, .T. ) ;
#1729 = EDGE_CURVE ( 'NONE', #978, #1757, #1048, .T. ) ;
#1730 = VERTEX_POINT ( 'NONE', #1642 ) ;
#1731 = CARTESIAN_POINT ( 'NONE',  ( -10.45000000000000284, 37.99999999999999289, 9.400000000000002132 ) ) ;
#1732 = LOCAL_TIME ( 18, 1, 16.00000000000000000, #1605 ) ;
#1733 = DIRECTION ( 'NONE',  ( 1.000000000000000000, -0.000000000000000000, -1.208866533781747157E-16 ) ) ;
#1734 = CARTESIAN_POINT ( 'NONE',  ( -14.35000000000030163, 29.50000000000033040, 3.793255857937069653 ) ) ;
#1735 = AXIS2_PLACEMENT_3D ( 'NONE', #2111, #793, #1191 ) ;
#1736 = CARTESIAN_POINT ( 'NONE',  ( 10.44999999999999751, 40.99999999999999289, -12.50000000000000000 ) ) ;
#1737 = VERTEX_POINT ( 'NONE', #1489 ) ;
#1738 = VECTOR ( 'NONE', #1038, 1000.000000000000000 ) ;
#1739 =( NAMED_UNIT ( * ) PLANE_ANGLE_UNIT ( ) SI_UNIT ( $, .RADIAN. ) );
#1740 = VECTOR ( 'NONE', #901, 1000.000000000000000 ) ;
#1741 = CARTESIAN_POINT ( 'NONE',  ( -12.05653349848122957, 0.000000000000000000, 3.299999999999999822 ) ) ;
#1742 = CARTESIAN_POINT ( 'NONE',  ( 10.33811060957529726, 27.07483455236856429, 7.199536243594359952 ) ) ;
#1743 = CARTESIAN_POINT ( 'NONE',  ( 0.000000000000000000, 0.000000000000000000, 0.000000000000000000 ) ) ;
#1744 = VERTEX_POINT ( 'NONE', #2251 ) ;
#1745 = LINE ( 'NONE', #2103, #1374 ) ;
#1746 = ADVANCED_FACE ( 'NONE', ( #1292 ), #1680, .F. ) ;
#1747 = DIRECTION ( 'NONE',  ( 0.000000000000000000, 0.000000000000000000, 1.000000000000000000 ) ) ;
#1748 = VERTEX_POINT ( 'NONE', #655 ) ;
#1749 = CARTESIAN_POINT ( 'NONE',  ( -11.74602435493417474, 22.65606727511163854, 4.297531469145287275 ) ) ;
#1750 = DIRECTION ( 'NONE',  ( -0.000000000000000000, 1.000000000000000000, -0.000000000000000000 ) ) ;
#1751 = ORIENTED_EDGE ( 'NONE', *, *, #158, .F. ) ;
#1752 = CARTESIAN_POINT ( 'NONE',  ( 10.45000000000000107, 37.99999999999999289, 9.400000000000000355 ) ) ;
#1753 = CARTESIAN_POINT ( 'NONE',  ( 10.45000000000000107, 37.99999999999999289, 15.60000000000000142 ) ) ;
#1754 = ADVANCED_FACE ( 'NONE', ( #1995 ), #1417, .F. ) ;
#1755 = CARTESIAN_POINT ( 'NONE',  ( -10.45000000000000107, 31.99999999999999289, 12.50000000000000178 ) ) ;
#1756 = CIRCLE ( 'NONE', #547, 9.000000000000000000 ) ;
#1757 = VERTEX_POINT ( 'NONE', #1062 ) ;
#1758 = CARTESIAN_POINT ( 'NONE',  ( -14.34999999999999964, 40.99999999999999289, -16.49999999999999289 ) ) ;
#1759 = ADVANCED_FACE ( 'NONE', ( #1024 ), #1799, .F. ) ;
#1760 = CARTESIAN_POINT ( 'NONE',  ( -10.45000000000000107, 37.99999999999999289, -12.50000000000000000 ) ) ;
#1761 = ORIENTED_EDGE ( 'NONE', *, *, #831, .F. ) ;
#1762 = CARTESIAN_POINT ( 'NONE',  ( -12.38169964909126364, 23.77611764621229185, 1.772530071183332279 ) ) ;
#1763 = CARTESIAN_POINT ( 'NONE',  ( -10.45000000000000107, 40.99999999999999289, -14.19999999999999396 ) ) ;
#1764 = EDGE_LOOP ( 'NONE', ( #608, #1585 ) ) ;
#1765 = CARTESIAN_POINT ( 'NONE',  ( -7.248067863330016181, 28.19473196285953520, -10.22188403342624596 ) ) ;
#1766 = EDGE_CURVE ( 'NONE', #1350, #2508, #1291, .T. ) ;
#1767 = CARTESIAN_POINT ( 'NONE',  ( 10.44999999999999751, 31.99999999999999289, -10.80000000000000426 ) ) ;
#1768 = CARTESIAN_POINT ( 'NONE',  ( 12.50020617400334544, 24.03443240099479539, -0.2107233719905748370 ) ) ;
#1769 = ORIENTED_EDGE ( 'NONE', *, *, #1040, .F. ) ;
#1770 = CARTESIAN_POINT ( 'NONE',  ( 10.45000000000000107, 35.19999999999999574, 12.50000000000000000 ) ) ;
#1771 = EDGE_CURVE ( 'NONE', #1527, #1948, #1899, .T. ) ;
#1772 = ORIENTED_EDGE ( 'NONE', *, *, #2013, .T. ) ;
#1773 = CARTESIAN_POINT ( 'NONE',  ( -14.34999999999987530, 29.49999999999983658, 0.7469067196092388228 ) ) ;
#1774 = CARTESIAN_POINT ( 'NONE',  ( 10.45000000000000107, 37.99999999999999289, 14.19999999999999396 ) ) ;
#1775 = ORIENTED_EDGE ( 'NONE', *, *, #1512, .F. ) ;
#1777 = AXIS2_PLACEMENT_3D ( 'NONE', #1770, #1534, #2347 ) ;
#1776 = PERSON_AND_ORGANIZATION_ROLE ( 'creator' ) ;
#1778 = EDGE_CURVE ( 'NONE', #1012, #2166, #336, .T. ) ;
#1779 = AXIS2_PLACEMENT_3D ( 'NONE', #733, #1078, #304 ) ;
#1780 = CARTESIAN_POINT ( 'NONE',  ( -8.013981832610591383, 20.49999999999999645, 9.593023255813955430 ) ) ;
#1781 = CARTESIAN_POINT ( 'NONE',  ( 14.34999999999999964, 29.50000000000000000, 14.94635624879658309 ) ) ;
#1782 = AXIS2_PLACEMENT_3D ( 'NONE', #255, #2435, #1485 ) ;
#1783 = VECTOR ( 'NONE', #569, 1000.000000000000000 ) ;
#1784 = ORIENTED_EDGE ( 'NONE', *, *, #2371, .F. ) ;
#1785 = DIRECTION ( 'NONE',  ( 0.000000000000000000, 0.000000000000000000, 1.000000000000000000 ) ) ;
#1786 = CARTESIAN_POINT ( 'NONE',  ( -4.963356804674224243, 29.50000000000000355, 16.50000000000000000 ) ) ;
#1787 = VERTEX_POINT ( 'NONE', #358 ) ;
#1788 = CARTESIAN_POINT ( 'NONE',  ( -14.34999999999999964, 29.50000000000000000, 14.09961527276023752 ) ) ;
#1789 = CIRCLE ( 'NONE', #1983, 1.699999999999993072 ) ;
#1790 = LINE ( 'NONE', #48, #365 ) ;
#1791 = AXIS2_PLACEMENT_3D ( 'NONE', #145, #2120, #944 ) ;
#1792 = ORIENTED_EDGE ( 'NONE', *, *, #1959, .F. ) ;
#1793 = AXIS2_PLACEMENT_3D ( 'NONE', #1419, #2149, #36 ) ;
#1794 = CARTESIAN_POINT ( 'NONE',  ( 10.44999999999999751, 40.99999999999999289, -14.19999999999999396 ) ) ;
#1795 = VERTEX_POINT ( 'NONE', #1695 ) ;
#1796 = DIRECTION ( 'NONE',  ( 1.000000000000000000, -0.000000000000000000, -1.208866533781747157E-16 ) ) ;
#1797 = CARTESIAN_POINT ( 'NONE',  ( -4.597919275673001849, 21.20615690150186339, 11.62922421558267594 ) ) ;
#1798 = EDGE_LOOP ( 'NONE', ( #2444, #869, #1174, #1439 ) ) ;
#1799 = PLANE ( 'NONE',  #1782 ) ;
#1800 = DIRECTION ( 'NONE',  ( 0.000000000000000000, 0.000000000000000000, 1.000000000000000000 ) ) ;
#1801 = CARTESIAN_POINT ( 'NONE',  ( 7.732437371071503307, 20.50000000184989091, 9.828224624525212505 ) ) ;
#1802 = CARTESIAN_POINT ( 'NONE',  ( 14.34999999999999964, 29.50000000000000000, -16.50000000000000000 ) ) ;
#1803 = EDGE_CURVE ( 'NONE', #2421, #843, #1271, .T. ) ;
#1804 = DIRECTION ( 'NONE',  ( -0.000000000000000000, -1.000000000000000000, -0.000000000000000000 ) ) ;
#1805 = EDGE_LOOP ( 'NONE', ( #243, #1930 ) ) ;
#1806 = CARTESIAN_POINT ( 'NONE',  ( 0.000000000000000000, 29.50000000000000000, 0.000000000000000000 ) ) ;
#1807 = CARTESIAN_POINT ( 'NONE',  ( -7.442505207466190598, 20.52709032394287902, 10.04941633133427459 ) ) ;
#1808 = EDGE_CURVE ( 'NONE', #784, #1259, #164, .T. ) ;
#1809 = ORIENTED_EDGE ( 'NONE', *, *, #315, .F. ) ;
#1810 = CARTESIAN_POINT ( 'NONE',  ( -9.592076299547867890, 20.74466864127099441, -8.027478020040934581 ) ) ;
#1811 = CARTESIAN_POINT ( 'NONE',  ( -10.66807042155710050, 21.38298588521794841, 6.573531146417642468 ) ) ;
#1812 = VERTEX_POINT ( 'NONE', #1710 ) ;
#1813 = FACE_OUTER_BOUND ( 'NONE', #994, .T. ) ;
#1814 = AXIS2_PLACEMENT_3D ( 'NONE', #314, #1868, #730 ) ;
#1815 = VECTOR ( 'NONE', #767, 1000.000000000000000 ) ;
#1816 = CARTESIAN_POINT ( 'NONE',  ( 0.7394744233635335284, 21.99758085513584049, -12.48357092564435789 ) ) ;
#1817 = ORIENTED_EDGE ( 'NONE', *, *, #831, .T. ) ;
#1818 = DIRECTION ( 'NONE',  ( 0.000000000000000000, 0.000000000000000000, 1.000000000000000000 ) ) ;
#1819 = CARTESIAN_POINT ( 'NONE',  ( -5.913491348118181890, 20.83461269786744907, 11.01869778374966735 ) ) ;
#1820 = AXIS2_PLACEMENT_3D ( 'NONE', #1008, #1146, #1965 ) ;
#1821 = ORIENTED_EDGE ( 'NONE', *, *, #1724, .F. ) ;
#1822 = CARTESIAN_POINT ( 'NONE',  ( -12.30509672818524614, 23.62056743256440328, -2.209793291484218436 ) ) ;
#1823 = ADVANCED_FACE ( 'NONE', ( #154 ), #1540, .F. ) ;
#1824 = DIRECTION ( 'NONE',  ( 0.000000000000000000, 1.000000000000000000, 0.000000000000000000 ) ) ;
#1825 = CARTESIAN_POINT ( 'NONE',  ( 2.884801216461227558, 21.67719372740427630, 12.18455564452809448 ) ) ;
#1826 = AXIS2_PLACEMENT_3D ( 'NONE', #871, #1843, #139 ) ;
#1827 = DATE_AND_TIME ( #2197, #1654 ) ;
#1828 = CARTESIAN_POINT ( 'NONE',  ( 5.828618016036670291, 27.39901856023198334, -11.10629523896868065 ) ) ;
#1829 = CARTESIAN_POINT ( 'NONE',  ( -10.45000000000000107, 31.99999999999999289, 12.50000000000000178 ) ) ;
#1830 = ORIENTED_EDGE ( 'NONE', *, *, #875, .T. ) ;
#1831 = DIRECTION ( 'NONE',  ( 0.000000000000000000, 0.000000000000000000, 1.000000000000000000 ) ) ;
#1832 = FACE_OUTER_BOUND ( 'NONE', #2110, .T. ) ;
#1833 = EDGE_LOOP ( 'NONE', ( #1023, #1364, #626, #2306, #673, #1809 ) ) ;
#1834 = CARTESIAN_POINT ( 'NONE',  ( -11.04840061131981699, 21.78464386457890001, -5.862700470739661718 ) ) ;
#1835 = ADVANCED_FACE ( 'NONE', ( #951, #926 ), #2057, .T. ) ;
#1836 = DIRECTION ( 'NONE',  ( 1.049727191138617833E-16, 0.5150380749100552658, -0.8571673007021116675 ) ) ;
#1837 = CARTESIAN_POINT ( 'NONE',  ( 4.961858092275247323, 29.50000000000000000, 16.50000000000000000 ) ) ;
#1838 = CARTESIAN_POINT ( 'NONE',  ( 4.963356804675908229, 29.50000000000000000, -16.49999999999999645 ) ) ;
#1839 =( BOUNDED_SURFACE ( )  B_SPLINE_SURFACE ( 3, 2, ( 
 ( #542, #1705, #2043 ),
 ( #2243, #897, #705 ),
 ( #502, #2272, #1309 ),
 ( #923, #340, #935 ),
 ( #306, #1110, #2257 ),
 ( #2471, #1080, #1495 ),
 ( #692, #1119, #1857 ),
 ( #1471, #1892, #1871 ),
 ( #1842, #149, #747 ),
 ( #1268, #126, #529 ),
 ( #1683, #111, #1883 ),
 ( #1297, #2053, #2281 ),
 ( #515, #1670, #2442 ),
 ( #1482, #320, #1320 ),
 ( #1096, #137, #1692 ),
 ( #95, #882, #1657 ),
 ( #406, #599, #1370 ),
 ( #1583, #1167, #2316 ),
 ( #1332, #2344, #2098 ),
 ( #616, #379, #575 ),
 ( #1768, #808, #367 ),
 ( #997, #2139, #795 ),
 ( #1927, #1916, #1556 ),
 ( #15, #201, #2505 ),
 ( #562, #1542, #1531 ),
 ( #1184, #213, #2490 ),
 ( #1389, #1344, #171 ),
 ( #2153, #2113, #1133 ),
 ( #1943, #586, #782 ),
 ( #1903, #1356, #2 ),
 ( #959, #1154, #2291 ),
 ( #971, #1569, #1727 ),
 ( #185, #1742, #2124 ),
 ( #389, #161, #947 ),
 ( #2329, #1716, #2480 ),
 ( #757, #455, #937 ),
 ( #1098, #127, #1706 ),
 ( #1684, #718, #1781 ),
 ( #2304, #2050, #2429 ),
 ( #2039, #302, #540 ) ),
 .UNSPECIFIED., .F., .F., .F. ) 
 B_SPLINE_SURFACE_WITH_KNOTS ( ( 4, 2, 2, 2, 2, 2, 2, 2, 2, 2, 2, 2, 2, 2, 2, 2, 2, 2, 2, 4 ),
 ( 3, 3 ),
 ( 0.01523581750534373086, 0.01754876211320502422, 0.01870523441713567089, 0.01986170672106631757, 0.02217465132892761093, 0.02448759593678890775, 0.02680054054465020458, 0.02911348515251149793, 0.03142642976037279129, 0.03258290206430343450, 0.03373937436823408464, 0.03605231897609537800, 0.03720879128002602121, 0.03836526358395667136, 0.04067820819181797165, 0.04299115279967926501, 0.04530409740754055836, 0.04761704201540185866, 0.04992998662326315201, 0.05224293123112444537 ),
 ( 0.000000000000000000, 1.000000000000000000 ),
 .UNSPECIFIED. ) 
 GEOMETRIC_REPRESENTATION_ITEM ( )  RATIONAL_B_SPLINE_SURFACE ( (
 ( 1.000000000000000000, 0.7071067811865567876, 1.000000000000000000),
 ( 1.000000000000000000, 0.7222488585828839014, 1.000000000000000000),
 ( 1.000000000000000000, 0.7377878376872158972, 1.000000000000000000),
 ( 1.000000000000000000, 0.7609199249078741900, 1.000000000000000000),
 ( 1.000000000000000000, 0.7686029408679802000, 1.000000000000000000),
 ( 1.000000000000000000, 0.7838119790844755297, 1.000000000000000000),
 ( 1.000000000000000000, 0.7913611381179169735, 1.000000000000000000),
 ( 1.000000000000000000, 0.8134633018228000223, 1.000000000000000000),
 ( 1.000000000000000000, 0.8274166591727528663, 1.000000000000000000),
 ( 1.000000000000000000, 0.8534391061144318558, 1.000000000000000000),
 ( 1.000000000000000000, 0.8655116362650929762, 1.000000000000000000),
 ( 1.000000000000000000, 0.8875355544104477357, 1.000000000000000000),
 ( 1.000000000000000000, 0.8974963482483204746, 1.000000000000000000),
 ( 1.000000000000000000, 0.9150191464952003306, 1.000000000000000000),
 ( 1.000000000000000000, 0.9224674689353349333, 1.000000000000000000),
 ( 1.000000000000000000, 0.9345998307389600246, 1.000000000000000000),
 ( 1.000000000000000000, 0.9392861860281664921, 1.000000000000000000),
 ( 1.000000000000000000, 0.9440459231396283180, 1.000000000000000000),
 ( 1.000000000000000000, 0.9452559923619029414, 1.000000000000000000),
 ( 1.000000000000000000, 0.9468467052887604707, 1.000000000000000000),
 ( 1.000000000000000000, 0.9472320070739301823, 1.000000000000000000),
 ( 1.000000000000000000, 0.9471892924098144206, 1.000000000000000000),
 ( 1.000000000000000000, 0.9455648093352793104, 1.000000000000000000),
 ( 1.000000000000000000, 0.9408274193962855581, 1.000000000000000000),
 ( 1.000000000000000000, 0.9388643274986203657, 1.000000000000000000),
 ( 1.000000000000000000, 0.9341793098365669401, 1.000000000000000000),
 ( 1.000000000000000000, 0.9314464345884234664, 1.000000000000000000),
 ( 1.000000000000000000, 0.9222581267008911343, 1.000000000000000000),
 ( 1.000000000000000000, 0.9147982663823173155, 1.000000000000000000),
 ( 1.000000000000000000, 0.8974648333842871750, 1.000000000000000000),
 ( 1.000000000000000000, 0.8875882688365722695, 1.000000000000000000),
 ( 1.000000000000000000, 0.8655830482754828248, 1.000000000000000000),
 ( 1.000000000000000000, 0.8534088556940255810, 1.000000000000000000),
 ( 1.000000000000000000, 0.8271551980676430382, 1.000000000000000000),
 ( 1.000000000000000000, 0.8131928980617595393, 1.000000000000000000),
 ( 1.000000000000000000, 0.7840491566806404578, 1.000000000000000000),
 ( 1.000000000000000000, 0.7688627075999783234, 1.000000000000000000),
 ( 1.000000000000000000, 0.7379039090333718853, 1.000000000000000000),
 ( 1.000000000000000000, 0.7220717793740809576, 1.000000000000000000),
 ( 1.000000000000000000, 0.7071067811865476838, 1.000000000000000000) ) ) 
 REPRESENTATION_ITEM ( '' )  SURFACE ( )  );
#1840 = DIRECTION ( 'NONE',  ( 0.000000000000000000, 0.000000000000000000, -1.000000000000000000 ) ) ;
#1841 = ORIENTED_EDGE ( 'NONE', *, *, #2465, .F. ) ;
#1842 = CARTESIAN_POINT ( 'NONE',  ( 10.61946569027279352, 21.38548569351634399, -6.607740617184215459 ) ) ;
#1843 = DIRECTION ( 'NONE',  ( 0.000000000000000000, 1.000000000000000000, 0.000000000000000000 ) ) ;
#1844 = VERTEX_POINT ( 'NONE', #721 ) ;
#1845 = CARTESIAN_POINT ( 'NONE',  ( -14.34999999999956444, 29.49999999999968381, -8.077591507858253195 ) ) ;
#1846 = EDGE_CURVE ( 'NONE', #1012, #24, #1525, .T. ) ;
#1847 = CARTESIAN_POINT ( 'NONE',  ( -9.470970900846772622, 20.70763897485008798, 8.160990104331826700 ) ) ;
#1848 = CARTESIAN_POINT ( 'NONE',  ( 3.582175874442407260, 21.49296423661277089, 11.99737436527596124 ) ) ;
#1849 = CARTESIAN_POINT ( 'NONE',  ( 6.541335299269076309, 20.68257616962810630, -10.65795539849994533 ) ) ;
#1850 = DIRECTION ( 'NONE',  ( 0.000000000000000000, 0.000000000000000000, 1.000000000000000000 ) ) ;
#1851 = APPROVAL_PERSON_ORGANIZATION ( #271, #2100, #1017 ) ;
#1852 = DIRECTION ( 'NONE',  ( -0.000000000000000000, 1.000000000000000000, -0.000000000000000000 ) ) ;
#1853 = ADVANCED_FACE ( 'NONE', ( #1500, #1114 ), #1719, .F. ) ;
#1854 = CARTESIAN_POINT ( 'NONE',  ( -8.343023255813955430, 20.49999999999999645, -9.308273897611067937 ) ) ;
#1855 = CARTESIAN_POINT ( 'NONE',  ( 10.44999999999999574, 35.19999999999999574, -9.400000000000000355 ) ) ;
#1856 = ORIENTED_EDGE ( 'NONE', *, *, #72, .F. ) ;
#1857 = CARTESIAN_POINT ( 'NONE',  ( 14.34999999999999964, 29.50000000000000000, -12.91433616730986600 ) ) ;
#1858 = AXIS2_PLACEMENT_3D ( 'NONE', #1666, #1880, #1130 ) ;
#1859 = FACE_OUTER_BOUND ( 'NONE', #1598, .T. ) ;
#1860 = AXIS2_PLACEMENT_3D ( 'NONE', #794, #404, #574 ) ;
#1861 = ORIENTED_EDGE ( 'NONE', *, *, #786, .F. ) ;
#1862 = CARTESIAN_POINT ( 'NONE',  ( 8.343023255813955430, 20.49999999999999645, 9.308273897611067937 ) ) ;
#1863 = CARTESIAN_POINT ( 'NONE',  ( -12.47010975744546180, 23.96725689296678041, -0.8949496481524130687 ) ) ;
#1864 = CARTESIAN_POINT ( 'NONE',  ( 6.747968642559160735, 27.82017137821933872, 10.56837143938336432 ) ) ;
#1865 = CIRCLE ( 'NONE', #362, 12.50000000000000000 ) ;
#1866 = CARTESIAN_POINT ( 'NONE',  ( 9.615290686001415565, 29.50000000000000000, -16.50000000000000000 ) ) ;
#1867 = AXIS2_PLACEMENT_3D ( 'NONE', #1010, #732, #303 ) ;
#1868 = DIRECTION ( 'NONE',  ( -0.000000000000000000, 1.000000000000000000, -0.000000000000000000 ) ) ;
#1869 = CARTESIAN_POINT ( 'NONE',  ( -14.34999999999999964, 29.50000000000000000, 16.01023110389103365 ) ) ;
#1870 = EDGE_LOOP ( 'NONE', ( #2313, #815, #1334, #1195 ) ) ;
#1871 = CARTESIAN_POINT ( 'NONE',  ( 14.34999999999999964, 29.50000000000000000, -11.99274571018189306 ) ) ;
#1872 = AXIS2_PLACEMENT_3D ( 'NONE', #1261, #710, #851 ) ;
#1873 = DIRECTION ( 'NONE',  ( -0.000000000000000000, -1.000000000000000000, -0.000000000000000000 ) ) ;
#1874 = ORIENTED_EDGE ( 'NONE', *, *, #1014, .F. ) ;
#1875 = DIRECTION ( 'NONE',  ( 0.000000000000000000, 0.5150380749100552658, 0.8571673007021116675 ) ) ;
#1876 = DIRECTION ( 'NONE',  ( 0.000000000000000000, 0.000000000000000000, 1.000000000000000000 ) ) ;
#1877 = AXIS2_PLACEMENT_3D ( 'NONE', #77, #1444, #1675 ) ;
#1878 = CARTESIAN_POINT ( 'NONE',  ( 13.78404875209020375, 20.49999999999999645, 16.50000000000001066 ) ) ;
#1879 = DIRECTION ( 'NONE',  ( -0.000000000000000000, 1.000000000000000000, -0.000000000000000000 ) ) ;
#1880 = DIRECTION ( 'NONE',  ( -0.000000000000000000, 0.05852022686598545853, 0.9982862230079877497 ) ) ;
#1881 = EDGE_CURVE ( 'NONE', #357, #784, #850, .T. ) ;
#1882 = CARTESIAN_POINT ( 'NONE',  ( 10.44999999999999574, 35.19999999999999574, -12.50000000000000000 ) ) ;
#1883 = CARTESIAN_POINT ( 'NONE',  ( 14.35000000000043663, 29.50000000000031264, -9.425950518746946116 ) ) ;
#1884 = CYLINDRICAL_SURFACE ( 'NONE', #778, 12.50000000000000000 ) ;
#1885 = EDGE_LOOP ( 'NONE', ( #2003, #1494 ) ) ;
#1886 = DIRECTION ( 'NONE',  ( 0.000000000000000000, 0.000000000000000000, 1.000000000000000000 ) ) ;
#1887 = ADVANCED_FACE ( 'NONE', ( #2071 ), #1701, .F. ) ;
#1888 = DIRECTION ( 'NONE',  ( 0.000000000000000000, 0.000000000000000000, 1.000000000000000000 ) ) ;
#1889 = VERTEX_POINT ( 'NONE', #1862 ) ;
#1890 = CARTESIAN_POINT ( 'NONE',  ( 10.45000000000000107, 40.99999999999999289, 14.19999999999999396 ) ) ;
#1891 = FACE_OUTER_BOUND ( 'NONE', #2045, .T. ) ;
#1892 = CARTESIAN_POINT ( 'NONE',  ( 9.544499466238427487, 27.46402557932452737, -8.215520549204649470 ) ) ;
#1893 = CARTESIAN_POINT ( 'NONE',  ( -14.34999999999999964, 29.50000000000000000, -16.49999999999999289 ) ) ;
#1894 = EDGE_LOOP ( 'NONE', ( #1339, #2094, #2335 ) ) ;
#1895 = CARTESIAN_POINT ( 'NONE',  ( -10.45000000000000107, 35.19999999999999574, 12.50000000000000178 ) ) ;
#1896 = CIRCLE ( 'NONE', #1860, 3.100000000000000533 ) ;
#1897 = CARTESIAN_POINT ( 'NONE',  ( -9.182735505547672261, 20.61266134649419257, -8.484075277495172429 ) ) ;
#1898 = EDGE_CURVE ( 'NONE', #1757, #978, #438, .T. ) ;
#1899 = CIRCLE ( 'NONE', #566, 1.699999999999993072 ) ;
#1900 = LINE ( 'NONE', #1128, #1058 ) ;
#1901 = DIRECTION ( 'NONE',  ( -0.000000000000000000, -0.000000000000000000, 1.000000000000000000 ) ) ;
#1902 = LINE ( 'NONE', #1568, #150 ) ;
#1903 = CARTESIAN_POINT ( 'NONE',  ( 11.74552462051673807, 22.65549253059026924, 4.298367048217587971 ) ) ;
#1904 = AXIS2_PLACEMENT_3D ( 'NONE', #1552, #2312, #1536 ) ;
#1905 = DIRECTION ( 'NONE',  ( 0.000000000000000000, 0.000000000000000000, -1.000000000000000000 ) ) ;
#1906 = ORIENTED_EDGE ( 'NONE', *, *, #295, .F. ) ;
#1907 = DIRECTION ( 'NONE',  ( -0.000000000000000000, 1.000000000000000000, -0.000000000000000000 ) ) ;
#1908 = ADVANCED_FACE ( 'NONE', ( #2275 ), #115, .F. ) ;
#1909 = FACE_OUTER_BOUND ( 'NONE', #1709, .T. ) ;
#1910 = ADVANCED_FACE ( 'NONE', ( #1312 ), #2081, .F. ) ;
#1911 = ORIENTED_EDGE ( 'NONE', *, *, #1729, .T. ) ;
#1912 = B_SPLINE_CURVE_WITH_KNOTS ( 'NONE', 3,
 ( #1599, #443, #1400, #2356, #43, #2190, #2163, #1032, #252, #833, #1608, #638, #2367, #1221 ),
 .UNSPECIFIED., .F., .F.,
 ( 4, 2, 2, 2, 2, 2, 4 ),
 ( 0.008815393068737466600, 0.009914428631226140237, 0.01101346419371481387, 0.01321153531869215941, 0.01431057088118083478, 0.01540960644366951016, 0.01760767756864685396 ),
 .UNSPECIFIED. ) ;
#1913 = ORIENTED_EDGE ( 'NONE', *, *, #2213, .F. ) ;
#1914 =( NAMED_UNIT ( * ) SI_UNIT ( $, .STERADIAN. ) SOLID_ANGLE_UNIT ( ) );
#1915 = DIRECTION ( 'NONE',  ( -1.000000000000000000, -0.000000000000000000, -0.000000000000000000 ) ) ;
#1916 = CARTESIAN_POINT ( 'NONE',  ( 12.45938296404077050, 27.06531900505611787, 1.187044862035826265 ) ) ;
#1917 = CARTESIAN_POINT ( 'NONE',  ( 12.10734508886490168, 23.24419227900639484, -3.137620155590623572 ) ) ;
#1918 = VERTEX_POINT ( 'NONE', #2046 ) ;
#1919 = CARTESIAN_POINT ( 'NONE',  ( 14.34999999999999964, 40.99999999999999289, 16.50000000000000000 ) ) ;
#1920 = LINE ( 'NONE', #964, #1148 ) ;
#1921 = CC_DESIGN_PERSON_AND_ORGANIZATION_ASSIGNMENT ( #1446, #1776, ( #2410 ) ) ;
#1922 = ORIENTED_EDGE ( 'NONE', *, *, #405, .F. ) ;
#1923 = CARTESIAN_POINT ( 'NONE',  ( -11.08754388146780556, 26.91410918930169061, 5.944864265839924222 ) ) ;
#1924 = VERTEX_POINT ( 'NONE', #309 ) ;
#1925 = CARTESIAN_POINT ( 'NONE',  ( 10.44999999999999574, 37.99999999999999289, -12.50000000000000000 ) ) ;
#1926 = DIRECTION ( 'NONE',  ( -1.000000000000000000, -0.000000000000000000, -0.000000000000000000 ) ) ;
#1927 = CARTESIAN_POINT ( 'NONE',  ( 12.47544240801273574, 23.97762889021652555, 0.8987153775412023426 ) ) ;
#1928 = EDGE_CURVE ( 'NONE', #24, #282, #1084, .T. ) ;
#1929 = CARTESIAN_POINT ( 'NONE',  ( 0.000000000000000000, 14.50000000000000000, 0.000000000000000000 ) ) ;
#1930 = ORIENTED_EDGE ( 'NONE', *, *, #639, .F. ) ;
#1931 = DIRECTION ( 'NONE',  ( -0.000000000000000000, 1.000000000000000000, -0.000000000000000000 ) ) ;
#1932 = DIRECTION ( 'NONE',  ( 0.000000000000000000, 1.000000000000000000, 0.000000000000000000 ) ) ;
#1933 = AXIS2_PLACEMENT_3D ( 'NONE', #1412, #2218, #2404 ) ;
#1934 = EDGE_LOOP ( 'NONE', ( #2338, #203, #881, #1761 ) ) ;
#1935 = CARTESIAN_POINT ( 'NONE',  ( -11.59133114858287428, 22.43447653873240810, 4.698323607085045595 ) ) ;
#1936 = AXIS2_PLACEMENT_3D ( 'NONE', #124, #1094, #1691 ) ;
#1937 = LINE ( 'NONE', #197, #2104 ) ;
#1938 = ORIENTED_EDGE ( 'NONE', *, *, #1469, .F. ) ;
#1939 = AXIS2_PLACEMENT_3D ( 'NONE', #1549, #458, #469 ) ;
#1940 = AXIS2_PLACEMENT_3D ( 'NONE', #2438, #1448, #728 ) ;
#1941 = CARTESIAN_POINT ( 'NONE',  ( -10.45000000000000284, 35.19999999999999574, 15.60000000000000320 ) ) ;
#1942 = EDGE_CURVE ( 'NONE', #29, #2207, #1391, .T. ) ;
#1943 = CARTESIAN_POINT ( 'NONE',  ( 12.01210456840294860, 23.07580526355514650, 3.484630788207080165 ) ) ;
#1944 = CARTESIAN_POINT ( 'NONE',  ( 12.44413639149779094, 23.91007339747207894, -1.201852647833788312 ) ) ;
#1945 = ORIENTED_EDGE ( 'NONE', *, *, #1702, .F. ) ;
#1946 = FACE_OUTER_BOUND ( 'NONE', #2488, .T. ) ;
#1947 = DIRECTION ( 'NONE',  ( 0.000000000000000000, 0.000000000000000000, 1.000000000000000000 ) ) ;
#1948 = VERTEX_POINT ( 'NONE', #1157 ) ;
#1949 = CARTESIAN_POINT ( 'NONE',  ( -12.01548633018465395, 23.08135351008304426, 3.473608084419788966 ) ) ;
#1950 = ADVANCED_FACE ( 'NONE', ( #578 ), #1572, .F. ) ;
#1951 = CARTESIAN_POINT ( 'NONE',  ( 2.908104829634213573, 21.67171956135500821, 12.17905570849825914 ) ) ;
#1952 = EDGE_LOOP ( 'NONE', ( #1626, #759, #114, #832 ) ) ;
#1953 = DIRECTION ( 'NONE',  ( 0.000000000000000000, 0.000000000000000000, 1.000000000000000000 ) ) ;
#1954 = EDGE_CURVE ( 'NONE', #1004, #2184, #1415, .T. ) ;
#1955 = EDGE_LOOP ( 'NONE', ( #567, #1604 ) ) ;
#1956 = PLANE ( 'NONE',  #1508 ) ;
#1957 = ORIENTED_EDGE ( 'NONE', *, *, #2142, .T. ) ;
#1958 = CARTESIAN_POINT ( 'NONE',  ( -12.49447644631338150, 24.02146221968061113, 0.4342480927940121638 ) ) ;
#1959 = EDGE_CURVE ( 'NONE', #323, #764, #735, .T. ) ;
#1960 = DIRECTION ( 'NONE',  ( -0.000000000000000000, 1.000000000000000000, -0.000000000000000000 ) ) ;
#1961 = CARTESIAN_POINT ( 'NONE',  ( 8.013981832610578948, 20.49999999999999645, 9.593023255813962535 ) ) ;
#1962 = CARTESIAN_POINT ( 'NONE',  ( -9.614799791409819107, 29.50000000000000000, -16.49999999999999289 ) ) ;
#1963 = CARTESIAN_POINT ( 'NONE',  ( -10.45000000000000107, 40.99999999999999289, -10.80000000000000782 ) ) ;
#1964 = ORIENTED_EDGE ( 'NONE', *, *, #1989, .F. ) ;
#1965 = DIRECTION ( 'NONE',  ( 0.000000000000000000, 0.000000000000000000, 1.000000000000000000 ) ) ;
#1966 = DIRECTION ( 'NONE',  ( 0.000000000000000000, 1.000000000000000000, 0.000000000000000000 ) ) ;
#1967 = VERTEX_POINT ( 'NONE', #2155 ) ;
#1968 = CARTESIAN_POINT ( 'NONE',  ( -8.733221097165573710, 28.29707186816919773, 9.007215250761609227 ) ) ;
#1969 = CARTESIAN_POINT ( 'NONE',  ( 5.903514391990597687, 20.83726289402807197, 11.02399774791055087 ) ) ;
#1970 = ORIENTED_EDGE ( 'NONE', *, *, #1543, .F. ) ;
#1972 = CIRCLE ( 'NONE', #2454, 3.100000000000000533 ) ;
#1971 = APPROVAL_DATE_TIME ( #2363, #499 ) ;
#1973 = CARTESIAN_POINT ( 'NONE',  ( -7.442818636505483809, 20.52705608479392652, -10.04918282812889707 ) ) ;
#1974 = CIRCLE ( 'NONE', #1207, 12.50000000000000000 ) ;
#1975 = CARTESIAN_POINT ( 'NONE',  ( -10.45000000000000107, 31.99999999999999289, -14.19999999999999751 ) ) ;
#1976 = AXIS2_PLACEMENT_3D ( 'NONE', #1630, #258, #820 ) ;
#1977 = ORIENTED_EDGE ( 'NONE', *, *, #2476, .T. ) ;
#1978 = LINE ( 'NONE', #2393, #2414 ) ;
#1979 = EDGE_CURVE ( 'NONE', #1601, #2020, #224, .T. ) ;
#1980 = CARTESIAN_POINT ( 'NONE',  ( -8.013981832610584277, 29.50000000000000000, 9.593023255813957206 ) ) ;
#1981 = VERTEX_POINT ( 'NONE', #1919 ) ;
#1982 = CARTESIAN_POINT ( 'NONE',  ( -8.472570292509121970, 28.76174368839258833, -9.219874183509894294 ) ) ;
#1983 = AXIS2_PLACEMENT_3D ( 'NONE', #719, #1659, #706 ) ;
#1984 = ADVANCED_FACE ( 'NONE', ( #2319 ), #976, .F. ) ;
#1985 = CARTESIAN_POINT ( 'NONE',  ( -4.931034397941329139, 21.10901118424193612, -11.49190083120731209 ) ) ;
#1986 = EDGE_LOOP ( 'NONE', ( #1000, #1994, #2032, #1553 ) ) ;
#1987 = CALENDAR_DATE ( 2026, 6, 7 ) ;
#1988 = CARTESIAN_POINT ( 'NONE',  ( 0.000000000000000000, 20.49999999999999645, 0.000000000000000000 ) ) ;
#1989 = EDGE_CURVE ( 'NONE', #425, #978, #1745, .T. ) ;
#1990 = FACE_OUTER_BOUND ( 'NONE', #418, .T. ) ;
#1991 = ORIENTED_EDGE ( 'NONE', *, *, #2087, .T. ) ;
#1992 = LINE ( 'NONE', #240, #1326 ) ;
#1993 = CARTESIAN_POINT ( 'NONE',  ( -6.541335299269863235, 20.68257616962810630, 10.65795539849949058 ) ) ;
#1994 = ORIENTED_EDGE ( 'NONE', *, *, #2087, .F. ) ;
#1995 = FACE_OUTER_BOUND ( 'NONE', #2383, .T. ) ;
#1996 = DIRECTION ( 'NONE',  ( 0.000000000000000000, -0.000000000000000000, 1.000000000000000000 ) ) ;
#1997 = ORIENTED_EDGE ( 'NONE', *, *, #605, .T. ) ;
#1998 = CARTESIAN_POINT ( 'NONE',  ( -7.908737243666275063, 29.50000000000000000, -16.49999999999999289 ) ) ;
#1999 = CARTESIAN_POINT ( 'NONE',  ( 0.000000000000000000, 0.000000000000000000, 0.000000000000000000 ) ) ;
#2000 = DIRECTION ( 'NONE',  ( 0.000000000000000000, 0.000000000000000000, -1.000000000000000000 ) ) ;
#2001 = ORIENTED_EDGE ( 'NONE', *, *, #138, .T. ) ;
#2002 = DIRECTION ( 'NONE',  ( 0.000000000000000000, 0.000000000000000000, 1.000000000000000000 ) ) ;
#2003 = ORIENTED_EDGE ( 'NONE', *, *, #694, .T. ) ;
#2004 = CARTESIAN_POINT ( 'NONE',  ( -10.33811060957860128, 27.07483455237253622, -7.199536243594693019 ) ) ;
#2005 = CARTESIAN_POINT ( 'NONE',  ( 14.34999999999999964, 40.99999999999999289, -16.50000000000000000 ) ) ;
#2006 = ORIENTED_EDGE ( 'NONE', *, *, #1313, .T. ) ;
#2007 = COORDINATED_UNIVERSAL_TIME_OFFSET ( 5, 0, .BEHIND. ) ;
#2008 = ADVANCED_FACE ( 'NONE', ( #1196 ), #1586, .F. ) ;
#2009 = CARTESIAN_POINT ( 'NONE',  ( 1.240556327676310744, 29.49999999999982592, -16.49999999999973355 ) ) ;
#2010 = DIRECTION ( 'NONE',  ( 0.000000000000000000, -0.000000000000000000, 1.000000000000000000 ) ) ;
#2011 = CIRCLE ( 'NONE', #228, 1.699999999999989742 ) ;
#2012 = AXIS2_PLACEMENT_3D ( 'NONE', #2076, #339, #2241 ) ;
#2013 = EDGE_CURVE ( 'NONE', #1889, #1079, #2463, .T. ) ;
#2014 = DIRECTION ( 'NONE',  ( 0.000000000000000000, 0.000000000000000000, 1.000000000000000000 ) ) ;
#2015 = EDGE_LOOP ( 'NONE', ( #1156, #1205, #1411, #573 ) ) ;
#2016 = CARTESIAN_POINT ( 'NONE',  ( 10.44999999999999751, 31.99999999999999289, -14.19999999999999751 ) ) ;
#2017 = AXIS2_PLACEMENT_3D ( 'NONE', #1123, #2475, #1886 ) ;
#2018 = CARTESIAN_POINT ( 'NONE',  ( -3.582090707397432183, 21.49298645806121399, 11.99739539448359515 ) ) ;
#2019 = AXIS2_PLACEMENT_3D ( 'NONE', #927, #1711, #1888 ) ;
#2020 = VERTEX_POINT ( 'NONE', #1731 ) ;
#2021 = CARTESIAN_POINT ( 'NONE',  ( -8.343023255813955430, 29.49999999999999289, -9.308273897611060832 ) ) ;
#2022 = CARTESIAN_POINT ( 'NONE',  ( -10.45000000000000107, 31.99999999999999289, -14.19999999999999751 ) ) ;
#2023 = CARTESIAN_POINT ( 'NONE',  ( 10.17138003902289434, 29.50000000000000000, 16.50000000000000000 ) ) ;
#2024 = CARTESIAN_POINT ( 'NONE',  ( 13.78404875209022684, 29.50000000000000000, -16.50000000000000000 ) ) ;
#2025 = B_SPLINE_CURVE_WITH_KNOTS ( 'NONE', 3,
 ( #601, #2101, #783, #949, #1321, #2482, #162, #2141, #2507, #2331, #576, #1557, #1917, #2317, #1373, #1944, #1357, #758, #2088, #2125, #1532, #1345, #2292, #392, #1121, #172, #796, #748, #1544, #1523, #4, #202, #961, #2282, #2115, #355, #565, #1333 ),
 .UNSPECIFIED., .F., .F.,
 ( 4, 2, 2, 2, 2, 2, 2, 2, 2, 2, 2, 2, 2, 2, 2, 2, 2, 2, 4 ),
 ( 0.000000000000000000, 0.001386953491197946481, 0.002080430236796920046, 0.002773906982395891226, 0.005547813964791765105, 0.006934767455989700527, 0.008321720947187635081, 0.009708674438385569636, 0.01040215118398453778, 0.01109562792958350592, 0.01178910467518247407, 0.01248258142078144221, 0.01386953491197937677, 0.01525648840317731132, 0.01664344189437524588, 0.01941734887677111498, 0.02080430236796905474, 0.02149777911356802115, 0.02219125585916698756 ),
 .UNSPECIFIED. ) ;
#2026 = CC_DESIGN_PERSON_AND_ORGANIZATION_ASSIGNMENT ( #1052, #479, ( #2410 ) ) ;
#2027 = LINE ( 'NONE', #486, #1246 ) ;
#2028 = VERTEX_POINT ( 'NONE', #1559 ) ;
#2029 = CYLINDRICAL_SURFACE ( 'NONE', #679, 1.699999999999993072 ) ;
#2030 = ADVANCED_FACE ( 'NONE', ( #204 ), #1956, .F. ) ;
#2031 = CARTESIAN_POINT ( 'NONE',  ( 12.05653349848122957, 0.000000000000000000, 3.299999999999999822 ) ) ;
#2032 = ORIENTED_EDGE ( 'NONE', *, *, #806, .F. ) ;
#2033 = CARTESIAN_POINT ( 'NONE',  ( -14.35000000000043485, 29.50000000000031264, -9.421894431368889045 ) ) ;
#2034 = DIRECTION ( 'NONE',  ( 0.000000000000000000, 0.000000000000000000, 1.000000000000000000 ) ) ;
#2035 = EDGE_CURVE ( 'NONE', #843, #2353, #1359, .T. ) ;
#2036 = CARTESIAN_POINT ( 'NONE',  ( -0.6197153157891031050, 29.50000000000049383, 16.50000000000074607 ) ) ;
#2037 = CARTESIAN_POINT ( 'NONE',  ( 6.161196016737511272, 29.50000000000000000, -16.50000000000000000 ) ) ;
#2038 = CARTESIAN_POINT ( 'NONE',  ( 0.000000000000000000, 0.000000000000000000, 0.000000000000000000 ) ) ;
#2039 = CARTESIAN_POINT ( 'NONE',  ( 8.343023255813957206, 20.49999999999999645, 9.308273897611067937 ) ) ;
#2040 = DIRECTION ( 'NONE',  ( 0.000000000000000000, -0.000000000000000000, 1.000000000000000000 ) ) ;
#2041 = DIRECTION ( 'NONE',  ( 2.664535259100376091E-15, 0.000000000000000000, 1.000000000000000000 ) ) ;
#2042 = VERTEX_POINT ( 'NONE', #1172 ) ;
#2043 = CARTESIAN_POINT ( 'NONE',  ( 14.34999999999999964, 29.50000000000000000, -16.01023110389071391 ) ) ;
#2044 = CARTESIAN_POINT ( 'NONE',  ( 0.000000000000000000, 14.50000000000000000, 0.000000000000000000 ) ) ;
#2045 = EDGE_LOOP ( 'NONE', ( #289, #361 ) ) ;
#2046 = CARTESIAN_POINT ( 'NONE',  ( -8.013981832610598488, 20.49999999999999645, -9.593023255813950101 ) ) ;
#2047 = CARTESIAN_POINT ( 'NONE',  ( -12.50065287076338549, 24.03543736577676171, -0.1951330845536279612 ) ) ;
#2048 = CARTESIAN_POINT ( 'NONE',  ( 7.248067863330799554, 28.19473196285840899, 10.22188403342848417 ) ) ;
#2049 = CARTESIAN_POINT ( 'NONE',  ( 5.913491348118971480, 20.83461269786744907, -11.01869778374921616 ) ) ;
#2050 = CARTESIAN_POINT ( 'NONE',  ( 8.358085310786851352, 29.12591917648211037, 9.294773755713425345 ) ) ;
#2051 = DIRECTION ( 'NONE',  ( -0.000000000000000000, -1.000000000000000000, -0.000000000000000000 ) ) ;
#2052 = ORIENTED_EDGE ( 'NONE', *, *, #1652, .T. ) ;
#2053 = CARTESIAN_POINT ( 'NONE',  ( 11.08754388147122683, 26.91410918930034768, -5.944864265838034179 ) ) ;
#2054 = CIRCLE ( 'NONE', #2254, 8.999999999999998224 ) ;
#2055 = AXIS2_PLACEMENT_3D ( 'NONE', #1882, #527, #109 ) ;
#2056 = ORIENTED_EDGE ( 'NONE', *, *, #1898, .T. ) ;
#2057 = PLANE ( 'NONE',  #1621 ) ;
#2058 = AXIS2_PLACEMENT_3D ( 'NONE', #454, #854, #237 ) ;
#2059 = DIRECTION ( 'NONE',  ( 0.000000000000000000, 0.000000000000000000, 1.000000000000000000 ) ) ;
#2060 = CIRCLE ( 'NONE', #359, 1.699999999999996625 ) ;
#2061 = EDGE_CURVE ( 'NONE', #1162, #1744, #1376, .T. ) ;
#2062 = LINE ( 'NONE', #726, #2468 ) ;
#2063 = DIRECTION ( 'NONE',  ( 0.7446619118088705358, 2.942393472405853237E-14, 0.6674418604651328746 ) ) ;
#2064 = CLOSED_SHELL ( 'NONE', ( #1908, #284, #590, #722, #907, #2436, #1272, #2079, #1039, #1170, #1651, #1984, #457, #1245, #2164, #2085, #205, #181, #1551, #1619, #1910, #2030, #992, #38, #984, #236, #377, #2472, #41, #2008, #687, #344, #1759, #3, #1437, #1640, #1746, #2278, #1522, #1324, #372, #423, #564, #417, #1950, #745, #508, #1754, #1823, #22, #1142, #954, #2408, #800, #99, #1835, #216, #582, #1887, #54, #2068, #1853, #2321, #328, #2289, #2354, #155, #1215, #2250 ) ) ;
#2065 = PLANE ( 'NONE',  #440 ) ;
#2066 = LINE ( 'NONE', #1510, #524 ) ;
#2067 = ORIENTED_EDGE ( 'NONE', *, *, #1979, .T. ) ;
#2068 = ADVANCED_FACE ( 'NONE', ( #1946, #988 ), #2144, .T. ) ;
#2069 = FACE_BOUND ( 'NONE', #724, .T. ) ;
#2070 = ORIENTED_EDGE ( 'NONE', *, *, #1003, .F. ) ;
#2071 = FACE_OUTER_BOUND ( 'NONE', #1669, .T. ) ;
#2072 = DIRECTION ( 'NONE',  ( -0.000000000000000000, 1.000000000000000000, -0.000000000000000000 ) ) ;
#2073 = EDGE_CURVE ( 'NONE', #2353, #1967, #600, .T. ) ;
#2074 = CARTESIAN_POINT ( 'NONE',  ( -12.25754869458000584, 14.50000000000000178, -2.450000000000000178 ) ) ;
#2075 = CARTESIAN_POINT ( 'NONE',  ( -10.45000000000000284, 35.19999999999999574, 12.50000000000000178 ) ) ;
#2076 = CARTESIAN_POINT ( 'NONE',  ( -10.45000000000000284, 37.99999999999999289, -12.50000000000000000 ) ) ;
#2077 = FACE_OUTER_BOUND ( 'NONE', #2358, .T. ) ;
#2078 = CARTESIAN_POINT ( 'NONE',  ( 0.000000000000000000, 20.49999999999999645, 0.000000000000000000 ) ) ;
#2079 = ADVANCED_FACE ( 'NONE', ( #619 ), #725, .F. ) ;
#2080 = ORIENTED_EDGE ( 'NONE', *, *, #835, .T. ) ;
#2081 = PLANE ( 'NONE',  #2176 ) ;
#2082 = CARTESIAN_POINT ( 'NONE',  ( 10.45000000000000107, 31.99999999999999289, 14.19999999999999751 ) ) ;
#2083 = CYLINDRICAL_SURFACE ( 'NONE', #1591, 1.699999999999993072 ) ;
#2084 = DIRECTION ( 'NONE',  ( 0.000000000000000000, 0.000000000000000000, 1.000000000000000000 ) ) ;
#2085 = ADVANCED_FACE ( 'NONE', ( #71 ), #1021, .F. ) ;
#2086 = DIRECTION ( 'NONE',  ( -0.000000000000000000, 1.000000000000000000, -0.000000000000000000 ) ) ;
#2087 = EDGE_CURVE ( 'NONE', #2318, #784, #1287, .T. ) ;
#2088 = CARTESIAN_POINT ( 'NONE',  ( 12.49923098789731313, 24.03223839896302394, -0.2713371098832676465 ) ) ;
#2089 = EDGE_LOOP ( 'NONE', ( #2070, #140 ) ) ;
#2090 = CARTESIAN_POINT ( 'NONE',  ( -14.34999999999999609, 20.49999999999999645, -16.01023110389103365 ) ) ;
#2091 =( BOUNDED_CURVE ( )  B_SPLINE_CURVE ( 3, ( #2303, #2138, #1144, #2097 ),
 .UNSPECIFIED., .F., .T. ) 
 B_SPLINE_CURVE_WITH_KNOTS ( ( 4, 4 ),
 ( 4.909666106569783750, 4.979555973112746337 ),
 .UNSPECIFIED. ) 
 CURVE ( )  GEOMETRIC_REPRESENTATION_ITEM ( )  RATIONAL_B_SPLINE_CURVE ( ( 1.000000000000000000, 0.9995929919668455899, 0.9995929919668455899, 1.000000000000000000 ) ) 
 REPRESENTATION_ITEM ( '' )  );
#2092 = AXIS2_PLACEMENT_3D ( 'NONE', #472, #1426, #460 ) ;
#2093 = CARTESIAN_POINT ( 'NONE',  ( -11.74392622684751686, 22.65346255901307870, -4.301668178390776198 ) ) ;
#2094 = ORIENTED_EDGE ( 'NONE', *, *, #294, .T. ) ;
#2095 = TOROIDAL_SURFACE ( 'NONE', #152, 21.50000000000000000, 9.000000000000000000 ) ;
#2096 = FACE_OUTER_BOUND ( 'NONE', #1712, .T. ) ;
#2097 = CARTESIAN_POINT ( 'NONE',  ( -12.05653349848122957, 0.000000000000000000, 3.299999999999999822 ) ) ;
#2098 = CARTESIAN_POINT ( 'NONE',  ( 14.35000000000025366, 29.50000000000032330, -1.518976467636889982 ) ) ;
#2099 = CIRCLE ( 'NONE', #1099, 9.000000000000000000 ) ;
#2100 = APPROVAL ( #2388, 'UNSPECIFIED' ) ;
#2101 = CARTESIAN_POINT ( 'NONE',  ( 8.695338174024778155, 20.49999999999999289, -8.992493379296341516 ) ) ;
#2102 = EDGE_LOOP ( 'NONE', ( #1841, #1769, #398, #2432 ) ) ;
#2103 = CARTESIAN_POINT ( 'NONE',  ( -10.45000000000000107, 40.99999999999999289, -14.19999999999999396 ) ) ;
#2104 = VECTOR ( 'NONE', #1190, 1000.000000000000000 ) ;
#2105 = DIRECTION ( 'NONE',  ( -0.000000000000000000, 1.000000000000000000, -0.000000000000000000 ) ) ;
#2106 = ORIENTED_EDGE ( 'NONE', *, *, #1517, .T. ) ;
#2107 = DIRECTION ( 'NONE',  ( 0.000000000000000000, 0.000000000000000000, 1.000000000000000000 ) ) ;
#2108 = DIRECTION ( 'NONE',  ( 1.000000000000000000, -0.000000000000000000, -1.208866533781747157E-16 ) ) ;
#2109 = EDGE_CURVE ( 'NONE', #1744, #975, #391, .T. ) ;
#2110 = EDGE_LOOP ( 'NONE', ( #602, #1945, #1499, #1145 ) ) ;
#2111 = CARTESIAN_POINT ( 'NONE',  ( 10.45000000000000107, 35.19999999999999574, 12.50000000000000000 ) ) ;
#2112 = CARTESIAN_POINT ( 'NONE',  ( 10.45000000000000107, 35.19999999999999574, 12.50000000000000000 ) ) ;
#2113 = CARTESIAN_POINT ( 'NONE',  ( 11.89769615527389490, 26.93292283474240278, 3.985636829346971055 ) ) ;
#2114 = AXIS2_PLACEMENT_3D ( 'NONE', #326, #1104, #1876 ) ;
#2115 = CARTESIAN_POINT ( 'NONE',  ( 9.022651093296648384, 20.57163422412336118, 8.654306159344189453 ) ) ;
#2116 = ORIENTED_EDGE ( 'NONE', *, *, #1398, .T. ) ;
#2117 = CARTESIAN_POINT ( 'NONE',  ( -10.45000000000000107, 31.99999999999999289, -12.50000000000000000 ) ) ;
#2118 = DIRECTION ( 'NONE',  ( 0.000000000000000000, 0.5150380749100552658, 0.8571673007021116675 ) ) ;
#2119 = CARTESIAN_POINT ( 'NONE',  ( -9.053352129375637602, 27.89425475726190484, 8.718929453301468513 ) ) ;
#2120 = DIRECTION ( 'NONE',  ( -0.000000000000000000, 1.000000000000000000, -0.000000000000000000 ) ) ;
#2121 = ORIENTED_EDGE ( 'NONE', *, *, #1112, .T. ) ;
#2122 = CARTESIAN_POINT ( 'NONE',  ( 10.45000000000000107, 37.99999999999999289, 12.50000000000000000 ) ) ;
#2123 = DIRECTION ( 'NONE',  ( -1.000000000000000000, -0.000000000000000000, -0.000000000000000000 ) ) ;
#2124 = CARTESIAN_POINT ( 'NONE',  ( 14.35000000000052012, 29.50000000000028066, 10.08384480966412866 ) ) ;
#2125 = CARTESIAN_POINT ( 'NONE',  ( 12.50065287076338549, 24.03543736577676171, 0.1951330845536279612 ) ) ;
#2126 = EDGE_LOOP ( 'NONE', ( #592, #1723, #1673, #716 ) ) ;
#2127 = DIRECTION ( 'NONE',  ( -0.000000000000000000, -1.000000000000000000, -0.000000000000000000 ) ) ;
#2128 = CARTESIAN_POINT ( 'NONE',  ( 7.440442007154477899, 20.49999999999997513, -10.07215664462319182 ) ) ;
#2129 = VECTOR ( 'NONE', #760, 1000.000000000000000 ) ;
#2130 = ORIENTED_EDGE ( 'NONE', *, *, #102, .T. ) ;
#2131 = CARTESIAN_POINT ( 'NONE',  ( -14.34999999999999964, 29.50000000000000000, 15.49279798211792425 ) ) ;
#2132 = AXIS2_PLACEMENT_3D ( 'NONE', #1760, #206, #1424 ) ;
#2133 = CARTESIAN_POINT ( 'NONE',  ( -2.908104829634211796, 21.67171956135500821, -12.17905570849825914 ) ) ;
#2134 = ORIENTED_EDGE ( 'NONE', *, *, #1778, .T. ) ;
#2135 = CIRCLE ( 'NONE', #112, 12.50000000000000000 ) ;
#2136 = EDGE_CURVE ( 'NONE', #402, #1322, #1992, .T. ) ;
#2137 = AXIS2_PLACEMENT_3D ( 'NONE', #190, #1931, #603 ) ;
#2138 = CARTESIAN_POINT ( 'NONE',  ( -12.20046035063748668, 9.627699515658129314, 2.735617614599350045 ) ) ;
#2139 = CARTESIAN_POINT ( 'NONE',  ( 12.49929694951727654, 27.07981212853414021, 0.6028627703436050256 ) ) ;
#2140 = B_SPLINE_CURVE_WITH_KNOTS ( 'NONE', 3,
 ( #2423, #269, #1036, #1847, #89, #1624, #1649, #1811, #698, #310, #680, #2386, #2224, #1475, #2236, #1049, #507, #668, #61, #2047, #1086, #1863, #903, #2397, #2437, #548, #1516, #2093, #2496, #2285, #2464, #1302, #741, #1897, #1699, #165, #1503, #2264 ),
 .UNSPECIFIED., .F., .F.,
 ( 4, 2, 2, 2, 2, 2, 2, 2, 2, 2, 2, 2, 2, 2, 2, 2, 2, 2, 4 ),
 ( 0.000000000000000000, 0.001386953491197946481, 0.002080430236796920046, 0.002773906982395891226, 0.005547813964791765105, 0.006934767455989700527, 0.008321720947187635081, 0.009708674438385569636, 0.01040215118398453778, 0.01109562792958350592, 0.01178910467518247407, 0.01248258142078144221, 0.01386953491197937677, 0.01525648840317731132, 0.01664344189437524588, 0.01941734887677111498, 0.02080430236796905474, 0.02149777911356802115, 0.02219125585916698756 ),
 .UNSPECIFIED. ) ;
#2141 = CARTESIAN_POINT ( 'NONE',  ( 10.66807042155710050, 21.38298588521794841, -6.573531146417642468 ) ) ;
#2142 = EDGE_CURVE ( 'NONE', #1748, #1162, #191, .T. ) ;
#2143 = ORIENTED_EDGE ( 'NONE', *, *, #594, .T. ) ;
#2144 = PLANE ( 'NONE',  #313 ) ;
#2145 = AXIS2_PLACEMENT_3D ( 'NONE', #1450, #2229, #1690 ) ;
#2146 = CARTESIAN_POINT ( 'NONE',  ( 5.907408118994863067, 20.83625166011103857, -11.02188707052500227 ) ) ;
#2147 = VERTEX_POINT ( 'NONE', #1242 ) ;
#2148 = CARTESIAN_POINT ( 'NONE',  ( -8.678629734841779353, 20.50000000247427323, 9.007469184499907300 ) ) ;
#2149 = DIRECTION ( 'NONE',  ( -0.000000000000000000, -1.000000000000000000, -0.000000000000000000 ) ) ;
#2150 = VERTEX_POINT ( 'NONE', #1257 ) ;
#2151 = PERSON_AND_ORGANIZATION_ROLE ( 'design_owner' ) ;
#2152 = CARTESIAN_POINT ( 'NONE',  ( -4.931793988276671037, 21.10877062581341690, -11.49169403095753594 ) ) ;
#2153 = CARTESIAN_POINT ( 'NONE',  ( 12.12533430280643643, 23.27637682214999160, 3.068833190462683103 ) ) ;
#2154 = ORIENTED_EDGE ( 'NONE', *, *, #129, .T. ) ;
#2155 = CARTESIAN_POINT ( 'NONE',  ( 10.45000000000000107, 35.19999999999999574, 10.80000000000000782 ) ) ;
#2156 = CARTESIAN_POINT ( 'NONE',  ( -9.615290686000872000, 29.50000000000000000, 16.50000000000000355 ) ) ;
#2157 = ORIENTED_EDGE ( 'NONE', *, *, #929, .F. ) ;
#2158 = CARTESIAN_POINT ( 'NONE',  ( -14.35000000000024656, 29.50000000000031619, -0.7862636753472899143 ) ) ;
#2159 = CARTESIAN_POINT ( 'NONE',  ( -10.54573373454877405, 0.000000000000000000, -3.299999999999999822 ) ) ;
#2160 = ORIENTED_EDGE ( 'NONE', *, *, #1565, .F. ) ;
#2161 = APPROVAL_DATE_TIME ( #634, #2100 ) ;
#2162 = EDGE_LOOP ( 'NONE', ( #2001, #257 ) ) ;
#2163 = CARTESIAN_POINT ( 'NONE',  ( -3.605332479434466553, 21.48658879097590102, 11.98987213015983144 ) ) ;
#2164 = ADVANCED_FACE ( 'NONE', ( #30 ), #2029, .F. ) ;
#2165 = FACE_OUTER_BOUND ( 'NONE', #168, .T. ) ;
#2166 = VERTEX_POINT ( 'NONE', #823 ) ;
#2167 = CARTESIAN_POINT ( 'NONE',  ( -12.11820193117632094, 26.97396607775350574, -3.169275020763920647 ) ) ;
#2168 = DIRECTION ( 'NONE',  ( 0.000000000000000000, 0.5150380749100552658, 0.8571673007021116675 ) ) ;
#2169 = ORIENTED_EDGE ( 'NONE', *, *, #914, .T. ) ;
#2170 =( BOUNDED_SURFACE ( )  B_SPLINE_SURFACE ( 3, 2, ( 
 ( #1961, #246, #1026 ),
 ( #1801, #49, #877 ),
 ( #669, #311, #1445 ),
 ( #1087, #1650, #1065 ),
 ( #1275, #2048, #2210 ),
 ( #509, #1864, #2023 ),
 ( #1639, #286, #1074 ),
 ( #1251, #889, #79 ),
 ( #1476, #1262, #494 ),
 ( #1848, #2411, #2237 ),
 ( #1825, #478, #1837 ),
 ( #90, #1665, #270 ),
 ( #120, #2424, #1050 ),
 ( #699, #864, #2036 ),
 ( #2398, #298, #681 ),
 ( #1461, #2225, #101 ),
 ( #2348, #1392, #2191 ),
 ( #1609, #620, #1786 ),
 ( #2018, #1587, #461 ),
 ( #1797, #264, #280 ),
 ( #242, #859, #32 ),
 ( #444, #1222, #2156 ),
 ( #1819, #1427, #2357 ),
 ( #1993, #253, #1044 ),
 ( #420, #1033, #73 ),
 ( #1807, #1231, #1441 ),
 ( #824, #1198, #1208 ),
 ( #226, #1980, #665 ) ),
 .UNSPECIFIED., .F., .F., .F. ) 
 B_SPLINE_SURFACE_WITH_KNOTS ( ( 4, 2, 2, 2, 2, 2, 2, 2, 2, 2, 2, 2, 2, 4 ),
 ( 3, 3 ),
 ( 0.01599879572238250419, 0.01788487264401660698, 0.01977094956565070977, 0.02165702648728481255, 0.02354310340891891534, 0.02731525725218712092, 0.03108741109545532302, 0.03297348801708942234, 0.03485956493872352513, 0.03863171878199173070, 0.04051779570362583349, 0.04240387262525993628, 0.04428994954689403907, 0.04617602646852814186 ),
 ( 0.000000000000000000, 1.000000000000000000 ),
 .UNSPECIFIED. ) 
 GEOMETRIC_REPRESENTATION_ITEM ( )  RATIONAL_B_SPLINE_SURFACE ( (
 ( 1.000000000000000000, 0.7071067811865477948, 1.000000000000000000),
 ( 1.000000000000000000, 0.7193053858775281251, 1.000000000000000000),
 ( 1.000000000000000000, 0.7313339405208212352, 1.000000000000000000),
 ( 1.000000000000000000, 0.7546342770284164558, 1.000000000000000000),
 ( 1.000000000000000000, 0.7659059508373817771, 1.000000000000000000),
 ( 1.000000000000000000, 0.7873681897295472520, 1.000000000000000000),
 ( 1.000000000000000000, 0.7975952661485202766, 1.000000000000000000),
 ( 1.000000000000000000, 0.8165200608795123438, 1.000000000000000000),
 ( 1.000000000000000000, 0.8251999037599193620, 1.000000000000000000),
 ( 1.000000000000000000, 0.8487023724979840811, 1.000000000000000000),
 ( 1.000000000000000000, 0.8610072523330978278, 1.000000000000000000),
 ( 1.000000000000000000, 0.8777495556338592575, 1.000000000000000000),
 ( 1.000000000000000000, 0.8819150467926712977, 1.000000000000000000),
 ( 1.000000000000000000, 0.8819181309962424997, 1.000000000000000000),
 ( 1.000000000000000000, 0.8808765097883340944, 1.000000000000000000),
 ( 1.000000000000000000, 0.8766962332311415418, 1.000000000000000000),
 ( 1.000000000000000000, 0.8735442264557597980, 1.000000000000000000),
 ( 1.000000000000000000, 0.8609908721961893052, 1.000000000000000000),
 ( 1.000000000000000000, 0.8487037722749849467, 1.000000000000000000),
 ( 1.000000000000000000, 0.8252044403093876657, 1.000000000000000000),
 ( 1.000000000000000000, 0.8165230657578779194, 1.000000000000000000),
 ( 1.000000000000000000, 0.7975868869932263294, 1.000000000000000000),
 ( 1.000000000000000000, 0.7873712719009341443, 1.000000000000000000),
 ( 1.000000000000000000, 0.7659182686282671737, 1.000000000000000000),
 ( 1.000000000000000000, 0.7546489969687868449, 1.000000000000000000),
 ( 1.000000000000000000, 0.7313467513621727534, 1.000000000000000000),
 ( 1.000000000000000000, 0.7193138820706587166, 1.000000000000000000),
 ( 1.000000000000000000, 0.7071067811865473507, 1.000000000000000000) ) ) 
 REPRESENTATION_ITEM ( '' )  SURFACE ( )  );
#2172 = AXIS2_PLACEMENT_3D ( 'NONE', #123, #1678, #744 ) ;
#2171 = APPROVAL_ROLE ( '' ) ;
#2173 = CARTESIAN_POINT ( 'NONE',  ( -6.161342504052537805, 29.50000000000000000, -16.49999999999999289 ) ) ;
#2174 = VECTOR ( 'NONE', #703, 1000.000000000000000 ) ;
#2175 = DIRECTION ( 'NONE',  ( 0.000000000000000000, 0.000000000000000000, 1.000000000000000000 ) ) ;
#2176 = AXIS2_PLACEMENT_3D ( 'NONE', #506, #1137, #343 ) ;
#2177 = EDGE_LOOP ( 'NONE', ( #1428, #2242, #487, #491, #8, #925 ) ) ;
#2178 = CARTESIAN_POINT ( 'NONE',  ( 0.000000000000000000, 29.50000000000000000, 0.000000000000000000 ) ) ;
#2179 = FACE_OUTER_BOUND ( 'NONE', #471, .T. ) ;
#2180 = AXIS2_PLACEMENT_3D ( 'NONE', #1360, #1804, #1947 ) ;
#2181 = ORIENTED_EDGE ( 'NONE', *, *, #849, .F. ) ;
#2182 = CARTESIAN_POINT ( 'NONE',  ( -12.26401693671975046, 23.53921230659830499, -2.427293936109924832 ) ) ;
#2183 = CARTESIAN_POINT ( 'NONE',  ( 10.45000000000000107, 40.99999999999999289, 12.50000000000000000 ) ) ;
#2184 = VERTEX_POINT ( 'NONE', #1206 ) ;
#2185 = PERSON_AND_ORGANIZATION ( #2360, #388 ) ;
#2186 = EDGE_CURVE ( 'NONE', #1737, #2150, #1978, .T. ) ;
#2187 = LINE ( 'NONE', #1975, #1738 ) ;
#2188 = CARTESIAN_POINT ( 'NONE',  ( 10.45000000000000107, 40.99999999999999289, 14.19999999999999041 ) ) ;
#2189 = VERTEX_POINT ( 'NONE', #1440 ) ;
#2190 = CARTESIAN_POINT ( 'NONE',  ( -2.917781068495299834, 21.66929371046884256, 12.17658783122112709 ) ) ;
#2191 = CARTESIAN_POINT ( 'NONE',  ( -3.105810426308500016, 29.50000000000000355, 16.50000000000000000 ) ) ;
#2192 = EDGE_LOOP ( 'NONE', ( #125, #386 ) ) ;
#2193 = CARTESIAN_POINT ( 'NONE',  ( -14.35000000000030340, 29.50000000000033040, -5.278393087645718573 ) ) ;
#2194 = EDGE_CURVE ( 'NONE', #691, #1593, #1912, .T. ) ;
#2195 = CARTESIAN_POINT ( 'NONE',  ( -10.45000000000000284, 35.19999999999999574, -12.50000000000000000 ) ) ;
#2196 = ORIENTED_EDGE ( 'NONE', *, *, #1778, .F. ) ;
#2197 = CALENDAR_DATE ( 2026, 6, 7 ) ;
#2198 = EDGE_CURVE ( 'NONE', #2147, #1757, #652, .T. ) ;
#2199 = EDGE_CURVE ( 'NONE', #2516, #1259, #1243, .T. ) ;
#2200 = CARTESIAN_POINT ( 'NONE',  ( 2.257736024428586674, 26.87076139504189243, -12.31060246163788996 ) ) ;
#2201 = LINE ( 'NONE', #1794, #316 ) ;
#2202 = CARTESIAN_POINT ( 'NONE',  ( -13.29977459890131541, 29.50000000000000000, -16.49999999999999289 ) ) ;
#2203 = DIRECTION ( 'NONE',  ( -3.108624468950438313E-14, 0.000000000000000000, 1.000000000000000000 ) ) ;
#2204 = ORIENTED_EDGE ( 'NONE', *, *, #1846, .F. ) ;
#2205 = DIRECTION ( 'NONE',  ( -0.000000000000000000, -1.000000000000000000, -0.000000000000000000 ) ) ;
#2206 = CARTESIAN_POINT ( 'NONE',  ( -10.63341868617197683, 4.780100252764279745, -3.019787226562093529 ) ) ;
#2207 = VERTEX_POINT ( 'NONE', #1230 ) ;
#2208 = CARTESIAN_POINT ( 'NONE',  ( -11.31625076151167342, 26.90074651547009310, -5.480654249287194801 ) ) ;
#2209 = DIRECTION ( 'NONE',  ( 1.000000000000000000, 0.000000000000000000, -2.417733067563494313E-16 ) ) ;
#2210 = CARTESIAN_POINT ( 'NONE',  ( 11.25169697664161106, 29.50000000000000000, 16.50000000000000000 ) ) ;
#2211 = CARTESIAN_POINT ( 'NONE',  ( 13.29943805220129427, 29.50000000000000000, -16.50000000000000000 ) ) ;
#2212 = DIRECTION ( 'NONE',  ( -0.000000000000000000, 1.000000000000000000, -0.000000000000000000 ) ) ;
#2213 = EDGE_CURVE ( 'NONE', #501, #2207, #2011, .T. ) ;
#2214 = CIRCLE ( 'NONE', #1127, 1.699999999999993072 ) ;
#2215 = VECTOR ( 'NONE', #1926, 1000.000000000000000 ) ;
#2216 = CARTESIAN_POINT ( 'NONE',  ( 14.34999999999999964, 14.50000000000000178, -2.450000000000000178 ) ) ;
#2217 = ORIENTED_EDGE ( 'NONE', *, *, #503, .T. ) ;
#2218 = DIRECTION ( 'NONE',  ( 0.000000000000000000, 1.000000000000000000, 0.000000000000000000 ) ) ;
#2219 = CIRCLE ( 'NONE', #2260, 11.05000000000000071 ) ;
#2220 = CARTESIAN_POINT ( 'NONE',  ( 0.000000000000000000, 14.50000000000000000, 0.000000000000000000 ) ) ;
#2221 = EDGE_CURVE ( 'NONE', #1795, #801, #1633, .T. ) ;
#2222 = ORIENTED_EDGE ( 'NONE', *, *, #862, .F. ) ;
#2223 = DIRECTION ( 'NONE',  ( -0.000000000000000000, 1.000000000000000000, -0.000000000000000000 ) ) ;
#2224 = CARTESIAN_POINT ( 'NONE',  ( -12.10734508886490168, 23.24419227900639484, 3.137620155590623572 ) ) ;
#2225 = CARTESIAN_POINT ( 'NONE',  ( -1.808467942361234870, 26.85374169272409972, 12.38189846836290009 ) ) ;
#2226 = AXIS2_PLACEMENT_3D ( 'NONE', #834, #1966, #1022 ) ;
#2227 = DIRECTION ( 'NONE',  ( 0.000000000000000000, -1.000000000000000000, -0.000000000000000000 ) ) ;
#2228 = DIRECTION ( 'NONE',  ( 0.000000000000000000, 0.000000000000000000, 1.000000000000000000 ) ) ;
#2229 = DIRECTION ( 'NONE',  ( -0.000000000000000000, -1.000000000000000000, -0.000000000000000000 ) ) ;
#2230 = CARTESIAN_POINT ( 'NONE',  ( 10.45000000000000107, 40.99999999999999289, 10.80000000000000782 ) ) ;
#2231 = VERTEX_POINT ( 'NONE', #2016 ) ;
#2232 = DIRECTION ( 'NONE',  ( -0.000000000000000000, -1.000000000000000000, -0.000000000000000000 ) ) ;
#2233 = PLANE ( 'NONE',  #2382 ) ;
#2234 = ORIENTED_EDGE ( 'NONE', *, *, #773, .F. ) ;
#2235 = CARTESIAN_POINT ( 'NONE',  ( -10.45000000000000107, 40.99999999999999289, 12.50000000000000178 ) ) ;
#2236 = CARTESIAN_POINT ( 'NONE',  ( -12.36685361233639213, 23.74501223270897654, 1.874794122100180704 ) ) ;
#2237 = CARTESIAN_POINT ( 'NONE',  ( 6.161342504053055613, 29.50000000000000000, 16.50000000000000000 ) ) ;
#2238 = AXIS2_PLACEMENT_3D ( 'NONE', #1125, #371, #1147 ) ;
#2239 = CARTESIAN_POINT ( 'NONE',  ( 7.732241865489749344, 20.50000000186213001, -9.828387949280980251 ) ) ;
#2240 = FACE_OUTER_BOUND ( 'NONE', #2350, .T. ) ;
#2241 = DIRECTION ( 'NONE',  ( 0.000000000000000000, 0.000000000000000000, 1.000000000000000000 ) ) ;
#2242 = ORIENTED_EDGE ( 'NONE', *, *, #1808, .T. ) ;
#2243 = CARTESIAN_POINT ( 'NONE',  ( 8.678629734842497001, 20.50000000247427323, -9.007469184499248271 ) ) ;
#2244 = PLANE ( 'NONE',  #199 ) ;
#2245 = ORIENTED_EDGE ( 'NONE', *, *, #2309, .F. ) ;
#2246 = DIRECTION ( 'NONE',  ( 0.000000000000000000, 0.000000000000000000, 1.000000000000000000 ) ) ;
#2247 = EDGE_CURVE ( 'NONE', #1259, #2150, #1366, .T. ) ;
#2248 = CARTESIAN_POINT ( 'NONE',  ( -10.45000000000000284, 37.99999999999999289, -15.60000000000000142 ) ) ;
#2249 = CARTESIAN_POINT ( 'NONE',  ( -10.54573373454877405, 0.000000000000000000, 3.299999999999999822 ) ) ;
#2250 = ADVANCED_FACE ( 'NONE', ( #85 ), #870, .F. ) ;
#2251 = CARTESIAN_POINT ( 'NONE',  ( 14.34999999999999964, 29.50000000000000000, -16.01023110389103365 ) ) ;
#2252 = FACE_OUTER_BOUND ( 'NONE', #990, .T. ) ;
#2253 = FACE_BOUND ( 'NONE', #1764, .T. ) ;
#2254 = AXIS2_PLACEMENT_3D ( 'NONE', #995, #1342, #169 ) ;
#2255 = FACE_OUTER_BOUND ( 'NONE', #1571, .T. ) ;
#2256 = EDGE_LOOP ( 'NONE', ( #1210, #588, #762, #1358, #1906, #381, #33, #1433, #514 ) ) ;
#2257 = CARTESIAN_POINT ( 'NONE',  ( 14.34999999999999964, 29.50000000000000000, -13.80980867503856047 ) ) ;
#2258 = VECTOR ( 'NONE', #1915, 1000.000000000000000 ) ;
#2259 = DIRECTION ( 'NONE',  ( 0.000000000000000000, 0.000000000000000000, 1.000000000000000000 ) ) ;
#2260 = AXIS2_PLACEMENT_3D ( 'NONE', #1999, #830, #1193 ) ;
#2261 = VERTEX_POINT ( 'NONE', #333 ) ;
#2262 = DIRECTION ( 'NONE',  ( 0.000000000000000000, 1.000000000000000000, 0.000000000000000000 ) ) ;
#2263 = CIRCLE ( 'NONE', #1976, 1.699999999999993072 ) ;
#2264 = CARTESIAN_POINT ( 'NONE',  ( -8.343023255813955430, 20.49999999999999645, -9.308273897611067937 ) ) ;
#2265 = ORIENTED_EDGE ( 'NONE', *, *, #1163, .F. ) ;
#2266 = CARTESIAN_POINT ( 'NONE',  ( -12.13342800256708109, 4.792398175836690477, -3.019066313830262693 ) ) ;
#2267 = CARTESIAN_POINT ( 'NONE',  ( -8.343023255813948325, 20.49999999999999645, 9.308273897611073266 ) ) ;
#2268 = AXIS2_PLACEMENT_3D ( 'NONE', #1717, #1135, #938 ) ;
#2269 = DIRECTION ( 'NONE',  ( 0.000000000000000000, 1.000000000000000000, 0.000000000000000000 ) ) ;
#2270 = EDGE_CURVE ( 'NONE', #87, #780, #560, .T. ) ;
#2271 = DIRECTION ( 'NONE',  ( 0.000000000000000000, -0.000000000000000000, 1.000000000000000000 ) ) ;
#2272 = CARTESIAN_POINT ( 'NONE',  ( 8.471742419903682375, 28.76435696224591609, -9.220420873209103974 ) ) ;
#2273 = CARTESIAN_POINT ( 'NONE',  ( 10.44999999999999751, 40.99999999999999289, -12.50000000000000000 ) ) ;
#2274 = VERTEX_POINT ( 'NONE', #910 ) ;
#2275 = FACE_OUTER_BOUND ( 'NONE', #1285, .T. ) ;
#2276 = DIRECTION ( 'NONE',  ( 0.000000000000000000, 0.000000000000000000, 1.000000000000000000 ) ) ;
#2277 = DIRECTION ( 'NONE',  ( 0.000000000000000000, 0.5150380749100552658, 0.8571673007021116675 ) ) ;
#2278 = ADVANCED_FACE ( 'NONE', ( #2077 ), #1839, .F. ) ;
#2279 = CARTESIAN_POINT ( 'NONE',  ( -10.45000000000000284, 35.19999999999999574, -12.50000000000000000 ) ) ;
#2280 = CARTESIAN_POINT ( 'NONE',  ( 0.000000000000000000, 20.49999999999999645, 0.000000000000000000 ) ) ;
#2281 = CARTESIAN_POINT ( 'NONE',  ( 14.34999999999956621, 29.49999999999968381, -8.081116604170638595 ) ) ;
#2282 = CARTESIAN_POINT ( 'NONE',  ( 9.182735505547672261, 20.61266134649419257, 8.484075277495172429 ) ) ;
#2283 = ORIENTED_EDGE ( 'NONE', *, *, #1120, .F. ) ;
#2284 = CARTESIAN_POINT ( 'NONE',  ( -10.45000000000000107, 40.99999999999999289, -12.50000000000000000 ) ) ;
#2285 = CARTESIAN_POINT ( 'NONE',  ( -11.09036304936919848, 21.80688826758158427, -5.826095797325855585 ) ) ;
#2286 = EDGE_LOOP ( 'NONE', ( #305, #94, #2080 ) ) ;
#2287 = CARTESIAN_POINT ( 'NONE',  ( -10.45000000000000107, 37.99999999999999289, -14.19999999999999396 ) ) ;
#2288 =( LENGTH_UNIT ( ) NAMED_UNIT ( * ) SI_UNIT ( .MILLI., .METRE. ) );
#2289 = ADVANCED_FACE ( 'NONE', ( #1076 ), #1092, .F. ) ;
#2290 = DIRECTION ( 'NONE',  ( 0.000000000000000000, 0.000000000000000000, 1.000000000000000000 ) ) ;
#2291 = CARTESIAN_POINT ( 'NONE',  ( 14.34999999999956444, 29.49999999999968381, 8.077591507858375763 ) ) ;
#2292 = CARTESIAN_POINT ( 'NONE',  ( 12.45113782861250762, 23.92533398985646542, 1.127598482924282219 ) ) ;
#2293 = ORIENTED_EDGE ( 'NONE', *, *, #470, .T. ) ;
#2294 = CARTESIAN_POINT ( 'NONE',  ( 10.44999999999999751, 31.99999999999999289, -12.50000000000000000 ) ) ;
#2295 = VECTOR ( 'NONE', #844, 1000.000000000000000 ) ;
#2296 = EDGE_CURVE ( 'NONE', #1083, #1647, #1972, .T. ) ;
#2297 = VECTOR ( 'NONE', #2118, 1000.000000000000000 ) ;
#2298 = DIRECTION ( 'NONE',  ( 0.000000000000000000, 1.000000000000000000, 0.000000000000000000 ) ) ;
#2299 = ORIENTED_EDGE ( 'NONE', *, *, #1803, .T. ) ;
#2300 = CARTESIAN_POINT ( 'NONE',  ( -12.20046035063748668, 9.627699515658054708, -2.735617614599354486 ) ) ;
#2301 = EDGE_LOOP ( 'NONE', ( #1375, #2362 ) ) ;
#2302 = VECTOR ( 'NONE', #1155, 1000.000000000000000 ) ;
#2303 = CARTESIAN_POINT ( 'NONE',  ( -12.25754869457999874, 14.50000000000000178, 2.450000000000000178 ) ) ;
#2304 = CARTESIAN_POINT ( 'NONE',  ( 8.674822246397514647, 20.50000000183464621, 9.010881843494068733 ) ) ;
#2305 = DIRECTION ( 'NONE',  ( 0.000000000000000000, 0.000000000000000000, 1.000000000000000000 ) ) ;
#2306 = ORIENTED_EDGE ( 'NONE', *, *, #1543, .T. ) ;
#2307 = DIRECTION ( 'NONE',  ( -0.000000000000000000, 1.000000000000000000, -0.000000000000000000 ) ) ;
#2308 = CIRCLE ( 'NONE', #1218, 11.05000000000000071 ) ;
#2309 = EDGE_CURVE ( 'NONE', #843, #2366, #887, .T. ) ;
#2310 = LINE ( 'NONE', #579, #2297 ) ;
#2311 = CARTESIAN_POINT ( 'NONE',  ( -10.61946569027136000, 21.38548569351889839, 6.607740617186693477 ) ) ;
#2312 = DIRECTION ( 'NONE',  ( 0.7674418604651164211, -0.000000000000000000, 0.6411185466088474838 ) ) ;
#2313 = ORIENTED_EDGE ( 'NONE', *, *, #1696, .T. ) ;
#2314 = DIRECTION ( 'NONE',  ( 0.000000000000000000, 1.000000000000000000, 0.000000000000000000 ) ) ;
#2315 = CARTESIAN_POINT ( 'NONE',  ( 14.34999999999999964, 0.000000000000000000, 3.299999999999999822 ) ) ;
#2316 = CARTESIAN_POINT ( 'NONE',  ( 14.34999999999999964, 29.50000000000000000, -1.906232322161415693 ) ) ;
#2317 = CARTESIAN_POINT ( 'NONE',  ( 12.29329289782199730, 23.59311657723240430, -2.303782774045488146 ) ) ;
#2318 = VERTEX_POINT ( 'NONE', #2452 ) ;
#2319 = FACE_OUTER_BOUND ( 'NONE', #1484, .T. ) ;
#2320 = CARTESIAN_POINT ( 'NONE',  ( -10.45000000000000107, 40.99999999999999289, -14.19999999999999041 ) ) ;
#2321 = ADVANCED_FACE ( 'NONE', ( #2252 ), #1704, .F. ) ;
#2322 = ORIENTED_EDGE ( 'NONE', *, *, #2385, .F. ) ;
#2323 = CARTESIAN_POINT ( 'NONE',  ( -11.04885932165358575, 21.78532153625108947, 5.861569354804054832 ) ) ;
#2324 = FACE_OUTER_BOUND ( 'NONE', #1798, .T. ) ;
#2325 = ORIENTED_EDGE ( 'NONE', *, *, #1180, .T. ) ;
#2326 = FACE_OUTER_BOUND ( 'NONE', #2177, .T. ) ;
#2327 = EDGE_CURVE ( 'NONE', #24, #413, #893, .T. ) ;
#2328 = DIRECTION ( 'NONE',  ( -1.000000000000000000, 0.000000000000000000, 2.417733067563494313E-16 ) ) ;
#2329 = CARTESIAN_POINT ( 'NONE',  ( 10.37934334783063939, 21.19629174723155174, 6.979208278606489735 ) ) ;
#2330 = CC_DESIGN_APPROVAL ( #2100, ( #2410 ) ) ;
#2331 = CARTESIAN_POINT ( 'NONE',  ( 11.58116627697603107, 22.42135284945154794, -4.721949510908606484 ) ) ;
#2332 = ORIENTED_EDGE ( 'NONE', *, *, #1404, .F. ) ;
#2333 = CARTESIAN_POINT ( 'NONE',  ( 0.000000000000000000, 29.50000000000000000, 0.000000000000000000 ) ) ;
#2334 = CARTESIAN_POINT ( 'NONE',  ( 4.607506200749845071, 21.20336483665668581, -11.62528496881964557 ) ) ;
#2335 = ORIENTED_EDGE ( 'NONE', *, *, #849, .T. ) ;
#2336 = CARTESIAN_POINT ( 'NONE',  ( -10.38404215768628625, 21.19941005585225469, 6.972526575602229215 ) ) ;
#2337 = CYLINDRICAL_SURFACE ( 'NONE', #1594, 3.100000000000000533 ) ;
#2338 = ORIENTED_EDGE ( 'NONE', *, *, #2481, .T. ) ;
#2339 = AXIS2_PLACEMENT_3D ( 'NONE', #2284, #1474, #1515 ) ;
#2340 = CARTESIAN_POINT ( 'NONE',  ( 10.44999999999999751, 35.19999999999999574, -12.50000000000000000 ) ) ;
#2341 = CIRCLE ( 'NONE', #2238, 1.699999999999996625 ) ;
#2342 = CARTESIAN_POINT ( 'NONE',  ( -11.25169697664109414, 29.50000000000000000, -16.49999999999999289 ) ) ;
#2343 = DIRECTION ( 'NONE',  ( 0.000000000000000000, 0.000000000000000000, -1.000000000000000000 ) ) ;
#2344 = CARTESIAN_POINT ( 'NONE',  ( 12.45221477126997733, 27.06396146822286042, -1.163560882977787481 ) ) ;
#2345 = EDGE_CURVE ( 'NONE', #1613, #87, #349, .T. ) ;
#2346 = EDGE_LOOP ( 'NONE', ( #2116, #2486, #2332, #1751 ) ) ;
#2347 = DIRECTION ( 'NONE',  ( 0.000000000000000000, 0.000000000000000000, 1.000000000000000000 ) ) ;
#2348 = CARTESIAN_POINT ( 'NONE',  ( -1.805703736239201884, 21.87558399702486511, 12.37428935153075749 ) ) ;
#2349 = VECTOR ( 'NONE', #610, 1000.000000000000000 ) ;
#2350 = EDGE_LOOP ( 'NONE', ( #110, #621, #1151, #998 ) ) ;
#2351 = CARTESIAN_POINT ( 'NONE',  ( -12.49957067468431582, 24.03300259942394490, -0.4571300438058093496 ) ) ;
#2352 = DIRECTION ( 'NONE',  ( -0.000000000000000000, 1.000000000000000000, 0.000000000000000000 ) ) ;
#2353 = VERTEX_POINT ( 'NONE', #1293 ) ;
#2354 = ADVANCED_FACE ( 'NONE', ( #525 ), #2469, .F. ) ;
#2355 = ORIENTED_EDGE ( 'NONE', *, *, #411, .T. ) ;
#2356 = CARTESIAN_POINT ( 'NONE',  ( -1.475124889558924179, 21.92421199003866050, 12.41814688424185675 ) ) ;
#2357 = CARTESIAN_POINT ( 'NONE',  ( -10.17120511875544864, 29.50000000000006040, 16.50000000000025580 ) ) ;
#2358 = EDGE_LOOP ( 'NONE', ( #130, #55, #1566, #2466 ) ) ;
#2359 = CARTESIAN_POINT ( 'NONE',  ( -14.35000000000059472, 29.50000000000021316, 11.99274571018289315 ) ) ;
#2360 = PERSON ( 'UNSPECIFIED', 'UNSPECIFIED', 'UNSPECIFIED', ('UNSPECIFIED'), ('UNSPECIFIED'), ('UNSPECIFIED') ) ;
#2361 = CARTESIAN_POINT ( 'NONE',  ( -4.601424762506941768, 21.20512237783907850, -11.62771114940714945 ) ) ;
#2362 = ORIENTED_EDGE ( 'NONE', *, *, #754, .F. ) ;
#2363 = DATE_AND_TIME ( #247, #263 ) ;
#2364 = CARTESIAN_POINT ( 'NONE',  ( -4.598103048642963486, 21.20610409785523487, -11.62915268917138256 ) ) ;
#2365 = PLANE ( 'NONE',  #396 ) ;
#2366 = VERTEX_POINT ( 'NONE', #702 ) ;
#2367 = CARTESIAN_POINT ( 'NONE',  ( -7.440442007154477011, 20.49999999999998224, 10.07215664462319715 ) ) ;
#2368 = DIRECTION ( 'NONE',  ( 0.000000000000000000, 0.000000000000000000, 1.000000000000000000 ) ) ;
#2369 = VERTEX_POINT ( 'NONE', #338 ) ;
#2370 = CARTESIAN_POINT ( 'NONE',  ( -10.60123818456135147, 26.99995744415261711, -6.801126141964917160 ) ) ;
#2371 = EDGE_CURVE ( 'NONE', #1259, #1737, #1478, .T. ) ;
#2372 = CARTESIAN_POINT ( 'NONE',  ( 3.597408979927029904, 21.48874913639653883, 11.99232063894964817 ) ) ;
#2373 = ORIENTED_EDGE ( 'NONE', *, *, #2198, .F. ) ;
#2374 = VECTOR ( 'NONE', #1143, 1000.000000000000000 ) ;
#2375 = CIRCLE ( 'NONE', #1165, 1.699999999999996625 ) ;
#2376 = CARTESIAN_POINT ( 'NONE',  ( -10.45000000000000284, 37.99999999999999289, -9.400000000000000355 ) ) ;
#2377 = AXIS2_PLACEMENT_3D ( 'NONE', #1211, #2223, #244 ) ;
#2378 = DIRECTION ( 'NONE',  ( -0.000000000000000000, 1.000000000000000000, -0.000000000000000000 ) ) ;
#2379 = EDGE_LOOP ( 'NONE', ( #810, #1977 ) ) ;
#2380 = DIRECTION ( 'NONE',  ( 0.000000000000000000, 0.000000000000000000, 1.000000000000000000 ) ) ;
#2381 = DIRECTION ( 'NONE',  ( -0.000000000000000000, 1.000000000000000000, -0.000000000000000000 ) ) ;
#2382 = AXIS2_PLACEMENT_3D ( 'NONE', #911, #1513, #504 ) ;
#2383 = EDGE_LOOP ( 'NONE', ( #278, #950, #789, #1016 ) ) ;
#2384 = CARTESIAN_POINT ( 'NONE',  ( -8.358085310793665457, 29.12591917648207840, -9.294773755720269648 ) ) ;
#2385 = EDGE_CURVE ( 'NONE', #1613, #2231, #969, .T. ) ;
#2386 = CARTESIAN_POINT ( 'NONE',  ( -11.99480519605842765, 23.04691362215069006, 3.542589828516042871 ) ) ;
#2387 = ORIENTED_EDGE ( 'NONE', *, *, #1294, .T. ) ;
#2388 = APPROVAL_STATUS ( 'not_yet_approved' ) ;
#2389 = CARTESIAN_POINT ( 'NONE',  ( 2.885672560830886191, 21.67695121063957231, -12.18430570962379811 ) ) ;
#2390 = CYLINDRICAL_SURFACE ( 'NONE', #274, 11.05000000000000071 ) ;
#2391 = CARTESIAN_POINT ( 'NONE',  ( 1.475124889558929286, 21.92421199003866761, -12.41814688424185675 ) ) ;
#2392 = ORIENTED_EDGE ( 'NONE', *, *, #1187, .F. ) ;
#2393 = CARTESIAN_POINT ( 'NONE',  ( 14.34999999999999964, 29.50000000000000000, 16.50000000000000000 ) ) ;
#2394 = PLANE ( 'NONE',  #325 ) ;
#2395 = ORIENTED_EDGE ( 'NONE', *, *, #2430, .F. ) ;
#2396 = CARTESIAN_POINT ( 'NONE',  ( -12.01210456840224339, 23.07580526355519623, -3.484630788209223340 ) ) ;
#2397 = CARTESIAN_POINT ( 'NONE',  ( -12.37676074499042400, 23.76568554403644029, -1.809707082502018505 ) ) ;
#2398 = CARTESIAN_POINT ( 'NONE',  ( -0.7212536788782908381, 21.99859134657783244, 12.48443641724052000 ) ) ;
#2399 = CARTESIAN_POINT ( 'NONE',  ( 11.25109671475145490, 29.50000000000000000, -16.50000000000000000 ) ) ;
#2400 = FACE_OUTER_BOUND ( 'NONE', #916, .T. ) ;
#2401 = EDGE_CURVE ( 'NONE', #173, #1393, #135, .T. ) ;
#2402 = DIRECTION ( 'NONE',  ( 0.000000000000000000, 0.05852022686598545853, -0.9982862230079877497 ) ) ;
#2403 = EDGE_LOOP ( 'NONE', ( #657, #624 ) ) ;
#2404 = DIRECTION ( 'NONE',  ( 0.000000000000000000, 0.000000000000000000, 1.000000000000000000 ) ) ;
#2405 = CARTESIAN_POINT ( 'NONE',  ( 12.13342800256708109, 4.792398175836699359, 3.019066313830261805 ) ) ;
#2406 = ORIENTED_EDGE ( 'NONE', *, *, #1317, .F. ) ;
#2407 = CARTESIAN_POINT ( 'NONE',  ( -9.539865085369235942, 27.46759841408143288, -8.220502032269481063 ) ) ;
#2408 = ADVANCED_FACE ( 'NONE', ( #2240 ), #2439, .F. ) ;
#2409 = CARTESIAN_POINT ( 'NONE',  ( -1.509356560374379982E-11, 22.01668522645211468, 12.50000000000000000 ) ) ;
#2410 = PRODUCT_DEFINITION_FORMATION_WITH_SPECIFIED_SOURCE ( 'ANY', '', #631, .NOT_KNOWN. ) ;
#2411 = CARTESIAN_POINT ( 'NONE',  ( 4.399616181468740450, 27.04308218058991642, 11.75594913407563524 ) ) ;
#2412 = CARTESIAN_POINT ( 'NONE',  ( 3.582090707397127094, 21.49298645805686547, -11.99739539448370351 ) ) ;
#2413 = CARTESIAN_POINT ( 'NONE',  ( -10.45000000000000107, 40.99999999999999289, 14.19999999999999218 ) ) ;
#2414 = VECTOR ( 'NONE', #1796, 1000.000000000000000 ) ;
#2415 = CARTESIAN_POINT ( 'NONE',  ( -14.34999999999999964, 29.50000000000000000, 16.50000000000000355 ) ) ;
#2416 = VECTOR ( 'NONE', #2123, 1000.000000000000000 ) ;
#2417 = CARTESIAN_POINT ( 'NONE',  ( -14.34999999999999964, 40.99999999999999289, 16.50000000000000355 ) ) ;
#2418 = ORIENTED_EDGE ( 'NONE', *, *, #2309, .T. ) ;
#2419 = AXIS2_PLACEMENT_3D ( 'NONE', #940, #2262, #738 ) ;
#2420 = DIRECTION ( 'NONE',  ( -0.000000000000000000, 1.000000000000000000, -0.000000000000000000 ) ) ;
#2421 = VERTEX_POINT ( 'NONE', #919 ) ;
#2422 = CARTESIAN_POINT ( 'NONE',  ( -14.34999999999999964, 29.50000000000000000, -16.01023110389103365 ) ) ;
#2423 = CARTESIAN_POINT ( 'NONE',  ( -8.343023255813955430, 20.49999999999999645, 9.308273897611067937 ) ) ;
#2424 = CARTESIAN_POINT ( 'NONE',  ( 0.9079097829965456778, 26.82739737782082301, 12.49995335388252471 ) ) ;
#2425 = VECTOR ( 'NONE', #2381, 1000.000000000000000 ) ;
#2426 = APPLICATION_CONTEXT ( 'configuration controlled 3d designs of mechanical parts and assemblies' ) ;
#2427 = CARTESIAN_POINT ( 'NONE',  ( 10.44999999999999574, 35.19999999999999574, -15.60000000000000142 ) ) ;
#2428 = DIRECTION ( 'NONE',  ( 0.000000000000000000, 1.000000000000000000, 0.000000000000000000 ) ) ;
#2429 = CARTESIAN_POINT ( 'NONE',  ( 14.34999999999999964, 29.50000000000000000, 15.49903246523124345 ) ) ;
#2430 = EDGE_CURVE ( 'NONE', #2474, #1844, #178, .T. ) ;
#2431 = CARTESIAN_POINT ( 'NONE',  ( 14.34999999999999964, 29.50000000000000000, -16.50000000000000000 ) ) ;
#2432 = ORIENTED_EDGE ( 'NONE', *, *, #1771, .F. ) ;
#2433 = FACE_OUTER_BOUND ( 'NONE', #1037, .T. ) ;
#2434 = EDGE_LOOP ( 'NONE', ( #1473, #965, #238, #642, #2204, #2134 ) ) ;
#2435 = DIRECTION ( 'NONE',  ( 0.000000000000000000, 1.000000000000000000, 0.000000000000000000 ) ) ;
#2436 = ADVANCED_FACE ( 'NONE', ( #1117 ), #1554, .F. ) ;
#2437 = CARTESIAN_POINT ( 'NONE',  ( -12.30312011109533188, 23.61256919881641636, -2.252199843313668737 ) ) ;
#2438 = CARTESIAN_POINT ( 'NONE',  ( -10.45000000000000107, 40.99999999999999289, -12.50000000000000000 ) ) ;
#2439 = CYLINDRICAL_SURFACE ( 'NONE', #1410, 3.100000000000000533 ) ;
#2440 = CYLINDRICAL_SURFACE ( 'NONE', #1660, 1.699999999999993072 ) ;
#2441 = ORIENTED_EDGE ( 'NONE', *, *, #2476, .F. ) ;
#2442 = CARTESIAN_POINT ( 'NONE',  ( 14.34999999999963372, 29.49999999999966249, -7.391754126920710988 ) ) ;
#2443 = DIRECTION ( 'NONE',  ( 0.7674418604651164211, 1.284473477347092241E-16, 0.6411185466088473728 ) ) ;
#2444 = ORIENTED_EDGE ( 'NONE', *, *, #646, .F. ) ;
#2445 = CARTESIAN_POINT ( 'NONE',  ( 14.34999999999999964, 40.99999999999999289, -16.50000000000000000 ) ) ;
#2446 = CARTESIAN_POINT ( 'NONE',  ( 12.20046035063748668, 9.627699515658136420, -2.735617614599350045 ) ) ;
#2447 = EDGE_LOOP ( 'NONE', ( #153, #2265, #1607, #1874, #1505 ) ) ;
#2448 = EDGE_CURVE ( 'NONE', #1083, #1481, #364, .T. ) ;
#2449 = DESIGN_CONTEXT ( 'detailed design', #2426, 'design' ) ;
#2450 = LINE ( 'NONE', #1141, #537 ) ;
#2451 = CARTESIAN_POINT ( 'NONE',  ( 0.000000000000000000, 0.000000000000000000, 0.000000000000000000 ) ) ;
#2452 = CARTESIAN_POINT ( 'NONE',  ( -13.78404875209022507, 29.50000000000000000, -16.49999999999999289 ) ) ;
#2453 = CARTESIAN_POINT ( 'NONE',  ( 0.000000000000000000, 40.99999999999999289, 0.000000000000000000 ) ) ;
#2454 = AXIS2_PLACEMENT_3D ( 'NONE', #2279, #2269, #2228 ) ;
#2455 = DIRECTION ( 'NONE',  ( 0.000000000000000000, 0.9982862230079877497, 0.05852022686598545853 ) ) ;
#2456 = AXIS2_PLACEMENT_3D ( 'NONE', #1829, #250, #1348 ) ;
#2457 = EDGE_CURVE ( 'NONE', #1162, #1889, #2054, .T. ) ;
#2458 = FACE_OUTER_BOUND ( 'NONE', #2460, .T. ) ;
#2459 = CIRCLE ( 'NONE', #974, 9.000000000000000000 ) ;
#2460 = EDGE_LOOP ( 'NONE', ( #1256, #2322, #1300, #2441 ) ) ;
#2461 = DIRECTION ( 'NONE',  ( -1.000000000000000000, 0.000000000000000000, 2.417733067563494313E-16 ) ) ;
#2462 = CIRCLE ( 'NONE', #936, 3.100000000000000533 ) ;
#2463 = CIRCLE ( 'NONE', #67, 12.50000000000000000 ) ;
#2464 = CARTESIAN_POINT ( 'NONE',  ( -10.67205393198309338, 21.38747209257955717, -6.565992992454233956 ) ) ;
#2465 = EDGE_CURVE ( 'NONE', #1730, #1527, #957, .T. ) ;
#2466 = ORIENTED_EDGE ( 'NONE', *, *, #2061, .F. ) ;
#2467 = DIRECTION ( 'NONE',  ( -0.000000000000000000, 1.000000000000000000, -0.000000000000000000 ) ) ;
#2468 = VECTOR ( 'NONE', #348, 1000.000000000000000 ) ;
#2469 = PLANE ( 'NONE',  #1858 ) ;
#2470 = LINE ( 'NONE', #1331, #2416 ) ;
#2471 = CARTESIAN_POINT ( 'NONE',  ( 9.861269033093709169, 20.88360839030728044, -7.684683218752766720 ) ) ;
#2472 = ADVANCED_FACE ( 'NONE', ( #2326 ), #159, .F. ) ;
#2473 = CARTESIAN_POINT ( 'NONE',  ( -10.45000000000000107, 31.99999999999999289, -10.80000000000000426 ) ) ;
#2474 = VERTEX_POINT ( 'NONE', #1365 ) ;
#2475 = DIRECTION ( 'NONE',  ( -0.000000000000000000, 1.000000000000000000, -0.000000000000000000 ) ) ;
#2476 = EDGE_CURVE ( 'NONE', #780, #87, #930, .T. ) ;
#2477 = DIRECTION ( 'NONE',  ( -1.000000000000000000, -0.000000000000000000, -0.000000000000000000 ) ) ;
#2478 = APPROVAL_STATUS ( 'not_yet_approved' ) ;
#2479 = CARTESIAN_POINT ( 'NONE',  ( 14.34999999999999964, 29.50000000000000000, 16.50000000000000000 ) ) ;
#2480 = CARTESIAN_POINT ( 'NONE',  ( 14.34999999999999964, 29.50000000000000000, 12.00423823925727795 ) ) ;
#2481 = EDGE_CURVE ( 'NONE', #1924, #2474, #982, .T. ) ;
#2482 = CARTESIAN_POINT ( 'NONE',  ( 9.894549441556378611, 20.90113702811962781, -7.641831944988339842 ) ) ;
#2483 = ORIENTED_EDGE ( 'NONE', *, *, #2221, .T. ) ;
#2484 = DIRECTION ( 'NONE',  ( 0.000000000000000000, 1.000000000000000000, 0.000000000000000000 ) ) ;
#2485 = LINE ( 'NONE', #761, #69 ) ;
#2486 = ORIENTED_EDGE ( 'NONE', *, *, #259, .T. ) ;
#2487 = CARTESIAN_POINT ( 'NONE',  ( -8.013981832610598488, 20.49999999999999645, -9.593023255813950101 ) ) ;
#2488 = EDGE_LOOP ( 'NONE', ( #1042, #166 ) ) ;
#2489 = DIRECTION ( 'NONE',  ( 0.000000000000000000, 0.000000000000000000, 1.000000000000000000 ) ) ;
#2490 = CARTESIAN_POINT ( 'NONE',  ( 14.34999999999986287, 29.49999999999983302, 3.800844461352231640 ) ) ;
#2491 = CARTESIAN_POINT ( 'NONE',  ( 10.63341868617197861, 4.780100252764301061, 3.019787226562091753 ) ) ;
#2492 = VERTEX_POINT ( 'NONE', #755 ) ;
#2493 = DIRECTION ( 'NONE',  ( -0.000000000000000000, 1.000000000000000000, -0.000000000000000000 ) ) ;
#2494 = VECTOR ( 'NONE', #1186, 1000.000000000000000 ) ;
#2495 = CIRCLE ( 'NONE', #1413, 12.50000000000000000 ) ;
#2496 = CARTESIAN_POINT ( 'NONE',  ( -11.59527139039283838, 22.44046351399440908, -4.687437208618931983 ) ) ;
#2497 = EDGE_LOOP ( 'NONE', ( #1589, #429 ) ) ;
#2498 = CARTESIAN_POINT ( 'NONE',  ( -12.30707174096499834, 27.01942342453686763, 2.328669764298726630 ) ) ;
#2499 = DIRECTION ( 'NONE',  ( 0.000000000000000000, 0.000000000000000000, 1.000000000000000000 ) ) ;
#2500 = VERTEX_POINT ( 'NONE', #597 ) ;
#2501 = AXIS2_PLACEMENT_3D ( 'NONE', #2183, #245, #1800 ) ;
#2502 = DIRECTION ( 'NONE',  ( -0.000000000000000000, 1.000000000000000000, -0.000000000000000000 ) ) ;
#2503 = CIRCLE ( 'NONE', #1867, 11.05000000000000071 ) ;
#2504 = CARTESIAN_POINT ( 'NONE',  ( 10.45000000000000107, 37.99999999999999289, 10.80000000000000782 ) ) ;
#2505 = CARTESIAN_POINT ( 'NONE',  ( 14.35000000000000142, 29.50000000000000000, 2.676669494450937048 ) ) ;
#2506 = EDGE_CURVE ( 'NONE', #1213, #1322, #1579, .T. ) ;
#2507 = CARTESIAN_POINT ( 'NONE',  ( 11.07630663220226630, 21.79225723295826356, -5.852034643060443742 ) ) ;
#2508 = VERTEX_POINT ( 'NONE', #1752 ) ;
#2509 = CARTESIAN_POINT ( 'NONE',  ( 14.34999999999999964, 40.99999999999999289, 16.50000000000000000 ) ) ;
#2510 = CIRCLE ( 'NONE', #1432, 3.100000000000000533 ) ;
#2511 = CYLINDRICAL_SURFACE ( 'NONE', #682, 3.100000000000000533 ) ;
#2512 = ORIENTED_EDGE ( 'NONE', *, *, #1273, .F. ) ;
#2513 = CARTESIAN_POINT ( 'NONE',  ( -9.544499466235059515, 27.46402557932325905, 8.215520549203402467 ) ) ;
#2514 = EDGE_CURVE ( 'NONE', #663, #1457, #2214, .T. ) ;
#2515 = DIRECTION ( 'NONE',  ( 0.000000000000000000, 0.000000000000000000, 1.000000000000000000 ) ) ;
#2516 = VERTEX_POINT ( 'NONE', #1329 ) ;
#2517 = DIRECTION ( 'NONE',  ( 0.000000000000000000, 0.000000000000000000, 1.000000000000000000 ) ) ;
#2518 = AXIS2_PLACEMENT_3D ( 'NONE', #1637, #1235, #1664 ) ;
ENDSEC;
END-ISO-10303-21;
