ISO-10303-21;
HEADER;
FILE_DESCRIPTION (( 'STEP AP203' ),
    '1' );
FILE_NAME ('tpu-grip_v2.STEP',
    '2026-07-06T17:29:10',
    ( '' ),
    ( '' ),
    'SwSTEP 2.0',
    'SolidWorks 2024',
    '' );
FILE_SCHEMA (( 'CONFIG_CONTROL_DESIGN' ));
ENDSEC;

DATA;
#1 = DIRECTION ( 'NONE',  ( 0.000000000000000000, 0.000000000000000000, 1.000000000000000000 ) ) ;
#2 = CARTESIAN_POINT ( 'NONE',  ( 0.000000000000000000, 16.00000000000000000, 1.734723475976807094E-15 ) ) ;
#3 = EDGE_CURVE ( 'NONE', #1478, #1514, #2316, .T. ) ;
#4 = EDGE_LOOP ( 'NONE', ( #1184, #1083, #201, #2103 ) ) ;
#5 = CARTESIAN_POINT ( 'NONE',  ( -15.00000000000000000, 0.000000000000000000, 3.249999999999997780 ) ) ;
#6 = CARTESIAN_POINT ( 'NONE',  ( 2.882498364534131330, 12.72344918566115801, -4.213089695011450253 ) ) ;
#7 = FACE_OUTER_BOUND ( 'NONE', #2455, .T. ) ;
#8 = DIRECTION ( 'NONE',  ( 0.3420201433256686574, -0.000000000000000000, -0.9396926207859084279 ) ) ;
#9 = CARTESIAN_POINT ( 'NONE',  ( -5.330127018917563575, 16.00000000000000000, 2.500000000000000000 ) ) ;
#10 = AXIS2_PLACEMENT_3D ( 'NONE', #2423, #2436, #1473 ) ;
#11 = DIRECTION ( 'NONE',  ( 0.000000000000000000, 0.000000000000000000, -1.000000000000000000 ) ) ;
#12 = EDGE_CURVE ( 'NONE', #1460, #1934, #2201, .T. ) ;
#13 = LINE ( 'NONE', #441, #2253 ) ;
#14 = DIRECTION ( 'NONE',  ( 0.000000000000000000, 1.084202172485504311E-16, -1.000000000000000000 ) ) ;
#15 = EDGE_LOOP ( 'NONE', ( #1348, #2057, #174, #1435 ) ) ;
#16 = EDGE_CURVE ( 'NONE', #1656, #812, #1316, .T. ) ;
#17 = VECTOR ( 'NONE', #960, 1000.000000000000000 ) ;
#18 = DIRECTION ( 'NONE',  ( -0.3420201433256688794, 0.000000000000000000, -0.9396926207859083169 ) ) ;
#19 = CARTESIAN_POINT ( 'NONE',  ( -3.906921938164347186, 0.000000000000000000, -2.833012701890884610 ) ) ;
#20 = LINE ( 'NONE', #1770, #529 ) ;
#21 = CARTESIAN_POINT ( 'NONE',  ( -4.439638869934803722, 7.390121892295791639, 3.140576965853883795 ) ) ;
#22 = DIRECTION ( 'NONE',  ( -0.000000000000000000, -1.000000000000000000, -1.084202172485504434E-16 ) ) ;
#23 = LINE ( 'NONE', #658, #265 ) ;
#24 = CARTESIAN_POINT ( 'NONE',  ( 2.659638001036957800, 16.00000000000000000, -8.769197551854464479 ) ) ;
#25 = CIRCLE ( 'NONE', #1545, 0.5000000000000004441 ) ;
#26 = VERTEX_POINT ( 'NONE', #1913 ) ;
#27 = ADVANCED_FACE ( 'NONE', ( #1724 ), #615, .F. ) ;
#28 = B_SPLINE_CURVE_WITH_KNOTS ( 'NONE', 3,
 ( #2099, #865, #1641, #1108, #916, #1694, #2458 ),
 .UNSPECIFIED., .F., .F.,
 ( 4, 3, 4 ),
 ( 2.003943462289664775E-07, 0.009224562600314376720, 0.01603169201905866106 ),
 .UNSPECIFIED. ) ;
#29 = AXIS2_PLACEMENT_3D ( 'NONE', #1843, #2203, #53 ) ;
#30 = CARTESIAN_POINT ( 'NONE',  ( 3.271507984906495259E-12, 0.000000000000000000, 9.649999999999675282 ) ) ;
#31 = VERTEX_POINT ( 'NONE', #9 ) ;
#32 = EDGE_CURVE ( 'NONE', #1170, #2233, #935, .T. ) ;
#33 = DIRECTION ( 'NONE',  ( 0.000000000000000000, 1.000000000000000000, -0.000000000000000000 ) ) ;
#34 = DIRECTION ( 'NONE',  ( 0.000000000000000000, 1.084202172485504311E-16, -1.000000000000000000 ) ) ;
#35 = EDGE_CURVE ( 'NONE', #725, #1480, #1772, .T. ) ;
#36 = CARTESIAN_POINT ( 'NONE',  ( 0.000000000000000000, -6.519257497579211703E-16, -7.068193141867794065E-32 ) ) ;
#37 = AXIS2_PLACEMENT_3D ( 'NONE', #693, #2028, #707 ) ;
#38 = FACE_OUTER_BOUND ( 'NONE', #1930, .T. ) ;
#39 = DIRECTION ( 'NONE',  ( -0.9396926207859082059, 0.000000000000000000, 0.3420201433256695456 ) ) ;
#40 = CARTESIAN_POINT ( 'NONE',  ( -0.4999999999999996669, 16.00000000000000000, -4.874423042781577564 ) ) ;
#41 = AXIS2_PLACEMENT_3D ( 'NONE', #1799, #84, #479 ) ;
#42 = CARTESIAN_POINT ( 'NONE',  ( 0.000000000000000000, 16.00000000000000000, 1.734723475976807094E-15 ) ) ;
#43 = CARTESIAN_POINT ( 'NONE',  ( -1.540813288567525863, 0.000000000000000000, 5.695251918025552307 ) ) ;
#44 = VECTOR ( 'NONE', #1548, 1000.000000000000114 ) ;
#45 = DIRECTION ( 'NONE',  ( -0.000000000000000000, -1.000000000000000000, -1.084202172485504434E-16 ) ) ;
#46 = ORIENTED_EDGE ( 'NONE', *, *, #1491, .T. ) ;
#47 = ORIENTED_EDGE ( 'NONE', *, *, #582, .F. ) ;
#48 = CIRCLE ( 'NONE', #1681, 4.900000000000002132 ) ;
#49 = FACE_OUTER_BOUND ( 'NONE', #1095, .T. ) ;
#50 = ORIENTED_EDGE ( 'NONE', *, *, #1049, .F. ) ;
#51 = ADVANCED_FACE ( 'NONE', ( #244 ), #208, .T. ) ;
#52 = APPROVAL_DATE_TIME ( #2151, #1304 ) ;
#53 = DIRECTION ( 'NONE',  ( 0.000000000000000000, 0.000000000000000000, -1.000000000000000000 ) ) ;
#54 = CARTESIAN_POINT ( 'NONE',  ( 0.5000000000000003331, -1.454764561236552881E-17, -5.878775382679628514 ) ) ;
#55 = ADVANCED_FACE ( 'NONE', ( #1409 ), #1359, .F. ) ;
#56 = DIRECTION ( 'NONE',  ( -0.000000000000000000, 1.000000000000000000, -0.000000000000000000 ) ) ;
#57 = CYLINDRICAL_SURFACE ( 'NONE', #2130, 0.5000000000000004441 ) ;
#58 = DIRECTION ( 'NONE',  ( 0.000000000000000000, 0.000000000000000000, 1.000000000000000000 ) ) ;
#59 = AXIS2_PLACEMENT_3D ( 'NONE', #561, #1708, #2121 ) ;
#60 = DIRECTION ( 'NONE',  ( 0.3420201433256687129, 0.000000000000000000, -0.9396926207859084279 ) ) ;
#61 = EDGE_LOOP ( 'NONE', ( #485, #836, #696, #1607 ) ) ;
#62 = VERTEX_POINT ( 'NONE', #1205 ) ;
#63 = CARTESIAN_POINT ( 'NONE',  ( 3.271507984906495259E-12, 0.000000000000000000, 9.149999999999673506 ) ) ;
#64 = ORIENTED_EDGE ( 'NONE', *, *, #421, .T. ) ;
#65 =( BOUNDED_CURVE ( )  B_SPLINE_CURVE ( 3, ( #545, #363, #592, #743 ),
 .UNSPECIFIED., .F., .F. ) 
 B_SPLINE_CURVE_WITH_KNOTS ( ( 4, 4 ),
 ( 1.270865057037692702, 1.341520123580915991 ),
 .UNSPECIFIED. ) 
 CURVE ( )  GEOMETRIC_REPRESENTATION_ITEM ( )  RATIONAL_B_SPLINE_CURVE ( ( 1.000000000000000000, 0.9995840317289138577, 0.9995840317289138577, 1.000000000000000000 ) ) 
 REPRESENTATION_ITEM ( '' )  );
#66 = AXIS2_PLACEMENT_3D ( 'NONE', #1861, #109, #692 ) ;
#67 = CALENDAR_DATE ( 2026, 6, 7 ) ;
#68 = FACE_OUTER_BOUND ( 'NONE', #858, .T. ) ;
#69 = ADVANCED_FACE ( 'NONE', ( #1961 ), #806, .F. ) ;
#70 = APPROVAL_PERSON_ORGANIZATION ( #118, #166, #501 ) ;
#71 = CARTESIAN_POINT ( 'NONE',  ( 3.468402748055155804, 0.000000000000000000, -3.355619522128914234 ) ) ;
#72 = EDGE_CURVE ( 'NONE', #559, #1478, #25, .T. ) ;
#73 = CARTESIAN_POINT ( 'NONE',  ( 6.264528850194108323, 0.000000000000000000, 6.687912849694037654 ) ) ;
#74 = CARTESIAN_POINT ( 'NONE',  ( -3.129484311429714616, 0.000000000000000000, -8.598187480190510712 ) ) ;
#75 = VERTEX_POINT ( 'NONE', #617 ) ;
#76 = CARTESIAN_POINT ( 'NONE',  ( -3.395781754557450238, -1.288202087680810644E-16, -4.824797019089480443 ) ) ;
#77 = EDGE_LOOP ( 'NONE', ( #492, #471, #1263, #1979 ) ) ;
#78 = DIRECTION ( 'NONE',  ( 0.000000000000000000, 1.000000000000000000, 0.000000000000000000 ) ) ;
#79 = EDGE_LOOP ( 'NONE', ( #2331, #953, #1054, #226 ) ) ;
#80 =( BOUNDED_CURVE ( )  B_SPLINE_CURVE ( 3, ( #2142, #2131, #367, #152 ),
 .UNSPECIFIED., .F., .F. ) 
 B_SPLINE_CURVE_WITH_KNOTS ( ( 4, 4 ),
 ( 4.941665183598669131, 5.012320250141892863 ),
 .UNSPECIFIED. ) 
 CURVE ( )  GEOMETRIC_REPRESENTATION_ITEM ( )  RATIONAL_B_SPLINE_CURVE ( ( 1.000000000000000000, 0.9995840317289138577, 0.9995840317289138577, 1.000000000000000000 ) ) 
 REPRESENTATION_ITEM ( '' )  );
#81 = PLANE ( 'NONE',  #376 ) ;
#82 = DIRECTION ( 'NONE',  ( 0.3420201433256695456, -0.000000000000000000, 0.9396926207859082059 ) ) ;
#83 = CC_DESIGN_PERSON_AND_ORGANIZATION_ASSIGNMENT ( #530, #2408, ( #775 ) ) ;
#84 = DIRECTION ( 'NONE',  ( 0.000000000000000000, 1.000000000000000000, -0.000000000000000000 ) ) ;
#85 = CARTESIAN_POINT ( 'NONE',  ( 2.111542998356207068, 0.000000000000000000, -4.339514508110094759 ) ) ;
#86 = ADVANCED_FACE ( 'NONE', ( #2143 ), #1191, .F. ) ;
#87 = ORIENTED_EDGE ( 'NONE', *, *, #2325, .T. ) ;
#88 = ORIENTED_EDGE ( 'NONE', *, *, #1810, .F. ) ;
#89 = VERTEX_POINT ( 'NONE', #1382 ) ;
#90 = VECTOR ( 'NONE', #1132, 1000.000000000000000 ) ;
#91 = EDGE_CURVE ( 'NONE', #1332, #1377, #1097, .T. ) ;
#92 = DIRECTION ( 'NONE',  ( 0.000000000000000000, 1.000000000000000000, -0.000000000000000000 ) ) ;
#93 = ORIENTED_EDGE ( 'NONE', *, *, #1295, .F. ) ;
#94 = CIRCLE ( 'NONE', #1518, 11.00000000000000000 ) ;
#95 = CARTESIAN_POINT ( 'NONE',  ( -3.129484311429714616, 0.000000000000000000, -8.598187480190510712 ) ) ;
#96 = LINE ( 'NONE', #2240, #2306 ) ;
#97 = LINE ( 'NONE', #1052, #1225 ) ;
#98 = DIRECTION ( 'NONE',  ( -0.000000000000000000, -1.000000000000000000, -1.084202172485504434E-16 ) ) ;
#99 = ORIENTED_EDGE ( 'NONE', *, *, #794, .T. ) ;
#100 = ORIENTED_EDGE ( 'NONE', *, *, #1889, .T. ) ;
#101 = ORIENTED_EDGE ( 'NONE', *, *, #1935, .T. ) ;
#102 = CARTESIAN_POINT ( 'NONE',  ( -5.498484407069352820, 0.000000000000000000, 7.330700459382684109 ) ) ;
#103 = CYLINDRICAL_SURFACE ( 'NONE', #1766, 0.5000000000000004441 ) ;
#104 = ORIENTED_EDGE ( 'NONE', *, *, #1006, .F. ) ;
#105 = ADVANCED_FACE ( 'NONE', ( #1604 ), #630, .F. ) ;
#106 = AXIS2_PLACEMENT_3D ( 'NONE', #2038, #1076, #876 ) ;
#107 = FACE_OUTER_BOUND ( 'NONE', #457, .T. ) ;
#108 = AXIS2_PLACEMENT_3D ( 'NONE', #756, #1326, #2312 ) ;
#109 = DIRECTION ( 'NONE',  ( 0.000000000000000000, 1.000000000000000000, 0.000000000000000000 ) ) ;
#110 = AXIS2_PLACEMENT_3D ( 'NONE', #1791, #2162, #1379 ) ;
#111 = DIRECTION ( 'NONE',  ( -0.8660254037844385966, -0.000000000000000000, 0.5000000000000000000 ) ) ;
#112 = LINE ( 'NONE', #85, #727 ) ;
#113 = VERTEX_POINT ( 'NONE', #1566 ) ;
#114 = VERTEX_POINT ( 'NONE', #2349 ) ;
#115 = CARTESIAN_POINT ( 'NONE',  ( -8.174132444625017868, 0.000000000000000000, 4.141987298108957383 ) ) ;
#116 = EDGE_CURVE ( 'NONE', #1874, #1887, #1398, .T. ) ;
#117 = VERTEX_POINT ( 'NONE', #454 ) ;
#118 = PERSON_AND_ORGANIZATION ( #285, #1538 ) ;
#119 = DIRECTION ( 'NONE',  ( -0.000000000000000000, 1.000000000000000000, -0.000000000000000000 ) ) ;
#120 = VECTOR ( 'NONE', #773, 1000.000000000000000 ) ;
#121 = AXIS2_PLACEMENT_3D ( 'NONE', #307, #396, #1161 ) ;
#122 = LINE ( 'NONE', #2410, #1740 ) ;
#123 = LINE ( 'NONE', #1864, #944 ) ;
#124 = CARTESIAN_POINT ( 'NONE',  ( 4.718151619447492173, 2.264592486230098789, 3.301376376752107600 ) ) ;
#125 = ORIENTED_EDGE ( 'NONE', *, *, #920, .F. ) ;
#126 = ORIENTED_EDGE ( 'NONE', *, *, #1832, .T. ) ;
#127 = CYLINDRICAL_SURFACE ( 'NONE', #1727, 0.5000000000000004441 ) ;
#128 = AXIS2_PLACEMENT_3D ( 'NONE', #1814, #1363, #832 ) ;
#129 = LINE ( 'NONE', #1139, #1513 ) ;
#130 = ORIENTED_EDGE ( 'NONE', *, *, #1285, .F. ) ;
#131 = AXIS2_PLACEMENT_3D ( 'NONE', #219, #2175, #2347 ) ;
#132 = AXIS2_PLACEMENT_3D ( 'NONE', #344, #1114, #1898 ) ;
#133 = DIRECTION ( 'NONE',  ( 0.3420201433256686574, 0.000000000000000000, -0.9396926207859084279 ) ) ;
#134 = ORIENTED_EDGE ( 'NONE', *, *, #1935, .F. ) ;
#135 = VECTOR ( 'NONE', #2014, 999.9999999999998863 ) ;
#136 = EDGE_CURVE ( 'NONE', #523, #1147, #335, .T. ) ;
#137 = CARTESIAN_POINT ( 'NONE',  ( 3.979189237394074041, 4.529182676857267609, -3.964351155847154473 ) ) ;
#138 = LINE ( 'NONE', #1938, #44 ) ;
#139 = CARTESIAN_POINT ( 'NONE',  ( 4.841168824544630489, -1.017562133041003494E-15, 3.372400393229896931 ) ) ;
#140 = EDGE_LOOP ( 'NONE', ( #2380, #2502, #766, #959 ) ) ;
#141 = ORIENTED_EDGE ( 'NONE', *, *, #1118, .T. ) ;
#142 = ORIENTED_EDGE ( 'NONE', *, *, #336, .T. ) ;
#143 = DIRECTION ( 'NONE',  ( 0.3420201433256695456, -0.000000000000000000, 0.9396926207859082059 ) ) ;
#144 = ORIENTED_EDGE ( 'NONE', *, *, #1536, .T. ) ;
#145 = DIRECTION ( 'NONE',  ( 0.000000000000000000, 0.000000000000000000, -1.000000000000000000 ) ) ;
#146 = ORIENTED_EDGE ( 'NONE', *, *, #2021, .T. ) ;
#147 = FACE_OUTER_BOUND ( 'NONE', #651, .T. ) ;
#148 = AXIS2_PLACEMENT_3D ( 'NONE', #891, #1665, #295 ) ;
#149 = EDGE_CURVE ( 'NONE', #1288, #1514, #2080, .T. ) ;
#150 = ORIENTED_EDGE ( 'NONE', *, *, #1243, .T. ) ;
#151 = CARTESIAN_POINT ( 'NONE',  ( -4.161826197676396610, 0.000000000000000000, -4.182009409402904332 ) ) ;
#152 = CARTESIAN_POINT ( 'NONE',  ( 10.50892477849184381, 7.960204194457795477E-16, -3.250000000000002220 ) ) ;
#153 = ORIENTED_EDGE ( 'NONE', *, *, #718, .T. ) ;
#154 = EDGE_CURVE ( 'NONE', #1655, #650, #1519, .T. ) ;
#155 = VERTEX_POINT ( 'NONE', #596 ) ;
#156 = ORIENTED_EDGE ( 'NONE', *, *, #1956, .T. ) ;
#157 = LINE ( 'NONE', #212, #715 ) ;
#158 = CARTESIAN_POINT ( 'NONE',  ( 3.129484311432986221, 0.000000000000000000, 9.098187480190187415 ) ) ;
#159 = ORIENTED_EDGE ( 'NONE', *, *, #822, .F. ) ;
#160 = ORIENTED_EDGE ( 'NONE', *, *, #1235, .T. ) ;
#161 = CARTESIAN_POINT ( 'NONE',  ( -8.612460220655809541E-15, 0.000000000000000000, -11.00000000000000533 ) ) ;
#162 = AXIS2_PLACEMENT_3D ( 'NONE', #816, #976, #2177 ) ;
#163 = DIRECTION ( 'NONE',  ( 0.000000000000000000, 1.084202172485504311E-16, -1.000000000000000000 ) ) ;
#164 = AXIS2_PLACEMENT_3D ( 'NONE', #2090, #1507, #2454 ) ;
#165 = CARTESIAN_POINT ( 'NONE',  ( 0.000000000000000000, 16.00000000000000000, 1.734723475976807094E-15 ) ) ;
#166 = APPROVAL ( #1822, 'UNSPECIFIED' ) ;
#167 = CARTESIAN_POINT ( 'NONE',  ( 5.881506628632112488, 16.00000000000000000, -7.009306654539738446 ) ) ;
#168 = ORIENTED_EDGE ( 'NONE', *, *, #929, .T. ) ;
#169 = ORIENTED_EDGE ( 'NONE', *, *, #2338, .T. ) ;
#170 = VERTEX_POINT ( 'NONE', #1169 ) ;
#171 = EDGE_CURVE ( 'NONE', #1633, #2183, #1951, .T. ) ;
#172 = DIRECTION ( 'NONE',  ( -0.000000000000000000, -1.000000000000000000, -1.084202172485504434E-16 ) ) ;
#173 = LINE ( 'NONE', #30, #1842 ) ;
#174 = ORIENTED_EDGE ( 'NONE', *, *, #754, .F. ) ;
#175 = EDGE_CURVE ( 'NONE', #327, #1656, #818, .T. ) ;
#176 = VECTOR ( 'NONE', #2001, 1000.000000000000114 ) ;
#177 = ORIENTED_EDGE ( 'NONE', *, *, #2329, .T. ) ;
#178 = AXIS2_PLACEMENT_3D ( 'NONE', #2310, #1086, #908 ) ;
#179 = DIRECTION ( 'NONE',  ( 0.000000000000000000, 0.000000000000000000, 1.000000000000000000 ) ) ;
#180 = DIRECTION ( 'NONE',  ( 1.000000000000000000, -0.000000000000000000, -0.000000000000000000 ) ) ;
#181 = AXIS2_PLACEMENT_3D ( 'NONE', #1933, #2296, #1 ) ;
#182 = CARTESIAN_POINT ( 'NONE',  ( 7.924132444628288141, 16.00000000000000000, -4.575000000001496758 ) ) ;
#183 = PLANE ( 'NONE',  #59 ) ;
#184 = EDGE_LOOP ( 'NONE', ( #2209, #1129, #1827, #1776 ) ) ;
#185 = ORIENTED_EDGE ( 'NONE', *, *, #718, .F. ) ;
#186 = CARTESIAN_POINT ( 'NONE',  ( -3.971374183841487771, 16.00000000000000000, -2.870224223282457299 ) ) ;
#187 = ORIENTED_EDGE ( 'NONE', *, *, #1756, .F. ) ;
#188 = ADVANCED_FACE ( 'NONE', ( #2496 ), #769, .F. ) ;
#189 = ADVANCED_FACE ( 'NONE', ( #1429 ), #1823, .F. ) ;
#190 = EDGE_LOOP ( 'NONE', ( #1914, #2500, #276, #2294 ) ) ;
#191 = DIRECTION ( 'NONE',  ( 0.000000000000000000, 1.000000000000000000, 0.000000000000000000 ) ) ;
#192 = VERTEX_POINT ( 'NONE', #640 ) ;
#193 = CARTESIAN_POINT ( 'NONE',  ( -2.659638001036766841, 0.000000000000000000, -8.769197551853341821 ) ) ;
#194 = CARTESIAN_POINT ( 'NONE',  ( -3.129484311426640630, 0.000000000000000000, 9.098187480191306520 ) ) ;
#195 = DESIGN_CONTEXT ( 'detailed design', #2075, 'design' ) ;
#196 = CARTESIAN_POINT ( 'NONE',  ( 0.000000000000000000, 16.00000000000000000, 1.734723475976807094E-15 ) ) ;
#197 = EDGE_LOOP ( 'NONE', ( #300, #314, #632, #1254 ) ) ;
#198 = ORIENTED_EDGE ( 'NONE', *, *, #942, .T. ) ;
#199 = CARTESIAN_POINT ( 'NONE',  ( -4.472014042063127803, 6.793769985310309956, -3.159268780193777548 ) ) ;
#200 = CARTESIAN_POINT ( 'NONE',  ( 8.174132444628288141, 16.00000000000000000, -4.141987298109278015 ) ) ;
#201 = ORIENTED_EDGE ( 'NONE', *, *, #2418, .T. ) ;
#202 = EDGE_CURVE ( 'NONE', #1801, #1402, #1023, .T. ) ;
#203 = EDGE_CURVE ( 'NONE', #2116, #622, #1418, .T. ) ;
#204 = CARTESIAN_POINT ( 'NONE',  ( 8.174132444628288141, 0.000000000000000000, -4.141987298109278015 ) ) ;
#205 = DIRECTION ( 'NONE',  ( -0.000000000000000000, 1.000000000000000000, -0.000000000000000000 ) ) ;
#206 = EDGE_CURVE ( 'NONE', #1512, #1945, #1809, .T. ) ;
#207 = CARTESIAN_POINT ( 'NONE',  ( 10.50892477849184381, 7.960204194457795477E-16, -3.250000000000002220 ) ) ;
#208 = PLANE ( 'NONE',  #1378 ) ;
#209 = ORIENTED_EDGE ( 'NONE', *, *, #352, .F. ) ;
#210 = AXIS2_PLACEMENT_3D ( 'NONE', #759, #1525, #2307 ) ;
#211 = FACE_OUTER_BOUND ( 'NONE', #1819, .T. ) ;
#212 = CARTESIAN_POINT ( 'NONE',  ( -3.906921938162710717, 16.00000000000000000, 2.833012701893393714 ) ) ;
#213 = FACE_OUTER_BOUND ( 'NONE', #1136, .T. ) ;
#214 = EDGE_LOOP ( 'NONE', ( #677, #2461, #289, #1173 ) ) ;
#215 = MECHANICAL_CONTEXT ( 'NONE', #1565, 'mechanical' ) ;
#216 = AXIS2_PLACEMENT_3D ( 'NONE', #165, #1157, #584 ) ;
#217 = ADVANCED_FACE ( 'NONE', ( #1036 ), #1255, .F. ) ;
#218 = VECTOR ( 'NONE', #750, 1000.000000000000000 ) ;
#219 = CARTESIAN_POINT ( 'NONE',  ( 2.380768758621313275E-16, 0.000000000000000000, -9.149999999999998579 ) ) ;
#220 = LINE ( 'NONE', #985, #1079 ) ;
#221 = CARTESIAN_POINT ( 'NONE',  ( -2.111542998356013001, 0.000000000000000000, -4.339514508108973878 ) ) ;
#222 = AXIS2_PLACEMENT_3D ( 'NONE', #2474, #172, #417 ) ;
#223 = DIRECTION ( 'NONE',  ( 0.000000000000000000, 0.000000000000000000, 1.000000000000000000 ) ) ;
#224 = LINE ( 'NONE', #649, #1020 ) ;
#225 = VERTEX_POINT ( 'NONE', #2023 ) ;
#226 = ORIENTED_EDGE ( 'NONE', *, *, #864, .T. ) ;
#227 = APPROVAL_ROLE ( '' ) ;
#228 = CARTESIAN_POINT ( 'NONE',  ( -2.268841687673710528, 9.862519275789498607, 4.771689105128405828 ) ) ;
#229 = DIRECTION ( 'NONE',  ( 0.000000000000000000, 0.000000000000000000, -1.000000000000000000 ) ) ;
#230 = CARTESIAN_POINT ( 'NONE',  ( -3.468402748054391527, 0.000000000000000000, -3.355619522126810139 ) ) ;
#231 = ADVANCED_FACE ( 'NONE', ( #68 ), #1212, .T. ) ;
#232 = DIRECTION ( 'NONE',  ( -0.5000000000000001110, 0.000000000000000000, -0.8660254037844387076 ) ) ;
#233 = DIRECTION ( 'NONE',  ( 0.000000000000000000, 1.084202172485504311E-16, -1.000000000000000000 ) ) ;
#234 = CARTESIAN_POINT ( 'NONE',  ( -1.171850377567028145, 16.00000000000000000, 4.681534651435439898 ) ) ;
#235 = CARTESIAN_POINT ( 'NONE',  ( -15.00000000000000000, 16.00000000000000355, -2.500000000000000000 ) ) ;
#236 = EDGE_CURVE ( 'NONE', #114, #1147, #838, .T. ) ;
#237 = DIRECTION ( 'NONE',  ( 0.000000000000000000, 1.000000000000000000, -0.000000000000000000 ) ) ;
#238 = VERTEX_POINT ( 'NONE', #2383 ) ;
#239 = CYLINDRICAL_SURFACE ( 'NONE', #1474, 0.4999999999999995559 ) ;
#240 = CARTESIAN_POINT ( 'NONE',  ( -7.924132444625017868, 16.00000000000000000, 4.575000000001176126 ) ) ;
#241 = CARTESIAN_POINT ( 'NONE',  ( 0.000000000000000000, -6.519257497579211703E-16, -7.068193141867794065E-32 ) ) ;
#242 = DIRECTION ( 'NONE',  ( -0.000000000000000000, 1.000000000000000000, -0.000000000000000000 ) ) ;
#243 = LINE ( 'NONE', #1231, #1199 ) ;
#244 = FACE_OUTER_BOUND ( 'NONE', #578, .T. ) ;
#245 = CARTESIAN_POINT ( 'NONE',  ( 5.881506628634618039, 16.00000000000000000, 7.509306654537309278 ) ) ;
#246 = LINE ( 'NONE', #468, #390 ) ;
#247 = CARTESIAN_POINT ( 'NONE',  ( -6.264528850190838938, 0.000000000000000000, -6.687912849694361839 ) ) ;
#248 = ORIENTED_EDGE ( 'NONE', *, *, #1188, .T. ) ;
#249 = EDGE_CURVE ( 'NONE', #1198, #622, #1239, .T. ) ;
#250 = AXIS2_PLACEMENT_3D ( 'NONE', #95, #875, #1649 ) ;
#251 = DIRECTION ( 'NONE',  ( -0.8660254037844382635, 0.000000000000000000, 0.5000000000000004441 ) ) ;
#252 = VERTEX_POINT ( 'NONE', #1048 ) ;
#253 = COORDINATED_UNIVERSAL_TIME_OFFSET ( 5, 0, .BEHIND. ) ;
#254 = DIRECTION ( 'NONE',  ( -0.000000000000000000, 1.000000000000000000, -0.000000000000000000 ) ) ;
#255 = CARTESIAN_POINT ( 'NONE',  ( 0.5000000000000003331, 10.66668532495344479, -5.209504262630100691 ) ) ;
#256 = AXIS2_PLACEMENT_3D ( 'NONE', #489, #1245, #2040 ) ;
#257 = CARTESIAN_POINT ( 'NONE',  ( 3.599330621825940213, 0.000000000000000000, 8.427177408527350977 ) ) ;
#258 = VECTOR ( 'NONE', #426, 1000.000000000000227 ) ;
#259 = DIRECTION ( 'NONE',  ( -0.7660444431189781245, 0.000000000000000000, -0.6427876096865392519 ) ) ;
#260 = CARTESIAN_POINT ( 'NONE',  ( -3.887829477487950047, 6.793769985310306403, 3.855472833764058915 ) ) ;
#261 = AXIS2_PLACEMENT_3D ( 'NONE', #1609, #2211, #2379 ) ;
#262 = CARTESIAN_POINT ( 'NONE',  ( -1.329149066890675135, 9.862519275789498607, -5.113709248452717127 ) ) ;
#263 = EDGE_LOOP ( 'NONE', ( #2138, #100, #1897, #2320 ) ) ;
#264 = ORIENTED_EDGE ( 'NONE', *, *, #365, .F. ) ;
#265 = VECTOR ( 'NONE', #1014, 1000.000000000000000 ) ;
#266 = ADVANCED_FACE ( 'NONE', ( #1008 ), #2186, .F. ) ;
#267 = VERTEX_POINT ( 'NONE', #667 ) ;
#268 = FACE_OUTER_BOUND ( 'NONE', #1310, .T. ) ;
#269 = DIRECTION ( 'NONE',  ( -0.000000000000000000, 1.000000000000000000, -0.000000000000000000 ) ) ;
#270 = EDGE_CURVE ( 'NONE', #684, #114, #2432, .T. ) ;
#271 = DIRECTION ( 'NONE',  ( -0.000000000000000000, 1.000000000000000000, -0.000000000000000000 ) ) ;
#272 = AXIS2_PLACEMENT_3D ( 'NONE', #1146, #1168, #2470 ) ;
#273 = CARTESIAN_POINT ( 'NONE',  ( 6.264528850191600995, 0.000000000000000000, -6.687912849696468598 ) ) ;
#274 = CARTESIAN_POINT ( 'NONE',  ( -3.129484311426640630, 0.000000000000000000, 8.598187480191304743 ) ) ;
#275 = ORIENTED_EDGE ( 'NONE', *, *, #1002, .F. ) ;
#276 = ORIENTED_EDGE ( 'NONE', *, *, #2055, .T. ) ;
#277 = CARTESIAN_POINT ( 'NONE',  ( 8.174132444629927718, 0.000000000000000000, 4.141987298106119653 ) ) ;
#278 = ORIENTED_EDGE ( 'NONE', *, *, #1547, .T. ) ;
#279 = APPROVAL_DATE_TIME ( #1857, #166 ) ;
#280 = DIRECTION ( 'NONE',  ( 0.000000000000000000, 0.000000000000000000, -1.000000000000000000 ) ) ;
#281 = ADVANCED_FACE ( 'NONE', ( #1830 ), #81, .F. ) ;
#282 = CARTESIAN_POINT ( 'NONE',  ( 4.070519482111657261, 2.264592486230102786, -4.073194303101842273 ) ) ;
#283 = EDGE_CURVE ( 'NONE', #1451, #1478, #1636, .T. ) ;
#284 = LINE ( 'NONE', #2422, #2322 ) ;
#285 = PERSON ( 'UNSPECIFIED', 'UNSPECIFIED', 'UNSPECIFIED', ('UNSPECIFIED'), ('UNSPECIFIED'), ('UNSPECIFIED') ) ;
#286 = LINE ( 'NONE', #2180, #516 ) ;
#287 = ORIENTED_EDGE ( 'NONE', *, *, #542, .F. ) ;
#288 = ORIENTED_EDGE ( 'NONE', *, *, #503, .T. ) ;
#289 = ORIENTED_EDGE ( 'NONE', *, *, #2473, .F. ) ;
#290 = CARTESIAN_POINT ( 'NONE',  ( -4.406921938162710717, 0.000000000000000000, 1.966987298108955340 ) ) ;
#291 = ORIENTED_EDGE ( 'NONE', *, *, #1395, .F. ) ;
#292 = CARTESIAN_POINT ( 'NONE',  ( 5.881506628634618039, 0.000000000000000000, 7.009306654537308390 ) ) ;
#293 = CARTESIAN_POINT ( 'NONE',  ( 0.000000000000000000, -6.519257497579211703E-16, -7.068193141867794065E-32 ) ) ;
#294 = FACE_OUTER_BOUND ( 'NONE', #1684, .T. ) ;
#295 = DIRECTION ( 'NONE',  ( 0.000000000000000000, 1.084202172485504311E-16, -1.000000000000000000 ) ) ;
#296 = ORIENTED_EDGE ( 'NONE', *, *, #675, .F. ) ;
#297 = AXIS2_PLACEMENT_3D ( 'NONE', #2252, #1860, #145 ) ;
#298 = ADVANCED_FACE ( 'NONE', ( #2227 ), #1060, .F. ) ;
#299 = ORIENTED_EDGE ( 'NONE', *, *, #2241, .F. ) ;
#300 = ORIENTED_EDGE ( 'NONE', *, *, #1613, .T. ) ;
#301 = AXIS2_PLACEMENT_3D ( 'NONE', #182, #1510, #770 ) ;
#302 = DIRECTION ( 'NONE',  ( -9.969675149291996949E-17, -0.000000000000000000, -1.000000000000000000 ) ) ;
#303 = DIRECTION ( 'NONE',  ( -0.000000000000000000, 1.000000000000000000, -0.000000000000000000 ) ) ;
#304 = ORIENTED_EDGE ( 'NONE', *, *, #1295, .T. ) ;
#305 = AXIS2_PLACEMENT_3D ( 'NONE', #1952, #2113, #1171 ) ;
#306 = VECTOR ( 'NONE', #1990, 1000.000000000000114 ) ;
#307 = CARTESIAN_POINT ( 'NONE',  ( 0.000000000000000000, 16.00000000000000000, 1.734723475976807094E-15 ) ) ;
#308 = DIRECTION ( 'NONE',  ( 0.8660254037844384856, -0.000000000000000000, 0.5000000000000003331 ) ) ;
#309 = DIRECTION ( 'NONE',  ( -0.000000000000000000, -1.000000000000000000, -1.084202172485504434E-16 ) ) ;
#310 = ADVANCED_FACE ( 'NONE', ( #2419 ), #2354, .F. ) ;
#311 = CARTESIAN_POINT ( 'NONE',  ( -0.4999999999999996669, 0.000000000000000000, -4.799999999999999822 ) ) ;
#312 = ORIENTED_EDGE ( 'NONE', *, *, #2149, .T. ) ;
#313 = ORIENTED_EDGE ( 'NONE', *, *, #929, .F. ) ;
#314 = ORIENTED_EDGE ( 'NONE', *, *, #2087, .F. ) ;
#315 = EDGE_CURVE ( 'NONE', #1364, #113, #825, .T. ) ;
#316 = CARTESIAN_POINT ( 'NONE',  ( 0.5000000000032709391, 0.000000000000000000, 4.799999999999674749 ) ) ;
#317 = CARTESIAN_POINT ( 'NONE',  ( -3.395781754554934473, 0.000000000000000000, 4.824797019091249695 ) ) ;
#318 = ORIENTED_EDGE ( 'NONE', *, *, #2430, .T. ) ;
#319 = B_SPLINE_CURVE_WITH_KNOTS ( 'NONE', 3,
 ( #186, #1555, #1160, #199, #966, #1330, #2516 ),
 .UNSPECIFIED., .F., .F.,
 ( 4, 3, 4 ),
 ( 2.003943462289916238E-07, 0.009224562600314374985, 0.01603169201905866106 ),
 .UNSPECIFIED. ) ;
#320 = DIRECTION ( 'NONE',  ( -0.000000000000000000, 1.000000000000000000, -0.000000000000000000 ) ) ;
#321 = CIRCLE ( 'NONE', #2381, 5.900000000000000355 ) ;
#322 = CARTESIAN_POINT ( 'NONE',  ( 3.640171970914106048, 12.93126332337866558, -3.560326110568182933 ) ) ;
#323 = VECTOR ( 'NONE', #2519, 1000.000000000000114 ) ;
#324 = SECURITY_CLASSIFICATION ( '', '', #874 ) ;
#325 = DIRECTION ( 'NONE',  ( -0.000000000000000000, -1.000000000000000000, -1.084202172485504434E-16 ) ) ;
#326 = CARTESIAN_POINT ( 'NONE',  ( 2.659638001040032673, 16.00000000000000000, 8.769197551853020300 ) ) ;
#327 = VERTEX_POINT ( 'NONE', #1494 ) ;
#328 = ORIENTED_EDGE ( 'NONE', *, *, #1105, .F. ) ;
#329 = DIRECTION ( 'NONE',  ( -0.000000000000000000, -1.000000000000000000, -1.084202172485504434E-16 ) ) ;
#330 = DIRECTION ( 'NONE',  ( -0.3420201433256696011, 0.000000000000000000, -0.9396926207859082059 ) ) ;
#331 = ORIENTED_EDGE ( 'NONE', *, *, #16, .T. ) ;
#332 = ADVANCED_FACE ( 'NONE', ( #910 ), #517, .F. ) ;
#333 = DATE_AND_TIME ( #1296, #654 ) ;
#334 = DIRECTION ( 'NONE',  ( -0.000000000000000000, 1.000000000000000000, -0.000000000000000000 ) ) ;
#335 = CIRCLE ( 'NONE', #661, 5.900000000000000355 ) ;
#336 = EDGE_CURVE ( 'NONE', #2206, #2260, #879, .T. ) ;
#337 = ORIENTED_EDGE ( 'NONE', *, *, #12, .F. ) ;
#338 = CARTESIAN_POINT ( 'NONE',  ( -4.406921938164347630, 0.000000000000000000, -1.966987298106446014 ) ) ;
#339 = DIRECTION ( 'NONE',  ( 0.000000000000000000, 1.084202172485504311E-16, -1.000000000000000000 ) ) ;
#340 = PLANE ( 'NONE',  #1946 ) ;
#341 = ORIENTED_EDGE ( 'NONE', *, *, #826, .F. ) ;
#342 = EDGE_LOOP ( 'NONE', ( #1261, #2488, #1234, #343 ) ) ;
#343 = ORIENTED_EDGE ( 'NONE', *, *, #1131, .T. ) ;
#344 = CARTESIAN_POINT ( 'NONE',  ( -2.111542998352936351, 0.000000000000000000, 4.339514508109770574 ) ) ;
#345 = CIRCLE ( 'NONE', #1634, 0.5000000000000004441 ) ;
#346 = CARTESIAN_POINT ( 'NONE',  ( 3.129484311432986221, 16.00000000000000000, 9.098187480190187415 ) ) ;
#347 = ORIENTED_EDGE ( 'NONE', *, *, #771, .T. ) ;
#348 = AXIS2_PLACEMENT_3D ( 'NONE', #577, #1331, #1686 ) ;
#349 = EDGE_CURVE ( 'NONE', #114, #528, #1672, .T. ) ;
#350 = CARTESIAN_POINT ( 'NONE',  ( -1.171850377567028145, 0.000000000000000000, 4.681534651435439898 ) ) ;
#351 = ORIENTED_EDGE ( 'NONE', *, *, #837, .F. ) ;
#352 = EDGE_CURVE ( 'NONE', #725, #1874, #1308, .T. ) ;
#353 = CARTESIAN_POINT ( 'NONE',  ( -1.171850377570105017, 16.00000000000000000, -4.681534651434643202 ) ) ;
#354 = LINE ( 'NONE', #377, #1388 ) ;
#355 = DIRECTION ( 'NONE',  ( -0.000000000000000000, 1.000000000000000000, -0.000000000000000000 ) ) ;
#356 =( BOUNDED_CURVE ( )  B_SPLINE_CURVE ( 3, ( #717, #705, #1444, #1242 ),
 .UNSPECIFIED., .F., .F. ) 
 B_SPLINE_CURVE_WITH_KNOTS ( ( 4, 4 ),
 ( 1.270865057037693147, 1.341520123580917101 ),
 .UNSPECIFIED. ) 
 CURVE ( )  GEOMETRIC_REPRESENTATION_ITEM ( )  RATIONAL_B_SPLINE_CURVE ( ( 1.000000000000000000, 0.9995840317289138577, 0.9995840317289138577, 1.000000000000000000 ) ) 
 REPRESENTATION_ITEM ( '' )  );
#357 = ORIENTED_EDGE ( 'NONE', *, *, #2477, .F. ) ;
#358 = VERTEX_POINT ( 'NONE', #1754 ) ;
#359 = DIRECTION ( 'NONE',  ( 0.000000000000000000, 0.000000000000000000, 1.000000000000000000 ) ) ;
#360 = DIRECTION ( 'NONE',  ( 0.9396926207859082059, 0.000000000000000000, -0.3420201433256696011 ) ) ;
#361 = EDGE_LOOP ( 'NONE', ( #1069, #1583, #1080, #2476, #2355, #1899, #1554, #2391, #2479, #387, #1045, #1337, #1882, #1103, #1152, #2460, #1307, #159, #341, #992, #1448, #1815, #934, #1322, #2269, #2085, #2285, #1895, #2043, #351, #1302 ) ) ;
#362 = EDGE_LOOP ( 'NONE', ( #1835, #1436, #2515, #557 ) ) ;
#363 = CARTESIAN_POINT ( 'NONE',  ( 10.58548369293662006, 5.281161012665002374, 3.002445577531327014 ) ) ;
#364 = CIRCLE ( 'NONE', #66, 11.00000000000000000 ) ;
#365 = EDGE_CURVE ( 'NONE', #1480, #1887, #2193, .T. ) ;
#366 = DIRECTION ( 'NONE',  ( 0.000000000000000000, 1.000000000000000000, -0.000000000000000000 ) ) ;
#367 = CARTESIAN_POINT ( 'NONE',  ( 10.58548369293662361, 5.281161012665090304, -3.002445577531325682 ) ) ;
#368 = ORIENTED_EDGE ( 'NONE', *, *, #1711, .T. ) ;
#369 = VERTEX_POINT ( 'NONE', #502 ) ;
#370 = ORIENTED_EDGE ( 'NONE', *, *, #32, .T. ) ;
#371 = FACE_OUTER_BOUND ( 'NONE', #263, .T. ) ;
#372 = ORIENTED_EDGE ( 'NONE', *, *, #610, .T. ) ;
#373 = ORIENTED_EDGE ( 'NONE', *, *, #1235, .F. ) ;
#374 = CARTESIAN_POINT ( 'NONE',  ( 3.971374183842617978, 16.00000000000000000, 2.870224223280896769 ) ) ;
#375 = DIRECTION ( 'NONE',  ( 0.000000000000000000, 0.000000000000000000, -1.000000000000000000 ) ) ;
#376 = AXIS2_PLACEMENT_3D ( 'NONE', #859, #1601, #1983 ) ;
#377 = CARTESIAN_POINT ( 'NONE',  ( -6.264528850188331610, 0.000000000000000000, 6.687912849696144413 ) ) ;
#378 = CARTESIAN_POINT ( 'NONE',  ( -4.841168824543531812, -2.862893664746674669E-16, -3.372400393231476556 ) ) ;
#379 = ADVANCED_FACE ( 'NONE', ( #1688 ), #2443, .T. ) ;
#380 = ORIENTED_EDGE ( 'NONE', *, *, #315, .F. ) ;
#381 = ORIENTED_EDGE ( 'NONE', *, *, #116, .T. ) ;
#382 = FACE_OUTER_BOUND ( 'NONE', #637, .T. ) ;
#383 = ADVANCED_FACE ( 'NONE', ( #107 ), #967, .F. ) ;
#384 = ORIENTED_EDGE ( 'NONE', *, *, #1741, .T. ) ;
#385 = CIRCLE ( 'NONE', #2401, 0.5000000000000004441 ) ;
#386 = AXIS2_PLACEMENT_3D ( 'NONE', #1189, #1213, #229 ) ;
#387 = ORIENTED_EDGE ( 'NONE', *, *, #1098, .F. ) ;
#388 = AXIS2_PLACEMENT_3D ( 'NONE', #436, #1202, #1984 ) ;
#389 = LINE ( 'NONE', #1902, #1865 ) ;
#390 = VECTOR ( 'NONE', #1798, 1000.000000000000114 ) ;
#391 = CARTESIAN_POINT ( 'NONE',  ( -15.00000000000000000, 7.960204194457795477E-16, -3.250000000000002220 ) ) ;
#392 = ORIENTED_EDGE ( 'NONE', *, *, #1558, .T. ) ;
#393 = ORIENTED_EDGE ( 'NONE', *, *, #412, .F. ) ;
#394 = EDGE_CURVE ( 'NONE', #2260, #1402, #500, .T. ) ;
#395 = CARTESIAN_POINT ( 'NONE',  ( 7.674132444628288141, 0.000000000000000000, -5.008012701893716390 ) ) ;
#396 = DIRECTION ( 'NONE',  ( -0.000000000000000000, -1.000000000000000000, -1.084202172485504434E-16 ) ) ;
#397 = ORIENTED_EDGE ( 'NONE', *, *, #1002, .T. ) ;
#398 = EDGE_CURVE ( 'NONE', #2069, #238, #1217, .T. ) ;
#399 = CARTESIAN_POINT ( 'NONE',  ( -2.702358304935414068, 16.00000000000000000, -3.998407131813349835 ) ) ;
#400 = VECTOR ( 'NONE', #1541, 1000.000000000000000 ) ;
#401 = CARTESIAN_POINT ( 'NONE',  ( 2.111542998359281054, 0.000000000000000000, 4.339514508108651469 ) ) ;
#402 = LINE ( 'NONE', #1747, #1967 ) ;
#403 = LINE ( 'NONE', #1950, #1185 ) ;
#404 = FACE_OUTER_BOUND ( 'NONE', #2225, .T. ) ;
#405 = CARTESIAN_POINT ( 'NONE',  ( -4.841168824541814963, 0.000000000000000000, 3.372400393233939919 ) ) ;
#406 = CYLINDRICAL_SURFACE ( 'NONE', #305, 11.00000000000000000 ) ;
#407 = CARTESIAN_POINT ( 'NONE',  ( 2.997983140165676907, 9.862519275789498607, 4.350719091254865667 ) ) ;
#408 = CC_DESIGN_PERSON_AND_ORGANIZATION_ASSIGNMENT ( #690, #2022, ( #324 ) ) ;
#409 = VERTEX_POINT ( 'NONE', #200 ) ;
#410 = ADVANCED_FACE ( 'NONE', ( #543 ), #706, .F. ) ;
#411 = CALENDAR_DATE ( 2026, 6, 7 ) ;
#412 = EDGE_CURVE ( 'NONE', #1059, #1438, #459, .T. ) ;
#413 = CARTESIAN_POINT ( 'NONE',  ( -2.321929345638952924, 7.390121892295790751, -4.917546246630386975 ) ) ;
#414 = DIRECTION ( 'NONE',  ( 0.6427876096865392519, 0.000000000000000000, -0.7660444431189781245 ) ) ;
#415 = CARTESIAN_POINT ( 'NONE',  ( -4.060513673272030388, 14.36172565137290213, 2.921688931504061504 ) ) ;
#416 = CARTESIAN_POINT ( 'NONE',  ( -3.468402748051885531, 0.000000000000000000, 3.355619522128589605 ) ) ;
#417 = DIRECTION ( 'NONE',  ( 0.000000000000000000, 0.000000000000000000, -1.000000000000000000 ) ) ;
#418 = CARTESIAN_POINT ( 'NONE',  ( 3.121785034373409040, 6.793769985310306403, 4.498260443446899792 ) ) ;
#419 = ORIENTED_EDGE ( 'NONE', *, *, #503, .F. ) ;
#420 = ORIENTED_EDGE ( 'NONE', *, *, #1006, .T. ) ;
#421 = EDGE_CURVE ( 'NONE', #2281, #1655, #2431, .T. ) ;
#422 = CIRCLE ( 'NONE', #41, 0.5000000000000004441 ) ;
#423 = CARTESIAN_POINT ( 'NONE',  ( 2.750196514710664175, 16.00000000000000000, -4.055418490177473245 ) ) ;
#424 = CIRCLE ( 'NONE', #862, 0.5000000000000004441 ) ;
#425 = EDGE_CURVE ( 'NONE', #1016, #2300, #385, .T. ) ;
#426 = DIRECTION ( 'NONE',  ( -0.08083542493543155461, -0.9956342260592880855, -0.04667035434652924003 ) ) ;
#427 = CARTESIAN_POINT ( 'NONE',  ( 5.881506628634618039, 0.000000000000000000, 7.509306654537309278 ) ) ;
#428 = DIRECTION ( 'NONE',  ( -0.6427876096865392519, -0.000000000000000000, -0.7660444431189780135 ) ) ;
#429 = VECTOR ( 'NONE', #1373, 1000.000000000000000 ) ;
#430 = CARTESIAN_POINT ( 'NONE',  ( 3.468402748057662244, 0.000000000000000000, 3.355619522126486398 ) ) ;
#431 = DIRECTION ( 'NONE',  ( 0.000000000000000000, 0.000000000000000000, -1.000000000000000000 ) ) ;
#432 = ORIENTED_EDGE ( 'NONE', *, *, #826, .T. ) ;
#433 = ORIENTED_EDGE ( 'NONE', *, *, #704, .F. ) ;
#434 = VERTEX_POINT ( 'NONE', #716 ) ;
#435 = DIRECTION ( 'NONE',  ( 0.3420201433256687129, 0.000000000000000000, -0.9396926207859084279 ) ) ;
#436 = CARTESIAN_POINT ( 'NONE',  ( 0.000000000000000000, -6.519257497579211703E-16, -7.068193141867794065E-32 ) ) ;
#437 = DIRECTION ( 'NONE',  ( -0.3420201433256687129, 0.000000000000000000, 0.9396926207859084279 ) ) ;
#438 = DIRECTION ( 'NONE',  ( -0.000000000000000000, -1.000000000000000000, -1.084202172485504434E-16 ) ) ;
#439 = CARTESIAN_POINT ( 'NONE',  ( 3.271507984906495259E-12, 16.00000000000000000, 9.149999999999673506 ) ) ;
#440 = CARTESIAN_POINT ( 'NONE',  ( 0.5000000000000003331, 0.000000000000000000, -9.149999999999998579 ) ) ;
#441 = CARTESIAN_POINT ( 'NONE',  ( -3.906921938164347186, 16.00000000000000000, -2.833012701890884610 ) ) ;
#442 = CARTESIAN_POINT ( 'NONE',  ( -1.540813288567525863, 0.000000000000000000, 5.695251918025552307 ) ) ;
#443 = ADVANCED_FACE ( 'NONE', ( #2078 ), #1479, .F. ) ;
#444 = ORIENTED_EDGE ( 'NONE', *, *, #2384, .F. ) ;
#445 = CARTESIAN_POINT ( 'NONE',  ( -7.924132444625017868, 0.000000000000000000, 4.575000000001176126 ) ) ;
#446 = CIRCLE ( 'NONE', #1410, 0.4999999999999995559 ) ;
#447 = DIRECTION ( 'NONE',  ( -0.000000000000000000, 1.000000000000000000, -0.000000000000000000 ) ) ;
#448 = ORIENTED_EDGE ( 'NONE', *, *, #1352, .F. ) ;
#449 = LOCAL_TIME ( 13, 29, 10.00000000000000000, #253 ) ;
#450 = PERSON_AND_ORGANIZATION ( #285, #1538 ) ;
#451 = CARTESIAN_POINT ( 'NONE',  ( -0.4999999999967290609, 0.000000000000000000, 4.799999999999674749 ) ) ;
#452 = CARTESIAN_POINT ( 'NONE',  ( -2.242576351698498449, 11.08517096144873904, -4.699525687612871039 ) ) ;
#453 = FACE_OUTER_BOUND ( 'NONE', #2044, .T. ) ;
#454 = CARTESIAN_POINT ( 'NONE',  ( 1.540813288570395789, 0.000000000000000000, -5.695251918024776039 ) ) ;
#455 = DIRECTION ( 'NONE',  ( 0.000000000000000000, 0.04682358629858626720, -0.9989031743698379984 ) ) ;
#456 = CARTESIAN_POINT ( 'NONE',  ( -1.443634191788374599, 4.529182676857267609, -5.428254543972586887 ) ) ;
#457 = EDGE_LOOP ( 'NONE', ( #1318, #1829, #420, #47 ) ) ;
#458 = EDGE_LOOP ( 'NONE', ( #774, #1224, #685, #2518 ) ) ;
#459 = CIRCLE ( 'NONE', #297, 0.5000000000000004441 ) ;
#460 = EDGE_CURVE ( 'NONE', #895, #117, #1704, .T. ) ;
#461 = DIRECTION ( 'NONE',  ( -0.8660254037844385966, -0.000000000000000000, 0.5000000000000000000 ) ) ;
#462 = ORIENTED_EDGE ( 'NONE', *, *, #888, .F. ) ;
#463 = CALENDAR_DATE ( 2026, 6, 7 ) ;
#464 = DIRECTION ( 'NONE',  ( -0.000000000000000000, 1.000000000000000000, -0.000000000000000000 ) ) ;
#465 = CIRCLE ( 'NONE', #37, 4.900000000000002132 ) ;
#466 = CARTESIAN_POINT ( 'NONE',  ( -2.702358304932907185, 0.000000000000000000, 3.998407131815128857 ) ) ;
#467 = AXIS2_PLACEMENT_3D ( 'NONE', #36, #643, #163 ) ;
#468 = CARTESIAN_POINT ( 'NONE',  ( 4.406921938165981878, 16.00000000000000000, -1.966987298109277971 ) ) ;
#469 = VECTOR ( 'NONE', #2248, 1000.000000000000000 ) ;
#470 = ORIENTED_EDGE ( 'NONE', *, *, #2477, .T. ) ;
#471 = ORIENTED_EDGE ( 'NONE', *, *, #1731, .F. ) ;
#472 = ADVANCED_FACE ( 'NONE', ( #1582 ), #1195, .F. ) ;
#473 = ORIENTED_EDGE ( 'NONE', *, *, #1931, .F. ) ;
#474 = CARTESIAN_POINT ( 'NONE',  ( -8.612460220655809541E-15, 16.00000000000000000, -5.167476132393485251E-15 ) ) ;
#475 = ORIENTED_EDGE ( 'NONE', *, *, #888, .T. ) ;
#476 = EDGE_CURVE ( 'NONE', #1945, #1390, #608, .T. ) ;
#477 = DIRECTION ( 'NONE',  ( -1.000000000000000000, 0.000000000000000000, 1.495451272393799542E-16 ) ) ;
#478 = DIRECTION ( 'NONE',  ( 1.000000000000000000, -0.000000000000000000, -0.000000000000000000 ) ) ;
#479 = DIRECTION ( 'NONE',  ( 0.000000000000000000, 0.000000000000000000, -1.000000000000000000 ) ) ;
#480 = DIRECTION ( 'NONE',  ( 0.000000000000000000, 0.000000000000000000, -1.000000000000000000 ) ) ;
#481 = ORIENTED_EDGE ( 'NONE', *, *, #175, .F. ) ;
#482 = ORIENTED_EDGE ( 'NONE', *, *, #236, .F. ) ;
#483 = ORIENTED_EDGE ( 'NONE', *, *, #1118, .F. ) ;
#484 = PLANE ( 'NONE',  #2251 ) ;
#485 = ORIENTED_EDGE ( 'NONE', *, *, #687, .T. ) ;
#486 = EDGE_CURVE ( 'NONE', #2244, #650, #1553, .T. ) ;
#487 = CARTESIAN_POINT ( 'NONE',  ( 7.924132444628288141, 0.000000000000000000, -4.575000000001496758 ) ) ;
#488 = CARTESIAN_POINT ( 'NONE',  ( -7.674132444625017868, 0.000000000000000000, 5.008012701893394869 ) ) ;
#489 = CARTESIAN_POINT ( 'NONE',  ( -5.881506628628841327, 0.000000000000000000, 7.009306654539414261 ) ) ;
#490 = CARTESIAN_POINT ( 'NONE',  ( 4.138345986084054573, 12.93126332337866558, 2.966625438252066704 ) ) ;
#491 = ORIENTED_EDGE ( 'NONE', *, *, #2070, .F. ) ;
#492 = ORIENTED_EDGE ( 'NONE', *, *, #1098, .T. ) ;
#493 = VERTEX_POINT ( 'NONE', #24 ) ;
#494 = ORIENTED_EDGE ( 'NONE', *, *, #2446, .T. ) ;
#495 = B_SPLINE_CURVE_WITH_KNOTS ( 'NONE', 3,
 ( #1780, #2523, #1794, #1811 ),
 .UNSPECIFIED., .F., .F.,
 ( 4, 4 ),
 ( 0.01606967633298335071, 0.03210116805430866110 ),
 .UNSPECIFIED. ) ;
#496 = CARTESIAN_POINT ( 'NONE',  ( -0.4999999999967284503, 0.000000000000000000, 9.149999999999673506 ) ) ;
#497 = AXIS2_PLACEMENT_3D ( 'NONE', #1973, #2373, #645 ) ;
#498 = DIRECTION ( 'NONE',  ( -0.7660444431189779024, 0.000000000000000000, 0.6427876096865394739 ) ) ;
#499 = ORIENTED_EDGE ( 'NONE', *, *, #2191, .F. ) ;
#500 = CIRCLE ( 'NONE', #2319, 11.00000000000000000 ) ;
#501 = APPROVAL_ROLE ( '' ) ;
#502 = CARTESIAN_POINT ( 'NONE',  ( -7.924132444625017868, 0.000000000000000000, 5.075000000001176126 ) ) ;
#503 = EDGE_CURVE ( 'NONE', #2453, #1887, #1269, .T. ) ;
#504 = CARTESIAN_POINT ( 'NONE',  ( 5.881506628634618039, 0.000000000000000000, 7.009306654537308390 ) ) ;
#505 = ADVANCED_FACE ( 'NONE', ( #213 ), #2170, .F. ) ;
#506 = LINE ( 'NONE', #1272, #1106 ) ;
#507 = CARTESIAN_POINT ( 'NONE',  ( 0.5000000000000003331, 0.000000000000000000, -9.149999999999998579 ) ) ;
#508 = ORIENTED_EDGE ( 'NONE', *, *, #1468, .F. ) ;
#509 = AXIS2_PLACEMENT_3D ( 'NONE', #1484, #309, #2411 ) ;
#510 = ORIENTED_EDGE ( 'NONE', *, *, #521, .F. ) ;
#511 = ORIENTED_EDGE ( 'NONE', *, *, #601, .F. ) ;
#512 = VECTOR ( 'NONE', #857, 1000.000000000000000 ) ;
#513 = CARTESIAN_POINT ( 'NONE',  ( 4.161826197678326622, 0.000000000000000000, 4.182009409400984090 ) ) ;
#514 = CARTESIAN_POINT ( 'NONE',  ( -6.264528850190838938, 16.00000000000000000, -6.687912849694361839 ) ) ;
#515 = ORIENTED_EDGE ( 'NONE', *, *, #394, .F. ) ;
#516 = VECTOR ( 'NONE', #2361, 1000.000000000000227 ) ;
#517 = CYLINDRICAL_SURFACE ( 'NONE', #1055, 0.5000000000000004441 ) ;
#518 = DIRECTION ( 'NONE',  ( -0.000000000000000000, 1.000000000000000000, -0.000000000000000000 ) ) ;
#519 = DIRECTION ( 'NONE',  ( 0.8660254037844388186, 0.000000000000000000, 0.4999999999999996114 ) ) ;
#520 = CARTESIAN_POINT ( 'NONE',  ( 0.000000000000000000, -6.519257497579211703E-16, -7.068193141867794065E-32 ) ) ;
#521 = EDGE_CURVE ( 'NONE', #1377, #267, #224, .T. ) ;
#522 = ORIENTED_EDGE ( 'NONE', *, *, #72, .T. ) ;
#523 = VERTEX_POINT ( 'NONE', #1401 ) ;
#524 = VERTEX_POINT ( 'NONE', #2156 ) ;
#525 = CARTESIAN_POINT ( 'NONE',  ( -0.4999999999967289499, -1.289303853903506970E-15, 5.878775382679907402 ) ) ;
#526 = EDGE_CURVE ( 'NONE', #536, #725, #1840, .T. ) ;
#527 = FACE_OUTER_BOUND ( 'NONE', #2376, .T. ) ;
#528 = VERTEX_POINT ( 'NONE', #621 ) ;
#529 = VECTOR ( 'NONE', #8, 1000.000000000000114 ) ;
#530 = PERSON_AND_ORGANIZATION ( #285, #1538 ) ;
#531 = DIRECTION ( 'NONE',  ( 0.000000000000000000, 0.000000000000000000, 1.000000000000000000 ) ) ;
#532 = LINE ( 'NONE', #338, #2065 ) ;
#533 = CARTESIAN_POINT ( 'NONE',  ( 0.000000000000000000, -6.519257497579211703E-16, -7.068193141867794065E-32 ) ) ;
#534 = PLANE ( 'NONE',  #10 ) ;
#535 = ORIENTED_EDGE ( 'NONE', *, *, #2299, .T. ) ;
#536 = VERTEX_POINT ( 'NONE', #2363 ) ;
#537 = ORIENTED_EDGE ( 'NONE', *, *, #2511, .F. ) ;
#538 = EDGE_CURVE ( 'NONE', #26, #2429, #562, .T. ) ;
#539 = CARTESIAN_POINT ( 'NONE',  ( 5.881506628632112488, 0.000000000000000000, -7.009306654539738446 ) ) ;
#540 = CARTESIAN_POINT ( 'NONE',  ( -2.750196514708755036, 16.00000000000000000, 4.055418490178770874 ) ) ;
#541 = ORIENTED_EDGE ( 'NONE', *, *, #2325, .F. ) ;
#542 = EDGE_CURVE ( 'NONE', #600, #846, #1244, .T. ) ;
#543 = FACE_OUTER_BOUND ( 'NONE', #342, .T. ) ;
#544 = EDGE_LOOP ( 'NONE', ( #2068, #660, #130, #1585 ) ) ;
#545 = CARTESIAN_POINT ( 'NONE',  ( 10.50892477849184026, 0.000000000000000000, 3.249999999999997780 ) ) ;
#546 = DIRECTION ( 'NONE',  ( -0.000000000000000000, 1.000000000000000000, -0.000000000000000000 ) ) ;
#547 = DIRECTION ( 'NONE',  ( 0.000000000000000000, 0.000000000000000000, -1.000000000000000000 ) ) ;
#548 = DIRECTION ( 'NONE',  ( 0.000000000000000000, 0.000000000000000000, -1.000000000000000000 ) ) ;
#549 = DIRECTION ( 'NONE',  ( -0.000000000000000000, 1.000000000000000000, -0.000000000000000000 ) ) ;
#550 = AXIS2_PLACEMENT_3D ( 'NONE', #1413, #237, #431 ) ;
#551 = APPROVAL ( #2202, 'UNSPECIFIED' ) ;
#552 = CARTESIAN_POINT ( 'NONE',  ( -0.4999999999999996669, 0.000000000000000000, -5.878775382679627626 ) ) ;
#553 = ORIENTED_EDGE ( 'NONE', *, *, #1084, .F. ) ;
#554 = AXIS2_PLACEMENT_3D ( 'NONE', #539, #1462, #2247 ) ;
#555 = CARTESIAN_POINT ( 'NONE',  ( 3.129484311432986221, 0.000000000000000000, 8.598187480190185639 ) ) ;
#556 = EDGE_CURVE ( 'NONE', #1666, #597, #2207, .T. ) ;
#557 = ORIENTED_EDGE ( 'NONE', *, *, #2076, .F. ) ;
#558 = DIRECTION ( 'NONE',  ( 0.000000000000000000, 0.000000000000000000, -1.000000000000000000 ) ) ;
#559 = VERTEX_POINT ( 'NONE', #1764 ) ;
#560 = LINE ( 'NONE', #571, #981 ) ;
#561 = CARTESIAN_POINT ( 'NONE',  ( 1.171850377573372848, 0.000000000000000000, 4.681534651434320793 ) ) ;
#562 = B_SPLINE_CURVE_WITH_KNOTS ( 'NONE', 3,
 ( #1606, #1221, #262, #1004, #456, #1785, #1557 ),
 .UNSPECIFIED., .F., .F.,
 ( 4, 3, 4 ),
 ( 2.003943462289664775E-07, 0.009224562600314380190, 0.01603169201905866453 ),
 .UNSPECIFIED. ) ;
#563 = ORIENTED_EDGE ( 'NONE', *, *, #2164, .T. ) ;
#564 = CARTESIAN_POINT ( 'NONE',  ( -4.841168824541814963, 0.000000000000000000, 3.372400393233939919 ) ) ;
#565 = ORIENTED_EDGE ( 'NONE', *, *, #2384, .T. ) ;
#566 = CONICAL_SURFACE ( 'NONE', #272, 5.900000000000000355, 0.06241880999595723900 ) ;
#567 = CIRCLE ( 'NONE', #2106, 0.5000000000000004441 ) ;
#568 = ORIENTED_EDGE ( 'NONE', *, *, #2521, .T. ) ;
#569 = CARTESIAN_POINT ( 'NONE',  ( -3.468402748054391527, 16.00000000000000000, -3.355619522126810139 ) ) ;
#570 = EDGE_CURVE ( 'NONE', #524, #1480, #1760, .T. ) ;
#571 = CARTESIAN_POINT ( 'NONE',  ( 0.5000000000000003331, 16.00000000000000000, -4.799999999999999822 ) ) ;
#572 = VECTOR ( 'NONE', #970, 1000.000000000000000 ) ;
#573 = FACE_OUTER_BOUND ( 'NONE', #544, .T. ) ;
#574 = ORIENTED_EDGE ( 'NONE', *, *, #1848, .F. ) ;
#575 = ORIENTED_EDGE ( 'NONE', *, *, #691, .F. ) ;
#576 = DIRECTION ( 'NONE',  ( -0.000000000000000000, -1.000000000000000000, -1.084202172485504434E-16 ) ) ;
#577 = CARTESIAN_POINT ( 'NONE',  ( -5.881506628628841327, 0.000000000000000000, 7.009306654539414261 ) ) ;
#578 = EDGE_LOOP ( 'NONE', ( #1303, #169, #541, #778, #1610, #1281, #185, #288, #711, #2015, #393, #2364, #1278, #380, #1896, #511, #1901, #1005, #575, #2450, #574, #433, #384, #104, #1387, #553, #491, #945, #1532, #2249, #2100, #1709, #1140, #1929, #483, #537, #1867 ) ) ;
#579 = ORIENTED_EDGE ( 'NONE', *, *, #2404, .F. ) ;
#580 = FACE_OUTER_BOUND ( 'NONE', #1019, .T. ) ;
#581 = DIRECTION ( 'NONE',  ( 0.5000000000000003331, 0.000000000000000000, 0.8660254037844384856 ) ) ;
#582 = EDGE_CURVE ( 'NONE', #1682, #2449, #2481, .T. ) ;
#583 = AXIS2_PLACEMENT_3D ( 'NONE', #2096, #2118, #375 ) ;
#584 = DIRECTION ( 'NONE',  ( 0.000000000000000000, 0.000000000000000000, -1.000000000000000000 ) ) ;
#585 = FACE_OUTER_BOUND ( 'NONE', #1816, .T. ) ;
#586 = VERTEX_POINT ( 'NONE', #1991 ) ;
#587 = ORIENTED_EDGE ( 'NONE', *, *, #582, .T. ) ;
#588 = CARTESIAN_POINT ( 'NONE',  ( -7.924132444625017868, 0.000000000000000000, 5.075000000001176126 ) ) ;
#589 = ORIENTED_EDGE ( 'NONE', *, *, #1628, .T. ) ;
#590 = CIRCLE ( 'NONE', #1349, 4.900000000000002132 ) ;
#591 = AXIS2_PLACEMENT_3D ( 'NONE', #736, #1907, #1096 ) ;
#592 = CARTESIAN_POINT ( 'NONE',  ( 10.65325117016443102, 10.61671376665268163, 2.752341542188154300 ) ) ;
#593 = DIRECTION ( 'NONE',  ( -0.8660254037844382635, 0.000000000000000000, 0.5000000000000004441 ) ) ;
#594 = CARTESIAN_POINT ( 'NONE',  ( -2.172201111877758439, 14.36172565137290036, -4.506171305316684972 ) ) ;
#595 = CARTESIAN_POINT ( 'NONE',  ( 0.5000000000032710501, 0.000000000000000000, 5.878775382679350514 ) ) ;
#596 = CARTESIAN_POINT ( 'NONE',  ( -3.599330621822671272, 16.00000000000000000, -8.427177408527674274 ) ) ;
#597 = VERTEX_POINT ( 'NONE', #247 ) ;
#598 = CARTESIAN_POINT ( 'NONE',  ( 1.395022678896909785, 6.793769985310306403, 5.294695509968461167 ) ) ;
#599 = DIRECTION ( 'NONE',  ( -0.000000000000000000, -1.000000000000000000, -1.084202172485504434E-16 ) ) ;
#600 = VERTEX_POINT ( 'NONE', #1015 ) ;
#601 = EDGE_CURVE ( 'NONE', #1836, #1117, #422, .T. ) ;
#602 = DIRECTION ( 'NONE',  ( 0.000000000000000000, 0.000000000000000000, -1.000000000000000000 ) ) ;
#603 = CARTESIAN_POINT ( 'NONE',  ( 2.659638001036957800, 0.000000000000000000, -8.769197551854464479 ) ) ;
#604 = DIRECTION ( 'NONE',  ( -0.000000000000000000, -1.000000000000000000, -1.084202172485504434E-16 ) ) ;
#605 = CARTESIAN_POINT ( 'NONE',  ( 3.468402748057662244, 16.00000000000000000, 3.355619522126486398 ) ) ;
#606 = VECTOR ( 'NONE', #1746, 999.9999999999998863 ) ;
#607 = DIRECTION ( 'NONE',  ( -0.000000000000000000, 1.000000000000000000, -0.000000000000000000 ) ) ;
#608 = LINE ( 'NONE', #1775, #2478 ) ;
#609 = ORIENTED_EDGE ( 'NONE', *, *, #1135, .T. ) ;
#610 = EDGE_CURVE ( 'NONE', #2300, #1451, #749, .T. ) ;
#611 = EDGE_LOOP ( 'NONE', ( #1687, #734, #481, #2400 ) ) ;
#612 = EDGE_CURVE ( 'NONE', #2406, #849, #1673, .T. ) ;
#613 = CARTESIAN_POINT ( 'NONE',  ( -2.997983140163431148, 9.862519275789500384, -4.350719091256411986 ) ) ;
#614 = FACE_OUTER_BOUND ( 'NONE', #2200, .T. ) ;
#615 = CONICAL_SURFACE ( 'NONE', #210, 5.900000000000000355, 0.06241880999595723900 ) ;
#616 = CARTESIAN_POINT ( 'NONE',  ( -4.406921938164347630, 16.00000000000000000, -1.966987298106446014 ) ) ;
#617 = CARTESIAN_POINT ( 'NONE',  ( -2.659638001033686638, 16.00000000000000000, 8.769197551854139405 ) ) ;
#618 = VECTOR ( 'NONE', #887, 1000.000000000000000 ) ;
#619 = CARTESIAN_POINT ( 'NONE',  ( -3.129484311426640630, 0.000000000000000000, 8.598187480191304743 ) ) ;
#620 = CARTESIAN_POINT ( 'NONE',  ( 6.629165124604038617, 0.000000000000000000, 3.249999999999997780 ) ) ;
#621 = CARTESIAN_POINT ( 'NONE',  ( 5.498484407072623981, 16.00000000000000000, -7.330700459383008294 ) ) ;
#622 = VERTEX_POINT ( 'NONE', #2066 ) ;
#623 = ORIENTED_EDGE ( 'NONE', *, *, #2271, .F. ) ;
#624 = EDGE_CURVE ( 'NONE', #26, #1390, #590, .T. ) ;
#625 = CALENDAR_DATE ( 2026, 6, 7 ) ;
#626 = CIRCLE ( 'NONE', #1351, 0.5000000000000038858 ) ;
#627 = VECTOR ( 'NONE', #968, 1000.000000000000114 ) ;
#628 = CARTESIAN_POINT ( 'NONE',  ( 2.242576351701383253, 11.08517096144873726, 4.699525687611496139 ) ) ;
#629 = CARTESIAN_POINT ( 'NONE',  ( -2.480505909356496730, 0.000000000000000000, -5.353231774699046319 ) ) ;
#630 = PLANE ( 'NONE',  #699 ) ;
#631 = VECTOR ( 'NONE', #180, 1000.000000000000000 ) ;
#632 = ORIENTED_EDGE ( 'NONE', *, *, #1454, .F. ) ;
#633 = CARTESIAN_POINT ( 'NONE',  ( 0.000000000000000000, -6.519257497579211703E-16, -7.068193141867794065E-32 ) ) ;
#634 = DIRECTION ( 'NONE',  ( 0.000000000000000000, 0.000000000000000000, -1.000000000000000000 ) ) ;
#635 = CARTESIAN_POINT ( 'NONE',  ( -2.659638001036766841, 16.00000000000000000, -8.769197551853341821 ) ) ;
#636 = CARTESIAN_POINT ( 'NONE',  ( -1.232508491088772917, 14.36172565137290036, 4.848191448643148327 ) ) ;
#637 = EDGE_LOOP ( 'NONE', ( #1134, #1752, #144, #1856 ) ) ;
#638 = ORIENTED_EDGE ( 'NONE', *, *, #2161, .F. ) ;
#639 = PLANE ( 'NONE',  #847 ) ;
#640 = CARTESIAN_POINT ( 'NONE',  ( 2.480505909359392636, 0.000000000000000000, 5.353231774697704282 ) ) ;
#641 = ADVANCED_FACE ( 'NONE', ( #294 ), #789, .F. ) ;
#642 = VECTOR ( 'NONE', #781, 1000.000000000000114 ) ;
#643 = DIRECTION ( 'NONE',  ( -0.000000000000000000, -1.000000000000000000, -1.084202172485504434E-16 ) ) ;
#644 = LINE ( 'NONE', #1972, #1572 ) ;
#645 = DIRECTION ( 'NONE',  ( 0.6427876096865392519, 0.000000000000000000, -0.7660444431189781245 ) ) ;
#646 = EDGE_CURVE ( 'NONE', #2126, #1505, #824, .T. ) ;
#647 = VECTOR ( 'NONE', #82, 999.9999999999998863 ) ;
#648 = CARTESIAN_POINT ( 'NONE',  ( -4.070519482110027454, 2.264592486230100121, 4.073194303103471192 ) ) ;
#649 = CARTESIAN_POINT ( 'NONE',  ( 7.924132444629926830, 0.000000000000000000, 5.074999999998337508 ) ) ;
#650 = VERTEX_POINT ( 'NONE', #853 ) ;
#651 = EDGE_LOOP ( 'NONE', ( #954, #909, #2389, #587 ) ) ;
#652 = CARTESIAN_POINT ( 'NONE',  ( 4.640445540177586814, 3.695063964633718445, -3.256512750972060832 ) ) ;
#653 = ORIENTED_EDGE ( 'NONE', *, *, #283, .F. ) ;
#654 = LOCAL_TIME ( 13, 29, 10.00000000000000000, #1876 ) ;
#655 =( NAMED_UNIT ( * ) PLANE_ANGLE_UNIT ( ) SI_UNIT ( $, .RADIAN. ) );
#656 = DIRECTION ( 'NONE',  ( 1.000000000000000000, -0.000000000000000000, -0.000000000000000000 ) ) ;
#657 = PLANE ( 'NONE',  #1404 ) ;
#658 = CARTESIAN_POINT ( 'NONE',  ( -2.659638001033686638, 0.000000000000000000, 8.769197551854139405 ) ) ;
#659 = EDGE_CURVE ( 'NONE', #528, #2122, #2435, .T. ) ;
#660 = ORIENTED_EDGE ( 'NONE', *, *, #1536, .F. ) ;
#661 = AXIS2_PLACEMENT_3D ( 'NONE', #1940, #2326, #999 ) ;
#662 = VERTEX_POINT ( 'NONE', #1472 ) ;
#663 = ORIENTED_EDGE ( 'NONE', *, *, #526, .F. ) ;
#664 = EDGE_CURVE ( 'NONE', #2183, #358, #1640, .T. ) ;
#665 = CARTESIAN_POINT ( 'NONE',  ( 4.060513673272824420, 14.36172565137290213, -2.921688931502954389 ) ) ;
#666 = APPROVAL_DATE_TIME ( #2010, #551 ) ;
#667 = CARTESIAN_POINT ( 'NONE',  ( 7.924132444629926830, 16.00000000000000000, 5.074999999998337508 ) ) ;
#668 = CIRCLE ( 'NONE', #2288, 0.5000000000000004441 ) ;
#669 = CARTESIAN_POINT ( 'NONE',  ( -8.174132444626653893, 0.000000000000000000, -4.141987298106446502 ) ) ;
#670 = CARTESIAN_POINT ( 'NONE',  ( -6.264528850188331610, 16.00000000000000000, 6.687912849696144413 ) ) ;
#671 = CARTESIAN_POINT ( 'NONE',  ( -2.659638001033686638, 0.000000000000000000, 8.769197551854139405 ) ) ;
#672 = AXIS2_PLACEMENT_3D ( 'NONE', #688, #498, #1176 ) ;
#673 = ORIENTED_EDGE ( 'NONE', *, *, #1361, .F. ) ;
#674 = ORIENTED_EDGE ( 'NONE', *, *, #1803, .T. ) ;
#675 = EDGE_CURVE ( 'NONE', #1198, #2122, #465, .T. ) ;
#676 = CARTESIAN_POINT ( 'NONE',  ( 1.171850377573372848, 0.000000000000000000, 4.681534651434320793 ) ) ;
#677 = ORIENTED_EDGE ( 'NONE', *, *, #2256, .T. ) ;
#678 = PERSON_AND_ORGANIZATION_ROLE ( 'design_supplier' ) ;
#679 = CARTESIAN_POINT ( 'NONE',  ( -5.498484407069352820, 0.000000000000000000, 7.330700459382684109 ) ) ;
#680 = LINE ( 'NONE', #1282, #726 ) ;
#681 = DIRECTION ( 'NONE',  ( -9.969675149291996949E-17, -0.000000000000000000, -1.000000000000000000 ) ) ;
#682 = FACE_OUTER_BOUND ( 'NONE', #1047, .T. ) ;
#683 = ORIENTED_EDGE ( 'NONE', *, *, #2386, .F. ) ;
#684 = VERTEX_POINT ( 'NONE', #273 ) ;
#685 = ORIENTED_EDGE ( 'NONE', *, *, #398, .F. ) ;
#686 = DIRECTION ( 'NONE',  ( 1.000000000000000000, -0.000000000000000000, -0.000000000000000000 ) ) ;
#687 = EDGE_CURVE ( 'NONE', #622, #493, #2092, .T. ) ;
#688 = CARTESIAN_POINT ( 'NONE',  ( 2.702358304938683897, 0.000000000000000000, 3.998407131813026538 ) ) ;
#689 = ORIENTED_EDGE ( 'NONE', *, *, #1452, .T. ) ;
#690 = PERSON_AND_ORGANIZATION ( #285, #1538 ) ;
#691 = EDGE_CURVE ( 'NONE', #1495, #2020, #284, .T. ) ;
#692 = DIRECTION ( 'NONE',  ( 0.000000000000000000, 0.000000000000000000, 1.000000000000000000 ) ) ;
#693 = CARTESIAN_POINT ( 'NONE',  ( 0.000000000000000000, 16.00000000000000000, 1.734723475976807094E-15 ) ) ;
#694 = DIRECTION ( 'NONE',  ( 0.3420201433256687129, 0.000000000000000000, -0.9396926207859084279 ) ) ;
#695 = ORIENTED_EDGE ( 'NONE', *, *, #1875, .T. ) ;
#696 = ORIENTED_EDGE ( 'NONE', *, *, #794, .F. ) ;
#697 = ORIENTED_EDGE ( 'NONE', *, *, #2420, .F. ) ;
#698 = LINE ( 'NONE', #723, #1230 ) ;
#699 = AXIS2_PLACEMENT_3D ( 'NONE', #1591, #232, #2192 ) ;
#700 = DIRECTION ( 'NONE',  ( 0.000000000000000000, 0.000000000000000000, -1.000000000000000000 ) ) ;
#701 = ORIENTED_EDGE ( 'NONE', *, *, #1145, .T. ) ;
#702 = VECTOR ( 'NONE', #656, 1000.000000000000000 ) ;
#703 = DIRECTION ( 'NONE',  ( 0.8660254037844383745, -0.000000000000000000, -0.5000000000000003331 ) ) ;
#704 = EDGE_CURVE ( 'NONE', #586, #1936, #97, .T. ) ;
#705 = CARTESIAN_POINT ( 'NONE',  ( -10.58548369293663960, 5.281161012665007704, -3.002445577531329679 ) ) ;
#706 = CONICAL_SURFACE ( 'NONE', #2129, 5.900000000000000355, 0.06241880999595723900 ) ;
#707 = DIRECTION ( 'NONE',  ( 0.000000000000000000, 0.000000000000000000, -1.000000000000000000 ) ) ;
#708 = CARTESIAN_POINT ( 'NONE',  ( 6.264528850194108323, 16.00000000000000000, 6.687912849694037654 ) ) ;
#709 = VERTEX_POINT ( 'NONE', #1039 ) ;
#710 = AXIS2_PLACEMENT_3D ( 'NONE', #1592, #1193, #1976 ) ;
#711 = ORIENTED_EDGE ( 'NONE', *, *, #116, .F. ) ;
#712 = CARTESIAN_POINT ( 'NONE',  ( 4.841168824542593008, 0.000000000000000000, -3.372400393232822591 ) ) ;
#713 = DIRECTION ( 'NONE',  ( -0.6427876096865392519, 0.000000000000000000, 0.7660444431189781245 ) ) ;
#714 = ORIENTED_EDGE ( 'NONE', *, *, #1787, .T. ) ;
#715 = VECTOR ( 'NONE', #955, 1000.000000000000114 ) ;
#716 = CARTESIAN_POINT ( 'NONE',  ( -6.629165124594214475, 9.486769009248163798E-17, 3.249999999999997780 ) ) ;
#717 = CARTESIAN_POINT ( 'NONE',  ( -10.50892477849185802, 7.960204194457795477E-16, -3.250000000000002220 ) ) ;
#718 = EDGE_CURVE ( 'NONE', #2453, #2016, #123, .T. ) ;
#719 = CARTESIAN_POINT ( 'NONE',  ( 3.516240957832144076, 16.00000000000000000, 3.412630880488501273 ) ) ;
#720 = VERTEX_POINT ( 'NONE', #902 ) ;
#721 = ADVANCED_FACE ( 'NONE', ( #1679 ), #1652, .F. ) ;
#722 = VERTEX_POINT ( 'NONE', #670 ) ;
#723 = CARTESIAN_POINT ( 'NONE',  ( 1.171850377570298640, 16.00000000000000000, -4.681534651435764083 ) ) ;
#724 = CARTESIAN_POINT ( 'NONE',  ( -2.948620455358763603, 11.08517096144873904, 4.291890934305119032 ) ) ;
#725 = VERTEX_POINT ( 'NONE', #73 ) ;
#726 = VECTOR ( 'NONE', #478, 1000.000000000000000 ) ;
#727 = VECTOR ( 'NONE', #694, 1000.000000000000114 ) ;
#728 = DIRECTION ( 'NONE',  ( 0.000000000000000000, 1.000000000000000000, -0.000000000000000000 ) ) ;
#729 = DIRECTION ( 'NONE',  ( 0.000000000000000000, 0.000000000000000000, -1.000000000000000000 ) ) ;
#730 = LOCAL_TIME ( 13, 29, 10.00000000000000000, #1808 ) ;
#731 = CC_DESIGN_PERSON_AND_ORGANIZATION_ASSIGNMENT ( #2077, #678, ( #775 ) ) ;
#732 = DIRECTION ( 'NONE',  ( 0.000000000000000000, 1.000000000000000000, -0.000000000000000000 ) ) ;
#733 = ORIENTED_EDGE ( 'NONE', *, *, #2055, .F. ) ;
#734 = ORIENTED_EDGE ( 'NONE', *, *, #16, .F. ) ;
#735 = EDGE_CURVE ( 'NONE', #1656, #1505, #506, .T. ) ;
#736 = CARTESIAN_POINT ( 'NONE',  ( -8.612460220655809541E-15, 16.00000000000000000, -5.167476132393485251E-15 ) ) ;
#737 = LINE ( 'NONE', #158, #218 ) ;
#738 = ORIENTED_EDGE ( 'NONE', *, *, #1135, .F. ) ;
#739 = ADVANCED_FACE ( 'NONE', ( #1626 ), #2292, .F. ) ;
#740 = CARTESIAN_POINT ( 'NONE',  ( 3.648542807655618336, 12.72344918566115446, 3.570302085322486274 ) ) ;
#741 = AXIS2_PLACEMENT_3D ( 'NONE', #791, #581, #2510 ) ;
#742 = ORIENTED_EDGE ( 'NONE', *, *, #870, .T. ) ;
#743 = CARTESIAN_POINT ( 'NONE',  ( 10.71214264281426054, 16.00000000000000355, 2.500000000000000000 ) ) ;
#744 = CARTESIAN_POINT ( 'NONE',  ( -8.174132444626653893, 0.000000000000000000, -4.141987298106446502 ) ) ;
#745 = CARTESIAN_POINT ( 'NONE',  ( 3.516240957829706915, 16.00000000000000000, -3.412630880491011265 ) ) ;
#746 = ORIENTED_EDGE ( 'NONE', *, *, #1711, .F. ) ;
#747 = VERTEX_POINT ( 'NONE', #1300 ) ;
#748 = PLANE ( 'NONE',  #753 ) ;
#749 = CIRCLE ( 'NONE', #256, 0.5000000000000004441 ) ;
#750 = DIRECTION ( 'NONE',  ( -0.000000000000000000, 1.000000000000000000, -0.000000000000000000 ) ) ;
#751 = ORIENTED_EDGE ( 'NONE', *, *, #1150, .T. ) ;
#752 = CONICAL_SURFACE ( 'NONE', #388, 5.900000000000000355, 0.06241880999595723900 ) ;
#753 = AXIS2_PLACEMENT_3D ( 'NONE', #1516, #1362, #2308 ) ;
#754 = EDGE_CURVE ( 'NONE', #2198, #1669, #1313, .T. ) ;
#755 = ORIENTED_EDGE ( 'NONE', *, *, #1204, .T. ) ;
#756 = CARTESIAN_POINT ( 'NONE',  ( 3.906921938167617903, 0.000000000000000000, 2.833012701890559093 ) ) ;
#757 = CARTESIAN_POINT ( 'NONE',  ( 0.000000000000000000, -6.519257497579211703E-16, -7.068193141867794065E-32 ) ) ;
#758 = CARTESIAN_POINT ( 'NONE',  ( 0.5000000000032709391, 16.00000000000000000, 4.874423042781245385 ) ) ;
#759 = CARTESIAN_POINT ( 'NONE',  ( 0.000000000000000000, -6.519257497579211703E-16, -7.068193141867794065E-32 ) ) ;
#760 = ORIENTED_EDGE ( 'NONE', *, *, #2490, .T. ) ;
#761 = CARTESIAN_POINT ( 'NONE',  ( 1.540813288573673168, -1.269406199995294786E-15, 5.695251918023888749 ) ) ;
#762 = DIRECTION ( 'NONE',  ( 0.000000000000000000, 0.000000000000000000, -1.000000000000000000 ) ) ;
#763 = ORIENTED_EDGE ( 'NONE', *, *, #349, .F. ) ;
#764 = EDGE_CURVE ( 'NONE', #267, #709, #1509, .T. ) ;
#765 = AXIS2_PLACEMENT_3D ( 'NONE', #1037, #1615, #1825 ) ;
#766 = ORIENTED_EDGE ( 'NONE', *, *, #1974, .T. ) ;
#767 = EDGE_CURVE ( 'NONE', #89, #1669, #2071, .T. ) ;
#768 = CARTESIAN_POINT ( 'NONE',  ( 4.406921938167617903, 0.000000000000000000, 1.966987298106120052 ) ) ;
#769 = PLANE ( 'NONE',  #741 ) ;
#770 = DIRECTION ( 'NONE',  ( 0.000000000000000000, 0.000000000000000000, -1.000000000000000000 ) ) ;
#771 = EDGE_CURVE ( 'NONE', #2034, #155, #1904, .T. ) ;
#772 = CARTESIAN_POINT ( 'NONE',  ( 6.264528850191600995, 0.000000000000000000, -6.687912849696468598 ) ) ;
#773 = DIRECTION ( 'NONE',  ( 0.6427876096865392519, -0.000000000000000000, -0.7660444431189781245 ) ) ;
#774 = ORIENTED_EDGE ( 'NONE', *, *, #646, .T. ) ;
#775 = PRODUCT_DEFINITION_FORMATION_WITH_SPECIFIED_SOURCE ( 'ANY', '', #1924, .NOT_KNOWN. ) ;
#776 = ORIENTED_EDGE ( 'NONE', *, *, #864, .F. ) ;
#777 = LINE ( 'NONE', #588, #1844 ) ;
#778 = ORIENTED_EDGE ( 'NONE', *, *, #2521, .F. ) ;
#779 = LINE ( 'NONE', #2277, #1249 ) ;
#780 = DIRECTION ( 'NONE',  ( 0.000000000000000000, 0.000000000000000000, -1.000000000000000000 ) ) ;
#781 = DIRECTION ( 'NONE',  ( -0.3420201433256686019, 0.000000000000000000, 0.9396926207859084279 ) ) ;
#782 = CARTESIAN_POINT ( 'NONE',  ( -3.971374183839727845, 16.00000000000000000, 2.870224223284895793 ) ) ;
#783 = EDGE_LOOP ( 'NONE', ( #563, #1885, #299, #287 ) ) ;
#784 = ORIENTED_EDGE ( 'NONE', *, *, #394, .T. ) ;
#785 = EDGE_CURVE ( 'NONE', #2233, #2236, #668, .T. ) ;
#786 = FACE_OUTER_BOUND ( 'NONE', #1476, .T. ) ;
#787 = CARTESIAN_POINT ( 'NONE',  ( 4.012843916556315449, 3.695063964633718001, 4.004459240640946049 ) ) ;
#788 = ORIENTED_EDGE ( 'NONE', *, *, #2091, .F. ) ;
#789 = CONICAL_SURFACE ( 'NONE', #2048, 5.900000000000000355, 0.06241880999595723900 ) ;
#790 = VECTOR ( 'NONE', #1580, 1000.000000000000000 ) ;
#791 = CARTESIAN_POINT ( 'NONE',  ( 4.406921938165981878, 0.000000000000000000, -1.966987298109277971 ) ) ;
#792 = DIRECTION ( 'NONE',  ( 0.000000000000000000, 0.000000000000000000, -1.000000000000000000 ) ) ;
#793 = CARTESIAN_POINT ( 'NONE',  ( -2.111542998352936351, 16.00000000000000000, 4.339514508109770574 ) ) ;
#794 = EDGE_CURVE ( 'NONE', #2116, #895, #345, .T. ) ;
#795 = DIRECTION ( 'NONE',  ( 0.000000000000000000, 0.000000000000000000, -1.000000000000000000 ) ) ;
#796 = FACE_OUTER_BOUND ( 'NONE', #868, .T. ) ;
#797 = EDGE_CURVE ( 'NONE', #662, #117, #1962, .T. ) ;
#798 = CARTESIAN_POINT ( 'NONE',  ( 2.874127527797953885, 12.93126332337866558, 4.203113720252676266 ) ) ;
#799 = ORIENTED_EDGE ( 'NONE', *, *, #1989, .T. ) ;
#800 = EDGE_CURVE ( 'NONE', #1016, #722, #354, .T. ) ;
#801 = CARTESIAN_POINT ( 'NONE',  ( 0.000000000000000000, 0.000000000000000000, 0.000000000000000000 ) ) ;
#802 = CARTESIAN_POINT ( 'NONE',  ( 2.816358268269487652, 14.36172565137290569, -4.134266997673533339 ) ) ;
#803 = B_SPLINE_CURVE_WITH_KNOTS ( 'NONE', 3,
 ( #2067, #490, #1094, #1498, #2280, #124, #139 ),
 .UNSPECIFIED., .F., .F.,
 ( 4, 3, 4 ),
 ( 2.003943462289915973E-07, 0.009224562600314376720, 0.01603169201905866106 ),
 .UNSPECIFIED. ) ;
#804 = LINE ( 'NONE', #828, #258 ) ;
#805 = CARTESIAN_POINT ( 'NONE',  ( -3.599330621819594622, 0.000000000000000000, 8.427177408528470082 ) ) ;
#806 = PLANE ( 'NONE',  #1916 ) ;
#807 = CC_DESIGN_DATE_AND_TIME_ASSIGNMENT ( #1394, #2185, ( #2053 ) ) ;
#808 = CARTESIAN_POINT ( 'NONE',  ( -6.264528850190838938, 0.000000000000000000, -6.687912849694361839 ) ) ;
#809 = CARTESIAN_POINT ( 'NONE',  ( -1.461541472536124653, 3.695063964633718445, 5.477454393480115868 ) ) ;
#810 = ORIENTED_EDGE ( 'NONE', *, *, #1573, .T. ) ;
#811 = EDGE_CURVE ( 'NONE', #1710, #155, #626, .T. ) ;
#812 = VERTEX_POINT ( 'NONE', #1144 ) ;
#813 = EDGE_CURVE ( 'NONE', #2197, #1765, #1120, .T. ) ;
#814 = DIRECTION ( 'NONE',  ( 0.5000000000000001110, 0.000000000000000000, -0.8660254037844385966 ) ) ;
#815 = LINE ( 'NONE', #466, #1035 ) ;
#816 = CARTESIAN_POINT ( 'NONE',  ( 3.129484311432986221, 0.000000000000000000, 8.598187480190185639 ) ) ;
#817 = CARTESIAN_POINT ( 'NONE',  ( 0.000000000000000000, -6.519257497579211703E-16, -7.068193141867794065E-32 ) ) ;
#818 = CIRCLE ( 'NONE', #583, 0.4999999999999995559 ) ;
#819 = DIRECTION ( 'NONE',  ( -0.000000000000000000, -1.000000000000000000, -1.084202172485504434E-16 ) ) ;
#820 = CARTESIAN_POINT ( 'NONE',  ( 3.395781754559676457, -1.175031290747591301E-15, 4.824797019087913696 ) ) ;
#821 = ORIENTED_EDGE ( 'NONE', *, *, #1017, .F. ) ;
#822 = EDGE_CURVE ( 'NONE', #1995, #1945, #2094, .T. ) ;
#823 =( LENGTH_UNIT ( ) NAMED_UNIT ( * ) SI_UNIT ( .MILLI., .METRE. ) );
#824 = CIRCLE ( 'NONE', #509, 5.900000000000000355 ) ;
#825 = LINE ( 'NONE', #2369, #896 ) ;
#826 = EDGE_CURVE ( 'NONE', #1460, #1995, #560, .T. ) ;
#827 = VECTOR ( 'NONE', #1001, 1000.000000000000114 ) ;
#828 = CARTESIAN_POINT ( 'NONE',  ( -6.609803857729033005, 0.2384689629850561543, -3.238821767360076986 ) ) ;
#829 = PLANE ( 'NONE',  #1481 ) ;
#830 = CARTESIAN_POINT ( 'NONE',  ( 7.924132444629926830, 0.000000000000000000, 4.574999999998338396 ) ) ;
#831 = CARTESIAN_POINT ( 'NONE',  ( -3.764027583280216582, 9.862519275789498607, 3.707931481572024790 ) ) ;
#832 = DIRECTION ( 'NONE',  ( 0.000000000000000000, 0.000000000000000000, 1.000000000000000000 ) ) ;
#833 = EDGE_LOOP ( 'NONE', ( #1630, #313, #50, #1414 ) ) ;
#834 = VERTEX_POINT ( 'NONE', #2498 ) ;
#835 = DIRECTION ( 'NONE',  ( -0.5000000000000005551, 0.000000000000000000, -0.8660254037844383745 ) ) ;
#836 = ORIENTED_EDGE ( 'NONE', *, *, #1558, .F. ) ;
#837 = EDGE_CURVE ( 'NONE', #409, #812, #1228, .T. ) ;
#838 = LINE ( 'NONE', #1996, #2125 ) ;
#839 = EDGE_CURVE ( 'NONE', #1294, #327, #138, .T. ) ;
#840 = CARTESIAN_POINT ( 'NONE',  ( -2.480505909356496730, 0.000000000000000000, -5.353231774699046319 ) ) ;
#841 = LINE ( 'NONE', #616, #1122 ) ;
#842 = DIRECTION ( 'NONE',  ( -0.000000000000000000, 1.000000000000000000, -0.000000000000000000 ) ) ;
#843 = LINE ( 'NONE', #1619, #306 ) ;
#844 = VERTEX_POINT ( 'NONE', #193 ) ;
#845 = ORIENTED_EDGE ( 'NONE', *, *, #797, .F. ) ;
#846 = VERTEX_POINT ( 'NONE', #1540 ) ;
#847 = AXIS2_PLACEMENT_3D ( 'NONE', #995, #1767, #18 ) ;
#848 = FACE_OUTER_BOUND ( 'NONE', #2245, .T. ) ;
#849 = VERTEX_POINT ( 'NONE', #962 ) ;
#850 = LOCAL_TIME ( 13, 29, 10.00000000000000000, #1442 ) ;
#851 = CARTESIAN_POINT ( 'NONE',  ( 5.881506628632112488, 0.000000000000000000, -7.009306654539738446 ) ) ;
#852 = PLANE ( 'NONE',  #1238 ) ;
#853 = CARTESIAN_POINT ( 'NONE',  ( -3.971374183839727845, 16.00000000000000000, 2.870224223284895793 ) ) ;
#854 = DIRECTION ( 'NONE',  ( 0.000000000000000000, 0.000000000000000000, -1.000000000000000000 ) ) ;
#855 = ORIENTED_EDGE ( 'NONE', *, *, #202, .T. ) ;
#856 = ORIENTED_EDGE ( 'NONE', *, *, #1352, .T. ) ;
#857 = DIRECTION ( 'NONE',  ( -0.000000000000000000, 1.000000000000000000, -0.000000000000000000 ) ) ;
#858 = EDGE_LOOP ( 'NONE', ( #2231, #150, #2341, #177 ) ) ;
#859 = CARTESIAN_POINT ( 'NONE',  ( -2.702358304935414068, 0.000000000000000000, -3.998407131813349835 ) ) ;
#860 = AXIS2_PLACEMENT_3D ( 'NONE', #2196, #1978, #60 ) ;
#861 = DIRECTION ( 'NONE',  ( -0.000000000000000000, -1.000000000000000000, -1.084202172485504434E-16 ) ) ;
#862 = AXIS2_PLACEMENT_3D ( 'NONE', #2463, #1306, #2088 ) ;
#863 = DIRECTION ( 'NONE',  ( 0.000000000000000000, 0.000000000000000000, -1.000000000000000000 ) ) ;
#864 = EDGE_CURVE ( 'NONE', #192, #113, #1340, .T. ) ;
#865 = CARTESIAN_POINT ( 'NONE',  ( 2.202939492837332036, 12.93126332337866558, -4.590624312914295402 ) ) ;
#866 = AXIS2_PLACEMENT_3D ( 'NONE', #1463, #92, #700 ) ;
#867 = ORIENTED_EDGE ( 'NONE', *, *, #526, .T. ) ;
#868 = EDGE_LOOP ( 'NONE', ( #134, #911, #1109, #1155 ) ) ;
#869 = EDGE_LOOP ( 'NONE', ( #1850, #882, #1237, #810 ) ) ;
#870 = EDGE_CURVE ( 'NONE', #1438, #1874, #1471, .T. ) ;
#871 = CARTESIAN_POINT ( 'NONE',  ( -2.702358304935414068, 0.000000000000000000, -3.998407131813349835 ) ) ;
#872 = ORIENTED_EDGE ( 'NONE', *, *, #1285, .T. ) ;
#873 = EDGE_CURVE ( 'NONE', #586, #1500, #495, .T. ) ;
#874 = SECURITY_CLASSIFICATION_LEVEL ( 'unclassified' ) ;
#875 = DIRECTION ( 'NONE',  ( -0.000000000000000000, 1.000000000000000000, -0.000000000000000000 ) ) ;
#876 = DIRECTION ( 'NONE',  ( 0.000000000000000000, 0.000000000000000000, -1.000000000000000000 ) ) ;
#877 = CARTESIAN_POINT ( 'NONE',  ( 3.129484311429911347, 16.00000000000000000, -8.598187480191629817 ) ) ;
#878 = DIRECTION ( 'NONE',  ( 0.000000000000000000, 1.000000000000000000, -0.000000000000000000 ) ) ;
#879 =( BOUNDED_CURVE ( )  B_SPLINE_CURVE ( 3, ( #1466, #1900, #2062, #2465 ),
 .UNSPECIFIED., .F., .F. ) 
 B_SPLINE_CURVE_WITH_KNOTS ( ( 4, 4 ),
 ( 4.941665183598670019, 5.012320250141893752 ),
 .UNSPECIFIED. ) 
 CURVE ( )  GEOMETRIC_REPRESENTATION_ITEM ( )  RATIONAL_B_SPLINE_CURVE ( ( 1.000000000000000000, 0.9995840317289138577, 0.9995840317289138577, 1.000000000000000000 ) ) 
 REPRESENTATION_ITEM ( '' )  );
#880 = ORIENTED_EDGE ( 'NONE', *, *, #203, .F. ) ;
#881 = EDGE_LOOP ( 'NONE', ( #663, #1222, #742, #209 ) ) ;
#882 = ORIENTED_EDGE ( 'NONE', *, *, #771, .F. ) ;
#883 = LINE ( 'NONE', #496, #2484 ) ;
#884 = VECTOR ( 'NONE', #2434, 1000.000000000000227 ) ;
#885 = LINE ( 'NONE', #2392, #1063 ) ;
#886 = ORIENTED_EDGE ( 'NONE', *, *, #202, .F. ) ;
#887 = DIRECTION ( 'NONE',  ( -0.000000000000000000, 1.000000000000000000, -0.000000000000000000 ) ) ;
#888 = EDGE_CURVE ( 'NONE', #252, #1801, #1167, .T. ) ;
#889 = LINE ( 'NONE', #1092, #1044 ) ;
#890 = DIRECTION ( 'NONE',  ( 1.495451272393799542E-16, 0.000000000000000000, 1.000000000000000000 ) ) ;
#891 = CARTESIAN_POINT ( 'NONE',  ( 0.000000000000000000, -6.519257497579211703E-16, -7.068193141867794065E-32 ) ) ;
#892 = ORIENTED_EDGE ( 'NONE', *, *, #2420, .T. ) ;
#893 = EDGE_LOOP ( 'NONE', ( #2146, #2417, #419, #695 ) ) ;
#894 = CARTESIAN_POINT ( 'NONE',  ( 8.174132444629927718, 0.000000000000000000, 4.141987298106119653 ) ) ;
#895 = VERTEX_POINT ( 'NONE', #603 ) ;
#896 = VECTOR ( 'NONE', #1116, 1000.000000000000114 ) ;
#897 = EDGE_CURVE ( 'NONE', #1460, #662, #2366, .T. ) ;
#898 = DIRECTION ( 'NONE',  ( 0.000000000000000000, 0.000000000000000000, -1.000000000000000000 ) ) ;
#899 = ADVANCED_FACE ( 'NONE', ( #1757 ), #1407, .F. ) ;
#900 = DIRECTION ( 'NONE',  ( 0.000000000000000000, 0.000000000000000000, 1.000000000000000000 ) ) ;
#901 = VECTOR ( 'NONE', #1064, 1000.000000000000114 ) ;
#902 = CARTESIAN_POINT ( 'NONE',  ( -8.174132444625017868, 16.00000000000000000, 4.141987298108957383 ) ) ;
#903 = DIRECTION ( 'NONE',  ( 0.000000000000000000, 0.000000000000000000, -1.000000000000000000 ) ) ;
#904 = ORIENTED_EDGE ( 'NONE', *, *, #349, .T. ) ;
#905 = CIRCLE ( 'NONE', #946, 0.5000000000000004441 ) ;
#906 = VERTEX_POINT ( 'NONE', #2371 ) ;
#907 = LINE ( 'NONE', #316, #2526 ) ;
#908 = DIRECTION ( 'NONE',  ( 0.000000000000000000, 0.000000000000000000, -1.000000000000000000 ) ) ;
#909 = ORIENTED_EDGE ( 'NONE', *, *, #873, .T. ) ;
#910 = FACE_OUTER_BOUND ( 'NONE', #2084, .T. ) ;
#911 = ORIENTED_EDGE ( 'NONE', *, *, #206, .T. ) ;
#912 = EDGE_CURVE ( 'NONE', #2208, #2030, #1311, .T. ) ;
#913 = CARTESIAN_POINT ( 'NONE',  ( 4.161826197675851269, -1.985113810549171564E-16, -4.182009409403447897 ) ) ;
#914 = ADVANCED_FACE ( 'NONE', ( #7 ), #2141, .F. ) ;
#915 = CARTESIAN_POINT ( 'NONE',  ( 2.401234093327991648, 3.695063964633718001, 5.135434250152267843 ) ) ;
#916 = CARTESIAN_POINT ( 'NONE',  ( 2.383326812574096287, 4.529182676857269385, -5.086234400646996612 ) ) ;
#917 = ORIENTED_EDGE ( 'NONE', *, *, #1631, .F. ) ;
#918 = ORIENTED_EDGE ( 'NONE', *, *, #735, .F. ) ;
#919 = ORIENTED_EDGE ( 'NONE', *, *, #839, .T. ) ;
#920 = EDGE_CURVE ( 'NONE', #1732, #1495, #403, .T. ) ;
#921 = LINE ( 'NONE', #1700, #1186 ) ;
#922 = DIRECTION ( 'NONE',  ( 0.000000000000000000, 1.000000000000000000, -0.000000000000000000 ) ) ;
#923 = ORIENTED_EDGE ( 'NONE', *, *, #1084, .T. ) ;
#924 = VECTOR ( 'NONE', #1458, 1000.000000000000000 ) ;
#925 = DIRECTION ( 'NONE',  ( 0.000000000000000000, 0.000000000000000000, 1.000000000000000000 ) ) ;
#926 = CARTESIAN_POINT ( 'NONE',  ( -8.612460220655809541E-15, 0.000000000000000000, -5.167476132393485251E-15 ) ) ;
#927 = DIRECTION ( 'NONE',  ( -0.000000000000000000, -1.000000000000000000, -1.084202172485504434E-16 ) ) ;
#928 = PLANE ( 'NONE',  #1164 ) ;
#929 = EDGE_CURVE ( 'NONE', #1868, #2219, #804, .T. ) ;
#930 = ORIENTED_EDGE ( 'NONE', *, *, #2005, .T. ) ;
#931 = VERTEX_POINT ( 'NONE', #1563 ) ;
#932 = DIRECTION ( 'NONE',  ( 0.000000000000000000, 1.084202172485504311E-16, -1.000000000000000000 ) ) ;
#933 = CARTESIAN_POINT ( 'NONE',  ( 5.498484407075130420, 16.00000000000000000, 7.330700459380578238 ) ) ;
#934 = ORIENTED_EDGE ( 'NONE', *, *, #249, .F. ) ;
#935 = CIRCLE ( 'NONE', #162, 0.5000000000000004441 ) ;
#936 = VECTOR ( 'NONE', #1443, 1000.000000000000000 ) ;
#937 = DIRECTION ( 'NONE',  ( -0.8660254037844387076, -0.000000000000000000, -0.4999999999999997224 ) ) ;
#938 = CARTESIAN_POINT ( 'NONE',  ( -4.012843916554389878, 3.695063964633718445, -4.004459240642873397 ) ) ;
#939 = DIRECTION ( 'NONE',  ( 0.000000000000000000, 1.084202172485504311E-16, -1.000000000000000000 ) ) ;
#940 = ORIENTED_EDGE ( 'NONE', *, *, #1392, .F. ) ;
#941 = EDGE_LOOP ( 'NONE', ( #623, #347, #1909, #2424 ) ) ;
#942 = EDGE_CURVE ( 'NONE', #906, #2197, #905, .T. ) ;
#943 = DIRECTION ( 'NONE',  ( 0.000000000000000000, 1.084202172485504311E-16, -1.000000000000000000 ) ) ;
#944 = VECTOR ( 'NONE', #519, 1000.000000000000000 ) ;
#945 = ORIENTED_EDGE ( 'NONE', *, *, #149, .T. ) ;
#946 = AXIS2_PLACEMENT_3D ( 'NONE', #973, #1971, #792 ) ;
#947 = ADVANCED_FACE ( 'NONE', ( #2335 ), #997, .F. ) ;
#948 = ADVANCED_BREP_SHAPE_REPRESENTATION ( 'tpu-grip_v2', ( #1432, #1425, #1948 ), #1985 ) ;
#949 = CIRCLE ( 'NONE', #866, 0.5000000000000004441 ) ;
#950 = CARTESIAN_POINT ( 'NONE',  ( 7.924132444629926830, 0.000000000000000000, 4.574999999998338396 ) ) ;
#951 = DIRECTION ( 'NONE',  ( 0.000000000000000000, 1.000000000000000000, -0.000000000000000000 ) ) ;
#952 = CARTESIAN_POINT ( 'NONE',  ( -3.395781754557450238, -1.288202087680810644E-16, -4.824797019089480443 ) ) ;
#953 = ORIENTED_EDGE ( 'NONE', *, *, #542, .T. ) ;
#954 = ORIENTED_EDGE ( 'NONE', *, *, #1741, .F. ) ;
#955 = DIRECTION ( 'NONE',  ( 0.8660254037844383745, -0.000000000000000000, -0.5000000000000003331 ) ) ;
#956 = ADVANCED_FACE ( 'NONE', ( #614 ), #1602, .F. ) ;
#957 = ORIENTED_EDGE ( 'NONE', *, *, #1520, .F. ) ;
#958 = ADVANCED_FACE ( 'NONE', ( #2358 ), #752, .F. ) ;
#959 = ORIENTED_EDGE ( 'NONE', *, *, #1102, .T. ) ;
#960 = DIRECTION ( 'NONE',  ( 1.000000000000000000, -0.000000000000000000, -0.000000000000000000 ) ) ;
#961 = ADVANCED_FACE ( 'NONE', ( #1009 ), #2049, .F. ) ;
#962 = CARTESIAN_POINT ( 'NONE',  ( -10.50892477849185802, 7.960204194457795477E-16, -3.250000000000002220 ) ) ;
#963 = CARTESIAN_POINT ( 'NONE',  ( 2.702358304936177458, 0.000000000000000000, -3.998407131815453486 ) ) ;
#964 = DIRECTION ( 'NONE',  ( 0.000000000000000000, 0.000000000000000000, -1.000000000000000000 ) ) ;
#965 = ORIENTED_EDGE ( 'NONE', *, *, #1787, .F. ) ;
#966 = CARTESIAN_POINT ( 'NONE',  ( -4.595102713606639355, 4.529182676857269385, -3.230334057843617046 ) ) ;
#967 = PLANE ( 'NONE',  #1667 ) ;
#968 = DIRECTION ( 'NONE',  ( -0.6427876096865396960, 0.000000000000000000, -0.7660444431189777914 ) ) ;
#969 = EDGE_CURVE ( 'NONE', #170, #1765, #1675, .T. ) ;
#970 = DIRECTION ( 'NONE',  ( -0.000000000000000000, 1.000000000000000000, -0.000000000000000000 ) ) ;
#971 = AXIS2_PLACEMENT_3D ( 'NONE', #196, #438, #964 ) ;
#972 = ADVANCED_FACE ( 'NONE', ( #211 ), #57, .F. ) ;
#973 = CARTESIAN_POINT ( 'NONE',  ( -7.924132444626653893, 0.000000000000000000, -4.574999999998665245 ) ) ;
#974 = DIRECTION ( 'NONE',  ( 0.000000000000000000, 1.084202172485504311E-16, -1.000000000000000000 ) ) ;
#975 = B_SPLINE_CURVE_WITH_KNOTS ( 'NONE', 3,
 ( #2064, #322, #1878, #2445, #137, #282, #913 ),
 .UNSPECIFIED., .F., .F.,
 ( 4, 3, 4 ),
 ( 2.003943462289960972E-07, 0.009224562600314380190, 0.01603169201905866453 ),
 .UNSPECIFIED. ) ;
#976 = DIRECTION ( 'NONE',  ( 0.000000000000000000, 1.000000000000000000, -0.000000000000000000 ) ) ;
#977 = CARTESIAN_POINT ( 'NONE',  ( 3.468402748055155804, 16.00000000000000000, -3.355619522128914234 ) ) ;
#978 = DIRECTION ( 'NONE',  ( 0.000000000000000000, 1.000000000000000000, -0.000000000000000000 ) ) ;
#979 = ORIENTED_EDGE ( 'NONE', *, *, #1745, .F. ) ;
#980 = AXIS2_PLACEMENT_3D ( 'NONE', #877, #1879, #1284 ) ;
#981 = VECTOR ( 'NONE', #1925, 1000.000000000000000 ) ;
#982 = VECTOR ( 'NONE', #686, 1000.000000000000000 ) ;
#983 = LINE ( 'NONE', #2368, #323 ) ;
#984 = CARTESIAN_POINT ( 'NONE',  ( 0.5000000000000003331, 0.000000000000000000, -4.799999999999999822 ) ) ;
#985 = CARTESIAN_POINT ( 'NONE',  ( -5.881506628628841327, 0.000000000000000000, 7.509306654539414261 ) ) ;
#986 = CARTESIAN_POINT ( 'NONE',  ( -15.00000000000000000, 16.00000000000000355, -2.500000000000000000 ) ) ;
#987 = EDGE_CURVE ( 'NONE', #600, #113, #1888, .T. ) ;
#988 = DIRECTION ( 'NONE',  ( 0.000000000000000000, 0.000000000000000000, 1.000000000000000000 ) ) ;
#989 = LINE ( 'NONE', #2328, #2407 ) ;
#990 = CARTESIAN_POINT ( 'NONE',  ( 0.000000000000000000, -6.519257497579211703E-16, -7.068193141867794065E-32 ) ) ;
#991 = ADVANCED_FACE ( 'NONE', ( #1783 ), #1567, .F. ) ;
#992 = ORIENTED_EDGE ( 'NONE', *, *, #12, .T. ) ;
#993 = ORIENTED_EDGE ( 'NONE', *, *, #2149, .F. ) ;
#994 = ORIENTED_EDGE ( 'NONE', *, *, #2091, .T. ) ;
#995 = CARTESIAN_POINT ( 'NONE',  ( 2.111542998359281054, 0.000000000000000000, 4.339514508108651469 ) ) ;
#996 = CIRCLE ( 'NONE', #1863, 5.900000000000000355 ) ;
#997 = CYLINDRICAL_SURFACE ( 'NONE', #131, 0.5000000000000004441 ) ;
#998 = DIRECTION ( 'NONE',  ( 0.8660254037844384856, -0.000000000000000000, 0.5000000000000003331 ) ) ;
#999 = DIRECTION ( 'NONE',  ( 0.000000000000000000, 1.084202172485504311E-16, -1.000000000000000000 ) ) ;
#1000 = DIRECTION ( 'NONE',  ( -0.000000000000000000, -1.000000000000000000, -1.084202172485504434E-16 ) ) ;
#1001 = DIRECTION ( 'NONE',  ( 0.3420201433256686574, -0.000000000000000000, -0.9396926207859084279 ) ) ;
#1002 = EDGE_CURVE ( 'NONE', #1500, #2263, #1384, .T. ) ;
#1003 = DIRECTION ( 'NONE',  ( 0.000000000000000000, 1.000000000000000000, 0.000000000000000000 ) ) ;
#1004 = CARTESIAN_POINT ( 'NONE',  ( -1.395022678893820478, 6.793769985310308179, -5.294695509969272962 ) ) ;
#1005 = ORIENTED_EDGE ( 'NONE', *, *, #1017, .T. ) ;
#1006 = EDGE_CURVE ( 'NONE', #75, #2449, #2350, .T. ) ;
#1007 = ORIENTED_EDGE ( 'NONE', *, *, #1276, .T. ) ;
#1008 = FACE_OUTER_BOUND ( 'NONE', #2276, .T. ) ;
#1009 = FACE_OUTER_BOUND ( 'NONE', #15, .T. ) ;
#1010 = VECTOR ( 'NONE', #2166, 1000.000000000000227 ) ;
#1011 = DIRECTION ( 'NONE',  ( -0.000000000000000000, 1.000000000000000000, -0.000000000000000000 ) ) ;
#1012 = CARTESIAN_POINT ( 'NONE',  ( -8.612460220655809541E-15, 16.00000000000000000, -5.167476132393485251E-15 ) ) ;
#1013 = AXIS2_PLACEMENT_3D ( 'NONE', #241, #1792, #34 ) ;
#1014 = DIRECTION ( 'NONE',  ( -0.000000000000000000, 1.000000000000000000, -0.000000000000000000 ) ) ;
#1015 = CARTESIAN_POINT ( 'NONE',  ( 2.750196514713560969, 16.00000000000000000, 4.055418490175511259 ) ) ;
#1016 = VERTEX_POINT ( 'NONE', #2387 ) ;
#1017 = EDGE_CURVE ( 'NONE', #1621, #2020, #2210, .T. ) ;
#1018 = LINE ( 'NONE', #676, #1560 ) ;
#1019 = EDGE_LOOP ( 'NONE', ( #979, #788, #919, #1056, #1805, #1416, #2221, #1030, #1447, #2437, #2414, #99, #1403, #845, #760, #2415, #101, #579, #714, #674, #1493, #940, #1043, #1342, #2127, #1162, #565, #198, #1233, #1440, #2093 ) ) ;
#1020 = VECTOR ( 'NONE', #2145, 1000.000000000000000 ) ;
#1021 = APPROVAL_ROLE ( '' ) ;
#1022 = AXIS2_PLACEMENT_3D ( 'NONE', #42, #22, #634 ) ;
#1023 = LINE ( 'NONE', #2035, #702 ) ;
#1024 = AXIS2_PLACEMENT_3D ( 'NONE', #235, #455, #1773 ) ;
#1025 = CARTESIAN_POINT ( 'NONE',  ( 0.5000000000000003331, 16.00000000000000000, -4.874423042781577564 ) ) ;
#1026 = FACE_OUTER_BOUND ( 'NONE', #197, .T. ) ;
#1027 = CARTESIAN_POINT ( 'NONE',  ( -3.516240957828100200, 16.00000000000000000, 3.412630880492669494 ) ) ;
#1028 = CARTESIAN_POINT ( 'NONE',  ( 3.213144794277907224, 4.529182676857265832, 4.607138765531629154 ) ) ;
#1029 = ORIENTED_EDGE ( 'NONE', *, *, #1631, .T. ) ;
#1030 = ORIENTED_EDGE ( 'NONE', *, *, #270, .T. ) ;
#1031 = CARTESIAN_POINT ( 'NONE',  ( -8.612460220655809541E-15, 16.00000000000000000, -5.167476132393485251E-15 ) ) ;
#1032 = VERTEX_POINT ( 'NONE', #440 ) ;
#1033 = EDGE_CURVE ( 'NONE', #2244, #722, #2297, .T. ) ;
#1034 = DIRECTION ( 'NONE',  ( 0.000000000000000000, -0.9989031743698378873, 0.04682358629858598964 ) ) ;
#1035 = VECTOR ( 'NONE', #1178, 1000.000000000000000 ) ;
#1036 = FACE_OUTER_BOUND ( 'NONE', #2487, .T. ) ;
#1037 = CARTESIAN_POINT ( 'NONE',  ( -8.612460220655809541E-15, 0.000000000000000000, -5.167476132393485251E-15 ) ) ;
#1038 = CONICAL_SURFACE ( 'NONE', #1616, 5.900000000000000355, 0.06241880999595723900 ) ;
#1039 = CARTESIAN_POINT ( 'NONE',  ( 8.174132444629927718, 16.00000000000000000, 4.141987298106119653 ) ) ;
#1040 = AXIS2_PLACEMENT_3D ( 'NONE', #926, #191, #1705 ) ;
#1041 = AXIS2_PLACEMENT_3D ( 'NONE', #1121, #1905, #1750 ) ;
#1042 = FACE_OUTER_BOUND ( 'NONE', #833, .T. ) ;
#1043 = ORIENTED_EDGE ( 'NONE', *, *, #1163, .T. ) ;
#1044 = VECTOR ( 'NONE', #1845, 1000.000000000000114 ) ;
#1045 = ORIENTED_EDGE ( 'NONE', *, *, #1145, .F. ) ;
#1046 = LINE ( 'NONE', #277, #512 ) ;
#1047 = EDGE_LOOP ( 'NONE', ( #568, #475, #2448, #160 ) ) ;
#1048 = CARTESIAN_POINT ( 'NONE',  ( 5.330127018927383276, 16.00000000000000000, 2.500000000000000444 ) ) ;
#1049 = EDGE_CURVE ( 'NONE', #2440, #1868, #129, .T. ) ;
#1050 = FACE_OUTER_BOUND ( 'NONE', #2390, .T. ) ;
#1051 = EDGE_CURVE ( 'NONE', #2233, #1117, #737, .T. ) ;
#1052 = CARTESIAN_POINT ( 'NONE',  ( -0.4999999999967290609, 16.00000000000000000, 4.799999999999674749 ) ) ;
#1053 = PLANE ( 'NONE',  #2063 ) ;
#1054 = ORIENTED_EDGE ( 'NONE', *, *, #1395, .T. ) ;
#1055 = AXIS2_PLACEMENT_3D ( 'NONE', #555, #119, #1324 ) ;
#1056 = ORIENTED_EDGE ( 'NONE', *, *, #175, .T. ) ;
#1057 = ORIENTED_EDGE ( 'NONE', *, *, #1033, .T. ) ;
#1058 = CARTESIAN_POINT ( 'NONE',  ( -8.612460220655809541E-15, 16.00000000000000000, -11.00000000000000533 ) ) ;
#1059 = VERTEX_POINT ( 'NONE', #933 ) ;
#1060 = CYLINDRICAL_SURFACE ( 'NONE', #250, 0.5000000000000038858 ) ;
#1061 = AXIS2_PLACEMENT_3D ( 'NONE', #757, #927, #339 ) ;
#1062 = DIRECTION ( 'NONE',  ( 0.000000000000000000, 0.000000000000000000, 1.000000000000000000 ) ) ;
#1063 = VECTOR ( 'NONE', #461, 1000.000000000000227 ) ;
#1064 = DIRECTION ( 'NONE',  ( -0.6427876096865392519, -0.000000000000000000, 0.7660444431189781245 ) ) ;
#1065 = CARTESIAN_POINT ( 'NONE',  ( 1.197304557328993102, 16.00000000000000000, -4.751469435553515197 ) ) ;
#1066 = CONICAL_SURFACE ( 'NONE', #2135, 5.900000000000000355, 0.06241880999595723900 ) ;
#1067 = EDGE_CURVE ( 'NONE', #1852, #1732, #2522, .T. ) ;
#1068 = EDGE_LOOP ( 'NONE', ( #993, #1689, #1715, #930 ) ) ;
#1069 = ORIENTED_EDGE ( 'NONE', *, *, #1520, .T. ) ;
#1070 = ORIENTED_EDGE ( 'NONE', *, *, #797, .T. ) ;
#1071 = FACE_OUTER_BOUND ( 'NONE', #190, .T. ) ;
#1072 = ADVANCED_FACE ( 'NONE', ( #1702 ), #2262, .F. ) ;
#1073 = DIRECTION ( 'NONE',  ( -0.5000000000000003331, 0.000000000000000000, 0.8660254037844384856 ) ) ;
#1074 = ORIENTED_EDGE ( 'NONE', *, *, #315, .T. ) ;
#1075 = CARTESIAN_POINT ( 'NONE',  ( 0.000000000000000000, -6.519257497579211703E-16, -7.068193141867794065E-32 ) ) ;
#1076 = DIRECTION ( 'NONE',  ( 0.000000000000000000, 1.000000000000000000, -0.000000000000000000 ) ) ;
#1077 = CARTESIAN_POINT ( 'NONE',  ( 0.000000000000000000, 16.00000000000000000, 1.734723475976807094E-15 ) ) ;
#1078 = DIRECTION ( 'NONE',  ( -0.000000000000000000, -0.000000000000000000, 1.000000000000000000 ) ) ;
#1079 = VECTOR ( 'NONE', #1603, 1000.000000000000000 ) ;
#1080 = ORIENTED_EDGE ( 'NONE', *, *, #1309, .T. ) ;
#1081 = ORIENTED_EDGE ( 'NONE', *, *, #1150, .F. ) ;
#1082 = ORIENTED_EDGE ( 'NONE', *, *, #154, .T. ) ;
#1083 = ORIENTED_EDGE ( 'NONE', *, *, #1731, .T. ) ;
#1084 = EDGE_CURVE ( 'NONE', #358, #931, #1153, .T. ) ;
#1085 = CARTESIAN_POINT ( 'NONE',  ( 0.5000000000032717162, 16.00000000000000000, 9.149999999999673506 ) ) ;
#1086 = DIRECTION ( 'NONE',  ( 0.000000000000000000, 1.000000000000000000, -0.000000000000000000 ) ) ;
#1087 = EDGE_LOOP ( 'NONE', ( #2507, #1360, #1264, #1341 ) ) ;
#1088 = ADVANCED_FACE ( 'NONE', ( #527 ), #2073, .F. ) ;
#1089 = DIRECTION ( 'NONE',  ( -0.000000000000000000, -1.000000000000000000, -1.084202172485504434E-16 ) ) ;
#1090 = CC_DESIGN_APPROVAL ( #551, ( #775 ) ) ;
#1091 = PRODUCT_DEFINITION_SHAPE ( 'NONE', 'NONE',  #2053 ) ;
#1092 = CARTESIAN_POINT ( 'NONE',  ( 1.171850377573372848, 16.00000000000000000, 4.681534651434320793 ) ) ;
#1093 = CARTESIAN_POINT ( 'NONE',  ( -3.599330621819594622, 0.000000000000000000, 8.427177408528470082 ) ) ;
#1094 = CARTESIAN_POINT ( 'NONE',  ( 4.305216201214731697, 9.862519275789500384, 3.062968001877493407 ) ) ;
#1095 = EDGE_LOOP ( 'NONE', ( #1196, #168, #1644, #1571 ) ) ;
#1096 = DIRECTION ( 'NONE',  ( 0.000000000000000000, 0.000000000000000000, -1.000000000000000000 ) ) ;
#1097 = CIRCLE ( 'NONE', #1789, 0.4999999999999995559 ) ;
#1098 = EDGE_CURVE ( 'NONE', #1906, #1267, #1635, .T. ) ;
#1099 = DIRECTION ( 'NONE',  ( 0.000000000000000000, 1.000000000000000000, -0.000000000000000000 ) ) ;
#1100 = EDGE_LOOP ( 'NONE', ( #917, #357, #1112, #2505 ) ) ;
#1101 = CARTESIAN_POINT ( 'NONE',  ( 5.498484407072623981, 0.000000000000000000, -7.330700459383008294 ) ) ;
#1102 = EDGE_CURVE ( 'NONE', #2031, #1514, #1894, .T. ) ;
#1103 = ORIENTED_EDGE ( 'NONE', *, *, #811, .F. ) ;
#1104 = CARTESIAN_POINT ( 'NONE',  ( -3.129484311426640630, 0.000000000000000000, 8.598187480191304743 ) ) ;
#1105 = EDGE_CURVE ( 'NONE', #834, #536, #424, .T. ) ;
#1106 = VECTOR ( 'NONE', #111, 1000.000000000000227 ) ;
#1107 = CARTESIAN_POINT ( 'NONE',  ( -3.129484311429714616, 16.00000000000000000, -8.598187480190510712 ) ) ;
#1108 = CARTESIAN_POINT ( 'NONE',  ( 2.334715299679542611, 6.793769985310309956, -4.952675366643682686 ) ) ;
#1109 = ORIENTED_EDGE ( 'NONE', *, *, #476, .T. ) ;
#1110 = AXIS2_PLACEMENT_3D ( 'NONE', #2491, #922, #762 ) ;
#1111 = EDGE_LOOP ( 'NONE', ( #1057, #2089, #2134, #746 ) ) ;
#1112 = ORIENTED_EDGE ( 'NONE', *, *, #1502, .T. ) ;
#1113 = CIRCLE ( 'NONE', #1515, 5.900000000000000355 ) ;
#1114 = DIRECTION ( 'NONE',  ( -0.9396926207859084279, 0.000000000000000000, -0.3420201433256686019 ) ) ;
#1115 = VERTEX_POINT ( 'NONE', #2114 ) ;
#1116 = DIRECTION ( 'NONE',  ( -0.3420201433256688239, -0.000000000000000000, -0.9396926207859083169 ) ) ;
#1117 = VERTEX_POINT ( 'NONE', #346 ) ;
#1118 = EDGE_CURVE ( 'NONE', #225, #2182, #2290, .T. ) ;
#1119 = LINE ( 'NONE', #401, #2026 ) ;
#1120 = LINE ( 'NONE', #744, #90 ) ;
#1121 = CARTESIAN_POINT ( 'NONE',  ( -5.881506628628841327, 16.00000000000000000, 7.009306654539414261 ) ) ;
#1122 = VECTOR ( 'NONE', #998, 1000.000000000000114 ) ;
#1123 = ORIENTED_EDGE ( 'NONE', *, *, #1392, .T. ) ;
#1124 = CIRCLE ( 'NONE', #1821, 0.5000000000000004441 ) ;
#1125 = CARTESIAN_POINT ( 'NONE',  ( -0.5000000000000000000, 0.000000000000000000, -9.149999999999998579 ) ) ;
#1126 = CARTESIAN_POINT ( 'NONE',  ( -3.097755301044997633, 7.390121892295790751, 4.469622922432672674 ) ) ;
#1127 = ORIENTED_EDGE ( 'NONE', *, *, #2490, .F. ) ;
#1128 = VECTOR ( 'NONE', #937, 1000.000000000000114 ) ;
#1129 = ORIENTED_EDGE ( 'NONE', *, *, #2223, .T. ) ;
#1130 = DIRECTION ( 'NONE',  ( 0.000000000000000000, 1.000000000000000000, -0.000000000000000000 ) ) ;
#1131 = EDGE_CURVE ( 'NONE', #1488, #1390, #1639, .T. ) ;
#1132 = DIRECTION ( 'NONE',  ( -0.000000000000000000, 1.000000000000000000, -0.000000000000000000 ) ) ;
#1133 = CARTESIAN_POINT ( 'NONE',  ( 0.000000000000000000, -6.519257497579211703E-16, -7.068193141867794065E-32 ) ) ;
#1134 = ORIENTED_EDGE ( 'NONE', *, *, #1051, .F. ) ;
#1135 = EDGE_CURVE ( 'NONE', #1852, #1501, #173, .T. ) ;
#1136 = EDGE_LOOP ( 'NONE', ( #1277, #880, #2289, #2083 ) ) ;
#1137 = EDGE_LOOP ( 'NONE', ( #2232, #2061, #1123, #1251 ) ) ;
#1138 = CARTESIAN_POINT ( 'NONE',  ( 1.329149066893768216, 9.862519275789498607, 5.113709248451915101 ) ) ;
#1139 = CARTESIAN_POINT ( 'NONE',  ( -15.00000000000000000, 16.00000000000000355, -2.500000000000000000 ) ) ;
#1140 = ORIENTED_EDGE ( 'NONE', *, *, #486, .T. ) ;
#1141 = VECTOR ( 'NONE', #1229, 1000.000000000000000 ) ;
#1142 = CARTESIAN_POINT ( 'NONE',  ( -2.750196514711301443, 16.00000000000000000, -4.055418490177039814 ) ) ;
#1143 = CARTESIAN_POINT ( 'NONE',  ( 3.097755301046892562, 7.390121892295790751, -4.469622922431356393 ) ) ;
#1144 = CARTESIAN_POINT ( 'NONE',  ( 7.674132444628288141, 16.00000000000000000, -5.008012701893716390 ) ) ;
#1145 = EDGE_CURVE ( 'NONE', #2471, #1906, #1389, .T. ) ;
#1146 = CARTESIAN_POINT ( 'NONE',  ( 0.000000000000000000, -6.519257497579211703E-16, -7.068193141867794065E-32 ) ) ;
#1147 = VERTEX_POINT ( 'NONE', #1994 ) ;
#1148 = ORIENTED_EDGE ( 'NONE', *, *, #91, .T. ) ;
#1149 = VERTEX_POINT ( 'NONE', #2332 ) ;
#1150 = EDGE_CURVE ( 'NONE', #117, #1934, #1859, .T. ) ;
#1151 = FACE_OUTER_BOUND ( 'NONE', #1068, .T. ) ;
#1152 = ORIENTED_EDGE ( 'NONE', *, *, #2480, .F. ) ;
#1153 = CIRCLE ( 'NONE', #1110, 0.5000000000000004441 ) ;
#1154 = VECTOR ( 'NONE', #1434, 1000.000000000000000 ) ;
#1155 = ORIENTED_EDGE ( 'NONE', *, *, #1131, .F. ) ;
#1156 = CARTESIAN_POINT ( 'NONE',  ( -7.924132444625017868, 0.000000000000000000, 4.575000000001176126 ) ) ;
#1157 = DIRECTION ( 'NONE',  ( -0.000000000000000000, -1.000000000000000000, -1.084202172485504434E-16 ) ) ;
#1158 = DIRECTION ( 'NONE',  ( 1.000000000000000000, -0.000000000000000000, -0.000000000000000000 ) ) ;
#1159 = DIRECTION ( 'NONE',  ( -0.000000000000000000, -1.000000000000000000, -1.084202172485504434E-16 ) ) ;
#1160 = CARTESIAN_POINT ( 'NONE',  ( -4.305216201213615257, 9.862519275789500384, -3.062968001879062818 ) ) ;
#1161 = DIRECTION ( 'NONE',  ( 0.000000000000000000, 0.000000000000000000, -1.000000000000000000 ) ) ;
#1162 = ORIENTED_EDGE ( 'NONE', *, *, #1919, .F. ) ;
#1163 = EDGE_CURVE ( 'NONE', #2042, #1666, #1439, .T. ) ;
#1164 = AXIS2_PLACEMENT_3D ( 'NONE', #963, #1336, #2486 ) ;
#1165 = DIRECTION ( 'NONE',  ( -0.3420201433256688239, -0.000000000000000000, -0.9396926207859083169 ) ) ;
#1166 = CARTESIAN_POINT ( 'NONE',  ( -15.00000000000000000, 7.960204194457795477E-16, -3.250000000000002220 ) ) ;
#1167 = LINE ( 'NONE', #1614, #1556 ) ;
#1168 = DIRECTION ( 'NONE',  ( -0.000000000000000000, -1.000000000000000000, -1.084202172485504434E-16 ) ) ;
#1169 = CARTESIAN_POINT ( 'NONE',  ( -7.674132444626653005, 16.00000000000000000, -5.008012701890883989 ) ) ;
#1170 = VERTEX_POINT ( 'NONE', #1266 ) ;
#1171 = DIRECTION ( 'NONE',  ( 0.000000000000000000, 0.000000000000000000, -1.000000000000000000 ) ) ;
#1172 = CARTESIAN_POINT ( 'NONE',  ( -5.881506628631349543, 0.000000000000000000, -7.009306654537632575 ) ) ;
#1173 = ORIENTED_EDGE ( 'NONE', *, *, #336, .F. ) ;
#1174 = CARTESIAN_POINT ( 'NONE',  ( 1.540813288570395789, 0.000000000000000000, -5.695251918024776039 ) ) ;
#1175 = FACE_OUTER_BOUND ( 'NONE', #1992, .T. ) ;
#1176 = DIRECTION ( 'NONE',  ( 0.6427876096865394739, 0.000000000000000000, 0.7660444431189779024 ) ) ;
#1177 = CARTESIAN_POINT ( 'NONE',  ( -2.136997178115094265, 16.00000000000000000, -4.409449292227788142 ) ) ;
#1178 = DIRECTION ( 'NONE',  ( 0.6427876096865392519, -0.000000000000000000, -0.7660444431189781245 ) ) ;
#1179 = CARTESIAN_POINT ( 'NONE',  ( -2.111542998352936351, 0.000000000000000000, 4.339514508109770574 ) ) ;
#1180 = CARTESIAN_POINT ( 'NONE',  ( -3.906921938162710717, 0.000000000000000000, 2.833012701893393714 ) ) ;
#1181 = DIRECTION ( 'NONE',  ( 0.000000000000000000, 0.000000000000000000, -1.000000000000000000 ) ) ;
#1182 = ORIENTED_EDGE ( 'NONE', *, *, #897, .F. ) ;
#1183 = VECTOR ( 'NONE', #1847, 1000.000000000000000 ) ;
#1184 = ORIENTED_EDGE ( 'NONE', *, *, #1771, .F. ) ;
#1185 = VECTOR ( 'NONE', #205, 1000.000000000000000 ) ;
#1186 = VECTOR ( 'NONE', #549, 1000.000000000000000 ) ;
#1187 = CARTESIAN_POINT ( 'NONE',  ( -3.121785034371169942, 6.793769985310309956, -4.498260443448452328 ) ) ;
#1188 = EDGE_CURVE ( 'NONE', #812, #238, #885, .T. ) ;
#1189 = CARTESIAN_POINT ( 'NONE',  ( 5.881506628634618039, 16.00000000000000000, 7.009306654537308390 ) ) ;
#1190 = CARTESIAN_POINT ( 'NONE',  ( -7.674132444625017868, 16.00000000000000000, 5.008012701893394869 ) ) ;
#1191 = PLANE ( 'NONE',  #1456 ) ;
#1192 = EDGE_CURVE ( 'NONE', #2115, #747, #2482, .T. ) ;
#1193 = DIRECTION ( 'NONE',  ( 0.000000000000000000, 1.000000000000000000, -0.000000000000000000 ) ) ;
#1194 = LINE ( 'NONE', #2194, #1274 ) ;
#1195 = CYLINDRICAL_SURFACE ( 'NONE', #128, 0.5000000000000004441 ) ;
#1196 = ORIENTED_EDGE ( 'NONE', *, *, #2148, .T. ) ;
#1197 = ORIENTED_EDGE ( 'NONE', *, *, #1730, .T. ) ;
#1198 = VERTEX_POINT ( 'NONE', #1280 ) ;
#1199 = VECTOR ( 'NONE', #56, 1000.000000000000000 ) ;
#1200 = DIRECTION ( 'NONE',  ( 0.000000000000000000, 0.04682358629858599658, 0.9989031743698379984 ) ) ;
#1201 = DIRECTION ( 'NONE',  ( 1.495451272393799542E-16, 0.000000000000000000, 1.000000000000000000 ) ) ;
#1202 = DIRECTION ( 'NONE',  ( -0.000000000000000000, -1.000000000000000000, -1.084202172485504434E-16 ) ) ;
#1203 = FACE_OUTER_BOUND ( 'NONE', #4, .T. ) ;
#1204 = EDGE_CURVE ( 'NONE', #834, #1059, #2199, .T. ) ;
#1205 = CARTESIAN_POINT ( 'NONE',  ( 6.264528850191600995, 16.00000000000000000, -6.687912849696468598 ) ) ;
#1206 = DIRECTION ( 'NONE',  ( 0.000000000000000000, 1.000000000000000000, -0.000000000000000000 ) ) ;
#1207 = DIRECTION ( 'NONE',  ( -0.000000000000000000, -1.000000000000000000, -1.084202172485504434E-16 ) ) ;
#1208 = CARTESIAN_POINT ( 'NONE',  ( -1.197304557326106300, 16.00000000000000000, 4.751469435554245280 ) ) ;
#1209 = EDGE_LOOP ( 'NONE', ( #2006, #1683, #1535, #2172 ) ) ;
#1210 = EDGE_LOOP ( 'NONE', ( #1737, #1082, #1739, #368 ) ) ;
#1211 = PERSON_AND_ORGANIZATION ( #285, #1538 ) ;
#1212 = CYLINDRICAL_SURFACE ( 'NONE', #29, 11.00000000000000000 ) ;
#1213 = DIRECTION ( 'NONE',  ( 0.000000000000000000, 1.000000000000000000, -0.000000000000000000 ) ) ;
#1214 = CLOSED_SHELL ( 'NONE', ( #2357, #721, #1088, #443, #1258, #332, #2259, #2370, #27, #1691, #266, #1323, #310, #2527, #1586, #2039, #958, #1903, #914, #217, #2497, #383, #972, #1551, #1584, #55, #1648, #991, #2105, #1617, #1365, #739, #1824, #1240, #2228, #51, #1662, #2508, #1820 ) ) ;
#1215 = PLANE ( 'NONE',  #765 ) ;
#1216 = DIRECTION ( 'NONE',  ( 0.000000000000000000, 0.000000000000000000, 1.000000000000000000 ) ) ;
#1217 = CIRCLE ( 'NONE', #121, 4.900000000000002132 ) ;
#1218 = CC_DESIGN_DATE_AND_TIME_ASSIGNMENT ( #333, #1841, ( #324 ) ) ;
#1219 = DIRECTION ( 'NONE',  ( -0.6427876096865392519, 0.000000000000000000, 0.7660444431189781245 ) ) ;
#1220 = DIRECTION ( 'NONE',  ( 0.000000000000000000, 1.084202172485504311E-16, -1.000000000000000000 ) ) ;
#1221 = CARTESIAN_POINT ( 'NONE',  ( -1.263246872051609238, 12.93126332337866558, -4.932644456239884789 ) ) ;
#1222 = ORIENTED_EDGE ( 'NONE', *, *, #2195, .T. ) ;
#1223 = DIRECTION ( 'NONE',  ( -0.000000000000000000, 1.000000000000000000, -0.000000000000000000 ) ) ;
#1224 = ORIENTED_EDGE ( 'NONE', *, *, #1291, .T. ) ;
#1225 = VECTOR ( 'NONE', #890, 1000.000000000000000 ) ;
#1226 = ADVANCED_FACE ( 'NONE', ( #49 ), #1828, .F. ) ;
#1227 = PERSON_AND_ORGANIZATION_ROLE ( 'creator' ) ;
#1228 = CIRCLE ( 'NONE', #301, 0.4999999999999995559 ) ;
#1229 = DIRECTION ( 'NONE',  ( -0.000000000000000000, 1.000000000000000000, -0.000000000000000000 ) ) ;
#1230 = VECTOR ( 'NONE', #2438, 1000.000000000000114 ) ;
#1231 = CARTESIAN_POINT ( 'NONE',  ( -5.498484407071861035, 0.000000000000000000, -7.330700459380902423 ) ) ;
#1232 = CARTESIAN_POINT ( 'NONE',  ( -1.171850377570105017, 0.000000000000000000, -4.681534651434643202 ) ) ;
#1233 = ORIENTED_EDGE ( 'NONE', *, *, #2286, .T. ) ;
#1234 = ORIENTED_EDGE ( 'NONE', *, *, #2404, .T. ) ;
#1235 = EDGE_CURVE ( 'NONE', #1517, #709, #1046, .T. ) ;
#1236 = CARTESIAN_POINT ( 'NONE',  ( 4.149623983911610914, 12.72344918566115624, -2.973136793337828987 ) ) ;
#1237 = ORIENTED_EDGE ( 'NONE', *, *, #1803, .F. ) ;
#1238 = AXIS2_PLACEMENT_3D ( 'NONE', #1419, #1577, #437 ) ;
#1239 = LINE ( 'NONE', #2395, #1997 ) ;
#1240 = ADVANCED_FACE ( 'NONE', ( #2428 ), #484, .F. ) ;
#1241 = B_SPLINE_CURVE_WITH_KNOTS ( 'NONE', 3,
 ( #1344, #2334, #228, #1779, #1368, #1356, #2303 ),
 .UNSPECIFIED., .F., .F.,
 ( 4, 3, 4 ),
 ( 2.003943462289664775E-07, 0.009224562600314378455, 0.01603169201905865759 ),
 .UNSPECIFIED. ) ;
#1242 = CARTESIAN_POINT ( 'NONE',  ( -10.71214264281428186, 16.00000000000000355, -2.500000000000000000 ) ) ;
#1243 = EDGE_CURVE ( 'NONE', #747, #2406, #2405, .T. ) ;
#1244 = B_SPLINE_CURVE_WITH_KNOTS ( 'NONE', 3,
 ( #2330, #798, #407, #418, #1028, #2340, #820 ),
 .UNSPECIFIED., .F., .F.,
 ( 4, 3, 4 ),
 ( 2.003943462289752655E-07, 0.009224562600314376720, 0.01603169201905866106 ),
 .UNSPECIFIED. ) ;
#1245 = DIRECTION ( 'NONE',  ( 0.000000000000000000, 1.000000000000000000, -0.000000000000000000 ) ) ;
#1246 = CIRCLE ( 'NONE', #2110, 0.5000000000000004441 ) ;
#1247 = CARTESIAN_POINT ( 'NONE',  ( 0.000000000000000000, -6.519257497579211703E-16, -7.068193141867794065E-32 ) ) ;
#1248 = VERTEX_POINT ( 'NONE', #1855 ) ;
#1249 = VECTOR ( 'NONE', #2321, 1000.000000000000000 ) ;
#1250 = FACE_OUTER_BOUND ( 'NONE', #1100, .T. ) ;
#1251 = ORIENTED_EDGE ( 'NONE', *, *, #912, .T. ) ;
#1252 = ORIENTED_EDGE ( 'NONE', *, *, #2338, .F. ) ;
#1253 = CARTESIAN_POINT ( 'NONE',  ( 3.971374183840524097, 16.00000000000000000, -2.870224223283789566 ) ) ;
#1254 = ORIENTED_EDGE ( 'NONE', *, *, #2367, .F. ) ;
#1255 = PLANE ( 'NONE',  #1262 ) ;
#1256 = DIRECTION ( 'NONE',  ( 0.6427876096865394739, 0.000000000000000000, 0.7660444431189779024 ) ) ;
#1257 = VECTOR ( 'NONE', #2459, 1000.000000000000000 ) ;
#1258 = ADVANCED_FACE ( 'NONE', ( #848 ), #103, .F. ) ;
#1259 = DIRECTION ( 'NONE',  ( 0.000000000000000000, 0.000000000000000000, 1.000000000000000000 ) ) ;
#1260 = FACE_OUTER_BOUND ( 'NONE', #362, .T. ) ;
#1261 = ORIENTED_EDGE ( 'NONE', *, *, #624, .F. ) ;
#1262 = AXIS2_PLACEMENT_3D ( 'NONE', #451, #477, #1201 ) ;
#1263 = ORIENTED_EDGE ( 'NONE', *, *, #556, .F. ) ;
#1264 = ORIENTED_EDGE ( 'NONE', *, *, #942, .F. ) ;
#1265 = CARTESIAN_POINT ( 'NONE',  ( 3.468402748055155804, 0.000000000000000000, -3.355619522128914234 ) ) ;
#1266 = CARTESIAN_POINT ( 'NONE',  ( 2.659638001040032673, 0.000000000000000000, 8.769197551853020300 ) ) ;
#1267 = VERTEX_POINT ( 'NONE', #514 ) ;
#1268 = CARTESIAN_POINT ( 'NONE',  ( 3.714664898482154420, 11.08517096144873726, 3.649103324614850763 ) ) ;
#1269 = CIRCLE ( 'NONE', #1469, 4.900000000000002132 ) ;
#1270 = CARTESIAN_POINT ( 'NONE',  ( -0.4999999999967284503, 0.000000000000000000, 9.149999999999673506 ) ) ;
#1271 = VECTOR ( 'NONE', #303, 1000.000000000000000 ) ;
#1272 = CARTESIAN_POINT ( 'NONE',  ( 3.906921938165981434, 0.000000000000000000, -2.833012701893716567 ) ) ;
#1273 = LINE ( 'NONE', #311, #1574 ) ;
#1274 = VECTOR ( 'NONE', #1593, 1000.000000000000114 ) ;
#1275 = ORIENTED_EDGE ( 'NONE', *, *, #1974, .F. ) ;
#1276 = EDGE_CURVE ( 'NONE', #2263, #1852, #949, .T. ) ;
#1277 = ORIENTED_EDGE ( 'NONE', *, *, #249, .T. ) ;
#1278 = ORIENTED_EDGE ( 'NONE', *, *, #987, .T. ) ;
#1279 = CARTESIAN_POINT ( 'NONE',  ( -5.881506628631349543, 0.000000000000000000, -7.009306654537632575 ) ) ;
#1280 = CARTESIAN_POINT ( 'NONE',  ( 2.136997178114912188, 16.00000000000000000, -4.409449292227876072 ) ) ;
#1281 = ORIENTED_EDGE ( 'NONE', *, *, #1958, .F. ) ;
#1282 = CARTESIAN_POINT ( 'NONE',  ( -15.00000000000000000, 16.00000000000000355, 2.500000000000000000 ) ) ;
#1283 = VECTOR ( 'NONE', #1158, 1000.000000000000000 ) ;
#1284 = DIRECTION ( 'NONE',  ( 0.000000000000000000, 0.000000000000000000, -1.000000000000000000 ) ) ;
#1285 = EDGE_CURVE ( 'NONE', #1642, #1170, #1018, .T. ) ;
#1286 = CARTESIAN_POINT ( 'NONE',  ( 3.271507984906495259E-12, 16.00000000000000000, 9.149999999999673506 ) ) ;
#1287 = UNCERTAINTY_MEASURE_WITH_UNIT (LENGTH_MEASURE( 1.000000000000000082E-05 ), #823, 'distance_accuracy_value', 'NONE');
#1288 = VERTEX_POINT ( 'NONE', #2007 ) ;
#1289 = EDGE_LOOP ( 'NONE', ( #1608, #2426, #1449, #2282 ) ) ;
#1290 = AXIS2_PLACEMENT_3D ( 'NONE', #2412, #732, #547 ) ;
#1291 = EDGE_CURVE ( 'NONE', #1505, #238, #2278, .T. ) ;
#1292 = LINE ( 'NONE', #115, #2327 ) ;
#1293 = VECTOR ( 'NONE', #2509, 1000.000000000000114 ) ;
#1294 = VERTEX_POINT ( 'NONE', #1426 ) ;
#1295 = EDGE_CURVE ( 'NONE', #369, #2281, #1354, .T. ) ;
#1296 = CALENDAR_DATE ( 2026, 6, 7 ) ;
#1297 = CARTESIAN_POINT ( 'NONE',  ( 3.582402711390971994, 14.36172565137290213, 3.491479387984566252 ) ) ;
#1298 = CC_DESIGN_APPROVAL ( #1304, ( #2053 ) ) ;
#1299 = ORIENTED_EDGE ( 'NONE', *, *, #2123, .F. ) ;
#1300 = CARTESIAN_POINT ( 'NONE',  ( -8.612460220655809541E-15, 16.00000000000000000, -11.00000000000000533 ) ) ;
#1301 = CARTESIAN_POINT ( 'NONE',  ( -0.4999999999967284503, 16.00000000000000000, 9.149999999999673506 ) ) ;
#1302 = ORIENTED_EDGE ( 'NONE', *, *, #1678, .F. ) ;
#1303 = ORIENTED_EDGE ( 'NONE', *, *, #2256, .F. ) ;
#1304 = APPROVAL ( #1588, 'UNSPECIFIED' ) ;
#1305 = CARTESIAN_POINT ( 'NONE',  ( -2.111542998356013001, 16.00000000000000000, -4.339514508108973878 ) ) ;
#1306 = DIRECTION ( 'NONE',  ( 0.000000000000000000, 1.000000000000000000, -0.000000000000000000 ) ) ;
#1307 = ORIENTED_EDGE ( 'NONE', *, *, #476, .F. ) ;
#1308 = LINE ( 'NONE', #2517, #2037 ) ;
#1309 = EDGE_CURVE ( 'NONE', #747, #2440, #2213, .T. ) ;
#1310 = EDGE_LOOP ( 'NONE', ( #1726, #1475, #1074, #776 ) ) ;
#1311 = B_SPLINE_CURVE_WITH_KNOTS ( 'NONE', 3,
 ( #840, #1396, #413, #452, #1769, #594, #1177 ),
 .UNSPECIFIED., .F., .F.,
 ( 4, 3, 4 ),
 ( 2.003930643558154930E-07, 0.01110717826137971181, 0.01603169201758564491 ),
 .UNSPECIFIED. ) ;
#1312 = DIRECTION ( 'NONE',  ( 0.000000000000000000, 1.084202172485504311E-16, -1.000000000000000000 ) ) ;
#1313 = CIRCLE ( 'NONE', #216, 4.900000000000002132 ) ;
#1314 = CARTESIAN_POINT ( 'NONE',  ( -3.599330621822671272, 0.000000000000000000, -8.427177408527674274 ) ) ;
#1315 = LINE ( 'NONE', #2230, #924 ) ;
#1316 = LINE ( 'NONE', #1487, #1257 ) ;
#1317 = VECTOR ( 'NONE', #713, 1000.000000000000114 ) ;
#1318 = ORIENTED_EDGE ( 'NONE', *, *, #2158, .F. ) ;
#1319 = CIRCLE ( 'NONE', #222, 4.900000000000002132 ) ;
#1320 = CARTESIAN_POINT ( 'NONE',  ( 0.000000000000000000, -6.519257497579211703E-16, -7.068193141867794065E-32 ) ) ;
#1321 = CARTESIAN_POINT ( 'NONE',  ( -0.4999999999999996669, 5.333348791515126308, -5.544237619480592016 ) ) ;
#1322 = ORIENTED_EDGE ( 'NONE', *, *, #675, .T. ) ;
#1323 = ADVANCED_FACE ( 'NONE', ( #1838 ), #2416, .F. ) ;
#1324 = DIRECTION ( 'NONE',  ( 0.000000000000000000, 0.000000000000000000, 1.000000000000000000 ) ) ;
#1325 = EDGE_CURVE ( 'NONE', #31, #720, #402, .T. ) ;
#1326 = DIRECTION ( 'NONE',  ( -0.4999999999999996114, 0.000000000000000000, 0.8660254037844389297 ) ) ;
#1327 = LINE ( 'NONE', #194, #2342 ) ;
#1328 = CARTESIAN_POINT ( 'NONE',  ( -2.702358304932907185, 16.00000000000000000, 3.998407131815128857 ) ) ;
#1329 = ORIENTED_EDGE ( 'NONE', *, *, #2301, .T. ) ;
#1330 = CARTESIAN_POINT ( 'NONE',  ( -4.718151619446387279, 2.264592486230104118, -3.301376376753685005 ) ) ;
#1331 = DIRECTION ( 'NONE',  ( -0.000000000000000000, 1.000000000000000000, -0.000000000000000000 ) ) ;
#1332 = VERTEX_POINT ( 'NONE', #1562 ) ;
#1333 = AXIS2_PLACEMENT_3D ( 'NONE', #1923, #1130, #729 ) ;
#1334 = ORIENTED_EDGE ( 'NONE', *, *, #1424, .T. ) ;
#1335 = CARTESIAN_POINT ( 'NONE',  ( -10.71214264281428186, 16.00000000000000355, -2.500000000000000000 ) ) ;
#1336 = DIRECTION ( 'NONE',  ( -0.7660444431189781245, 0.000000000000000000, -0.6427876096865392519 ) ) ;
#1337 = ORIENTED_EDGE ( 'NONE', *, *, #1600, .T. ) ;
#1338 = EDGE_CURVE ( 'NONE', #1288, #1633, #1241, .T. ) ;
#1339 = CARTESIAN_POINT ( 'NONE',  ( 1.540813288573673168, -1.269406199995294786E-15, 5.695251918023888749 ) ) ;
#1340 = B_SPLINE_CURVE_WITH_KNOTS ( 'NONE', 3,
 ( #1892, #915, #1693, #628, #1357, #1369, #1998 ),
 .UNSPECIFIED., .F., .F.,
 ( 4, 3, 4 ),
 ( 2.003930643557470421E-07, 0.01110717826137971528, 0.01603169201758565532 ),
 .UNSPECIFIED. ) ;
#1341 = ORIENTED_EDGE ( 'NONE', *, *, #2191, .T. ) ;
#1342 = ORIENTED_EDGE ( 'NONE', *, *, #556, .T. ) ;
#1343 = DIRECTION ( 'NONE',  ( -0.8660254037844385966, 0.000000000000000000, -0.5000000000000001110 ) ) ;
#1344 = CARTESIAN_POINT ( 'NONE',  ( -2.136997178112232998, 16.00000000000000000, 4.409449292229177253 ) ) ;
#1345 = DIRECTION ( 'NONE',  ( -0.000000000000000000, 1.000000000000000000, -0.000000000000000000 ) ) ;
#1346 = LINE ( 'NONE', #391, #1283 ) ;
#1347 = EDGE_CURVE ( 'NONE', #849, #2219, #2140, .T. ) ;
#1348 = ORIENTED_EDGE ( 'NONE', *, *, #1919, .T. ) ;
#1349 = AXIS2_PLACEMENT_3D ( 'NONE', #1077, #1433, #863 ) ;
#1350 = DIRECTION ( 'NONE',  ( -0.000000000000000000, 1.000000000000000000, -0.000000000000000000 ) ) ;
#1351 = AXIS2_PLACEMENT_3D ( 'NONE', #1107, #1706, #1722 ) ;
#1352 = EDGE_CURVE ( 'NONE', #1147, #2122, #1483, .T. ) ;
#1353 = ORIENTED_EDGE ( 'NONE', *, *, #1452, .F. ) ;
#1354 = CIRCLE ( 'NONE', #261, 0.4999999999999995559 ) ;
#1355 = CARTESIAN_POINT ( 'NONE',  ( -7.924132444626653893, 0.000000000000000000, -4.574999999998665245 ) ) ;
#1356 = CARTESIAN_POINT ( 'NONE',  ( -2.431922620763019793, 2.264592486230101454, 5.219750286334872591 ) ) ;
#1357 = CARTESIAN_POINT ( 'NONE',  ( 2.207393522037766509, 12.72344918566115446, 4.602861657558190878 ) ) ;
#1358 = DIRECTION ( 'NONE',  ( 0.000000000000000000, 1.084202172485504311E-16, -1.000000000000000000 ) ) ;
#1359 = PLANE ( 'NONE',  #497 ) ;
#1360 = ORIENTED_EDGE ( 'NONE', *, *, #813, .F. ) ;
#1361 = EDGE_CURVE ( 'NONE', #2471, #2042, #2393, .T. ) ;
#1362 = DIRECTION ( 'NONE',  ( -1.000000000000000000, 0.000000000000000000, -0.000000000000000000 ) ) ;
#1363 = DIRECTION ( 'NONE',  ( -0.000000000000000000, 1.000000000000000000, -0.000000000000000000 ) ) ;
#1364 = VERTEX_POINT ( 'NONE', #2004 ) ;
#1365 = ADVANCED_FACE ( 'NONE', ( #1250 ), #239, .F. ) ;
#1366 = CIRCLE ( 'NONE', #1858, 0.5000000000000004441 ) ;
#1367 =( NAMED_UNIT ( * ) SI_UNIT ( $, .STERADIAN. ) SOLID_ANGLE_UNIT ( ) );
#1368 = CARTESIAN_POINT ( 'NONE',  ( -2.383326812571403330, 4.529182676857266721, 5.086234400648258713 ) ) ;
#1369 = CARTESIAN_POINT ( 'NONE',  ( 2.172201111880639690, 14.36172565137290213, 4.506171305315298525 ) ) ;
#1370 = CARTESIAN_POINT ( 'NONE',  ( 0.000000000000000000, -6.519257497579211703E-16, -7.068193141867794065E-32 ) ) ;
#1371 = DIRECTION ( 'NONE',  ( 0.000000000000000000, 0.9989031743698378873, 0.04682358629858626026 ) ) ;
#1372 = CC_DESIGN_SECURITY_CLASSIFICATION ( #324, ( #775 ) ) ;
#1373 = DIRECTION ( 'NONE',  ( 0.6427876096865392519, 0.000000000000000000, -0.7660444431189781245 ) ) ;
#1374 = CARTESIAN_POINT ( 'NONE',  ( 1.171850377570298640, 0.000000000000000000, -4.681534651435764083 ) ) ;
#1375 = ORIENTED_EDGE ( 'NONE', *, *, #1291, .F. ) ;
#1376 = CARTESIAN_POINT ( 'NONE',  ( 1.232508491091656833, 14.36172565137290213, -4.848191448642410251 ) ) ;
#1377 = VERTEX_POINT ( 'NONE', #1383 ) ;
#1378 = AXIS2_PLACEMENT_3D ( 'NONE', #1012, #2337, #1796 ) ;
#1379 = DIRECTION ( 'NONE',  ( 0.000000000000000000, 1.084202172485504311E-16, -1.000000000000000000 ) ) ;
#1380 = CARTESIAN_POINT ( 'NONE',  ( 3.271507984906495259E-12, 0.000000000000000000, 9.149999999999673506 ) ) ;
#1381 = LINE ( 'NONE', #2385, #1942 ) ;
#1382 = CARTESIAN_POINT ( 'NONE',  ( -4.161826197676396610, 0.000000000000000000, -4.182009409402904332 ) ) ;
#1383 = CARTESIAN_POINT ( 'NONE',  ( 7.924132444629926830, 0.000000000000000000, 5.074999999998337508 ) ) ;
#1384 = LINE ( 'NONE', #1618, #790 ) ;
#1385 = DIRECTION ( 'NONE',  ( 0.000000000000000000, 1.000000000000000000, -0.000000000000000000 ) ) ;
#1386 = DIRECTION ( 'NONE',  ( 0.000000000000000000, 0.000000000000000000, -1.000000000000000000 ) ) ;
#1387 = ORIENTED_EDGE ( 'NONE', *, *, #2430, .F. ) ;
#1388 = VECTOR ( 'NONE', #1345, 1000.000000000000000 ) ;
#1389 = LINE ( 'NONE', #399, #627 ) ;
#1390 = VERTEX_POINT ( 'NONE', #40 ) ;
#1391 = AXIS2_PLACEMENT_3D ( 'NONE', #1031, #78, #1417 ) ;
#1392 = EDGE_CURVE ( 'NONE', #2042, #2208, #1677, .T. ) ;
#1393 = AXIS2_PLACEMENT_3D ( 'NONE', #430, #2000, #1813 ) ;
#1394 = DATE_AND_TIME ( #411, #1872 ) ;
#1395 = EDGE_CURVE ( 'NONE', #846, #192, #2097, .T. ) ;
#1396 = CARTESIAN_POINT ( 'NONE',  ( -2.401234093325098407, 3.695063964633718445, -5.135434250153618763 ) ) ;
#1397 = CARTESIAN_POINT ( 'NONE',  ( -6.609803857723079545, 0.2384689629845874737, 3.238821767360095194 ) ) ;
#1398 = LINE ( 'NONE', #605, #1010 ) ;
#1399 = DIRECTION ( 'NONE',  ( 0.000000000000000000, 1.084202172485504311E-16, -1.000000000000000000 ) ) ;
#1400 = DIRECTION ( 'NONE',  ( -0.8660254037844385966, 0.000000000000000000, -0.5000000000000001110 ) ) ;
#1401 = CARTESIAN_POINT ( 'NONE',  ( 2.480505909356313321, -7.152719776319793125E-17, -5.353231774699132473 ) ) ;
#1402 = VERTEX_POINT ( 'NONE', #2178 ) ;
#1403 = ORIENTED_EDGE ( 'NONE', *, *, #460, .T. ) ;
#1404 = AXIS2_PLACEMENT_3D ( 'NONE', #71, #2396, #414 ) ;
#1405 = DIRECTION ( 'NONE',  ( 1.000000000000000000, 0.000000000000000000, 0.000000000000000000 ) ) ;
#1406 = DIRECTION ( 'NONE',  ( -0.6427876096865392519, -0.000000000000000000, 0.7660444431189781245 ) ) ;
#1407 = PLANE ( 'NONE',  #1806 ) ;
#1408 = CARTESIAN_POINT ( 'NONE',  ( -7.674132444626653005, 0.000000000000000000, -5.008012701890883989 ) ) ;
#1409 = FACE_OUTER_BOUND ( 'NONE', #1544, .T. ) ;
#1410 = AXIS2_PLACEMENT_3D ( 'NONE', #240, #33, #602 ) ;
#1411 = PLANE ( 'NONE',  #1024 ) ;
#1412 = APPROVAL_PERSON_ORGANIZATION ( #450, #1304, #227 ) ;
#1413 = CARTESIAN_POINT ( 'NONE',  ( 5.881506628634618927, 0.000000000000000000, 7.009306654537308390 ) ) ;
#1414 = ORIENTED_EDGE ( 'NONE', *, *, #2329, .F. ) ;
#1415 = CARTESIAN_POINT ( 'NONE',  ( -3.304475038993255787, 2.264592486230104118, -4.715981912787874819 ) ) ;
#1416 = ORIENTED_EDGE ( 'NONE', *, *, #646, .F. ) ;
#1417 = DIRECTION ( 'NONE',  ( 0.000000000000000000, 0.000000000000000000, 1.000000000000000000 ) ) ;
#1418 = LINE ( 'NONE', #1623, #1141 ) ;
#1419 = CARTESIAN_POINT ( 'NONE',  ( 1.171850377570298640, 0.000000000000000000, -4.681534651435764083 ) ) ;
#1420 = LINE ( 'NONE', #1232, #135 ) ;
#1421 = ORIENTED_EDGE ( 'NONE', *, *, #1276, .F. ) ;
#1422 = ORIENTED_EDGE ( 'NONE', *, *, #1848, .T. ) ;
#1423 = ORIENTED_EDGE ( 'NONE', *, *, #659, .T. ) ;
#1424 = EDGE_CURVE ( 'NONE', #1501, #1495, #2133, .T. ) ;
#1425 = MANIFOLD_SOLID_BREP ( 'Cut-Extrude2[2]', #1214 ) ;
#1426 = CARTESIAN_POINT ( 'NONE',  ( 6.629165124596918979, 7.960204194457791533E-16, -3.249999999999997780 ) ) ;
#1427 = ORIENTED_EDGE ( 'NONE', *, *, #2174, .F. ) ;
#1428 = AXIS2_PLACEMENT_3D ( 'NONE', #1749, #2512, #780 ) ;
#1429 = FACE_OUTER_BOUND ( 'NONE', #611, .T. ) ;
#1430 = AXIS2_PLACEMENT_3D ( 'NONE', #439, #1206, #1988 ) ;
#1431 = CARTESIAN_POINT ( 'NONE',  ( -5.881506628628841327, 0.000000000000000000, 7.509306654539414261 ) ) ;
#1432 = MANIFOLD_SOLID_BREP ( 'Cut-Extrude2[1]', #2394 ) ;
#1433 = DIRECTION ( 'NONE',  ( -0.000000000000000000, -1.000000000000000000, -1.084202172485504434E-16 ) ) ;
#1434 = DIRECTION ( 'NONE',  ( -0.000000000000000000, 1.000000000000000000, -0.000000000000000000 ) ) ;
#1435 = ORIENTED_EDGE ( 'NONE', *, *, #1658, .T. ) ;
#1436 = ORIENTED_EDGE ( 'NONE', *, *, #920, .T. ) ;
#1437 = CC_DESIGN_PERSON_AND_ORGANIZATION_ASSIGNMENT ( #1982, #1969, ( #1924 ) ) ;
#1438 = VERTEX_POINT ( 'NONE', #245 ) ;
#1439 = LINE ( 'NONE', #871, #2169 ) ;
#1440 = ORIENTED_EDGE ( 'NONE', *, *, #1347, .F. ) ;
#1441 = ADVANCED_FACE ( 'NONE', ( #2072 ), #1450, .F. ) ;
#1442 = COORDINATED_UNIVERSAL_TIME_OFFSET ( 5, 0, .BEHIND. ) ;
#1443 = DIRECTION ( 'NONE',  ( -0.000000000000000000, 1.000000000000000000, -0.000000000000000000 ) ) ;
#1444 = CARTESIAN_POINT ( 'NONE',  ( -10.65325117016445411, 10.61671376665269584, -2.752341542188155632 ) ) ;
#1445 = VECTOR ( 'NONE', #2268, 1000.000000000000000 ) ;
#1446 = DIRECTION ( 'NONE',  ( 0.000000000000000000, 1.000000000000000000, -0.000000000000000000 ) ) ;
#1447 = ORIENTED_EDGE ( 'NONE', *, *, #236, .T. ) ;
#1448 = ORIENTED_EDGE ( 'NONE', *, *, #1547, .F. ) ;
#1449 = ORIENTED_EDGE ( 'NONE', *, *, #171, .F. ) ;
#1450 = CYLINDRICAL_SURFACE ( 'NONE', #554, 0.5000000000000004441 ) ;
#1451 = VERTEX_POINT ( 'NONE', #102 ) ;
#1452 = EDGE_CURVE ( 'NONE', #2263, #1936, #883, .T. ) ;
#1453 = CARTESIAN_POINT ( 'NONE',  ( -0.5000000000000000000, 0.000000000000000000, -9.149999999999998579 ) ) ;
#1454 = EDGE_CURVE ( 'NONE', #2126, #684, #1490, .T. ) ;
#1455 = CYLINDRICAL_SURFACE ( 'NONE', #1533, 0.4999999999999995559 ) ;
#1456 = AXIS2_PLACEMENT_3D ( 'NONE', #986, #1578, #1371 ) ;
#1457 = DIRECTION ( 'NONE',  ( 0.000000000000000000, 1.000000000000000000, 0.000000000000000000 ) ) ;
#1458 = DIRECTION ( 'NONE',  ( -0.000000000000000000, 1.000000000000000000, -0.000000000000000000 ) ) ;
#1459 = VERTEX_POINT ( 'NONE', #1871 ) ;
#1460 = VERTEX_POINT ( 'NONE', #1477 ) ;
#1461 = ORIENTED_EDGE ( 'NONE', *, *, #1832, .F. ) ;
#1462 = DIRECTION ( 'NONE',  ( -0.000000000000000000, 1.000000000000000000, -0.000000000000000000 ) ) ;
#1463 = CARTESIAN_POINT ( 'NONE',  ( 3.271507984906495259E-12, 0.000000000000000000, 9.149999999999673506 ) ) ;
#1464 = ORIENTED_EDGE ( 'NONE', *, *, #2123, .T. ) ;
#1465 = SHAPE_DEFINITION_REPRESENTATION ( #1091, #948 ) ;
#1466 = CARTESIAN_POINT ( 'NONE',  ( -10.71214264281428008, 16.00000000000000355, 2.500000000000000000 ) ) ;
#1467 = VECTOR ( 'NONE', #703, 1000.000000000000114 ) ;
#1468 = EDGE_CURVE ( 'NONE', #1500, #1682, #1113, .T. ) ;
#1469 = AXIS2_PLACEMENT_3D ( 'NONE', #1965, #2375, #1570 ) ;
#1470 = CARTESIAN_POINT ( 'NONE',  ( -3.516240957828100200, 16.00000000000000000, 3.412630880492669494 ) ) ;
#1471 = CIRCLE ( 'NONE', #386, 0.5000000000000004441 ) ;
#1472 = CARTESIAN_POINT ( 'NONE',  ( 0.5000000000000003331, -1.454764561236552881E-17, -5.878775382679628514 ) ) ;
#1473 = DIRECTION ( 'NONE',  ( -0.8660254037844387076, 0.000000000000000000, -0.4999999999999997224 ) ) ;
#1474 = AXIS2_PLACEMENT_3D ( 'NONE', #445, #1579, #1216 ) ;
#1475 = ORIENTED_EDGE ( 'NONE', *, *, #2179, .T. ) ;
#1476 = EDGE_LOOP ( 'NONE', ( #784, #892, #1252, #142 ) ) ;
#1477 = CARTESIAN_POINT ( 'NONE',  ( 0.5000000000000003331, 16.00000000000000000, -4.874423042781577564 ) ) ;
#1478 = VERTEX_POINT ( 'NONE', #2045 ) ;
#1479 = CYLINDRICAL_SURFACE ( 'NONE', #1721, 0.5000000000000004441 ) ;
#1480 = VERTEX_POINT ( 'NONE', #513 ) ;
#1481 = AXIS2_PLACEMENT_3D ( 'NONE', #230, #2153, #2348 ) ;
#1482 = CARTESIAN_POINT ( 'NONE',  ( -8.174132444625017868, 0.000000000000000000, 4.141987298108957383 ) ) ;
#1483 = B_SPLINE_CURVE_WITH_KNOTS ( 'NONE', 3,
 ( #1949, #1957, #1143, #1768, #6, #802, #423 ),
 .UNSPECIFIED., .F., .F.,
 ( 4, 3, 4 ),
 ( 2.003930643557350248E-07, 0.01110717826137971528, 0.01603169201758564838 ),
 .UNSPECIFIED. ) ;
#1484 = CARTESIAN_POINT ( 'NONE',  ( 0.000000000000000000, -6.519257497579211703E-16, -7.068193141867794065E-32 ) ) ;
#1485 = CARTESIAN_POINT ( 'NONE',  ( -5.498484407071861035, 16.00000000000000000, -7.330700459380902423 ) ) ;
#1486 = ADVANCED_FACE ( 'NONE', ( #2101 ), #127, .F. ) ;
#1487 = CARTESIAN_POINT ( 'NONE',  ( 7.674132444628288141, 0.000000000000000000, -5.008012701893716390 ) ) ;
#1488 = VERTEX_POINT ( 'NONE', #2261 ) ;
#1489 = CIRCLE ( 'NONE', #1041, 0.5000000000000004441 ) ;
#1490 = LINE ( 'NONE', #1265, #1807 ) ;
#1491 = EDGE_CURVE ( 'NONE', #1732, #1459, #907, .T. ) ;
#1492 = CARTESIAN_POINT ( 'NONE',  ( -2.882498364532227964, 12.72344918566115624, 4.213089695012754099 ) ) ;
#1493 = ORIENTED_EDGE ( 'NONE', *, *, #2271, .T. ) ;
#1494 = CARTESIAN_POINT ( 'NONE',  ( 8.174132444628288141, 0.000000000000000000, -4.141987298109278015 ) ) ;
#1495 = VERTEX_POINT ( 'NONE', #1085 ) ;
#1496 = LINE ( 'NONE', #353, #606 ) ;
#1497 = CARTESIAN_POINT ( 'NONE',  ( -3.863799744166470873, 7.390121892295790751, -3.826835312744338857 ) ) ;
#1498 = CARTESIAN_POINT ( 'NONE',  ( 4.472014042064239803, 6.793769985310308179, 3.159268780192205028 ) ) ;
#1499 = EDGE_LOOP ( 'NONE', ( #2472, #1595, #965, #2008 ) ) ;
#1500 = VERTEX_POINT ( 'NONE', #525 ) ;
#1501 = VERTEX_POINT ( 'NONE', #2427 ) ;
#1502 = EDGE_CURVE ( 'NONE', #2265, #720, #1292, .T. ) ;
#1503 = DIRECTION ( 'NONE',  ( 0.6427876096865392519, 0.000000000000000000, -0.7660444431189781245 ) ) ;
#1504 = CARTESIAN_POINT ( 'NONE',  ( -7.924132444625017868, 16.00000000000000000, 4.575000000001176126 ) ) ;
#1505 = VERTEX_POINT ( 'NONE', #712 ) ;
#1506 = ADVANCED_FACE ( 'NONE', ( #1071 ), #2462, .T. ) ;
#1507 = DIRECTION ( 'NONE',  ( 0.000000000000000000, 1.000000000000000000, 0.000000000000000000 ) ) ;
#1508 = LINE ( 'NONE', #204, #572 ) ;
#1509 = CIRCLE ( 'NONE', #1428, 0.4999999999999995559 ) ;
#1510 = DIRECTION ( 'NONE',  ( 0.000000000000000000, 1.000000000000000000, -0.000000000000000000 ) ) ;
#1511 = CARTESIAN_POINT ( 'NONE',  ( 0.5000000000000003331, 16.00000000000000000, -9.149999999999998579 ) ) ;
#1512 = VERTEX_POINT ( 'NONE', #1125 ) ;
#1513 = VECTOR ( 'NONE', #2273, 1000.000000000000000 ) ;
#1514 = VERTEX_POINT ( 'NONE', #1883 ) ;
#1515 = AXIS2_PLACEMENT_3D ( 'NONE', #1320, #329, #932 ) ;
#1516 = CARTESIAN_POINT ( 'NONE',  ( -0.4999999999999996669, 0.000000000000000000, -4.799999999999999822 ) ) ;
#1517 = VERTEX_POINT ( 'NONE', #894 ) ;
#1518 = AXIS2_PLACEMENT_3D ( 'NONE', #2374, #1003, #58 ) ;
#1519 = B_SPLINE_CURVE_WITH_KNOTS ( 'NONE', 3,
 ( #405, #1751, #21, #2154, #2514, #415, #782 ),
 .UNSPECIFIED., .F., .F.,
 ( 4, 3, 4 ),
 ( 2.003930643557240399E-07, 0.01110717826137971355, 0.01603169201758565185 ),
 .UNSPECIFIED. ) ;
#1520 = EDGE_CURVE ( 'NONE', #1248, #2115, #2452, .T. ) ;
#1521 = ORIENTED_EDGE ( 'NONE', *, *, #610, .F. ) ;
#1522 = DIRECTION ( 'NONE',  ( -0.000000000000000000, -1.000000000000000000, -1.084202172485504434E-16 ) ) ;
#1523 = DIRECTION ( 'NONE',  ( 0.000000000000000000, 0.000000000000000000, 1.000000000000000000 ) ) ;
#1524 = CARTESIAN_POINT ( 'NONE',  ( -3.395781754554934473, 0.000000000000000000, 4.824797019091249695 ) ) ;
#1525 = DIRECTION ( 'NONE',  ( -0.000000000000000000, -1.000000000000000000, -1.084202172485504434E-16 ) ) ;
#1526 = ORIENTED_EDGE ( 'NONE', *, *, #785, .F. ) ;
#1527 = VECTOR ( 'NONE', #2176, 1000.000000000000114 ) ;
#1528 = AXIS2_PLACEMENT_3D ( 'NONE', #74, #1385, #854 ) ;
#1529 = B_SPLINE_CURVE_WITH_KNOTS ( 'NONE', 3,
 ( #1762, #1943, #1138, #598, #1753, #2124, #1339 ),
 .UNSPECIFIED., .F., .F.,
 ( 4, 3, 4 ),
 ( 2.003943462289664775E-07, 0.009224562600314378455, 0.01603169201905865759 ),
 .UNSPECIFIED. ) ;
#1530 = LINE ( 'NONE', #977, #429 ) ;
#1531 = CARTESIAN_POINT ( 'NONE',  ( -1.171850377570105017, 0.000000000000000000, -4.681534651434643202 ) ) ;
#1532 = ORIENTED_EDGE ( 'NONE', *, *, #3, .F. ) ;
#1533 = AXIS2_PLACEMENT_3D ( 'NONE', #2079, #518, #900 ) ;
#1534 = AXIS2_PLACEMENT_3D ( 'NONE', #5, #1200, #1034 ) ;
#1535 = ORIENTED_EDGE ( 'NONE', *, *, #1678, .T. ) ;
#1536 = EDGE_CURVE ( 'NONE', #1170, #1836, #1854, .T. ) ;
#1537 = LINE ( 'NONE', #2128, #17 ) ;
#1538 = ORGANIZATION ( 'UNSPECIFIED', 'UNSPECIFIED', '' ) ;
#1539 = EDGE_CURVE ( 'NONE', #155, #2030, #2283, .T. ) ;
#1540 = CARTESIAN_POINT ( 'NONE',  ( 3.395781754559676457, -1.175031290747591301E-15, 4.824797019087913696 ) ) ;
#1541 = DIRECTION ( 'NONE',  ( -0.000000000000000000, 1.000000000000000000, -0.000000000000000000 ) ) ;
#1542 = ORIENTED_EDGE ( 'NONE', *, *, #1163, .F. ) ;
#1543 = DIRECTION ( 'NONE',  ( 0.5000000000000004441, 0.000000000000000000, 0.8660254037844384856 ) ) ;
#1544 = EDGE_LOOP ( 'NONE', ( #1299, #1703, #2157, #2311 ) ) ;
#1545 = AXIS2_PLACEMENT_3D ( 'NONE', #1782, #2525, #795 ) ;
#1546 = DIRECTION ( 'NONE',  ( 0.000000000000000000, 1.000000000000000000, -0.000000000000000000 ) ) ;
#1547 = EDGE_CURVE ( 'NONE', #493, #1934, #698, .T. ) ;
#1548 = DIRECTION ( 'NONE',  ( 0.8660254037844384856, 0.000000000000000000, -0.5000000000000003331 ) ) ;
#1549 = CARTESIAN_POINT ( 'NONE',  ( 0.5000000000032709391, 16.00000000000000000, 4.874423042781245385 ) ) ;
#1550 = DIRECTION ( 'NONE',  ( 0.3420201433256695456, 0.000000000000000000, 0.9396926207859082059 ) ) ;
#1551 = ADVANCED_FACE ( 'NONE', ( #2272 ), #2086, .F. ) ;
#1552 = ORIENTED_EDGE ( 'NONE', *, *, #2345, .F. ) ;
#1553 = CIRCLE ( 'NONE', #1800, 4.900000000000002132 ) ;
#1554 = ORIENTED_EDGE ( 'NONE', *, *, #1730, .F. ) ;
#1555 = CARTESIAN_POINT ( 'NONE',  ( -4.138345986082930139, 12.93126332337866735, -2.966625438253631231 ) ) ;
#1556 = VECTOR ( 'NONE', #1576, 1000.000000000000227 ) ;
#1557 = CARTESIAN_POINT ( 'NONE',  ( -1.540813288570591855, -3.444529952045698350E-17, -5.695251918024723636 ) ) ;
#1558 = EDGE_CURVE ( 'NONE', #895, #493, #921, .T. ) ;
#1559 = ORIENTED_EDGE ( 'NONE', *, *, #2444, .F. ) ;
#1560 = VECTOR ( 'NONE', #1622, 1000.000000000000114 ) ;
#1561 = COORDINATED_UNIVERSAL_TIME_OFFSET ( 5, 0, .BEHIND. ) ;
#1562 = CARTESIAN_POINT ( 'NONE',  ( 7.674132444629926830, 0.000000000000000000, 5.008012701890557139 ) ) ;
#1563 = CARTESIAN_POINT ( 'NONE',  ( -3.129484311426640630, 16.00000000000000000, 9.098187480191306520 ) ) ;
#1564 = CARTESIAN_POINT ( 'NONE',  ( 0.000000000000000000, -6.519257497579211703E-16, -7.068193141867794065E-32 ) ) ;
#1565 = APPLICATION_CONTEXT ( 'configuration controlled 3d designs of mechanical parts and assemblies' ) ;
#1566 = CARTESIAN_POINT ( 'NONE',  ( 2.136997178117972407, 16.00000000000000000, 4.409449292226395478 ) ) ;
#1567 = PLANE ( 'NONE',  #2403 ) ;
#1568 = EDGE_CURVE ( 'NONE', #2182, #650, #157, .T. ) ;
#1569 = CARTESIAN_POINT ( 'NONE',  ( -5.498484407071861035, 0.000000000000000000, -7.330700459380902423 ) ) ;
#1570 = DIRECTION ( 'NONE',  ( 0.000000000000000000, 0.000000000000000000, -1.000000000000000000 ) ) ;
#1571 = ORIENTED_EDGE ( 'NONE', *, *, #813, .T. ) ;
#1572 = VECTOR ( 'NONE', #1011, 1000.000000000000000 ) ;
#1573 = EDGE_CURVE ( 'NONE', #844, #1710, #989, .T. ) ;
#1574 = VECTOR ( 'NONE', #1078, 1000.000000000000000 ) ;
#1575 = CARTESIAN_POINT ( 'NONE',  ( -2.750196514711301443, 16.00000000000000000, -4.055418490177039814 ) ) ;
#1576 = DIRECTION ( 'NONE',  ( 0.08083542493543122154, -0.9956342260592880855, 0.04667035434652896247 ) ) ;
#1577 = DIRECTION ( 'NONE',  ( -0.9396926207859084279, 0.000000000000000000, -0.3420201433256687129 ) ) ;
#1578 = DIRECTION ( 'NONE',  ( 0.000000000000000000, 0.04682358629858626720, -0.9989031743698379984 ) ) ;
#1579 = DIRECTION ( 'NONE',  ( -0.000000000000000000, 1.000000000000000000, -0.000000000000000000 ) ) ;
#1580 = DIRECTION ( 'NONE',  ( 1.495451272393799542E-16, 0.000000000000000000, 1.000000000000000000 ) ) ;
#1581 = CARTESIAN_POINT ( 'NONE',  ( 0.5000000000032717162, 0.000000000000000000, 9.149999999999673506 ) ) ;
#1582 = FACE_OUTER_BOUND ( 'NONE', #61, .T. ) ;
#1583 = ORIENTED_EDGE ( 'NONE', *, *, #1192, .T. ) ;
#1584 = ADVANCED_FACE ( 'NONE', ( #2155 ), #1066, .F. ) ;
#1585 = ORIENTED_EDGE ( 'NONE', *, *, #1628, .F. ) ;
#1586 = ADVANCED_FACE ( 'NONE', ( #382 ), #1738, .F. ) ;
#1587 = VECTOR ( 'NONE', #428, 1000.000000000000227 ) ;
#1588 = APPROVAL_STATUS ( 'not_yet_approved' ) ;
#1589 = DIRECTION ( 'NONE',  ( -0.8660254037844385966, 0.000000000000000000, -0.5000000000000001110 ) ) ;
#1590 = DIRECTION ( 'NONE',  ( -0.000000000000000000, 1.000000000000000000, -0.000000000000000000 ) ) ;
#1591 = CARTESIAN_POINT ( 'NONE',  ( 3.906921938165981434, 0.000000000000000000, -2.833012701893716567 ) ) ;
#1592 = CARTESIAN_POINT ( 'NONE',  ( -7.924132444626653893, 16.00000000000000000, -4.574999999998665245 ) ) ;
#1593 = DIRECTION ( 'NONE',  ( -0.6427876096865392519, 0.000000000000000000, 0.7660444431189781245 ) ) ;
#1594 = CARTESIAN_POINT ( 'NONE',  ( -1.267700901245900180, 12.72344918566115446, 4.944881800886041567 ) ) ;
#1595 = ORIENTED_EDGE ( 'NONE', *, *, #1573, .F. ) ;
#1596 = AXIS2_PLACEMENT_3D ( 'NONE', #1172, #978, #1181 ) ;
#1597 = ORIENTED_EDGE ( 'NONE', *, *, #425, .T. ) ;
#1598 = AXIS2_PLACEMENT_3D ( 'NONE', #1632, #1073, #2046 ) ;
#1599 = AXIS2_PLACEMENT_3D ( 'NONE', #817, #1975, #233 ) ;
#1600 = EDGE_CURVE ( 'NONE', #2471, #2030, #1319, .T. ) ;
#1601 = DIRECTION ( 'NONE',  ( 0.7660444431189777914, 0.000000000000000000, -0.6427876096865396960 ) ) ;
#1602 = PLANE ( 'NONE',  #1725 ) ;
#1603 = DIRECTION ( 'NONE',  ( -0.000000000000000000, 1.000000000000000000, -0.000000000000000000 ) ) ;
#1604 = FACE_OUTER_BOUND ( 'NONE', #1954, .T. ) ;
#1605 = CARTESIAN_POINT ( 'NONE',  ( -3.979189237392447787, 4.529182676857265832, 3.964351155848789166 ) ) ;
#1606 = CARTESIAN_POINT ( 'NONE',  ( -1.197304557329189167, 16.00000000000000000, -4.751469435553466347 ) ) ;
#1607 = ORIENTED_EDGE ( 'NONE', *, *, #203, .T. ) ;
#1608 = ORIENTED_EDGE ( 'NONE', *, *, #2070, .T. ) ;
#1609 = CARTESIAN_POINT ( 'NONE',  ( -7.924132444625017868, 0.000000000000000000, 4.575000000001176126 ) ) ;
#1610 = ORIENTED_EDGE ( 'NONE', *, *, #764, .F. ) ;
#1611 = AXIS2_PLACEMENT_3D ( 'NONE', #1133, #604, #939 ) ;
#1612 = APPLICATION_PROTOCOL_DEFINITION ( 'international standard', 'config_control_design', 1994, #2075 ) ;
#1613 = EDGE_CURVE ( 'NONE', #2069, #62, #1530, .T. ) ;
#1614 = CARTESIAN_POINT ( 'NONE',  ( 6.609803857732858390, 0.2384689629851151627, 3.238821767360070769 ) ) ;
#1615 = DIRECTION ( 'NONE',  ( 0.000000000000000000, 1.000000000000000000, 0.000000000000000000 ) ) ;
#1616 = AXIS2_PLACEMENT_3D ( 'NONE', #293, #861, #1651 ) ;
#1617 = ADVANCED_FACE ( 'NONE', ( #371 ), #2318, .F. ) ;
#1618 = CARTESIAN_POINT ( 'NONE',  ( -0.4999999999967290609, 0.000000000000000000, 4.799999999999674749 ) ) ;
#1619 = CARTESIAN_POINT ( 'NONE',  ( -3.468402748054391527, 0.000000000000000000, -3.355619522126810139 ) ) ;
#1620 = ORIENTED_EDGE ( 'NONE', *, *, #2087, .T. ) ;
#1621 = VERTEX_POINT ( 'NONE', #2489 ) ;
#1622 = DIRECTION ( 'NONE',  ( 0.3420201433256689905, 0.000000000000000000, 0.9396926207859083169 ) ) ;
#1623 = CARTESIAN_POINT ( 'NONE',  ( 3.599330621822865783, 0.000000000000000000, -8.427177408528795155 ) ) ;
#1624 = CARTESIAN_POINT ( 'NONE',  ( -6.629165124600207015, 0.000000000000000000, -3.250000000000002220 ) ) ;
#1625 = DIRECTION ( 'NONE',  ( -0.3420201433256686019, 0.000000000000000000, 0.9396926207859084279 ) ) ;
#1626 = FACE_OUTER_BOUND ( 'NONE', #2032, .T. ) ;
#1627 = CARTESIAN_POINT ( 'NONE',  ( 3.252606517456513302E-16, 0.000000000000000000, -9.149999999999998579 ) ) ;
#1628 = EDGE_CURVE ( 'NONE', #1621, #1642, #1529, .T. ) ;
#1629 = EDGE_LOOP ( 'NONE', ( #683, #1668, #2353, #373 ) ) ;
#1630 = ORIENTED_EDGE ( 'NONE', *, *, #1347, .T. ) ;
#1631 = EDGE_CURVE ( 'NONE', #369, #225, #777, .T. ) ;
#1632 = CARTESIAN_POINT ( 'NONE',  ( -4.406921938164347630, 0.000000000000000000, -1.966987298106446014 ) ) ;
#1633 = VERTEX_POINT ( 'NONE', #2137 ) ;
#1634 = AXIS2_PLACEMENT_3D ( 'NONE', #2107, #366, #2098 ) ;
#1635 = CIRCLE ( 'NONE', #1964, 0.5000000000000004441 ) ;
#1636 = LINE ( 'NONE', #679, #936 ) ;
#1637 = AXIS2_PLACEMENT_3D ( 'NONE', #1180, #1543, #1963 ) ;
#1638 = CYLINDRICAL_SURFACE ( 'NONE', #1862, 0.5000000000000004441 ) ;
#1639 = B_SPLINE_CURVE_WITH_KNOTS ( 'NONE', 3,
 ( #552, #1321, #2102, #1908 ),
 .UNSPECIFIED., .F., .F.,
 ( 4, 4 ),
 ( 0.01606945466561661082, 0.03210094636909069377 ),
 .UNSPECIFIED. ) ;
#1640 = LINE ( 'NONE', #1093, #1183 ) ;
#1641 = CARTESIAN_POINT ( 'NONE',  ( 2.268841687676397711, 9.862519275789500384, -4.771689105127126851 ) ) ;
#1642 = VERTEX_POINT ( 'NONE', #761 ) ;
#1643 = ORIENTED_EDGE ( 'NONE', *, *, #1875, .F. ) ;
#1644 = ORIENTED_EDGE ( 'NONE', *, *, #2286, .F. ) ;
#1645 = ADVANCED_FACE ( 'NONE', ( #796 ), #748, .F. ) ;
#1646 = CARTESIAN_POINT ( 'NONE',  ( 4.238710035889253547, 11.08517096144873904, -3.024570649428162117 ) ) ;
#1647 = ORIENTED_EDGE ( 'NONE', *, *, #1790, .F. ) ;
#1648 = ADVANCED_FACE ( 'NONE', ( #1151 ), #2144, .F. ) ;
#1649 = DIRECTION ( 'NONE',  ( 0.000000000000000000, 0.000000000000000000, 1.000000000000000000 ) ) ;
#1650 = CIRCLE ( 'NONE', #2266, 5.900000000000000355 ) ;
#1651 = DIRECTION ( 'NONE',  ( 0.000000000000000000, 1.084202172485504311E-16, -1.000000000000000000 ) ) ;
#1652 = CYLINDRICAL_SURFACE ( 'NONE', #2250, 0.4999999999999995559 ) ;
#1653 = DIRECTION ( 'NONE',  ( 0.000000000000000000, 1.084202172485504311E-16, -1.000000000000000000 ) ) ;
#1654 = EDGE_LOOP ( 'NONE', ( #821, #589, #126, #1851 ) ) ;
#1655 = VERTEX_POINT ( 'NONE', #564 ) ;
#1656 = VERTEX_POINT ( 'NONE', #395 ) ;
#1657 = DIRECTION ( 'NONE',  ( -0.000000000000000000, 1.000000000000000000, -0.000000000000000000 ) ) ;
#1658 = EDGE_CURVE ( 'NONE', #2198, #2017, #319, .T. ) ;
#1659 = DIRECTION ( 'NONE',  ( 0.000000000000000000, 0.000000000000000000, 1.000000000000000000 ) ) ;
#1660 = ORIENTED_EDGE ( 'NONE', *, *, #1697, .T. ) ;
#1661 = CARTESIAN_POINT ( 'NONE',  ( 4.161826197678326622, 0.000000000000000000, 4.182009409400984090 ) ) ;
#1662 = ADVANCED_FACE ( 'NONE', ( #786 ), #406, .T. ) ;
#1663 = CARTESIAN_POINT ( 'NONE',  ( 6.609803857725804477, 0.2384689629845297698, -3.238821767360101855 ) ) ;
#1664 = DIRECTION ( 'NONE',  ( 0.000000000000000000, 0.000000000000000000, 1.000000000000000000 ) ) ;
#1665 = DIRECTION ( 'NONE',  ( -0.000000000000000000, -1.000000000000000000, -1.084202172485504434E-16 ) ) ;
#1666 = VERTEX_POINT ( 'NONE', #1569 ) ;
#1667 = AXIS2_PLACEMENT_3D ( 'NONE', #350, #2104, #133 ) ;
#1668 = ORIENTED_EDGE ( 'NONE', *, *, #521, .T. ) ;
#1669 = VERTEX_POINT ( 'NONE', #2339 ) ;
#1670 = DIRECTION ( 'NONE',  ( -0.000000000000000000, 1.000000000000000000, -0.000000000000000000 ) ) ;
#1671 = ORIENTED_EDGE ( 'NONE', *, *, #412, .T. ) ;
#1672 = LINE ( 'NONE', #1101, #618 ) ;
#1673 = CIRCLE ( 'NONE', #2002, 11.00000000000000000 ) ;
#1674 = EDGE_CURVE ( 'NONE', #434, #2265, #286, .T. ) ;
#1675 = CIRCLE ( 'NONE', #710, 0.5000000000000004441 ) ;
#1676 = DIRECTION ( 'NONE',  ( 0.000000000000000000, 0.000000000000000000, -1.000000000000000000 ) ) ;
#1677 = CIRCLE ( 'NONE', #1599, 5.900000000000000355 ) ;
#1678 = EDGE_CURVE ( 'NONE', #1248, #409, #246, .T. ) ;
#1679 = FACE_OUTER_BOUND ( 'NONE', #2056, .T. ) ;
#1680 = DIRECTION ( 'NONE',  ( 0.000000000000000000, 0.04682358629858599658, 0.9989031743698379984 ) ) ;
#1681 = AXIS2_PLACEMENT_3D ( 'NONE', #2351, #819, #480 ) ;
#1682 = VERTEX_POINT ( 'NONE', #43 ) ;
#1683 = ORIENTED_EDGE ( 'NONE', *, *, #2345, .T. ) ;
#1684 = EDGE_LOOP ( 'NONE', ( #1070, #751, #337, #1921 ) ) ;
#1685 = DIRECTION ( 'NONE',  ( -0.000000000000000000, 1.000000000000000000, -0.000000000000000000 ) ) ;
#1686 = DIRECTION ( 'NONE',  ( 0.000000000000000000, 0.000000000000000000, 1.000000000000000000 ) ) ;
#1687 = ORIENTED_EDGE ( 'NONE', *, *, #837, .T. ) ;
#1688 = FACE_OUTER_BOUND ( 'NONE', #361, .T. ) ;
#1689 = ORIENTED_EDGE ( 'NONE', *, *, #425, .F. ) ;
#1690 = FACE_OUTER_BOUND ( 'NONE', #881, .T. ) ;
#1691 = ADVANCED_FACE ( 'NONE', ( #2168 ), #2388, .F. ) ;
#1692 = VECTOR ( 'NONE', #271, 1000.000000000000000 ) ;
#1693 = CARTESIAN_POINT ( 'NONE',  ( 2.321929345641841724, 7.390121892295789863, 4.917546246629025397 ) ) ;
#1694 = CARTESIAN_POINT ( 'NONE',  ( 2.431922620765715415, 2.264592486230099677, -5.219750286333616707 ) ) ;
#1695 = CIRCLE ( 'NONE', #106, 0.5000000000000004441 ) ;
#1696 = CARTESIAN_POINT ( 'NONE',  ( 0.000000000000000000, 16.00000000000000000, 1.734723475976807094E-15 ) ) ;
#1697 = EDGE_CURVE ( 'NONE', #1149, #1016, #1194, .T. ) ;
#1698 = EDGE_LOOP ( 'NONE', ( #2402, #2246, #381, #264 ) ) ;
#1699 = ORIENTED_EDGE ( 'NONE', *, *, #1051, .T. ) ;
#1700 = CARTESIAN_POINT ( 'NONE',  ( 2.659638001036957800, 0.000000000000000000, -8.769197551854464479 ) ) ;
#1701 = CIRCLE ( 'NONE', #1333, 0.5000000000000004441 ) ;
#1702 = FACE_OUTER_BOUND ( 'NONE', #1499, .T. ) ;
#1703 = ORIENTED_EDGE ( 'NONE', *, *, #283, .T. ) ;
#1704 = LINE ( 'NONE', #1374, #176 ) ;
#1705 = DIRECTION ( 'NONE',  ( 0.000000000000000000, -0.000000000000000000, 1.000000000000000000 ) ) ;
#1706 = DIRECTION ( 'NONE',  ( 0.000000000000000000, 1.000000000000000000, -0.000000000000000000 ) ) ;
#1707 = CC_DESIGN_PERSON_AND_ORGANIZATION_ASSIGNMENT ( #2173, #1227, ( #2053 ) ) ;
#1708 = DIRECTION ( 'NONE',  ( -0.9396926207859083169, 0.000000000000000000, 0.3420201433256689905 ) ) ;
#1709 = ORIENTED_EDGE ( 'NONE', *, *, #1033, .F. ) ;
#1710 = VERTEX_POINT ( 'NONE', #635 ) ;
#1711 = EDGE_CURVE ( 'NONE', #2244, #1149, #1748, .T. ) ;
#1712 = CARTESIAN_POINT ( 'NONE',  ( -15.00000000000000000, 16.00000000000000355, -2.500000000000000000 ) ) ;
#1713 = AXIS2_PLACEMENT_3D ( 'NONE', #851, #2214, #280 ) ;
#1714 = DIRECTION ( 'NONE',  ( 0.000000000000000000, 0.000000000000000000, -1.000000000000000000 ) ) ;
#1715 = ORIENTED_EDGE ( 'NONE', *, *, #800, .T. ) ;
#1716 = B_SPLINE_CURVE_WITH_KNOTS ( 'NONE', 3,
 ( #595, #2336, #2499, #1549 ),
 .UNSPECIFIED., .F., .F.,
 ( 4, 4 ),
 ( 0.01606945466561663163, 0.03210094636909070764 ),
 .UNSPECIFIED. ) ;
#1717 = ADVANCED_FACE ( 'NONE', ( #1042 ), #1411, .F. ) ;
#1718 = VERTEX_POINT ( 'NONE', #671 ) ;
#1719 = CARTESIAN_POINT ( 'NONE',  ( -1.197304557326106300, 16.00000000000000000, 4.751469435554245280 ) ) ;
#1720 = ORIENTED_EDGE ( 'NONE', *, *, #1889, .F. ) ;
#1721 = AXIS2_PLACEMENT_3D ( 'NONE', #2264, #334, #925 ) ;
#1722 = DIRECTION ( 'NONE',  ( 0.000000000000000000, 0.000000000000000000, -1.000000000000000000 ) ) ;
#1723 = DIRECTION ( 'NONE',  ( 0.000000000000000000, 1.000000000000000000, -0.000000000000000000 ) ) ;
#1724 = FACE_OUTER_BOUND ( 'NONE', #893, .T. ) ;
#1725 = AXIS2_PLACEMENT_3D ( 'NONE', #19, #814, #1589 ) ;
#1726 = ORIENTED_EDGE ( 'NONE', *, *, #2493, .F. ) ;
#1727 = AXIS2_PLACEMENT_3D ( 'NONE', #1279, #2059, #359 ) ;
#1728 = CARTESIAN_POINT ( 'NONE',  ( 3.129484311432986221, 0.000000000000000000, 8.598187480190185639 ) ) ;
#1729 = EDGE_LOOP ( 'NONE', ( #957, #1552, #994, #733 ) ) ;
#1730 = EDGE_CURVE ( 'NONE', #2198, #170, #13, .T. ) ;
#1731 = EDGE_CURVE ( 'NONE', #597, #1267, #2205, .T. ) ;
#1732 = VERTEX_POINT ( 'NONE', #1581 ) ;
#1733 = CARTESIAN_POINT ( 'NONE',  ( 3.906921938167617903, 0.000000000000000000, 2.833012701890559093 ) ) ;
#1734 = CARTESIAN_POINT ( 'NONE',  ( 2.380768758621313275E-16, 16.00000000000000000, -9.149999999999998579 ) ) ;
#1735 = LINE ( 'NONE', #772, #400 ) ;
#1736 = VERTEX_POINT ( 'NONE', #2217 ) ;
#1737 = ORIENTED_EDGE ( 'NONE', *, *, #1756, .T. ) ;
#1738 = CYLINDRICAL_SURFACE ( 'NONE', #2365, 0.5000000000000004441 ) ;
#1739 = ORIENTED_EDGE ( 'NONE', *, *, #486, .F. ) ;
#1740 = VECTOR ( 'NONE', #1256, 1000.000000000000114 ) ;
#1741 = EDGE_CURVE ( 'NONE', #586, #2449, #48, .T. ) ;
#1742 = CARTESIAN_POINT ( 'NONE',  ( 1.461541472538997466, 3.695063964633718889, -5.477454393479348482 ) ) ;
#1743 = CONICAL_SURFACE ( 'NONE', #110, 5.900000000000000355, 0.06241880999595723900 ) ;
#1744 = ORIENTED_EDGE ( 'NONE', *, *, #206, .F. ) ;
#1745 = EDGE_CURVE ( 'NONE', #2111, #2406, #94, .T. ) ;
#1746 = DIRECTION ( 'NONE',  ( -0.3420201433256696011, 0.000000000000000000, -0.9396926207859082059 ) ) ;
#1747 = CARTESIAN_POINT ( 'NONE',  ( -4.406921938162710717, 16.00000000000000000, 1.966987298108955340 ) ) ;
#1748 = B_SPLINE_CURVE_WITH_KNOTS ( 'NONE', 3,
 ( #1027, #2399, #831, #260, #1605, #648, #1977 ),
 .UNSPECIFIED., .F., .F.,
 ( 4, 3, 4 ),
 ( 2.003943462289960972E-07, 0.009224562600314376720, 0.01603169201905866106 ),
 .UNSPECIFIED. ) ;
#1749 = CARTESIAN_POINT ( 'NONE',  ( 7.924132444629926830, 16.00000000000000000, 4.574999999998338396 ) ) ;
#1750 = DIRECTION ( 'NONE',  ( 0.000000000000000000, 0.000000000000000000, -1.000000000000000000 ) ) ;
#1751 = CARTESIAN_POINT ( 'NONE',  ( -4.640445540176805217, 3.695063964633718445, 3.256512750973175940 ) ) ;
#1752 = ORIENTED_EDGE ( 'NONE', *, *, #32, .F. ) ;
#1753 = CARTESIAN_POINT ( 'NONE',  ( 1.443634191791460797, 4.529182676857266721, 5.428254543971767099 ) ) ;
#1754 = CARTESIAN_POINT ( 'NONE',  ( -3.599330621819594622, 16.00000000000000000, 8.427177408528470082 ) ) ;
#1755 = FACE_OUTER_BOUND ( 'NONE', #1087, .T. ) ;
#1756 = EDGE_CURVE ( 'NONE', #1149, #1655, #2255, .T. ) ;
#1757 = FACE_OUTER_BOUND ( 'NONE', #2317, .T. ) ;
#1758 = CARTESIAN_POINT ( 'NONE',  ( 10.71214264281426409, 16.00000000000000355, -2.500000000000000000 ) ) ;
#1759 = CARTESIAN_POINT ( 'NONE',  ( 3.468402748057662244, 0.000000000000000000, 3.355619522126486398 ) ) ;
#1760 = CIRCLE ( 'NONE', #2439, 5.900000000000000355 ) ;
#1761 = DIRECTION ( 'NONE',  ( -0.000000000000000000, -1.000000000000000000, -1.084202172485504434E-16 ) ) ;
#1762 = CARTESIAN_POINT ( 'NONE',  ( 1.197304557332290909, 16.00000000000000000, 4.751469435552686527 ) ) ;
#1763 = AXIS2_PLACEMENT_3D ( 'NONE', #1380, #242, #1959 ) ;
#1764 = CARTESIAN_POINT ( 'NONE',  ( -5.881506628628841327, 16.00000000000000000, 7.509306654539414261 ) ) ;
#1765 = VERTEX_POINT ( 'NONE', #1784 ) ;
#1766 = AXIS2_PLACEMENT_3D ( 'NONE', #63, #1223, #1659 ) ;
#1767 = DIRECTION ( 'NONE',  ( 0.9396926207859084279, 0.000000000000000000, -0.3420201433256689350 ) ) ;
#1768 = CARTESIAN_POINT ( 'NONE',  ( 2.948620455360664305, 11.08517096144873904, -4.291890934303810745 ) ) ;
#1769 = CARTESIAN_POINT ( 'NONE',  ( -2.207393522034883926, 12.72344918566115446, -4.602861657559571995 ) ) ;
#1770 = CARTESIAN_POINT ( 'NONE',  ( -1.171850377567028145, 0.000000000000000000, 4.681534651435439898 ) ) ;
#1771 = EDGE_CURVE ( 'NONE', #597, #89, #843, .T. ) ;
#1772 = LINE ( 'NONE', #1759, #1587 ) ;
#1773 = DIRECTION ( 'NONE',  ( 0.000000000000000000, 0.9989031743698378873, 0.04682358629858626026 ) ) ;
#1774 = EDGE_CURVE ( 'NONE', #1718, #75, #23, .T. ) ;
#1775 = CARTESIAN_POINT ( 'NONE',  ( -0.4999999999999996669, 16.00000000000000000, -4.799999999999999822 ) ) ;
#1776 = ORIENTED_EDGE ( 'NONE', *, *, #1502, .F. ) ;
#1777 = VECTOR ( 'NONE', #2012, 1000.000000000000000 ) ;
#1778 = ORIENTED_EDGE ( 'NONE', *, *, #1067, .F. ) ;
#1779 = CARTESIAN_POINT ( 'NONE',  ( -2.334715299676852318, 6.793769985310306403, 4.952675366644952781 ) ) ;
#1780 = CARTESIAN_POINT ( 'NONE',  ( -0.4999999999967290609, 16.00000000000000000, 4.874423042781916848 ) ) ;
#1781 = CARTESIAN_POINT ( 'NONE',  ( 2.750196514710664175, 16.00000000000000000, -4.055418490177473245 ) ) ;
#1782 = CARTESIAN_POINT ( 'NONE',  ( -5.881506628628841327, 16.00000000000000000, 7.009306654539414261 ) ) ;
#1783 = FACE_OUTER_BOUND ( 'NONE', #1111, .T. ) ;
#1784 = CARTESIAN_POINT ( 'NONE',  ( -8.174132444626653893, 16.00000000000000000, -4.141987298106446502 ) ) ;
#1785 = CARTESIAN_POINT ( 'NONE',  ( -1.492229999979993504, 2.264592486230099677, -5.561770429659207871 ) ) ;
#1786 = ORIENTED_EDGE ( 'NONE', *, *, #1105, .T. ) ;
#1787 = EDGE_CURVE ( 'NONE', #2429, #844, #1420, .T. ) ;
#1788 = ORIENTED_EDGE ( 'NONE', *, *, #1931, .T. ) ;
#1789 = AXIS2_PLACEMENT_3D ( 'NONE', #830, #2360, #1987 ) ;
#1790 = EDGE_CURVE ( 'NONE', #1115, #1718, #567, .T. ) ;
#1791 = CARTESIAN_POINT ( 'NONE',  ( 0.000000000000000000, -6.519257497579211703E-16, -7.068193141867794065E-32 ) ) ;
#1792 = DIRECTION ( 'NONE',  ( -0.000000000000000000, -1.000000000000000000, -1.084202172485504434E-16 ) ) ;
#1793 = VECTOR ( 'NONE', #269, 1000.000000000000000 ) ;
#1794 = CARTESIAN_POINT ( 'NONE',  ( -0.4999999999967289499, 5.333348791515128084, 5.544237619480886892 ) ) ;
#1795 = LINE ( 'NONE', #1408, #1777 ) ;
#1796 = DIRECTION ( 'NONE',  ( 0.000000000000000000, -0.000000000000000000, 1.000000000000000000 ) ) ;
#1797 = CARTESIAN_POINT ( 'NONE',  ( 0.000000000000000000, 16.00000000000000000, 1.734723475976807094E-15 ) ) ;
#1798 = DIRECTION ( 'NONE',  ( 0.8660254037844384856, 0.000000000000000000, -0.5000000000000003331 ) ) ;
#1799 = CARTESIAN_POINT ( 'NONE',  ( 3.129484311432986221, 16.00000000000000000, 8.598187480190185639 ) ) ;
#1800 = AXIS2_PLACEMENT_3D ( 'NONE', #2, #599, #1386 ) ;
#1801 = VERTEX_POINT ( 'NONE', #620 ) ;
#1802 = AXIS2_PLACEMENT_3D ( 'NONE', #1797, #1761, #11 ) ;
#1803 = EDGE_CURVE ( 'NONE', #844, #2034, #2226, .T. ) ;
#1804 = CARTESIAN_POINT ( 'NONE',  ( 4.439638869935587984, 7.390121892295790751, -3.140576965852770908 ) ) ;
#1805 = ORIENTED_EDGE ( 'NONE', *, *, #735, .T. ) ;
#1806 = AXIS2_PLACEMENT_3D ( 'NONE', #984, #2188, #2152 ) ;
#1807 = VECTOR ( 'NONE', #1503, 1000.000000000000000 ) ;
#1808 = COORDINATED_UNIVERSAL_TIME_OFFSET ( 5, 0, .BEHIND. ) ;
#1809 = LINE ( 'NONE', #1453, #1793 ) ;
#1810 = EDGE_CURVE ( 'NONE', #1032, #1512, #1124, .T. ) ;
#1811 = CARTESIAN_POINT ( 'NONE',  ( -0.4999999999967289499, -1.289303853903506970E-15, 5.878775382679907402 ) ) ;
#1812 = CARTESIAN_POINT ( 'NONE',  ( -3.971374183841487771, 16.00000000000000000, -2.870224223282457299 ) ) ;
#1813 = DIRECTION ( 'NONE',  ( -0.6427876096865392519, 0.000000000000000000, -0.7660444431189780135 ) ) ;
#1814 = CARTESIAN_POINT ( 'NONE',  ( 3.129484311429911347, 0.000000000000000000, -8.598187480191629817 ) ) ;
#1815 = ORIENTED_EDGE ( 'NONE', *, *, #687, .F. ) ;
#1816 = EDGE_LOOP ( 'NONE', ( #482, #904, #1423, #448 ) ) ;
#1817 = AXIS2_PLACEMENT_3D ( 'NONE', #1564, #2324, #1358 ) ;
#1818 = CARTESIAN_POINT ( 'NONE',  ( 5.498484407075130420, 0.000000000000000000, 7.330700459380578238 ) ) ;
#1819 = EDGE_LOOP ( 'NONE', ( #2171, #2160, #1915, #923 ) ) ;
#1820 = ADVANCED_FACE ( 'NONE', ( #2054 ), #1053, .F. ) ;
#1821 = AXIS2_PLACEMENT_3D ( 'NONE', #1627, #1446, #903 ) ;
#1822 = APPROVAL_STATUS ( 'not_yet_approved' ) ;
#1823 = CYLINDRICAL_SURFACE ( 'NONE', #2239, 0.4999999999999995559 ) ;
#1824 = ADVANCED_FACE ( 'NONE', ( #682 ), #534, .F. ) ;
#1825 = DIRECTION ( 'NONE',  ( 0.000000000000000000, -0.000000000000000000, 1.000000000000000000 ) ) ;
#1826 = DIRECTION ( 'NONE',  ( 0.000000000000000000, 1.000000000000000000, -0.000000000000000000 ) ) ;
#1827 = ORIENTED_EDGE ( 'NONE', *, *, #1325, .T. ) ;
#1828 = PLANE ( 'NONE',  #1598 ) ;
#1829 = ORIENTED_EDGE ( 'NONE', *, *, #1774, .T. ) ;
#1830 = FACE_OUTER_BOUND ( 'NONE', #2492, .T. ) ;
#1831 = PLANE ( 'NONE',  #108 ) ;
#1832 = EDGE_CURVE ( 'NONE', #1642, #1459, #1650, .T. ) ;
#1833 = DIRECTION ( 'NONE',  ( -0.000000000000000000, 1.000000000000000000, -0.000000000000000000 ) ) ;
#1834 = CARTESIAN_POINT ( 'NONE',  ( -15.00000000000000000, 0.000000000000000000, 3.249999999999997780 ) ) ;
#1835 = ORIENTED_EDGE ( 'NONE', *, *, #1491, .F. ) ;
#1836 = VERTEX_POINT ( 'NONE', #326 ) ;
#1837 = ORIENTED_EDGE ( 'NONE', *, *, #2179, .F. ) ;
#1838 = FACE_OUTER_BOUND ( 'NONE', #783, .T. ) ;
#1839 = ORIENTED_EDGE ( 'NONE', *, *, #270, .F. ) ;
#1840 = CIRCLE ( 'NONE', #550, 0.5000000000000004441 ) ;
#1841 = DATE_TIME_ROLE ( 'classification_date' ) ;
#1842 = VECTOR ( 'NONE', #447, 1000.000000000000000 ) ;
#1843 = CARTESIAN_POINT ( 'NONE',  ( -8.612460220655809541E-15, 16.00000000000000000, -5.167476132393485251E-15 ) ) ;
#1844 = VECTOR ( 'NONE', #1350, 1000.000000000000000 ) ;
#1845 = DIRECTION ( 'NONE',  ( 0.3420201433256689905, 0.000000000000000000, 0.9396926207859083169 ) ) ;
#1846 = AXIS2_PLACEMENT_3D ( 'NONE', #1247, #1207, #1220 ) ;
#1847 = DIRECTION ( 'NONE',  ( -0.000000000000000000, 1.000000000000000000, -0.000000000000000000 ) ) ;
#1848 = EDGE_CURVE ( 'NONE', #1936, #1501, #1246, .T. ) ;
#1849 = DIRECTION ( 'NONE',  ( 0.000000000000000000, -0.9989031743698378873, 0.04682358629858598964 ) ) ;
#1850 = ORIENTED_EDGE ( 'NONE', *, *, #811, .T. ) ;
#1851 = ORIENTED_EDGE ( 'NONE', *, *, #2076, .T. ) ;
#1852 = VERTEX_POINT ( 'NONE', #2257 ) ;
#1853 = EDGE_CURVE ( 'NONE', #523, #2116, #112, .T. ) ;
#1854 = LINE ( 'NONE', #2234, #1891 ) ;
#1855 = CARTESIAN_POINT ( 'NONE',  ( 5.330127018920275184, 16.00000000000000000, -2.500000000000000444 ) ) ;
#1856 = ORIENTED_EDGE ( 'NONE', *, *, #601, .T. ) ;
#1857 = DATE_AND_TIME ( #67, #850 ) ;
#1858 = AXIS2_PLACEMENT_3D ( 'NONE', #167, #1723, #2108 ) ;
#1859 = B_SPLINE_CURVE_WITH_KNOTS ( 'NONE', 3,
 ( #1174, #1742, #2506, #1955, #2344, #1376, #2159 ),
 .UNSPECIFIED., .F., .F.,
 ( 4, 3, 4 ),
 ( 2.003930643557770588E-07, 0.01110717826137971528, 0.01603169201758564838 ),
 .UNSPECIFIED. ) ;
#1860 = DIRECTION ( 'NONE',  ( 0.000000000000000000, 1.000000000000000000, -0.000000000000000000 ) ) ;
#1861 = CARTESIAN_POINT ( 'NONE',  ( -8.612460220655809541E-15, 16.00000000000000000, -5.167476132393485251E-15 ) ) ;
#1862 = AXIS2_PLACEMENT_3D ( 'NONE', #504, #2267, #1062 ) ;
#1863 = AXIS2_PLACEMENT_3D ( 'NONE', #1370, #1912, #974 ) ;
#1864 = CARTESIAN_POINT ( 'NONE',  ( 3.906921938167617903, 16.00000000000000000, 2.833012701890559093 ) ) ;
#1865 = VECTOR ( 'NONE', #1343, 1000.000000000000000 ) ;
#1866 = DIRECTION ( 'NONE',  ( 1.000000000000000000, 0.000000000000000000, -9.969675149291996949E-17 ) ) ;
#1867 = ORIENTED_EDGE ( 'NONE', *, *, #1325, .F. ) ;
#1868 = VERTEX_POINT ( 'NONE', #1880 ) ;
#1869 = ORIENTED_EDGE ( 'NONE', *, *, #171, .T. ) ;
#1870 = PRODUCT_RELATED_PRODUCT_CATEGORY ( 'detail', '', ( #1924 ) ) ;
#1871 = CARTESIAN_POINT ( 'NONE',  ( 0.5000000000032710501, 0.000000000000000000, 5.878775382679350514 ) ) ;
#1872 = LOCAL_TIME ( 13, 29, 10.00000000000000000, #1561 ) ;
#1873 = DIRECTION ( 'NONE',  ( 0.000000000000000000, 0.000000000000000000, -1.000000000000000000 ) ) ;
#1874 = VERTEX_POINT ( 'NONE', #708 ) ;
#1875 = EDGE_CURVE ( 'NONE', #2453, #524, #803, .T. ) ;
#1876 = COORDINATED_UNIVERSAL_TIME_OFFSET ( 5, 0, .BEHIND. ) ;
#1877 = CARTESIAN_POINT ( 'NONE',  ( -5.881506628628841327, 0.000000000000000000, 7.009306654539414261 ) ) ;
#1878 = CARTESIAN_POINT ( 'NONE',  ( 3.764027583281834843, 9.862519275789500384, -3.707931481570380328 ) ) ;
#1879 = DIRECTION ( 'NONE',  ( 0.000000000000000000, 1.000000000000000000, -0.000000000000000000 ) ) ;
#1880 = CARTESIAN_POINT ( 'NONE',  ( -5.330127018923545457, 16.00000000000000000, -2.499999999999999556 ) ) ;
#1881 = ORIENTED_EDGE ( 'NONE', *, *, #1774, .F. ) ;
#1882 = ORIENTED_EDGE ( 'NONE', *, *, #1539, .F. ) ;
#1883 = CARTESIAN_POINT ( 'NONE',  ( -2.750196514708755036, 16.00000000000000000, 4.055418490178770874 ) ) ;
#1884 = CARTESIAN_POINT ( 'NONE',  ( -3.246799473432923300, 3.695063964633718445, 4.647246850331213430 ) ) ;
#1885 = ORIENTED_EDGE ( 'NONE', *, *, #1204, .F. ) ;
#1886 = CARTESIAN_POINT ( 'NONE',  ( 3.516240957832144076, 16.00000000000000000, 3.412630880488501273 ) ) ;
#1887 = VERTEX_POINT ( 'NONE', #719 ) ;
#1888 = CIRCLE ( 'NONE', #1802, 4.900000000000002132 ) ;
#1889 = EDGE_CURVE ( 'NONE', #2281, #2182, #1315, .T. ) ;
#1890 = DIRECTION ( 'NONE',  ( 0.000000000000000000, 1.000000000000000000, -0.000000000000000000 ) ) ;
#1891 = VECTOR ( 'NONE', #1670, 1000.000000000000000 ) ;
#1892 = CARTESIAN_POINT ( 'NONE',  ( 2.480505909359392636, 0.000000000000000000, 5.353231774697704282 ) ) ;
#1893 = LINE ( 'NONE', #507, #1445 ) ;
#1894 = B_SPLINE_CURVE_WITH_KNOTS ( 'NONE', 3,
 ( #317, #1884, #1126, #724, #1492, #1920, #540 ),
 .UNSPECIFIED., .F., .F.,
 ( 4, 3, 4 ),
 ( 2.003930643557720561E-07, 0.01110717826137971355, 0.01603169201758565185 ),
 .UNSPECIFIED. ) ;
#1895 = ORIENTED_EDGE ( 'NONE', *, *, #398, .T. ) ;
#1896 = ORIENTED_EDGE ( 'NONE', *, *, #2301, .F. ) ;
#1897 = ORIENTED_EDGE ( 'NONE', *, *, #1568, .T. ) ;
#1898 = DIRECTION ( 'NONE',  ( -0.3420201433256686019, 0.000000000000000000, 0.9396926207859084279 ) ) ;
#1899 = ORIENTED_EDGE ( 'NONE', *, *, #969, .F. ) ;
#1900 = CARTESIAN_POINT ( 'NONE',  ( -10.65325117016445056, 10.61671376665275979, 2.752341542188150747 ) ) ;
#1901 = ORIENTED_EDGE ( 'NONE', *, *, #2343, .F. ) ;
#1902 = CARTESIAN_POINT ( 'NONE',  ( -3.906921938164347186, 0.000000000000000000, -2.833012701890884610 ) ) ;
#1903 = ADVANCED_FACE ( 'NONE', ( #1260 ), #340, .F. ) ;
#1904 = LINE ( 'NONE', #1314, #2167 ) ;
#1905 = DIRECTION ( 'NONE',  ( 0.000000000000000000, 1.000000000000000000, -0.000000000000000000 ) ) ;
#1906 = VERTEX_POINT ( 'NONE', #1485 ) ;
#1907 = DIRECTION ( 'NONE',  ( -0.000000000000000000, -1.000000000000000000, -0.000000000000000000 ) ) ;
#1908 = CARTESIAN_POINT ( 'NONE',  ( -0.4999999999999996669, 16.00000000000000000, -4.874423042781577564 ) ) ;
#1909 = ORIENTED_EDGE ( 'NONE', *, *, #1539, .T. ) ;
#1910 = DIRECTION ( 'NONE',  ( 0.8660254037844388186, 0.000000000000000000, 0.4999999999999996114 ) ) ;
#1911 = DIRECTION ( 'NONE',  ( 0.000000000000000000, 1.000000000000000000, -0.000000000000000000 ) ) ;
#1912 = DIRECTION ( 'NONE',  ( -0.000000000000000000, -1.000000000000000000, -1.084202172485504434E-16 ) ) ;
#1913 = CARTESIAN_POINT ( 'NONE',  ( -1.197304557329189167, 16.00000000000000000, -4.751469435553466347 ) ) ;
#1914 = ORIENTED_EDGE ( 'NONE', *, *, #1243, .F. ) ;
#1915 = ORIENTED_EDGE ( 'NONE', *, *, #664, .T. ) ;
#1916 = AXIS2_PLACEMENT_3D ( 'NONE', #221, #39, #1550 ) ;
#1917 = CARTESIAN_POINT ( 'NONE',  ( 0.000000000000000000, -6.519257497579211703E-16, -7.068193141867794065E-32 ) ) ;
#1918 = VECTOR ( 'NONE', #1625, 1000.000000000000114 ) ;
#1919 = EDGE_CURVE ( 'NONE', #2017, #89, #2024, .T. ) ;
#1920 = CARTESIAN_POINT ( 'NONE',  ( -2.816358268267581622, 14.36172565137290213, 4.134266997674835409 ) ) ;
#1921 = ORIENTED_EDGE ( 'NONE', *, *, #897, .T. ) ;
#1922 = ORIENTED_EDGE ( 'NONE', *, *, #1674, .T. ) ;
#1923 = CARTESIAN_POINT ( 'NONE',  ( -3.129484311426640630, 16.00000000000000000, 8.598187480191304743 ) ) ;
#1924 = PRODUCT ( 'tpu-grip_v2', 'tpu-grip_v2', '', ( #215 ) ) ;
#1925 = DIRECTION ( 'NONE',  ( 0.000000000000000000, 0.000000000000000000, -1.000000000000000000 ) ) ;
#1926 = CARTESIAN_POINT ( 'NONE',  ( -3.599330621822671272, 0.000000000000000000, -8.427177408527674274 ) ) ;
#1927 = ORIENTED_EDGE ( 'NONE', *, *, #2386, .T. ) ;
#1928 = AXIS2_PLACEMENT_3D ( 'NONE', #1504, #2284, #1714 ) ;
#1929 = ORIENTED_EDGE ( 'NONE', *, *, #1568, .F. ) ;
#1930 = EDGE_LOOP ( 'NONE', ( #2212, #392, #278, #1081 ) ) ;
#1931 = EDGE_CURVE ( 'NONE', #1032, #1995, #1893, .T. ) ;
#1932 = AXIS2_PLACEMENT_3D ( 'NONE', #474, #2019, #2033 ) ;
#1933 = CARTESIAN_POINT ( 'NONE',  ( -5.881506628628841327, 0.000000000000000000, 7.009306654539414261 ) ) ;
#1934 = VERTEX_POINT ( 'NONE', #1065 ) ;
#1935 = EDGE_CURVE ( 'NONE', #1512, #1488, #1273, .T. ) ;
#1936 = VERTEX_POINT ( 'NONE', #1301 ) ;
#1937 = DIRECTION ( 'NONE',  ( 0.000000000000000000, 0.000000000000000000, -1.000000000000000000 ) ) ;
#1938 = CARTESIAN_POINT ( 'NONE',  ( 4.406921938165981878, 0.000000000000000000, -1.966987298109277971 ) ) ;
#1939 = FACE_OUTER_BOUND ( 'NONE', #1210, .T. ) ;
#1940 = CARTESIAN_POINT ( 'NONE',  ( 0.000000000000000000, -6.519257497579211703E-16, -7.068193141867794065E-32 ) ) ;
#1941 = ORIENTED_EDGE ( 'NONE', *, *, #570, .F. ) ;
#1942 = VECTOR ( 'NONE', #1590, 1000.000000000000000 ) ;
#1943 = CARTESIAN_POINT ( 'NONE',  ( 1.263246872054706982, 12.93126332337866558, 4.932644456239095199 ) ) ;
#1944 = DIRECTION ( 'NONE',  ( 0.000000000000000000, 1.084202172485504311E-16, -1.000000000000000000 ) ) ;
#1945 = VERTEX_POINT ( 'NONE', #2082 ) ;
#1946 = AXIS2_PLACEMENT_3D ( 'NONE', #2041, #1866, #2243 ) ;
#1947 = CARTESIAN_POINT ( 'NONE',  ( 0.000000000000000000, -6.519257497579211703E-16, -7.068193141867794065E-32 ) ) ;
#1948 = AXIS2_PLACEMENT_3D ( 'NONE', #801, #2333, #1405 ) ;
#1949 = CARTESIAN_POINT ( 'NONE',  ( 3.395781754556820076, 0.000000000000000000, -4.824797019089924532 ) ) ;
#1950 = CARTESIAN_POINT ( 'NONE',  ( 0.5000000000032717162, 0.000000000000000000, 9.149999999999673506 ) ) ;
#1951 = LINE ( 'NONE', #1179, #1918 ) ;
#1952 = CARTESIAN_POINT ( 'NONE',  ( -8.612460220655809541E-15, 16.00000000000000000, -5.167476132393485251E-15 ) ) ;
#1953 = DIRECTION ( 'NONE',  ( -0.000000000000000000, -0.000000000000000000, 1.000000000000000000 ) ) ;
#1954 = EDGE_LOOP ( 'NONE', ( #918, #331, #248, #1375 ) ) ;
#1955 = CARTESIAN_POINT ( 'NONE',  ( 1.302883730912397287, 11.08517096144873904, -5.041545830938598982 ) ) ;
#1956 = EDGE_CURVE ( 'NONE', #1198, #523, #28, .T. ) ;
#1957 = CARTESIAN_POINT ( 'NONE',  ( 3.246799473434812455, 3.695063964633718445, -4.647246850329891821 ) ) ;
#1958 = EDGE_CURVE ( 'NONE', #2016, #267, #1981, .T. ) ;
#1959 = DIRECTION ( 'NONE',  ( 0.000000000000000000, 0.000000000000000000, 1.000000000000000000 ) ) ;
#1960 = CARTESIAN_POINT ( 'NONE',  ( 4.161826197675851269, -1.985113810549171564E-16, -4.182009409403447897 ) ) ;
#1961 = FACE_OUTER_BOUND ( 'NONE', #941, .T. ) ;
#1962 = CIRCLE ( 'NONE', #1061, 5.900000000000000355 ) ;
#1963 = DIRECTION ( 'NONE',  ( 0.8660254037844383745, 0.000000000000000000, -0.5000000000000003331 ) ) ;
#1964 = AXIS2_PLACEMENT_3D ( 'NONE', #2060, #1099, #1873 ) ;
#1965 = CARTESIAN_POINT ( 'NONE',  ( 0.000000000000000000, 16.00000000000000000, 1.734723475976807094E-15 ) ) ;
#1966 = ORIENTED_EDGE ( 'NONE', *, *, #91, .F. ) ;
#1967 = VECTOR ( 'NONE', #593, 1000.000000000000227 ) ;
#1968 = EDGE_LOOP ( 'NONE', ( #1647, #799, #318, #1881 ) ) ;
#1969 = PERSON_AND_ORGANIZATION_ROLE ( 'design_owner' ) ;
#1970 = CARTESIAN_POINT ( 'NONE',  ( -3.213144794275672567, 4.529182676857269385, -4.607138765533187019 ) ) ;
#1971 = DIRECTION ( 'NONE',  ( 0.000000000000000000, 1.000000000000000000, -0.000000000000000000 ) ) ;
#1972 = CARTESIAN_POINT ( 'NONE',  ( 3.599330621825940213, 0.000000000000000000, 8.427177408527350977 ) ) ;
#1973 = CARTESIAN_POINT ( 'NONE',  ( -2.702358304932907185, 0.000000000000000000, 3.998407131815128857 ) ) ;
#1974 = EDGE_CURVE ( 'NONE', #1633, #2031, #996, .T. ) ;
#1975 = DIRECTION ( 'NONE',  ( -0.000000000000000000, -1.000000000000000000, -1.084202172485504434E-16 ) ) ;
#1976 = DIRECTION ( 'NONE',  ( 0.000000000000000000, 0.000000000000000000, -1.000000000000000000 ) ) ;
#1977 = CARTESIAN_POINT ( 'NONE',  ( -4.161826197674217909, -1.105340118461101297E-15, 4.182009409405074152 ) ) ;
#1978 = DIRECTION ( 'NONE',  ( 0.9396926207859084279, 0.000000000000000000, 0.3420201433256687129 ) ) ;
#1979 = ORIENTED_EDGE ( 'NONE', *, *, #2174, .T. ) ;
#1980 = VECTOR ( 'NONE', #1986, 1000.000000000000114 ) ;
#1981 = CIRCLE ( 'NONE', #1290, 0.4999999999999995559 ) ;
#1982 = PERSON_AND_ORGANIZATION ( #285, #1538 ) ;
#1983 = DIRECTION ( 'NONE',  ( -0.6427876096865396960, 0.000000000000000000, -0.7660444431189777914 ) ) ;
#1984 = DIRECTION ( 'NONE',  ( 0.000000000000000000, 1.084202172485504311E-16, -1.000000000000000000 ) ) ;
#1985 =( GEOMETRIC_REPRESENTATION_CONTEXT ( 3 ) GLOBAL_UNCERTAINTY_ASSIGNED_CONTEXT ( ( #1287 ) ) GLOBAL_UNIT_ASSIGNED_CONTEXT ( ( #823, #655, #1367 ) ) REPRESENTATION_CONTEXT ( 'NONE', 'WORKASPACE' ) );
#1986 = DIRECTION ( 'NONE',  ( 0.6427876096865394739, 0.000000000000000000, 0.7660444431189779024 ) ) ;
#1987 = DIRECTION ( 'NONE',  ( 0.000000000000000000, 0.000000000000000000, -1.000000000000000000 ) ) ;
#1988 = DIRECTION ( 'NONE',  ( 0.000000000000000000, 0.000000000000000000, -1.000000000000000000 ) ) ;
#1989 = EDGE_CURVE ( 'NONE', #1115, #931, #1327, .T. ) ;
#1990 = DIRECTION ( 'NONE',  ( 0.6427876096865396960, -0.000000000000000000, 0.7660444431189777914 ) ) ;
#1991 = CARTESIAN_POINT ( 'NONE',  ( -0.4999999999967290609, 16.00000000000000000, 4.874423042781916848 ) ) ;
#1992 = EDGE_LOOP ( 'NONE', ( #886, #462, #87, #697 ) ) ;
#1993 = ADVANCED_FACE ( 'NONE', ( #585 ), #928, .F. ) ;
#1994 = CARTESIAN_POINT ( 'NONE',  ( 3.395781754556820076, 0.000000000000000000, -4.824797019089924532 ) ) ;
#1995 = VERTEX_POINT ( 'NONE', #1511 ) ;
#1996 = CARTESIAN_POINT ( 'NONE',  ( 2.702358304936177458, 0.000000000000000000, -3.998407131815453486 ) ) ;
#1997 = VECTOR ( 'NONE', #435, 1000.000000000000114 ) ;
#1998 = CARTESIAN_POINT ( 'NONE',  ( 2.136997178117972407, 16.00000000000000000, 4.409449292226395478 ) ) ;
#1999 = CARTESIAN_POINT ( 'NONE',  ( 3.129484311432986221, 0.000000000000000000, 9.098187480190187415 ) ) ;
#2000 = DIRECTION ( 'NONE',  ( 0.7660444431189781245, 0.000000000000000000, -0.6427876096865393629 ) ) ;
#2001 = DIRECTION ( 'NONE',  ( -0.3420201433256687129, -0.000000000000000000, 0.9396926207859084279 ) ) ;
#2002 = AXIS2_PLACEMENT_3D ( 'NONE', #2216, #1457, #1259 ) ;
#2003 = ORIENTED_EDGE ( 'NONE', *, *, #704, .T. ) ;
#2004 = CARTESIAN_POINT ( 'NONE',  ( 3.599330621825940213, 16.00000000000000000, 8.427177408527350977 ) ) ;
#2005 = EDGE_CURVE ( 'NONE', #722, #559, #1489, .T. ) ;
#2006 = ORIENTED_EDGE ( 'NONE', *, *, #839, .F. ) ;
#2007 = CARTESIAN_POINT ( 'NONE',  ( -2.136997178112232998, 16.00000000000000000, 4.409449292229177253 ) ) ;
#2008 = ORIENTED_EDGE ( 'NONE', *, *, #538, .F. ) ;
#2009 = ADVANCED_FACE ( 'NONE', ( #404 ), #2222, .F. ) ;
#2010 = DATE_AND_TIME ( #463, #730 ) ;
#2011 = DIRECTION ( 'NONE',  ( 0.000000000000000000, 0.000000000000000000, 1.000000000000000000 ) ) ;
#2012 = DIRECTION ( 'NONE',  ( -0.000000000000000000, 1.000000000000000000, -0.000000000000000000 ) ) ;
#2013 = DIRECTION ( 'NONE',  ( 0.000000000000000000, 1.084202172485504311E-16, -1.000000000000000000 ) ) ;
#2014 = DIRECTION ( 'NONE',  ( -0.3420201433256696011, 0.000000000000000000, -0.9396926207859082059 ) ) ;
#2015 = ORIENTED_EDGE ( 'NONE', *, *, #870, .F. ) ;
#2016 = VERTEX_POINT ( 'NONE', #2293 ) ;
#2017 = VERTEX_POINT ( 'NONE', #378 ) ;
#2018 = CONICAL_SURFACE ( 'NONE', #1817, 5.900000000000000355, 0.06241880999595723900 ) ;
#2019 = DIRECTION ( 'NONE',  ( 0.000000000000000000, 1.000000000000000000, 0.000000000000000000 ) ) ;
#2020 = VERTEX_POINT ( 'NONE', #758 ) ;
#2021 = EDGE_CURVE ( 'NONE', #62, #528, #1366, .T. ) ;
#2022 = PERSON_AND_ORGANIZATION_ROLE ( 'classification_officer' ) ;
#2023 = CARTESIAN_POINT ( 'NONE',  ( -7.924132444625017868, 16.00000000000000000, 5.075000000001176126 ) ) ;
#2024 = CIRCLE ( 'NONE', #148, 5.900000000000000355 ) ;
#2025 = FACE_OUTER_BOUND ( 'NONE', #1629, .T. ) ;
#2026 = VECTOR ( 'NONE', #1165, 1000.000000000000114 ) ;
#2027 = CC_DESIGN_APPROVAL ( #166, ( #324 ) ) ;
#2028 = DIRECTION ( 'NONE',  ( -0.000000000000000000, -1.000000000000000000, -1.084202172485504434E-16 ) ) ;
#2029 = DIRECTION ( 'NONE',  ( 0.000000000000000000, 0.000000000000000000, -1.000000000000000000 ) ) ;
#2030 = VERTEX_POINT ( 'NONE', #2513 ) ;
#2031 = VERTEX_POINT ( 'NONE', #1524 ) ;
#2032 = EDGE_LOOP ( 'NONE', ( #510, #1966, #2295, #2377 ) ) ;
#2033 = DIRECTION ( 'NONE',  ( 0.000000000000000000, 0.000000000000000000, 1.000000000000000000 ) ) ;
#2034 = VERTEX_POINT ( 'NONE', #1926 ) ;
#2035 = CARTESIAN_POINT ( 'NONE',  ( -15.00000000000000000, 0.000000000000000000, 3.249999999999997780 ) ) ;
#2036 = ADVANCED_FACE ( 'NONE', ( #2305 ), #566, .F. ) ;
#2037 = VECTOR ( 'NONE', #320, 1000.000000000000000 ) ;
#2038 = CARTESIAN_POINT ( 'NONE',  ( 3.129484311432986221, 16.00000000000000000, 8.598187480190185639 ) ) ;
#2039 = ADVANCED_FACE ( 'NONE', ( #573 ), #183, .F. ) ;
#2040 = DIRECTION ( 'NONE',  ( 0.000000000000000000, 0.000000000000000000, -1.000000000000000000 ) ) ;
#2041 = CARTESIAN_POINT ( 'NONE',  ( 0.5000000000032709391, 0.000000000000000000, 4.799999999999674749 ) ) ;
#2042 = VERTEX_POINT ( 'NONE', #952 ) ;
#2043 = ORIENTED_EDGE ( 'NONE', *, *, #1188, .F. ) ;
#2044 = EDGE_LOOP ( 'NONE', ( #515, #2494, #1922, #470, #304, #64, #187, #1660, #1597, #372, #1464, #1275, #1869, #535, #2047, #2132, #508, #397, #1007, #2425, #46, #1461, #872, #370, #2112, #2298, #291, #2218, #1786, #867, #2220, #1941, #2413, #1148, #1927, #494, #855 ) ) ;
#2045 = CARTESIAN_POINT ( 'NONE',  ( -5.498484407069352820, 16.00000000000000000, 7.330700459382684109 ) ) ;
#2046 = DIRECTION ( 'NONE',  ( 0.8660254037844384856, 0.000000000000000000, 0.5000000000000003331 ) ) ;
#2047 = ORIENTED_EDGE ( 'NONE', *, *, #1790, .T. ) ;
#2048 = AXIS2_PLACEMENT_3D ( 'NONE', #533, #325, #2013 ) ;
#2049 = CONICAL_SURFACE ( 'NONE', #467, 5.900000000000000355, 0.06241880999595723900 ) ;
#2050 = DIRECTION ( 'NONE',  ( 0.000000000000000000, 1.000000000000000000, 0.000000000000000000 ) ) ;
#2051 = AXIS2_PLACEMENT_3D ( 'NONE', #633, #1000, #1399 ) ;
#2052 = CARTESIAN_POINT ( 'NONE',  ( -2.111542998356013001, 0.000000000000000000, -4.339514508108973878 ) ) ;
#2053 = PRODUCT_DEFINITION ( 'UNKNOWN', '', #775, #195 ) ;
#2054 = FACE_OUTER_BOUND ( 'NONE', #214, .T. ) ;
#2055 = EDGE_CURVE ( 'NONE', #2115, #2111, #80, .T. ) ;
#2056 = EDGE_LOOP ( 'NONE', ( #93, #1029, #141, #1720 ) ) ;
#2057 = ORIENTED_EDGE ( 'NONE', *, *, #767, .T. ) ;
#2058 = ORIENTED_EDGE ( 'NONE', *, *, #1658, .F. ) ;
#2059 = DIRECTION ( 'NONE',  ( -0.000000000000000000, 1.000000000000000000, -0.000000000000000000 ) ) ;
#2060 = CARTESIAN_POINT ( 'NONE',  ( -5.881506628631349543, 16.00000000000000000, -7.009306654537632575 ) ) ;
#2061 = ORIENTED_EDGE ( 'NONE', *, *, #1361, .T. ) ;
#2062 = CARTESIAN_POINT ( 'NONE',  ( -10.58548369293663605, 5.281161012665035237, 3.002445577531325238 ) ) ;
#2063 = AXIS2_PLACEMENT_3D ( 'NONE', #1834, #1680, #1849 ) ;
#2064 = CARTESIAN_POINT ( 'NONE',  ( 3.516240957829706915, 16.00000000000000000, -3.412630880491011265 ) ) ;
#2065 = VECTOR ( 'NONE', #308, 1000.000000000000114 ) ;
#2066 = CARTESIAN_POINT ( 'NONE',  ( 3.599330621822865783, 16.00000000000000000, -8.427177408528795155 ) ) ;
#2067 = CARTESIAN_POINT ( 'NONE',  ( 3.971374183842617978, 16.00000000000000000, 2.870224223280896769 ) ) ;
#2068 = ORIENTED_EDGE ( 'NONE', *, *, #2343, .T. ) ;
#2069 = VERTEX_POINT ( 'NONE', #745 ) ;
#2070 = EDGE_CURVE ( 'NONE', #1288, #358, #2315, .T. ) ;
#2071 = B_SPLINE_CURVE_WITH_KNOTS ( 'NONE', 3,
 ( #151, #938, #1497, #2120, #2279, #2485, #2081 ),
 .UNSPECIFIED., .F., .F.,
 ( 4, 3, 4 ),
 ( 2.003930643558253397E-07, 0.01110717826137971528, 0.01603169201758564838 ),
 .UNSPECIFIED. ) ;
#2072 = FACE_OUTER_BOUND ( 'NONE', #2270, .T. ) ;
#2073 = CYLINDRICAL_SURFACE ( 'NONE', #348, 0.5000000000000004441 ) ;
#2074 = ORIENTED_EDGE ( 'NONE', *, *, #822, .T. ) ;
#2075 = APPLICATION_CONTEXT ( 'configuration controlled 3d designs of mechanical parts and assemblies' ) ;
#2076 = EDGE_CURVE ( 'NONE', #1459, #2020, #1716, .T. ) ;
#2077 = PERSON_AND_ORGANIZATION ( #285, #1538 ) ;
#2078 = FACE_OUTER_BOUND ( 'NONE', #1968, .T. ) ;
#2079 = CARTESIAN_POINT ( 'NONE',  ( 7.924132444629926830, 0.000000000000000000, 4.574999999998338396 ) ) ;
#2080 = CIRCLE ( 'NONE', #971, 4.900000000000002132 ) ;
#2081 = CARTESIAN_POINT ( 'NONE',  ( -3.516240957830242930, 16.00000000000000000, -3.412630880490456597 ) ) ;
#2082 = CARTESIAN_POINT ( 'NONE',  ( -0.5000000000000000000, 16.00000000000000000, -9.149999999999998579 ) ) ;
#2083 = ORIENTED_EDGE ( 'NONE', *, *, #1956, .F. ) ;
#2084 = EDGE_LOOP ( 'NONE', ( #1526, #1699, #1329, #1837 ) ) ;
#2085 = ORIENTED_EDGE ( 'NONE', *, *, #2021, .F. ) ;
#2086 = PLANE ( 'NONE',  #132 ) ;
#2087 = EDGE_CURVE ( 'NONE', #684, #62, #1735, .T. ) ;
#2088 = DIRECTION ( 'NONE',  ( 0.000000000000000000, 0.000000000000000000, -1.000000000000000000 ) ) ;
#2089 = ORIENTED_EDGE ( 'NONE', *, *, #800, .F. ) ;
#2090 = CARTESIAN_POINT ( 'NONE',  ( -8.612460220655809541E-15, 16.00000000000000000, -5.167476132393485251E-15 ) ) ;
#2091 = EDGE_CURVE ( 'NONE', #1294, #2111, #1346, .T. ) ;
#2092 = CIRCLE ( 'NONE', #980, 0.5000000000000004441 ) ;
#2093 = ORIENTED_EDGE ( 'NONE', *, *, #612, .F. ) ;
#2094 = CIRCLE ( 'NONE', #2362, 0.5000000000000004441 ) ;
#2095 = DIRECTION ( 'NONE',  ( 0.000000000000000000, 1.000000000000000000, -0.000000000000000000 ) ) ;
#2096 = CARTESIAN_POINT ( 'NONE',  ( 7.924132444628288141, 0.000000000000000000, -4.575000000001496758 ) ) ;
#2097 = CIRCLE ( 'NONE', #2051, 5.900000000000000355 ) ;
#2098 = DIRECTION ( 'NONE',  ( 0.000000000000000000, 0.000000000000000000, -1.000000000000000000 ) ) ;
#2099 = CARTESIAN_POINT ( 'NONE',  ( 2.136997178114912188, 16.00000000000000000, -4.409449292227876072 ) ) ;
#2100 = ORIENTED_EDGE ( 'NONE', *, *, #2005, .F. ) ;
#2101 = FACE_OUTER_BOUND ( 'NONE', #77, .T. ) ;
#2102 = CARTESIAN_POINT ( 'NONE',  ( -0.4999999999999996669, 10.66668532495344834, -5.209504262630100691 ) ) ;
#2103 = ORIENTED_EDGE ( 'NONE', *, *, #767, .F. ) ;
#2104 = DIRECTION ( 'NONE',  ( 0.9396926207859084279, 0.000000000000000000, 0.3420201433256686574 ) ) ;
#2105 = ADVANCED_FACE ( 'NONE', ( #1939 ), #2018, .F. ) ;
#2106 = AXIS2_PLACEMENT_3D ( 'NONE', #274, #1826, #2029 ) ;
#2107 = CARTESIAN_POINT ( 'NONE',  ( 3.129484311429911347, 0.000000000000000000, -8.598187480191629817 ) ) ;
#2108 = DIRECTION ( 'NONE',  ( 0.000000000000000000, 0.000000000000000000, -1.000000000000000000 ) ) ;
#2109 = CIRCLE ( 'NONE', #2378, 0.5000000000000004441 ) ;
#2110 = AXIS2_PLACEMENT_3D ( 'NONE', #1286, #878, #2447 ) ;
#2111 = VERTEX_POINT ( 'NONE', #207 ) ;
#2112 = ORIENTED_EDGE ( 'NONE', *, *, #785, .T. ) ;
#2113 = DIRECTION ( 'NONE',  ( -0.000000000000000000, -1.000000000000000000, -0.000000000000000000 ) ) ;
#2114 = CARTESIAN_POINT ( 'NONE',  ( -3.129484311426640630, 0.000000000000000000, 9.098187480191306520 ) ) ;
#2115 = VERTEX_POINT ( 'NONE', #1758 ) ;
#2116 = VERTEX_POINT ( 'NONE', #2524 ) ;
#2117 = DIRECTION ( 'NONE',  ( -0.000000000000000000, 1.000000000000000000, -0.000000000000000000 ) ) ;
#2118 = DIRECTION ( 'NONE',  ( 0.000000000000000000, 1.000000000000000000, -0.000000000000000000 ) ) ;
#2119 = ADVANCED_FACE ( 'NONE', ( #38 ), #852, .F. ) ;
#2120 = CARTESIAN_POINT ( 'NONE',  ( -3.714664898480243060, 11.08517096144873904, -3.649103324616794097 ) ) ;
#2121 = DIRECTION ( 'NONE',  ( 0.3420201433256689905, 0.000000000000000000, 0.9396926207859083169 ) ) ;
#2122 = VERTEX_POINT ( 'NONE', #1781 ) ;
#2123 = EDGE_CURVE ( 'NONE', #1451, #2031, #815, .T. ) ;
#2124 = CARTESIAN_POINT ( 'NONE',  ( 1.492229999983076816, 2.264592486230100565, 5.561770429658380088 ) ) ;
#2125 = VECTOR ( 'NONE', #1406, 1000.000000000000114 ) ;
#2126 = VERTEX_POINT ( 'NONE', #1960 ) ;
#2127 = ORIENTED_EDGE ( 'NONE', *, *, #1771, .T. ) ;
#2128 = CARTESIAN_POINT ( 'NONE',  ( -15.00000000000000000, 0.000000000000000000, 3.249999999999997780 ) ) ;
#2129 = AXIS2_PLACEMENT_3D ( 'NONE', #1075, #1089, #1944 ) ;
#2130 = AXIS2_PLACEMENT_3D ( 'NONE', #619, #842, #988 ) ;
#2131 = CARTESIAN_POINT ( 'NONE',  ( 10.65325117016443635, 10.61671376665277400, -2.752341542188151635 ) ) ;
#2132 = ORIENTED_EDGE ( 'NONE', *, *, #2158, .T. ) ;
#2133 = CIRCLE ( 'NONE', #1430, 0.5000000000000004441 ) ;
#2134 = ORIENTED_EDGE ( 'NONE', *, *, #1697, .F. ) ;
#2135 = AXIS2_PLACEMENT_3D ( 'NONE', #1917, #576, #943 ) ;
#2136 = ADVANCED_FACE ( 'NONE', ( #1203 ), #829, .F. ) ;
#2137 = CARTESIAN_POINT ( 'NONE',  ( -2.480505909353615923, -1.232324301752779798E-15, 5.353231774700382140 ) ) ;
#2138 = ORIENTED_EDGE ( 'NONE', *, *, #421, .F. ) ;
#2139 = LINE ( 'NONE', #569, #1293 ) ;
#2140 = LINE ( 'NONE', #1166, #631 ) ;
#2141 = CYLINDRICAL_SURFACE ( 'NONE', #1763, 0.5000000000000004441 ) ;
#2142 = CARTESIAN_POINT ( 'NONE',  ( 10.71214264281426409, 16.00000000000000355, -2.500000000000000000 ) ) ;
#2143 = FACE_OUTER_BOUND ( 'NONE', #1729, .T. ) ;
#2144 = CYLINDRICAL_SURFACE ( 'NONE', #181, 0.5000000000000004441 ) ;
#2145 = DIRECTION ( 'NONE',  ( -0.000000000000000000, 1.000000000000000000, -0.000000000000000000 ) ) ;
#2146 = ORIENTED_EDGE ( 'NONE', *, *, #570, .T. ) ;
#2147 = CIRCLE ( 'NONE', #2184, 0.4999999999999995559 ) ;
#2148 = EDGE_CURVE ( 'NONE', #1765, #1868, #841, .T. ) ;
#2149 = EDGE_CURVE ( 'NONE', #2300, #559, #220, .T. ) ;
#2150 = AXIS2_PLACEMENT_3D ( 'NONE', #1355, #2117, #179 ) ;
#2151 = DATE_AND_TIME ( #625, #449 ) ;
#2152 = DIRECTION ( 'NONE',  ( 0.000000000000000000, 0.000000000000000000, -1.000000000000000000 ) ) ;
#2153 = DIRECTION ( 'NONE',  ( -0.7660444431189777914, 0.000000000000000000, 0.6427876096865396960 ) ) ;
#2154 = CARTESIAN_POINT ( 'NONE',  ( -4.238710035888464844, 11.08517096144873904, 3.024570649429271896 ) ) ;
#2155 = FACE_OUTER_BOUND ( 'NONE', #140, .T. ) ;
#2156 = CARTESIAN_POINT ( 'NONE',  ( 4.841168824544630489, -1.017562133041003494E-15, 3.372400393229896931 ) ) ;
#2157 = ORIENTED_EDGE ( 'NONE', *, *, #3, .T. ) ;
#2158 = EDGE_CURVE ( 'NONE', #1718, #1682, #20, .T. ) ;
#2159 = CARTESIAN_POINT ( 'NONE',  ( 1.197304557328993102, 16.00000000000000000, -4.751469435553515197 ) ) ;
#2160 = ORIENTED_EDGE ( 'NONE', *, *, #2299, .F. ) ;
#2161 = EDGE_CURVE ( 'NONE', #1332, #2016, #1381, .T. ) ;
#2162 = DIRECTION ( 'NONE',  ( -0.000000000000000000, -1.000000000000000000, -1.084202172485504434E-16 ) ) ;
#2163 = CARTESIAN_POINT ( 'NONE',  ( 0.5000000000000003331, 5.333348791515121867, -5.544237619480591128 ) ) ;
#2164 = EDGE_CURVE ( 'NONE', #600, #1059, #2204, .T. ) ;
#2165 = LINE ( 'NONE', #427, #1692 ) ;
#2166 = DIRECTION ( 'NONE',  ( -0.6427876096865392519, -0.000000000000000000, -0.7660444431189780135 ) ) ;
#2167 = VECTOR ( 'NONE', #546, 1000.000000000000000 ) ;
#2168 = FACE_OUTER_BOUND ( 'NONE', #1698, .T. ) ;
#2169 = VECTOR ( 'NONE', #2235, 1000.000000000000114 ) ;
#2170 = PLANE ( 'NONE',  #860 ) ;
#2171 = ORIENTED_EDGE ( 'NONE', *, *, #1989, .F. ) ;
#2172 = ORIENTED_EDGE ( 'NONE', *, *, #2433, .F. ) ;
#2173 = PERSON_AND_ORGANIZATION ( #285, #1538 ) ;
#2174 = EDGE_CURVE ( 'NONE', #1666, #1906, #243, .T. ) ;
#2175 = DIRECTION ( 'NONE',  ( -0.000000000000000000, 1.000000000000000000, -0.000000000000000000 ) ) ;
#2176 = DIRECTION ( 'NONE',  ( 0.08083542493543106888, 0.9956342260592881965, -0.04667035434652897635 ) ) ;
#2177 = DIRECTION ( 'NONE',  ( 0.000000000000000000, 0.000000000000000000, -1.000000000000000000 ) ) ;
#2178 = CARTESIAN_POINT ( 'NONE',  ( 10.50892477849184026, 0.000000000000000000, 3.249999999999997780 ) ) ;
#2179 = EDGE_CURVE ( 'NONE', #2236, #1364, #644, .T. ) ;
#2180 = CARTESIAN_POINT ( 'NONE',  ( -4.406921938162710717, 0.000000000000000000, 1.966987298108955340 ) ) ;
#2181 = CARTESIAN_POINT ( 'NONE',  ( -1.382236724849974951, 7.390121892295788975, 5.259566389956874310 ) ) ;
#2182 = VERTEX_POINT ( 'NONE', #1190 ) ;
#2183 = VERTEX_POINT ( 'NONE', #805 ) ;
#2184 = AXIS2_PLACEMENT_3D ( 'NONE', #950, #2095, #558 ) ;
#2185 = DATE_TIME_ROLE ( 'creation_date' ) ;
#2186 = CYLINDRICAL_SURFACE ( 'NONE', #2468, 0.5000000000000004441 ) ;
#2187 = AXIS2_PLACEMENT_3D ( 'NONE', #1156, #1546, #1937 ) ;
#2188 = DIRECTION ( 'NONE',  ( 1.000000000000000000, 0.000000000000000000, 0.000000000000000000 ) ) ;
#2189 = APPROVAL_PERSON_ORGANIZATION ( #1211, #551, #1021 ) ;
#2190 = LINE ( 'NONE', #1397, #1527 ) ;
#2191 = EDGE_CURVE ( 'NONE', #906, #170, #1795, .T. ) ;
#2192 = DIRECTION ( 'NONE',  ( -0.8660254037844385966, 0.000000000000000000, 0.5000000000000000000 ) ) ;
#2193 = B_SPLINE_CURVE_WITH_KNOTS ( 'NONE', 3,
 ( #1661, #787, #2237, #1268, #740, #1297, #1886 ),
 .UNSPECIFIED., .F., .F.,
 ( 4, 3, 4 ),
 ( 2.003930643557829087E-07, 0.01110717826137971528, 0.01603169201758565532 ),
 .UNSPECIFIED. ) ;
#2194 = CARTESIAN_POINT ( 'NONE',  ( -3.468402748051885531, 0.000000000000000000, 3.355619522128589605 ) ) ;
#2195 = EDGE_CURVE ( 'NONE', #536, #1438, #2165, .T. ) ;
#2196 = CARTESIAN_POINT ( 'NONE',  ( 2.111542998356207068, 0.000000000000000000, -4.339514508110094759 ) ) ;
#2197 = VERTEX_POINT ( 'NONE', #669 ) ;
#2198 = VERTEX_POINT ( 'NONE', #1812 ) ;
#2199 = LINE ( 'NONE', #1818, #1271 ) ;
#2200 = EDGE_LOOP ( 'NONE', ( #1197, #499, #444, #2058 ) ) ;
#2201 = CIRCLE ( 'NONE', #2467, 4.900000000000002132 ) ;
#2202 = APPROVAL_STATUS ( 'not_yet_approved' ) ;
#2203 = DIRECTION ( 'NONE',  ( -0.000000000000000000, -1.000000000000000000, -0.000000000000000000 ) ) ;
#2204 = LINE ( 'NONE', #2372, #1980 ) ;
#2205 = LINE ( 'NONE', #808, #1154 ) ;
#2206 = VERTEX_POINT ( 'NONE', #2359 ) ;
#2207 = CIRCLE ( 'NONE', #1596, 0.5000000000000004441 ) ;
#2208 = VERTEX_POINT ( 'NONE', #629 ) ;
#2209 = ORIENTED_EDGE ( 'NONE', *, *, #1674, .F. ) ;
#2210 = CIRCLE ( 'NONE', #1022, 4.900000000000002132 ) ;
#2211 = DIRECTION ( 'NONE',  ( 0.000000000000000000, 1.000000000000000000, -0.000000000000000000 ) ) ;
#2212 = ORIENTED_EDGE ( 'NONE', *, *, #460, .F. ) ;
#2213 = CIRCLE ( 'NONE', #1932, 11.00000000000000000 ) ;
#2214 = DIRECTION ( 'NONE',  ( 0.000000000000000000, 1.000000000000000000, -0.000000000000000000 ) ) ;
#2215 = FACE_OUTER_BOUND ( 'NONE', #458, .T. ) ;
#2216 = CARTESIAN_POINT ( 'NONE',  ( -8.612460220655809541E-15, 0.000000000000000000, -5.167476132393485251E-15 ) ) ;
#2217 = CARTESIAN_POINT ( 'NONE',  ( 10.71214264281426054, 16.00000000000000355, 2.500000000000000000 ) ) ;
#2218 = ORIENTED_EDGE ( 'NONE', *, *, #2241, .T. ) ;
#2219 = VERTEX_POINT ( 'NONE', #1624 ) ;
#2220 = ORIENTED_EDGE ( 'NONE', *, *, #35, .T. ) ;
#2221 = ORIENTED_EDGE ( 'NONE', *, *, #1454, .T. ) ;
#2222 = CONICAL_SURFACE ( 'NONE', #1611, 5.900000000000000355, 0.06241880999595723900 ) ;
#2223 = EDGE_CURVE ( 'NONE', #434, #31, #2190, .T. ) ;
#2224 = CARTESIAN_POINT ( 'NONE',  ( 4.841168824542593008, 0.000000000000000000, -3.372400393232822591 ) ) ;
#2225 = EDGE_LOOP ( 'NONE', ( #296, #156, #2501, #856 ) ) ;
#2226 = CIRCLE ( 'NONE', #1528, 0.4999999999999970024 ) ;
#2227 = FACE_OUTER_BOUND ( 'NONE', #869, .T. ) ;
#2228 = ADVANCED_FACE ( 'NONE', ( #453 ), #1215, .F. ) ;
#2229 = LINE ( 'NONE', #1663, #884 ) ;
#2230 = CARTESIAN_POINT ( 'NONE',  ( -7.674132444625017868, 0.000000000000000000, 5.008012701893394869 ) ) ;
#2231 = ORIENTED_EDGE ( 'NONE', *, *, #1309, .F. ) ;
#2232 = ORIENTED_EDGE ( 'NONE', *, *, #1600, .F. ) ;
#2233 = VERTEX_POINT ( 'NONE', #1999 ) ;
#2234 = CARTESIAN_POINT ( 'NONE',  ( 2.659638001040032673, 0.000000000000000000, 8.769197551853020300 ) ) ;
#2235 = DIRECTION ( 'NONE',  ( -0.6427876096865396960, 0.000000000000000000, -0.7660444431189777914 ) ) ;
#2236 = VERTEX_POINT ( 'NONE', #257 ) ;
#2237 = CARTESIAN_POINT ( 'NONE',  ( 3.863799744168389338, 7.390121892295789863, 3.826835312742404849 ) ) ;
#2238 = ADVANCED_FACE ( 'NONE', ( #1026 ), #657, .F. ) ;
#2239 = AXIS2_PLACEMENT_3D ( 'NONE', #487, #254, #2011 ) ;
#2240 = CARTESIAN_POINT ( 'NONE',  ( -15.00000000000000000, 16.00000000000000355, 2.500000000000000000 ) ) ;
#2241 = EDGE_CURVE ( 'NONE', #846, #834, #122, .T. ) ;
#2242 = CARTESIAN_POINT ( 'NONE',  ( -7.924132444625017868, 0.000000000000000000, 4.575000000001176126 ) ) ;
#2243 = DIRECTION ( 'NONE',  ( -9.969675149291996949E-17, 0.000000000000000000, -1.000000000000000000 ) ) ;
#2244 = VERTEX_POINT ( 'NONE', #1470 ) ;
#2245 = EDGE_LOOP ( 'NONE', ( #1778, #609, #1334, #125 ) ) ;
#2246 = ORIENTED_EDGE ( 'NONE', *, *, #352, .T. ) ;
#2247 = DIRECTION ( 'NONE',  ( 0.000000000000000000, 0.000000000000000000, 1.000000000000000000 ) ) ;
#2248 = DIRECTION ( 'NONE',  ( -0.000000000000000000, -1.000000000000000000, -0.000000000000000000 ) ) ;
#2249 = ORIENTED_EDGE ( 'NONE', *, *, #72, .F. ) ;
#2250 = AXIS2_PLACEMENT_3D ( 'NONE', #2242, #1833, #1664 ) ;
#2251 = AXIS2_PLACEMENT_3D ( 'NONE', #290, #835, #251 ) ;
#2252 = CARTESIAN_POINT ( 'NONE',  ( 5.881506628634618039, 16.00000000000000000, 7.009306654537308390 ) ) ;
#2253 = VECTOR ( 'NONE', #1400, 1000.000000000000000 ) ;
#2254 = DIRECTION ( 'NONE',  ( 1.000000000000000000, -0.000000000000000000, -0.000000000000000000 ) ) ;
#2255 = CIRCLE ( 'NONE', #1846, 5.900000000000000355 ) ;
#2256 = EDGE_CURVE ( 'NONE', #2206, #31, #96, .T. ) ;
#2257 = CARTESIAN_POINT ( 'NONE',  ( 3.271507984906495259E-12, 0.000000000000000000, 9.649999999999675282 ) ) ;
#2258 = ORIENTED_EDGE ( 'NONE', *, *, #873, .F. ) ;
#2259 = ADVANCED_FACE ( 'NONE', ( #1690 ), #1638, .F. ) ;
#2260 = VERTEX_POINT ( 'NONE', #2456 ) ;
#2261 = CARTESIAN_POINT ( 'NONE',  ( -0.4999999999999996669, 0.000000000000000000, -5.878775382679627626 ) ) ;
#2262 = PLANE ( 'NONE',  #2441 ) ;
#2263 = VERTEX_POINT ( 'NONE', #1270 ) ;
#2264 = CARTESIAN_POINT ( 'NONE',  ( -3.129484311426640630, 0.000000000000000000, 8.598187480191304743 ) ) ;
#2265 = VERTEX_POINT ( 'NONE', #1482 ) ;
#2266 = AXIS2_PLACEMENT_3D ( 'NONE', #520, #98, #1653 ) ;
#2267 = DIRECTION ( 'NONE',  ( -0.000000000000000000, 1.000000000000000000, -0.000000000000000000 ) ) ;
#2268 = DIRECTION ( 'NONE',  ( -0.000000000000000000, 1.000000000000000000, -0.000000000000000000 ) ) ;
#2269 = ORIENTED_EDGE ( 'NONE', *, *, #659, .F. ) ;
#2270 = EDGE_LOOP ( 'NONE', ( #146, #763, #1839, #1620 ) ) ;
#2271 = EDGE_CURVE ( 'NONE', #2034, #2208, #2421, .T. ) ;
#2272 = FACE_OUTER_BOUND ( 'NONE', #1289, .T. ) ;
#2273 = DIRECTION ( 'NONE',  ( 1.000000000000000000, -0.000000000000000000, -0.000000000000000000 ) ) ;
#2274 = ORIENTED_EDGE ( 'NONE', *, *, #2195, .F. ) ;
#2275 = CARTESIAN_POINT ( 'NONE',  ( -3.906921938162710717, 0.000000000000000000, 2.833012701893393714 ) ) ;
#2276 = EDGE_LOOP ( 'NONE', ( #2274, #328, #755, #1671 ) ) ;
#2277 = CARTESIAN_POINT ( 'NONE',  ( 0.5000000000000003331, 0.000000000000000000, -4.799999999999999822 ) ) ;
#2278 = B_SPLINE_CURVE_WITH_KNOTS ( 'NONE', 3,
 ( #2224, #652, #1804, #1646, #1236, #665, #1253 ),
 .UNSPECIFIED., .F., .F.,
 ( 4, 3, 4 ),
 ( 2.003930643557375395E-07, 0.01110717826137971528, 0.01603169201758564838 ),
 .UNSPECIFIED. ) ;
#2279 = CARTESIAN_POINT ( 'NONE',  ( -3.648542807653710529, 12.72344918566115624, -3.570302085324433605 ) ) ;
#2280 = CARTESIAN_POINT ( 'NONE',  ( 4.595102713607747802, 4.529182676857265832, 3.230334057842042306 ) ) ;
#2281 = VERTEX_POINT ( 'NONE', #488 ) ;
#2282 = ORIENTED_EDGE ( 'NONE', *, *, #1338, .F. ) ;
#2283 = LINE ( 'NONE', #1305, #2442 ) ;
#2284 = DIRECTION ( 'NONE',  ( 0.000000000000000000, 1.000000000000000000, -0.000000000000000000 ) ) ;
#2285 = ORIENTED_EDGE ( 'NONE', *, *, #1613, .F. ) ;
#2286 = EDGE_CURVE ( 'NONE', #2197, #2219, #532, .T. ) ;
#2287 = CARTESIAN_POINT ( 'NONE',  ( -8.612460220655809541E-15, 0.000000000000000000, -5.167476132393485251E-15 ) ) ;
#2288 = AXIS2_PLACEMENT_3D ( 'NONE', #2469, #1911, #2314 ) ;
#2289 = ORIENTED_EDGE ( 'NONE', *, *, #1853, .F. ) ;
#2290 = CIRCLE ( 'NONE', #1928, 0.4999999999999995559 ) ;
#2291 = LINE ( 'NONE', #768, #1128 ) ;
#2292 = CYLINDRICAL_SURFACE ( 'NONE', #2520, 0.4999999999999995559 ) ;
#2293 = CARTESIAN_POINT ( 'NONE',  ( 7.674132444629926830, 16.00000000000000000, 5.008012701890557139 ) ) ;
#2294 = ORIENTED_EDGE ( 'NONE', *, *, #1745, .T. ) ;
#2295 = ORIENTED_EDGE ( 'NONE', *, *, #2161, .T. ) ;
#2296 = DIRECTION ( 'NONE',  ( -0.000000000000000000, 1.000000000000000000, -0.000000000000000000 ) ) ;
#2297 = LINE ( 'NONE', #2475, #1317 ) ;
#2298 = ORIENTED_EDGE ( 'NONE', *, *, #2493, .T. ) ;
#2299 = EDGE_CURVE ( 'NONE', #2183, #1115, #2109, .T. ) ;
#2300 = VERTEX_POINT ( 'NONE', #1431 ) ;
#2301 = EDGE_CURVE ( 'NONE', #1117, #1364, #1695, .T. ) ;
#2302 = PLANE ( 'NONE',  #1040 ) ;
#2303 = CARTESIAN_POINT ( 'NONE',  ( -2.480505909353615923, -1.232324301752779798E-15, 5.353231774700382140 ) ) ;
#2304 = DIRECTION ( 'NONE',  ( 0.000000000000000000, 0.000000000000000000, -1.000000000000000000 ) ) ;
#2305 = FACE_OUTER_BOUND ( 'NONE', #1137, .T. ) ;
#2306 = VECTOR ( 'NONE', #2254, 1000.000000000000000 ) ;
#2307 = DIRECTION ( 'NONE',  ( 0.000000000000000000, 1.084202172485504311E-16, -1.000000000000000000 ) ) ;
#2308 = DIRECTION ( 'NONE',  ( -0.000000000000000000, 0.000000000000000000, 1.000000000000000000 ) ) ;
#2309 = CIRCLE ( 'NONE', #2187, 0.4999999999999995559 ) ;
#2310 = CARTESIAN_POINT ( 'NONE',  ( 3.271507984906495259E-12, 0.000000000000000000, 9.149999999999673506 ) ) ;
#2311 = ORIENTED_EDGE ( 'NONE', *, *, #1102, .F. ) ;
#2312 = DIRECTION ( 'NONE',  ( 0.8660254037844389297, 0.000000000000000000, 0.4999999999999996114 ) ) ;
#2313 = ADVANCED_FACE ( 'NONE', ( #2215 ), #1038, .F. ) ;
#2314 = DIRECTION ( 'NONE',  ( 0.000000000000000000, 0.000000000000000000, -1.000000000000000000 ) ) ;
#2315 = LINE ( 'NONE', #793, #642 ) ;
#2316 = LINE ( 'NONE', #1328, #120 ) ;
#2317 = EDGE_LOOP ( 'NONE', ( #432, #473, #1127, #1182 ) ) ;
#2318 = PLANE ( 'NONE',  #1637 ) ;
#2319 = AXIS2_PLACEMENT_3D ( 'NONE', #2287, #2050, #531 ) ;
#2320 = ORIENTED_EDGE ( 'NONE', *, *, #154, .F. ) ;
#2321 = DIRECTION ( 'NONE',  ( 0.000000000000000000, 0.000000000000000000, -1.000000000000000000 ) ) ;
#2322 = VECTOR ( 'NONE', #681, 1000.000000000000000 ) ;
#2323 = DIRECTION ( 'NONE',  ( -0.000000000000000000, 1.000000000000000000, -0.000000000000000000 ) ) ;
#2324 = DIRECTION ( 'NONE',  ( -0.000000000000000000, -1.000000000000000000, -1.084202172485504434E-16 ) ) ;
#2325 = EDGE_CURVE ( 'NONE', #252, #1736, #680, .T. ) ;
#2326 = DIRECTION ( 'NONE',  ( -0.000000000000000000, -1.000000000000000000, -1.084202172485504434E-16 ) ) ;
#2327 = VECTOR ( 'NONE', #1685, 1000.000000000000000 ) ;
#2328 = CARTESIAN_POINT ( 'NONE',  ( -2.659638001036766841, 0.000000000000000000, -8.769197551853341821 ) ) ;
#2329 = EDGE_CURVE ( 'NONE', #849, #2440, #356, .T. ) ;
#2330 = CARTESIAN_POINT ( 'NONE',  ( 2.750196514713560969, 16.00000000000000000, 4.055418490175511259 ) ) ;
#2331 = ORIENTED_EDGE ( 'NONE', *, *, #987, .F. ) ;
#2332 = CARTESIAN_POINT ( 'NONE',  ( -4.161826197674217909, -1.105340118461101297E-15, 4.182009409405074152 ) ) ;
#2333 = DIRECTION ( 'NONE',  ( 0.000000000000000000, 0.000000000000000000, 1.000000000000000000 ) ) ;
#2334 = CARTESIAN_POINT ( 'NONE',  ( -2.202939492834649293, 12.93126332337866558, 4.590624312915586813 ) ) ;
#2335 = FACE_OUTER_BOUND ( 'NONE', #2464, .T. ) ;
#2336 = CARTESIAN_POINT ( 'NONE',  ( 0.5000000000032710501, 5.333348791515127196, 5.544237619480298918 ) ) ;
#2337 = DIRECTION ( 'NONE',  ( 0.000000000000000000, 1.000000000000000000, 0.000000000000000000 ) ) ;
#2338 = EDGE_CURVE ( 'NONE', #2206, #1736, #364, .T. ) ;
#2339 = CARTESIAN_POINT ( 'NONE',  ( -3.516240957830242930, 16.00000000000000000, -3.412630880490456597 ) ) ;
#2340 = CARTESIAN_POINT ( 'NONE',  ( 3.304475038995486447, 2.264592486230100121, 4.715981912786312513 ) ) ;
#2341 = ORIENTED_EDGE ( 'NONE', *, *, #612, .T. ) ;
#2342 = VECTOR ( 'NONE', #355, 1000.000000000000000 ) ;
#2343 = EDGE_CURVE ( 'NONE', #1621, #1836, #889, .T. ) ;
#2344 = CARTESIAN_POINT ( 'NONE',  ( 1.267700901248782763, 12.72344918566115624, -4.944881800885299938 ) ) ;
#2345 = EDGE_CURVE ( 'NONE', #1294, #1248, #2229, .T. ) ;
#2346 = CARTESIAN_POINT ( 'NONE',  ( -2.874127527795701909, 12.93126332337866735, -4.203113720254213703 ) ) ;
#2347 = DIRECTION ( 'NONE',  ( 0.000000000000000000, 0.000000000000000000, 1.000000000000000000 ) ) ;
#2348 = DIRECTION ( 'NONE',  ( 0.6427876096865396960, 0.000000000000000000, 0.7660444431189777914 ) ) ;
#2349 = CARTESIAN_POINT ( 'NONE',  ( 5.498484407072623981, 0.000000000000000000, -7.330700459383008294 ) ) ;
#2350 = LINE ( 'NONE', #234, #827 ) ;
#2351 = CARTESIAN_POINT ( 'NONE',  ( 0.000000000000000000, 16.00000000000000000, 1.734723475976807094E-15 ) ) ;
#2352 = CARTESIAN_POINT ( 'NONE',  ( -1.302883730909516702, 11.08517096144873726, 5.041545830939345940 ) ) ;
#2353 = ORIENTED_EDGE ( 'NONE', *, *, #764, .T. ) ;
#2354 = CONICAL_SURFACE ( 'NONE', #1013, 5.900000000000000355, 0.06241880999595723900 ) ;
#2355 = ORIENTED_EDGE ( 'NONE', *, *, #2148, .F. ) ;
#2356 = APPLICATION_PROTOCOL_DEFINITION ( 'international standard', 'config_control_design', 1994, #1565 ) ;
#2357 = ADVANCED_FACE ( 'NONE', ( #2025 ), #1455, .F. ) ;
#2358 = FACE_OUTER_BOUND ( 'NONE', #1654, .T. ) ;
#2359 = CARTESIAN_POINT ( 'NONE',  ( -10.71214264281428008, 16.00000000000000355, 2.500000000000000000 ) ) ;
#2360 = DIRECTION ( 'NONE',  ( 0.000000000000000000, 1.000000000000000000, -0.000000000000000000 ) ) ;
#2361 = DIRECTION ( 'NONE',  ( -0.8660254037844382635, 0.000000000000000000, 0.5000000000000004441 ) ) ;
#2362 = AXIS2_PLACEMENT_3D ( 'NONE', #1734, #951, #2304 ) ;
#2363 = CARTESIAN_POINT ( 'NONE',  ( 5.881506628634618039, 0.000000000000000000, 7.509306654537309278 ) ) ;
#2364 = ORIENTED_EDGE ( 'NONE', *, *, #2164, .F. ) ;
#2365 = AXIS2_PLACEMENT_3D ( 'NONE', #1728, #2503, #223 ) ;
#2366 = B_SPLINE_CURVE_WITH_KNOTS ( 'NONE', 3,
 ( #1025, #255, #2163, #54 ),
 .UNSPECIFIED., .F., .F.,
 ( 4, 4 ),
 ( 0.01606967633298332643, 0.03210116805430864723 ),
 .UNSPECIFIED. ) ;
#2367 = EDGE_CURVE ( 'NONE', #2069, #2126, #975, .T. ) ;
#2368 = CARTESIAN_POINT ( 'NONE',  ( 4.406921938167617903, 16.00000000000000000, 1.966987298106120052 ) ) ;
#2369 = CARTESIAN_POINT ( 'NONE',  ( 2.111542998359281054, 16.00000000000000000, 4.339514508108651469 ) ) ;
#2370 = ADVANCED_FACE ( 'NONE', ( #1050 ), #1831, .F. ) ;
#2371 = CARTESIAN_POINT ( 'NONE',  ( -7.674132444626653005, 0.000000000000000000, -5.008012701890883989 ) ) ;
#2372 = CARTESIAN_POINT ( 'NONE',  ( 2.702358304938683897, 16.00000000000000000, 3.998407131813026538 ) ) ;
#2373 = DIRECTION ( 'NONE',  ( 0.7660444431189781245, 0.000000000000000000, 0.6427876096865392519 ) ) ;
#2374 = CARTESIAN_POINT ( 'NONE',  ( -8.612460220655809541E-15, 0.000000000000000000, -5.167476132393485251E-15 ) ) ;
#2375 = DIRECTION ( 'NONE',  ( -0.000000000000000000, -1.000000000000000000, -1.084202172485504434E-16 ) ) ;
#2376 = EDGE_LOOP ( 'NONE', ( #1521, #312, #522, #653 ) ) ;
#2377 = ORIENTED_EDGE ( 'NONE', *, *, #1958, .T. ) ;
#2378 = AXIS2_PLACEMENT_3D ( 'NONE', #1104, #1890, #1676 ) ;
#2379 = DIRECTION ( 'NONE',  ( 0.000000000000000000, 0.000000000000000000, -1.000000000000000000 ) ) ;
#2380 = ORIENTED_EDGE ( 'NONE', *, *, #149, .F. ) ;
#2381 = AXIS2_PLACEMENT_3D ( 'NONE', #1947, #1522, #1312 ) ;
#2382 = PLANE ( 'NONE',  #1534 ) ;
#2383 = CARTESIAN_POINT ( 'NONE',  ( 3.971374183840524097, 16.00000000000000000, -2.870224223283789566 ) ) ;
#2384 = EDGE_CURVE ( 'NONE', #2017, #906, #389, .T. ) ;
#2385 = CARTESIAN_POINT ( 'NONE',  ( 7.674132444629926830, 0.000000000000000000, 5.008012701890557139 ) ) ;
#2386 = EDGE_CURVE ( 'NONE', #1377, #1517, #2147, .T. ) ;
#2387 = CARTESIAN_POINT ( 'NONE',  ( -6.264528850188331610, 0.000000000000000000, 6.687912849696144413 ) ) ;
#2388 = PLANE ( 'NONE',  #1393 ) ;
#2389 = ORIENTED_EDGE ( 'NONE', *, *, #1468, .T. ) ;
#2390 = EDGE_LOOP ( 'NONE', ( #153, #638, #1559, #1643 ) ) ;
#2391 = ORIENTED_EDGE ( 'NONE', *, *, #754, .T. ) ;
#2392 = CARTESIAN_POINT ( 'NONE',  ( 3.906921938165981434, 16.00000000000000000, -2.833012701893716567 ) ) ;
#2393 = B_SPLINE_CURVE_WITH_KNOTS ( 'NONE', 3,
 ( #1575, #2346, #613, #1187, #1970, #1415, #76 ),
 .UNSPECIFIED., .F., .F.,
 ( 4, 3, 4 ),
 ( 2.003943462289752655E-07, 0.009224562600314378455, 0.01603169201905865759 ),
 .UNSPECIFIED. ) ;
#2394 = CLOSED_SHELL ( 'NONE', ( #231, #1506, #379, #2398, #2313, #641, #2009, #961, #2036, #410, #1645, #899, #947, #69, #1072, #298, #1226, #956, #2451, #2136, #281, #1486, #1993, #2238, #1441, #2119, #505, #472, #105, #188, #189, #86, #1717 ) ) ;
#2395 = CARTESIAN_POINT ( 'NONE',  ( 2.111542998356207068, 16.00000000000000000, -4.339514508110094759 ) ) ;
#2396 = DIRECTION ( 'NONE',  ( 0.7660444431189781245, 0.000000000000000000, 0.6427876096865392519 ) ) ;
#2397 = CARTESIAN_POINT ( 'NONE',  ( 2.702358304936177458, 16.00000000000000000, -3.998407131815453486 ) ) ;
#2398 = ADVANCED_FACE ( 'NONE', ( #580 ), #2302, .F. ) ;
#2399 = CARTESIAN_POINT ( 'NONE',  ( -3.640171970912493560, 12.93126332337866558, 3.560326110569834945 ) ) ;
#2400 = ORIENTED_EDGE ( 'NONE', *, *, #2433, .T. ) ;
#2401 = AXIS2_PLACEMENT_3D ( 'NONE', #1877, #728, #898 ) ;
#2402 = ORIENTED_EDGE ( 'NONE', *, *, #35, .F. ) ;
#2403 = AXIS2_PLACEMENT_3D ( 'NONE', #416, #259, #1219 ) ;
#2404 = EDGE_CURVE ( 'NONE', #2429, #1488, #321, .T. ) ;
#2405 = LINE ( 'NONE', #1058, #469 ) ;
#2406 = VERTEX_POINT ( 'NONE', #161 ) ;
#2407 = VECTOR ( 'NONE', #607, 1000.000000000000000 ) ;
#2408 = PERSON_AND_ORGANIZATION_ROLE ( 'creator' ) ;
#2409 = DIRECTION ( 'NONE',  ( 0.000000000000000000, 0.000000000000000000, 1.000000000000000000 ) ) ;
#2410 = CARTESIAN_POINT ( 'NONE',  ( 2.702358304938683897, 0.000000000000000000, 3.998407131813026538 ) ) ;
#2411 = DIRECTION ( 'NONE',  ( 0.000000000000000000, 1.084202172485504311E-16, -1.000000000000000000 ) ) ;
#2412 = CARTESIAN_POINT ( 'NONE',  ( 7.924132444629926830, 16.00000000000000000, 4.574999999998338396 ) ) ;
#2413 = ORIENTED_EDGE ( 'NONE', *, *, #2444, .T. ) ;
#2414 = ORIENTED_EDGE ( 'NONE', *, *, #1853, .T. ) ;
#2415 = ORIENTED_EDGE ( 'NONE', *, *, #1810, .T. ) ;
#2416 = PLANE ( 'NONE',  #672 ) ;
#2417 = ORIENTED_EDGE ( 'NONE', *, *, #365, .T. ) ;
#2418 = EDGE_CURVE ( 'NONE', #1267, #1669, #2139, .T. ) ;
#2419 = FACE_OUTER_BOUND ( 'NONE', #79, .T. ) ;
#2420 = EDGE_CURVE ( 'NONE', #1402, #1736, #65, .T. ) ;
#2421 = LINE ( 'NONE', #2052, #647 ) ;
#2422 = CARTESIAN_POINT ( 'NONE',  ( 0.5000000000032709391, 16.00000000000000000, 4.799999999999674749 ) ) ;
#2423 = CARTESIAN_POINT ( 'NONE',  ( 4.406921938167617903, 0.000000000000000000, 1.966987298106120052 ) ) ;
#2424 = ORIENTED_EDGE ( 'NONE', *, *, #912, .F. ) ;
#2425 = ORIENTED_EDGE ( 'NONE', *, *, #1067, .T. ) ;
#2426 = ORIENTED_EDGE ( 'NONE', *, *, #664, .F. ) ;
#2427 = CARTESIAN_POINT ( 'NONE',  ( 3.271507984906495259E-12, 16.00000000000000000, 9.649999999999675282 ) ) ;
#2428 = FACE_OUTER_BOUND ( 'NONE', #184, .T. ) ;
#2429 = VERTEX_POINT ( 'NONE', #2466 ) ;
#2430 = EDGE_CURVE ( 'NONE', #931, #75, #1701, .T. ) ;
#2431 = LINE ( 'NONE', #2275, #1467 ) ;
#2432 = CIRCLE ( 'NONE', #1713, 0.5000000000000004441 ) ;
#2433 = EDGE_CURVE ( 'NONE', #327, #409, #1508, .T. ) ;
#2434 = DIRECTION ( 'NONE',  ( -0.08083542493543155461, 0.9956342260592880855, 0.04667035434652924003 ) ) ;
#2435 = LINE ( 'NONE', #2397, #901 ) ;
#2436 = DIRECTION ( 'NONE',  ( 0.4999999999999997780, 0.000000000000000000, -0.8660254037844388186 ) ) ;
#2437 = ORIENTED_EDGE ( 'NONE', *, *, #136, .F. ) ;
#2438 = DIRECTION ( 'NONE',  ( -0.3420201433256687129, -0.000000000000000000, 0.9396926207859084279 ) ) ;
#2439 = AXIS2_PLACEMENT_3D ( 'NONE', #990, #45, #14 ) ;
#2440 = VERTEX_POINT ( 'NONE', #1335 ) ;
#2441 = AXIS2_PLACEMENT_3D ( 'NONE', #1531, #360, #330 ) ;
#2442 = VECTOR ( 'NONE', #143, 999.9999999999998863 ) ;
#2443 = PLANE ( 'NONE',  #164 ) ;
#2444 = EDGE_CURVE ( 'NONE', #524, #1332, #2495, .T. ) ;
#2445 = CARTESIAN_POINT ( 'NONE',  ( 3.887829477489572749, 6.793769985310308179, -3.855472833762420226 ) ) ;
#2446 = EDGE_CURVE ( 'NONE', #1517, #1801, #2291, .T. ) ;
#2447 = DIRECTION ( 'NONE',  ( 0.000000000000000000, 0.000000000000000000, -1.000000000000000000 ) ) ;
#2448 = ORIENTED_EDGE ( 'NONE', *, *, #2446, .F. ) ;
#2449 = VERTEX_POINT ( 'NONE', #1719 ) ;
#2450 = ORIENTED_EDGE ( 'NONE', *, *, #1424, .F. ) ;
#2451 = ADVANCED_FACE ( 'NONE', ( #1755 ), #2483, .F. ) ;
#2452 = LINE ( 'NONE', #1712, #982 ) ;
#2453 = VERTEX_POINT ( 'NONE', #374 ) ;
#2454 = DIRECTION ( 'NONE',  ( 0.000000000000000000, -0.000000000000000000, 1.000000000000000000 ) ) ;
#2455 = EDGE_LOOP ( 'NONE', ( #738, #1421, #689, #1422 ) ) ;
#2456 = CARTESIAN_POINT ( 'NONE',  ( -10.50892477849185624, 0.000000000000000000, 3.249999999999997780 ) ) ;
#2457 = CARTESIAN_POINT ( 'NONE',  ( 7.924132444629926830, 0.000000000000000000, 4.574999999998338396 ) ) ;
#2458 = CARTESIAN_POINT ( 'NONE',  ( 2.480505909356313321, -7.152719776319793125E-17, -5.353231774699132473 ) ) ;
#2459 = DIRECTION ( 'NONE',  ( -0.000000000000000000, 1.000000000000000000, -0.000000000000000000 ) ) ;
#2460 = ORIENTED_EDGE ( 'NONE', *, *, #624, .T. ) ;
#2461 = ORIENTED_EDGE ( 'NONE', *, *, #2223, .F. ) ;
#2462 = CYLINDRICAL_SURFACE ( 'NONE', #591, 11.00000000000000000 ) ;
#2463 = CARTESIAN_POINT ( 'NONE',  ( 5.881506628634618927, 0.000000000000000000, 7.009306654537308390 ) ) ;
#2464 = EDGE_LOOP ( 'NONE', ( #2074, #1744, #88, #1788 ) ) ;
#2465 = CARTESIAN_POINT ( 'NONE',  ( -10.50892477849185624, 0.000000000000000000, 3.249999999999997780 ) ) ;
#2466 = CARTESIAN_POINT ( 'NONE',  ( -1.540813288570591855, -3.444529952045698350E-17, -5.695251918024723636 ) ) ;
#2467 = AXIS2_PLACEMENT_3D ( 'NONE', #1696, #1159, #548 ) ;
#2468 = AXIS2_PLACEMENT_3D ( 'NONE', #292, #464, #2409 ) ;
#2469 = CARTESIAN_POINT ( 'NONE',  ( 3.129484311432986221, 0.000000000000000000, 8.598187480190185639 ) ) ;
#2470 = DIRECTION ( 'NONE',  ( 0.000000000000000000, 1.084202172485504311E-16, -1.000000000000000000 ) ) ;
#2471 = VERTEX_POINT ( 'NONE', #1142 ) ;
#2472 = ORIENTED_EDGE ( 'NONE', *, *, #2480, .T. ) ;
#2473 = EDGE_CURVE ( 'NONE', #2260, #434, #1537, .T. ) ;
#2474 = CARTESIAN_POINT ( 'NONE',  ( 0.000000000000000000, 16.00000000000000000, 1.734723475976807094E-15 ) ) ;
#2475 = CARTESIAN_POINT ( 'NONE',  ( -3.468402748051885531, 16.00000000000000000, 3.355619522128589605 ) ) ;
#2476 = ORIENTED_EDGE ( 'NONE', *, *, #1049, .T. ) ;
#2477 = EDGE_CURVE ( 'NONE', #2265, #369, #2309, .T. ) ;
#2478 = VECTOR ( 'NONE', #1953, 1000.000000000000000 ) ;
#2479 = ORIENTED_EDGE ( 'NONE', *, *, #2418, .F. ) ;
#2480 = EDGE_CURVE ( 'NONE', #26, #1710, #1496, .T. ) ;
#2481 = B_SPLINE_CURVE_WITH_KNOTS ( 'NONE', 3,
 ( #442, #809, #2181, #2352, #1594, #636, #1208 ),
 .UNSPECIFIED., .F., .F.,
 ( 4, 3, 4 ),
 ( 2.003930643557553801E-07, 0.01110717826137971528, 0.01603169201758564838 ),
 .UNSPECIFIED. ) ;
#2482 = CIRCLE ( 'NONE', #1391, 11.00000000000000000 ) ;
#2483 = CYLINDRICAL_SURFACE ( 'NONE', #2150, 0.5000000000000004441 ) ;
#2484 = VECTOR ( 'NONE', #1657, 1000.000000000000000 ) ;
#2485 = CARTESIAN_POINT ( 'NONE',  ( -3.582402711389066852, 14.36172565137290213, -3.491479387986517580 ) ) ;
#2486 = DIRECTION ( 'NONE',  ( -0.6427876096865392519, 0.000000000000000000, 0.7660444431189781245 ) ) ;
#2487 = EDGE_LOOP ( 'NONE', ( #2003, #1353, #275, #2258 ) ) ;
#2488 = ORIENTED_EDGE ( 'NONE', *, *, #538, .T. ) ;
#2489 = CARTESIAN_POINT ( 'NONE',  ( 1.197304557332290909, 16.00000000000000000, 4.751469435552686527 ) ) ;
#2490 = EDGE_CURVE ( 'NONE', #662, #1032, #779, .T. ) ;
#2491 = CARTESIAN_POINT ( 'NONE',  ( -3.129484311426640630, 16.00000000000000000, 8.598187480191304743 ) ) ;
#2492 = EDGE_LOOP ( 'NONE', ( #701, #1427, #1542, #673 ) ) ;
#2493 = EDGE_CURVE ( 'NONE', #2236, #192, #1119, .T. ) ;
#2494 = ORIENTED_EDGE ( 'NONE', *, *, #2473, .T. ) ;
#2495 = LINE ( 'NONE', #1733, #2504 ) ;
#2496 = FACE_OUTER_BOUND ( 'NONE', #1209, .T. ) ;
#2497 = ADVANCED_FACE ( 'NONE', ( #147 ), #1743, .F. ) ;
#2498 = CARTESIAN_POINT ( 'NONE',  ( 5.498484407075130420, 0.000000000000000000, 7.330700459380578238 ) ) ;
#2499 = CARTESIAN_POINT ( 'NONE',  ( 0.5000000000032709391, 10.66668532495344834, 5.209504262629791604 ) ) ;
#2500 = ORIENTED_EDGE ( 'NONE', *, *, #1192, .F. ) ;
#2501 = ORIENTED_EDGE ( 'NONE', *, *, #136, .T. ) ;
#2502 = ORIENTED_EDGE ( 'NONE', *, *, #1338, .T. ) ;
#2503 = DIRECTION ( 'NONE',  ( -0.000000000000000000, 1.000000000000000000, -0.000000000000000000 ) ) ;
#2504 = VECTOR ( 'NONE', #1910, 1000.000000000000000 ) ;
#2505 = ORIENTED_EDGE ( 'NONE', *, *, #2511, .T. ) ;
#2506 = CARTESIAN_POINT ( 'NONE',  ( 1.382236724852851317, 7.390121892295790751, -5.259566389956115806 ) ) ;
#2507 = ORIENTED_EDGE ( 'NONE', *, *, #969, .T. ) ;
#2508 = ADVANCED_FACE ( 'NONE', ( #1175 ), #2382, .F. ) ;
#2509 = DIRECTION ( 'NONE',  ( 0.6427876096865396960, -0.000000000000000000, 0.7660444431189777914 ) ) ;
#2510 = DIRECTION ( 'NONE',  ( 0.8660254037844384856, 0.000000000000000000, -0.5000000000000003331 ) ) ;
#2511 = EDGE_CURVE ( 'NONE', #720, #225, #446, .T. ) ;
#2512 = DIRECTION ( 'NONE',  ( 0.000000000000000000, 1.000000000000000000, -0.000000000000000000 ) ) ;
#2513 = CARTESIAN_POINT ( 'NONE',  ( -2.136997178115094265, 16.00000000000000000, -4.409449292227788142 ) ) ;
#2514 = CARTESIAN_POINT ( 'NONE',  ( -4.149623983910819547, 12.72344918566115624, 2.973136793338937434 ) ) ;
#2515 = ORIENTED_EDGE ( 'NONE', *, *, #691, .T. ) ;
#2516 = CARTESIAN_POINT ( 'NONE',  ( -4.841168824543531812, -2.862893664746674669E-16, -3.372400393231476556 ) ) ;
#2517 = CARTESIAN_POINT ( 'NONE',  ( 6.264528850194108323, 0.000000000000000000, 6.687912849694037654 ) ) ;
#2518 = ORIENTED_EDGE ( 'NONE', *, *, #2367, .T. ) ;
#2519 = DIRECTION ( 'NONE',  ( -0.8660254037844387076, -0.000000000000000000, -0.4999999999999997224 ) ) ;
#2520 = AXIS2_PLACEMENT_3D ( 'NONE', #2457, #2323, #1523 ) ;
#2521 = EDGE_CURVE ( 'NONE', #709, #252, #983, .T. ) ;
#2522 = CIRCLE ( 'NONE', #178, 0.5000000000000004441 ) ;
#2523 = CARTESIAN_POINT ( 'NONE',  ( -0.4999999999967290609, 10.66668532495344834, 5.209504262630415994 ) ) ;
#2524 = CARTESIAN_POINT ( 'NONE',  ( 3.599330621822865783, 0.000000000000000000, -8.427177408528795155 ) ) ;
#2525 = DIRECTION ( 'NONE',  ( 0.000000000000000000, 1.000000000000000000, -0.000000000000000000 ) ) ;
#2526 = VECTOR ( 'NONE', #302, 1000.000000000000000 ) ;
#2527 = ADVANCED_FACE ( 'NONE', ( #268 ), #639, .F. ) ;
ENDSEC;
END-ISO-10303-21;
