ISO-10303-21;
HEADER;
FILE_DESCRIPTION (( 'STEP AP203' ),
    '1' );
FILE_NAME ('arm-pinon.STEP',
    '2026-06-17T23:33:58',
    ( '' ),
    ( '' ),
    'SwSTEP 2.0',
    'SolidWorks 2024',
    '' );
FILE_SCHEMA (( 'CONFIG_CONTROL_DESIGN' ));
ENDSEC;

DATA;
#1 = VECTOR ( 'NONE', #774, 1000.000000000000000 ) ;
#2 = ORIENTED_EDGE ( 'NONE', *, *, #2471, .F. ) ;
#3 = PLANE ( 'NONE',  #2084 ) ;
#4 = PERSON_AND_ORGANIZATION ( #653, #86 ) ;
#5 = AXIS2_PLACEMENT_3D ( 'NONE', #1023, #3004, #2795 ) ;
#6 = VERTEX_POINT ( 'NONE', #550 ) ;
#7 = EDGE_CURVE ( 'NONE', #2580, #2467, #2726, .T. ) ;
#8 = DIRECTION ( 'NONE',  ( 1.000000000000000000, -0.000000000000000000, -0.000000000000000000 ) ) ;
#9 = CARTESIAN_POINT ( 'NONE',  ( 0.000000000000000000, -4.200000000000001066, 4.500000000000000000 ) ) ;
#10 = CARTESIAN_POINT ( 'NONE',  ( -11.99129437599001591, -4.200000000000000178, 5.999999999999748646 ) ) ;
#11 = ORIENTED_EDGE ( 'NONE', *, *, #1238, .T. ) ;
#12 = ORIENTED_EDGE ( 'NONE', *, *, #1296, .T. ) ;
#13 = ADVANCED_FACE ( 'NONE', ( #3039 ), #838, .F. ) ;
#14 = DIRECTION ( 'NONE',  ( -0.9738412097417933344, 0.000000000000000000, 0.2272296156064183281 ) ) ;
#15 = CARTESIAN_POINT ( 'NONE',  ( -1.908705624009996660, 4.199999999999999289, 5.799999999999815969 ) ) ;
#16 = DIRECTION ( 'NONE',  ( -1.000000000000000000, -4.776611965246123225E-31, -3.469446951953615767E-15 ) ) ;
#17 = CARTESIAN_POINT ( 'NONE',  ( -26.50028531624118600, 17.27026362214360233, 11.21112429679777911 ) ) ;
#18 = ORIENTED_EDGE ( 'NONE', *, *, #815, .F. ) ;
#19 = CARTESIAN_POINT ( 'NONE',  ( -11.00000000000000711, 7.121320343559641053, 4.500000000000000000 ) ) ;
#20 = ORIENTED_EDGE ( 'NONE', *, *, #107, .T. ) ;
#21 = EDGE_LOOP ( 'NONE', ( #3056, #467, #766, #1155 ) ) ;
#22 = LINE ( 'NONE', #767, #1061 ) ;
#23 = VECTOR ( 'NONE', #472, 1000.000000000000000 ) ;
#24 = LINE ( 'NONE', #9, #1787 ) ;
#25 = CARTESIAN_POINT ( 'NONE',  ( -0.1860626179383748080, 7.121320343559641053, 5.845445923121114440 ) ) ;
#26 = ADVANCED_FACE ( 'NONE', ( #2555 ), #350, .T. ) ;
#27 = VECTOR ( 'NONE', #2468, 1000.000000000000000 ) ;
#28 = ORIENTED_EDGE ( 'NONE', *, *, #1296, .F. ) ;
#29 = VERTEX_POINT ( 'NONE', #2265 ) ;
#30 = DIRECTION ( 'NONE',  ( 1.000000000000000000, -0.000000000000000000, 0.000000000000000000 ) ) ;
#31 = VECTOR ( 'NONE', #1149, 1000.000000000000000 ) ;
#32 = CARTESIAN_POINT ( 'NONE',  ( -16.79129437599001662, 4.199999999999999289, 5.799999999999715605 ) ) ;
#33 = EDGE_CURVE ( 'NONE', #2231, #1950, #855, .T. ) ;
#34 = EDGE_CURVE ( 'NONE', #873, #1636, #157, .T. ) ;
#35 = VECTOR ( 'NONE', #36, 1000.000000000000000 ) ;
#36 = DIRECTION ( 'NONE',  ( 1.000000000000000000, -0.000000000000000000, 0.000000000000000000 ) ) ;
#37 = VECTOR ( 'NONE', #1551, 1000.000000000000000 ) ;
#38 = AXIS2_PLACEMENT_3D ( 'NONE', #2717, #2990, #788 ) ;
#39 = DIRECTION ( 'NONE',  ( 0.000000000000000000, -0.000000000000000000, 1.000000000000000000 ) ) ;
#40 = CARTESIAN_POINT ( 'NONE',  ( -15.80000000000000071, -4.200000000000001066, 4.500000000000000000 ) ) ;
#41 = ORIENTED_EDGE ( 'NONE', *, *, #3035, .T. ) ;
#42 = ORIENTED_EDGE ( 'NONE', *, *, #3035, .F. ) ;
#43 = DIRECTION ( 'NONE',  ( 0.000000000000000000, -1.000000000000000000, 0.000000000000000000 ) ) ;
#44 = DIRECTION ( 'NONE',  ( -1.000000000000000000, 0.000000000000000000, 0.000000000000000000 ) ) ;
#45 = CARTESIAN_POINT ( 'NONE',  ( -12.85036880927286873, 4.199999999999999289, 2.998419388830334320 ) ) ;
#46 = AXIS2_PLACEMENT_3D ( 'NONE', #1183, #888, #921 ) ;
#47 = ORIENTED_EDGE ( 'NONE', *, *, #1942, .T. ) ;
#48 = ORIENTED_EDGE ( 'NONE', *, *, #1942, .F. ) ;
#49 = DIRECTION ( 'NONE',  ( 1.000000000000000000, -0.000000000000000000, 0.000000000000000000 ) ) ;
#50 = DIRECTION ( 'NONE',  ( -1.000000000000000000, 0.000000000000000000, -0.000000000000000000 ) ) ;
#51 = EDGE_CURVE ( 'NONE', #164, #2359, #1904, .T. ) ;
#52 = DIRECTION ( 'NONE',  ( -0.000000000000000000, 1.000000000000000000, -0.000000000000000000 ) ) ;
#53 = ADVANCED_FACE ( 'NONE', ( #2586 ), #1164, .T. ) ;
#54 = VECTOR ( 'NONE', #605, 1000.000000000000000 ) ;
#55 = EDGE_CURVE ( 'NONE', #2131, #2155, #2985, .T. ) ;
#56 = LINE ( 'NONE', #1574, #1626 ) ;
#57 = AXIS2_PLACEMENT_3D ( 'NONE', #1823, #589, #294 ) ;
#58 = VERTEX_POINT ( 'NONE', #399 ) ;
#59 = ORIENTED_EDGE ( 'NONE', *, *, #146, .T. ) ;
#60 = CARTESIAN_POINT ( 'NONE',  ( -4.986062617938377350, 4.199999999999999289, 5.845445923121079801 ) ) ;
#61 = VECTOR ( 'NONE', #1121, 1000.000000000000000 ) ;
#62 = CARTESIAN_POINT ( 'NONE',  ( -22.16441400296899289, 28.89999999999999503, 3.049999999999998934 ) ) ;
#63 = PLANE ( 'NONE',  #1134 ) ;
#64 = ORIENTED_EDGE ( 'NONE', *, *, #2219, .F. ) ;
#65 = ORIENTED_EDGE ( 'NONE', *, *, #2392, .T. ) ;
#66 = CARTESIAN_POINT ( 'NONE',  ( -28.00000000000001421, 15.79999999999999893, 5.249999999999999112 ) ) ;
#67 = LINE ( 'NONE', #2241, #721 ) ;
#68 = DIRECTION ( 'NONE',  ( 1.000000000000000000, 0.000000000000000000, -0.000000000000000000 ) ) ;
#69 = EDGE_CURVE ( 'NONE', #360, #2898, #567, .T. ) ;
#70 = ORIENTED_EDGE ( 'NONE', *, *, #799, .T. ) ;
#71 = CARTESIAN_POINT ( 'NONE',  ( -6.200000000000007283, -4.200000000000001066, 4.500000000000000000 ) ) ;
#72 = EDGE_CURVE ( 'NONE', #2163, #2461, #1615, .T. ) ;
#73 = EDGE_CURVE ( 'NONE', #557, #994, #382, .T. ) ;
#74 = VERTEX_POINT ( 'NONE', #3096 ) ;
#75 = ORIENTED_EDGE ( 'NONE', *, *, #1432, .T. ) ;
#76 = CARTESIAN_POINT ( 'NONE',  ( -18.54056902002114882, 4.199999999999999289, -4.326132771338265570 ) ) ;
#77 = CARTESIAN_POINT ( 'NONE',  ( -27.50966616395045961, 16.03512814861575819, 5.250000000000000888 ) ) ;
#78 = EDGE_LOOP ( 'NONE', ( #1464, #18, #1065, #1563 ) ) ;
#79 = ORIENTED_EDGE ( 'NONE', *, *, #2897, .F. ) ;
#80 = CARTESIAN_POINT ( 'NONE',  ( 3.999999999999991562, -4.200000000000001066, 9.000000000000000000 ) ) ;
#81 = LINE ( 'NONE', #1068, #2618 ) ;
#82 = VECTOR ( 'NONE', #2932, 1000.000000000000000 ) ;
#83 = CARTESIAN_POINT ( 'NONE',  ( -3.746048472075834024, 7.121320343559641053, 0.8740779768176941689 ) ) ;
#84 = AXIS2_PLACEMENT_3D ( 'NONE', #2977, #775, #321 ) ;
#85 = DIRECTION ( 'NONE',  ( 0.000000000000000000, -1.000000000000000000, 0.000000000000000000 ) ) ;
#86 = ORGANIZATION ( 'UNSPECIFIED', 'UNSPECIFIED', '' ) ;
#87 = ORIENTED_EDGE ( 'NONE', *, *, #1437, .F. ) ;
#88 = ORIENTED_EDGE ( 'NONE', *, *, #2173, .T. ) ;
#89 = FACE_OUTER_BOUND ( 'NONE', #2177, .T. ) ;
#90 = FACE_OUTER_BOUND ( 'NONE', #1880, .T. ) ;
#91 = EDGE_CURVE ( 'NONE', #2133, #1095, #2365, .T. ) ;
#92 = EDGE_CURVE ( 'NONE', #120, #2934, #1760, .T. ) ;
#93 = ORIENTED_EDGE ( 'NONE', *, *, #3106, .F. ) ;
#94 = ORIENTED_EDGE ( 'NONE', *, *, #575, .F. ) ;
#95 = CARTESIAN_POINT ( 'NONE',  ( -6.022128556375095698, 4.199999999999999289, 1.405163329820855012 ) ) ;
#96 = PLANE ( 'NONE',  #2878 ) ;
#97 = VECTOR ( 'NONE', #1438, 1000.000000000000000 ) ;
#98 = DIRECTION ( 'NONE',  ( 0.000000000000000000, -1.000000000000000000, 0.000000000000000000 ) ) ;
#99 = VECTOR ( 'NONE', #1543, 1000.000000000000000 ) ;
#100 = FACE_OUTER_BOUND ( 'NONE', #2037, .T. ) ;
#101 = APPROVAL_DATE_TIME ( #2759, #1743 ) ;
#102 = VECTOR ( 'NONE', #3177, 1000.000000000000000 ) ;
#103 = ORIENTED_EDGE ( 'NONE', *, *, #2093, .F. ) ;
#104 = ORIENTED_EDGE ( 'NONE', *, *, #2076, .T. ) ;
#105 = LINE ( 'NONE', #2268, #2798 ) ;
#106 = CARTESIAN_POINT ( 'NONE',  ( -6.513937382061638637, -4.200000000000001954, 5.845445923121063814 ) ) ;
#107 = EDGE_CURVE ( 'NONE', #826, #2012, #2819, .T. ) ;
#108 = EDGE_LOOP ( 'NONE', ( #2358, #1301, #2102, #3044, #2302, #2973, #1468 ) ) ;
#109 = VECTOR ( 'NONE', #3128, 1000.000000000000000 ) ;
#110 = ORIENTED_EDGE ( 'NONE', *, *, #2939, .F. ) ;
#111 = DIRECTION ( 'NONE',  ( -1.000000000000000000, 0.000000000000000000, -0.000000000000000000 ) ) ;
#112 = CARTESIAN_POINT ( 'NONE',  ( 1.999999999999991340, 6.999999999999999112, 0.000000000000000000 ) ) ;
#113 = VECTOR ( 'NONE', #1882, 1000.000000000000000 ) ;
#114 = EDGE_CURVE ( 'NONE', #977, #1533, #2108, .T. ) ;
#115 = DIRECTION ( 'NONE',  ( 0.000000000000000000, 0.000000000000000000, -1.000000000000000000 ) ) ;
#116 = DIRECTION ( 'NONE',  ( 0.000000000000000000, 0.000000000000000000, -1.000000000000000000 ) ) ;
#117 = CARTESIAN_POINT ( 'NONE',  ( -16.26448893572188226, 4.199999999999999289, -3.795047418335104172 ) ) ;
#118 = DIRECTION ( 'NONE',  ( 0.000000000000000000, -1.239088197126290817E-16, 1.000000000000000000 ) ) ;
#119 = ORIENTED_EDGE ( 'NONE', *, *, #2136, .T. ) ;
#120 = VERTEX_POINT ( 'NONE', #1889 ) ;
#121 = CARTESIAN_POINT ( 'NONE',  ( 0.000000000000000000, 0.000000000000000000, 4.500000000000000000 ) ) ;
#122 = CARTESIAN_POINT ( 'NONE',  ( 0.000000000000000000, -4.200000000000001066, 4.500000000000000000 ) ) ;
#123 = ORIENTED_EDGE ( 'NONE', *, *, #3038, .F. ) ;
#124 = ORIENTED_EDGE ( 'NONE', *, *, #438, .T. ) ;
#125 = LINE ( 'NONE', #3019, #2351 ) ;
#126 = LINE ( 'NONE', #913, #3131 ) ;
#127 = CARTESIAN_POINT ( 'NONE',  ( -1.908705624009996660, 7.121320343559641053, 5.799999999999815969 ) ) ;
#128 = AXIS2_PLACEMENT_3D ( 'NONE', #2856, #187, #2152 ) ;
#129 = EDGE_CURVE ( 'NONE', #2767, #2823, #1601, .T. ) ;
#130 = EDGE_CURVE ( 'NONE', #1608, #1287, #2933, .T. ) ;
#131 = AXIS2_PLACEMENT_3D ( 'NONE', #1072, #809, #839 ) ;
#132 = CARTESIAN_POINT ( 'NONE',  ( -21.59129437599001378, -4.200000000000000178, 5.799999999999681854 ) ) ;
#133 = CARTESIAN_POINT ( 'NONE',  ( -6.513937382061639525, 7.121320343559641053, 5.845445923121063814 ) ) ;
#134 = AXIS2_PLACEMENT_3D ( 'NONE', #127, #2602, #1930 ) ;
#135 = PLANE ( 'NONE',  #1556 ) ;
#136 = ORIENTED_EDGE ( 'NONE', *, *, #2785, .T. ) ;
#137 = VECTOR ( 'NONE', #182, 1000.000000000000000 ) ;
#138 = CARTESIAN_POINT ( 'NONE',  ( -5.299999999999962519, -4.200000000000001066, 4.500000000000000888 ) ) ;
#139 = CARTESIAN_POINT ( 'NONE',  ( -18.70870562400999404, 7.121320343559641053, 5.799999999999698730 ) ) ;
#140 = ORIENTED_EDGE ( 'NONE', *, *, #853, .T. ) ;
#141 = ORIENTED_EDGE ( 'NONE', *, *, #1081, .F. ) ;
#142 = DIRECTION ( 'NONE',  ( -0.000000000000000000, 0.000000000000000000, -1.000000000000000000 ) ) ;
#143 = CARTESIAN_POINT ( 'NONE',  ( -24.23693168768530271, 4.199999999999999289, 6.000000000000000000 ) ) ;
#144 = CIRCLE ( 'NONE', #3016, 0.1999999999999996503 ) ;
#145 = CYLINDRICAL_SURFACE ( 'NONE', #134, 0.1999999999999996503 ) ;
#146 = EDGE_CURVE ( 'NONE', #3002, #830, #2143, .T. ) ;
#147 = CARTESIAN_POINT ( 'NONE',  ( -23.00000000000001421, 0.000000000000000000, 0.000000000000000000 ) ) ;
#148 = CARTESIAN_POINT ( 'NONE',  ( -25.56739388504080779, 20.34482609806659426, 15.91164032582444143 ) ) ;
#149 = ORIENTED_EDGE ( 'NONE', *, *, #2264, .F. ) ;
#150 = EDGE_CURVE ( 'NONE', #2002, #521, #430, .T. ) ;
#151 = CARTESIAN_POINT ( 'NONE',  ( 0.000000000000000000, 4.199999999999999289, 4.500000000000000000 ) ) ;
#152 = CARTESIAN_POINT ( 'NONE',  ( -21.95468914646990299, 4.199999999999999289, 5.122760800842974582 ) ) ;
#153 = ORIENTED_EDGE ( 'NONE', *, *, #2839, .T. ) ;
#154 = ORIENTED_EDGE ( 'NONE', *, *, #2094, .F. ) ;
#155 = CARTESIAN_POINT ( 'NONE',  ( 0.008705624009983786715, 4.199999999999999289, 6.000000000000000000 ) ) ;
#156 = CARTESIAN_POINT ( 'NONE',  ( -9.108705624009997948, 4.199999999999999289, 6.000000000000000000 ) ) ;
#157 = CIRCLE ( 'NONE', #1393, 0.1999999999999996503 ) ;
#158 = LINE ( 'NONE', #1146, #654 ) ;
#159 = CARTESIAN_POINT ( 'NONE',  ( 0.000000000000000000, 7.121320343559641053, 5.999999999999731770 ) ) ;
#160 = DIRECTION ( 'NONE',  ( -0.000000000000000000, 1.000000000000000000, -1.376764663473656710E-16 ) ) ;
#161 = CARTESIAN_POINT ( 'NONE',  ( -28.00000000000001421, -4.200000000000000178, 2.000000000000000000 ) ) ;
#162 = LINE ( 'NONE', #1150, #1439 ) ;
#163 = ORIENTED_EDGE ( 'NONE', *, *, #2371, .T. ) ;
#164 = VERTEX_POINT ( 'NONE', #2095 ) ;
#165 = CARTESIAN_POINT ( 'NONE',  ( -23.00000000000001421, -4.200000000000001066, 4.500000000000000000 ) ) ;
#166 = CARTESIAN_POINT ( 'NONE',  ( -23.00000000000001421, 4.200000000000000178, 5.250000000000000000 ) ) ;
#167 = EDGE_CURVE ( 'NONE', #1080, #3001, #869, .T. ) ;
#168 = ADVANCED_FACE ( 'NONE', ( #705 ), #2225, .T. ) ;
#169 = ORIENTED_EDGE ( 'NONE', *, *, #1408, .T. ) ;
#170 = VERTEX_POINT ( 'NONE', #756 ) ;
#171 = DIRECTION ( 'NONE',  ( -1.000000000000000000, 0.000000000000000000, 7.004084973747402777E-16 ) ) ;
#172 = CARTESIAN_POINT ( 'NONE',  ( -16.11393738206163562, 4.199999999999999289, 5.845445923120998089 ) ) ;
#173 = ORIENTED_EDGE ( 'NONE', *, *, #2703, .F. ) ;
#174 = CARTESIAN_POINT ( 'NONE',  ( -25.52901252845729019, 17.16623916400070371, 16.04877001505293421 ) ) ;
#175 = DIRECTION ( 'NONE',  ( 0.000000000000000000, 0.000000000000000000, -1.000000000000000000 ) ) ;
#176 = DIRECTION ( 'NONE',  ( -0.2272296156064183004, 0.000000000000000000, 0.9738412097417932234 ) ) ;
#177 = CARTESIAN_POINT ( 'NONE',  ( 0.4912943759900028073, 4.199999999999999289, 5.799999999999832845 ) ) ;
#178 = CIRCLE ( 'NONE', #1011, 0.1999999999999996503 ) ;
#179 = ORIENTED_EDGE ( 'NONE', *, *, #1216, .T. ) ;
#180 = CARTESIAN_POINT ( 'NONE',  ( 0.000000000000000000, -4.200000000000001066, 4.500000000000000000 ) ) ;
#181 = CIRCLE ( 'NONE', #433, 0.1999999999999996503 ) ;
#182 = DIRECTION ( 'NONE',  ( -0.000000000000000000, 1.000000000000000000, 2.168404344971009361E-16 ) ) ;
#183 = AXIS2_PLACEMENT_3D ( 'NONE', #83, #307, #2263 ) ;
#184 = ORIENTED_EDGE ( 'NONE', *, *, #1000, .T. ) ;
#185 = ORIENTED_EDGE ( 'NONE', *, *, #1572, .T. ) ;
#186 = ADVANCED_FACE ( 'NONE', ( #1004 ), #2720, .T. ) ;
#187 = DIRECTION ( 'NONE',  ( 0.000000000000000000, 1.000000000000000000, 2.168404344971008128E-16 ) ) ;
#188 = ADVANCED_FACE ( 'NONE', ( #1003 ), #2445, .F. ) ;
#189 = AXIS2_PLACEMENT_3D ( 'NONE', #1220, #1271, #1462 ) ;
#190 = CARTESIAN_POINT ( 'NONE',  ( -19.19129437599001520, -4.200000000000000178, 5.999999999999698019 ) ) ;
#191 = ORIENTED_EDGE ( 'NONE', *, *, #934, .T. ) ;
#192 = EDGE_CURVE ( 'NONE', #2467, #456, #2189, .T. ) ;
#193 = DIRECTION ( 'NONE',  ( 0.000000000000000000, -0.000000000000000000, -1.000000000000000000 ) ) ;
#194 = LINE ( 'NONE', #2943, #1912 ) ;
#195 = CARTESIAN_POINT ( 'NONE',  ( -8.913937382061638104, 7.121320343559641053, 5.845445923121047826 ) ) ;
#196 = CARTESIAN_POINT ( 'NONE',  ( -11.99129437599001591, 4.199999999999999289, 6.000000000000000000 ) ) ;
#197 = ORIENTED_EDGE ( 'NONE', *, *, #129, .F. ) ;
#198 = DIRECTION ( 'NONE',  ( -1.000000000000000000, 0.000000000000000000, 0.000000000000000000 ) ) ;
#199 = CARTESIAN_POINT ( 'NONE',  ( -17.21095189484532284, 15.79999999999999893, 4.049999999999998046 ) ) ;
#200 = ORIENTED_EDGE ( 'NONE', *, *, #1610, .F. ) ;
#201 = VERTEX_POINT ( 'NONE', #496 ) ;
#202 = DIRECTION ( 'NONE',  ( -0.9738412097417933344, 0.000000000000000000, 0.2272296156064183281 ) ) ;
#203 = LINE ( 'NONE', #426, #1347 ) ;
#204 = CARTESIAN_POINT ( 'NONE',  ( -25.14490785350276880, 20.57433415056936710, 16.71725775322966712 ) ) ;
#205 = DIRECTION ( 'NONE',  ( 0.000000000000000000, -1.000000000000000000, 0.000000000000000000 ) ) ;
#206 = EDGE_CURVE ( 'NONE', #1966, #235, #194, .T. ) ;
#207 = LINE ( 'NONE', #3166, #1322 ) ;
#208 = LINE ( 'NONE', #2847, #1592 ) ;
#209 = ORIENTED_EDGE ( 'NONE', *, *, #2075, .F. ) ;
#210 = CARTESIAN_POINT ( 'NONE',  ( 0.000000000000000000, -4.200000000000000178, 5.999999999999815259 ) ) ;
#211 = PERSON_AND_ORGANIZATION ( #653, #86 ) ;
#212 = ORIENTED_EDGE ( 'NONE', *, *, #2875, .T. ) ;
#213 = ORIENTED_EDGE ( 'NONE', *, *, #2331, .T. ) ;
#214 = DIRECTION ( 'NONE',  ( -2.396026900519789297E-16, -1.376764663473656710E-16, -1.000000000000000000 ) ) ;
#215 = LINE ( 'NONE', #249, #903 ) ;
#216 = DIRECTION ( 'NONE',  ( 0.000000000000000000, -1.000000000000000000, 0.000000000000000000 ) ) ;
#217 = ORIENTED_EDGE ( 'NONE', *, *, #2770, .F. ) ;
#218 = CARTESIAN_POINT ( 'NONE',  ( -24.23627128459536806, 16.04659200345727399, 18.06531439475471856 ) ) ;
#219 = CARTESIAN_POINT ( 'NONE',  ( -16.00000000000001421, 16.79999999999999716, 11.54999999999999716 ) ) ;
#220 = EDGE_CURVE ( 'NONE', #1484, #2580, #2927, .T. ) ;
#221 = DIRECTION ( 'NONE',  ( -1.000000000000000000, 0.000000000000000000, -0.000000000000000000 ) ) ;
#222 = EDGE_CURVE ( 'NONE', #1189, #1956, #463, .T. ) ;
#223 = CARTESIAN_POINT ( 'NONE',  ( -25.12366673306726739, 16.97331718492553776, 6.308437509731705362 ) ) ;
#224 = VERTEX_POINT ( 'NONE', #947 ) ;
#225 = CARTESIAN_POINT ( 'NONE',  ( -29.00000000000001421, 4.199999999999999289, 1.999999999999999112 ) ) ;
#226 = APPROVAL_DATE_TIME ( #1237, #1590 ) ;
#227 = VECTOR ( 'NONE', #342, 1000.000000000000000 ) ;
#228 = ORIENTED_EDGE ( 'NONE', *, *, #675, .F. ) ;
#229 = VECTOR ( 'NONE', #295, 1000.000000000000000 ) ;
#230 = ORIENTED_EDGE ( 'NONE', *, *, #2349, .F. ) ;
#231 = CARTESIAN_POINT ( 'NONE',  ( -18.70870562400999404, -4.200000000000000178, 5.799999999999698730 ) ) ;
#232 = CARTESIAN_POINT ( 'NONE',  ( -0.3319283456270223365, 4.199999999999999289, -0.07744994731297183410 ) ) ;
#233 = FACE_OUTER_BOUND ( 'NONE', #831, .T. ) ;
#234 = CIRCLE ( 'NONE', #1993, 0.1999999999999996503 ) ;
#235 = VERTEX_POINT ( 'NONE', #735 ) ;
#236 = ADVANCED_BREP_SHAPE_REPRESENTATION ( 'arm-pinon', ( #3066, #189 ), #2962 ) ;
#237 = DIRECTION ( 'NONE',  ( 0.000000000000000000, -1.000000000000000000, 0.000000000000000000 ) ) ;
#238 = AXIS2_PLACEMENT_3D ( 'NONE', #1754, #1705, #2490 ) ;
#239 = CARTESIAN_POINT ( 'NONE',  ( 0.000000000000000000, 0.000000000000000000, 4.500000000000000000 ) ) ;
#240 = CARTESIAN_POINT ( 'NONE',  ( -11.00000000000000711, -4.200000000000001066, 4.500000000000000000 ) ) ;
#241 = CARTESIAN_POINT ( 'NONE',  ( -28.00000000000001421, 15.79999999999999538, 3.913773354829753970 ) ) ;
#242 = EDGE_CURVE ( 'NONE', #58, #1141, #2718, .T. ) ;
#243 = ORIENTED_EDGE ( 'NONE', *, *, #1664, .F. ) ;
#244 = DIRECTION ( 'NONE',  ( 1.000000000000000000, 0.000000000000000000, 3.469446951953599595E-15 ) ) ;
#245 = EDGE_CURVE ( 'NONE', #224, #1228, #1724, .T. ) ;
#246 = ORIENTED_EDGE ( 'NONE', *, *, #1806, .T. ) ;
#247 = ORIENTED_EDGE ( 'NONE', *, *, #51, .F. ) ;
#248 = CARTESIAN_POINT ( 'NONE',  ( -4.308705624009999013, -4.200000000000000178, 5.999999999999799272 ) ) ;
#249 = CARTESIAN_POINT ( 'NONE',  ( 0.000000000000000000, 4.199999999999999289, 4.500000000000000000 ) ) ;
#250 = LINE ( 'NONE', #1244, #1809 ) ;
#251 = ORIENTED_EDGE ( 'NONE', *, *, #2392, .F. ) ;
#252 = ORIENTED_EDGE ( 'NONE', *, *, #2314, .T. ) ;
#253 = CARTESIAN_POINT ( 'NONE',  ( -27.82842712474620583, 6.999999999999999112, 2.000000000000000000 ) ) ;
#254 = CARTESIAN_POINT ( 'NONE',  ( -23.00000000000001421, 15.79999999999999893, 5.249999999999999112 ) ) ;
#255 = FACE_OUTER_BOUND ( 'NONE', #1671, .T. ) ;
#256 = CARTESIAN_POINT ( 'NONE',  ( -26.48834576892387815, 19.38782305501437619, 10.97695325859113780 ) ) ;
#257 = AXIS2_PLACEMENT_3D ( 'NONE', #219, #1509, #987 ) ;
#258 = ORIENTED_EDGE ( 'NONE', *, *, #73, .T. ) ;
#259 = DIRECTION ( 'NONE',  ( 1.000000000000000000, -0.000000000000000000, -0.000000000000000000 ) ) ;
#260 = DATE_AND_TIME ( #2434, #2811 ) ;
#261 = ADVANCED_FACE ( 'NONE', ( #512 ), #1491, .F. ) ;
#262 = AXIS2_PLACEMENT_3D ( 'NONE', #374, #1642, #2614 ) ;
#263 = ORIENTED_EDGE ( 'NONE', *, *, #1158, .F. ) ;
#264 = ORIENTED_EDGE ( 'NONE', *, *, #1885, .T. ) ;
#265 = CARTESIAN_POINT ( 'NONE',  ( -27.82842712474620583, 4.999999999999999112, 2.000000000000000000 ) ) ;
#266 = DIRECTION ( 'NONE',  ( 0.000000000000000000, -1.000000000000000000, 0.000000000000000000 ) ) ;
#267 = EDGE_CURVE ( 'NONE', #1895, #830, #1984, .T. ) ;
#268 = ADVANCED_FACE ( 'NONE', ( #933 ), #1440, .T. ) ;
#269 = DIRECTION ( 'NONE',  ( 0.2272296156064183004, 0.000000000000000000, 0.9738412097417932234 ) ) ;
#270 = EDGE_LOOP ( 'NONE', ( #264, #247, #3029, #65 ) ) ;
#271 = DIRECTION ( 'NONE',  ( -0.2272296156064183004, 0.000000000000000000, 0.9738412097417932234 ) ) ;
#272 = LINE ( 'NONE', #1792, #1250 ) ;
#273 = CARTESIAN_POINT ( 'NONE',  ( -10.57428872497361105, 7.121320343559641053, 2.467334035827174699 ) ) ;
#274 = CARTESIAN_POINT ( 'NONE',  ( -25.64929611619190197, 17.19489959552338831, 7.355131912050895338 ) ) ;
#275 = ORIENTED_EDGE ( 'NONE', *, *, #609, .F. ) ;
#276 = CARTESIAN_POINT ( 'NONE',  ( -8.298208640674353376, 7.121320343559641053, 1.936248682824014855 ) ) ;
#277 = CARTESIAN_POINT ( 'NONE',  ( -21.83095189484631860, 16.79999999999999716, 4.049999999999999822 ) ) ;
#278 = VERTEX_POINT ( 'NONE', #3180 ) ;
#279 = ORIENTED_EDGE ( 'NONE', *, *, #1805, .T. ) ;
#280 = CYLINDRICAL_SURFACE ( 'NONE', #3154, 0.1999999999999996503 ) ;
#281 = VECTOR ( 'NONE', #2391, 1000.000000000000000 ) ;
#282 = CARTESIAN_POINT ( 'NONE',  ( -28.00000000000001421, -7.000000000000000888, 0.000000000000000000 ) ) ;
#283 = DIRECTION ( 'NONE',  ( -1.000000000000000000, 0.000000000000000000, -0.000000000000000000 ) ) ;
#284 = CIRCLE ( 'NONE', #2036, 0.1999999999999996503 ) ;
#285 = ADVANCED_FACE ( 'NONE', ( #1935 ), #1249, .T. ) ;
#286 = VERTEX_POINT ( 'NONE', #2893 ) ;
#287 = EDGE_CURVE ( 'NONE', #2608, #2508, #824, .T. ) ;
#288 = CARTESIAN_POINT ( 'NONE',  ( -1.400000000000005462, 7.121320343559641053, 4.500000000000000000 ) ) ;
#289 = VECTOR ( 'NONE', #2914, 1000.000000000000000 ) ;
#290 = CARTESIAN_POINT ( 'NONE',  ( -21.59129437599001378, 7.121320343559641053, 5.999999999999682032 ) ) ;
#291 = EDGE_CURVE ( 'NONE', #761, #2674, #1180, .T. ) ;
#292 = AXIS2_PLACEMENT_3D ( 'NONE', #2713, #473, #2732 ) ;
#293 = CARTESIAN_POINT ( 'NONE',  ( -12.18606261793837398, 4.199999999999999289, 5.845445923121030063 ) ) ;
#294 = DIRECTION ( 'NONE',  ( -1.000000000000000000, 0.000000000000000000, -0.000000000000000000 ) ) ;
#295 = DIRECTION ( 'NONE',  ( -0.2272296156064183004, 0.000000000000000000, 0.9738412097417932234 ) ) ;
#296 = ORIENTED_EDGE ( 'NONE', *, *, #3070, .T. ) ;
#297 = ORIENTED_EDGE ( 'NONE', *, *, #1961, .T. ) ;
#298 = AXIS2_PLACEMENT_3D ( 'NONE', #2882, #638, #432 ) ;
#299 = DIRECTION ( 'NONE',  ( 0.000000000000000000, -1.000000000000000000, 0.000000000000000000 ) ) ;
#300 = DIRECTION ( 'NONE',  ( 0.000000000000000000, -1.000000000000000000, 0.000000000000000000 ) ) ;
#301 = DIRECTION ( 'NONE',  ( -1.000000000000000000, 0.000000000000000000, -0.000000000000000000 ) ) ;
#302 = VECTOR ( 'NONE', #703, 1000.000000000000000 ) ;
#303 = VERTEX_POINT ( 'NONE', #2427 ) ;
#304 = LINE ( 'NONE', #1294, #2144 ) ;
#305 = PLANE ( 'NONE',  #2275 ) ;
#306 = EDGE_CURVE ( 'NONE', #1514, #657, #2957, .T. ) ;
#307 = DIRECTION ( 'NONE',  ( -0.9738412097417933344, 0.000000000000000000, 0.2272296156064183281 ) ) ;
#308 = EDGE_CURVE ( 'NONE', #3178, #164, #1965, .T. ) ;
#309 = ORIENTED_EDGE ( 'NONE', *, *, #1924, .F. ) ;
#310 = AXIS2_PLACEMENT_3D ( 'NONE', #2678, #2646, #701 ) ;
#311 = DIRECTION ( 'NONE',  ( 0.2272296156064183004, 2.111681510515927313E-16, -0.9738412097417932234 ) ) ;
#312 = CLOSED_SHELL ( 'NONE', ( #1649, #1632, #896, #361, #694, #1746, #1075, #13, #1476, #759, #188, #2879, #261, #2451, #1559, #1122, #1041, #503, #53, #560, #1665, #2332, #1196, #2859, #757, #3151, #2099, #2387, #168, #2958, #695, #1867, #837, #2470, #2748, #2994, #2117, #854, #914, #363, #1967, #2134, #959, #268, #2008, #397, #2194, #2564, #285, #2685, #953, #1821, #2005, #1906, #836, #2061, #1766, #737, #2198, #1299, #2727, #2529, #2545, #2665, #1259, #2118, #573, #2243, #1395, #2055, #2604, #1725, #1026, #26, #2278, #736, #1520, #2477, #2641, #1647, #1176, #2007, #894, #1595, #186, #1846, #998, #2640, #1210, #3112, #2563 ) ) ;
#313 = ORIENTED_EDGE ( 'NONE', *, *, #3092, .F. ) ;
#314 = LINE ( 'NONE', #1564, #3156 ) ;
#315 = VECTOR ( 'NONE', #2752, 1000.000000000000000 ) ;
#316 = CARTESIAN_POINT ( 'NONE',  ( -16.30870562400999546, 7.121320343559641053, 5.999999999999715783 ) ) ;
#317 = ORIENTED_EDGE ( 'NONE', *, *, #2023, .F. ) ;
#318 = ORIENTED_EDGE ( 'NONE', *, *, #2659, .T. ) ;
#319 = CARTESIAN_POINT ( 'NONE',  ( -6.708705624009998481, 4.199999999999999289, 5.799999999999783107 ) ) ;
#320 = FACE_OUTER_BOUND ( 'NONE', #2087, .T. ) ;
#321 = DIRECTION ( 'NONE',  ( 0.000000000000000000, -2.168404344971008128E-16, 1.000000000000000000 ) ) ;
#322 = EDGE_CURVE ( 'NONE', #2910, #2312, #1969, .T. ) ;
#323 = EDGE_CURVE ( 'NONE', #2715, #1409, #1399, .T. ) ;
#324 = CARTESIAN_POINT ( 'NONE',  ( -21.10870562400999617, -4.200000000000000178, 5.799999999999681854 ) ) ;
#325 = VERTEX_POINT ( 'NONE', #2511 ) ;
#326 = PLANE ( 'NONE',  #1528 ) ;
#327 = CARTESIAN_POINT ( 'NONE',  ( -12.18606261793837575, -4.200000000000000178, 5.845445923121030063 ) ) ;
#328 = ORIENTED_EDGE ( 'NONE', *, *, #291, .F. ) ;
#329 = EDGE_LOOP ( 'NONE', ( #317, #1918, #1305, #1562 ) ) ;
#330 = DIRECTION ( 'NONE',  ( -0.2272296156064183004, 0.000000000000000000, 0.9738412097417932234 ) ) ;
#331 = CARTESIAN_POINT ( 'NONE',  ( 1.999999999999991340, 6.999999999999999112, 20.04999999999999716 ) ) ;
#332 = AXIS2_PLACEMENT_3D ( 'NONE', #1433, #142, #1129 ) ;
#333 = AXIS2_PLACEMENT_3D ( 'NONE', #2885, #2385, #1397 ) ;
#334 = CARTESIAN_POINT ( 'NONE',  ( -19.69999999999993179, -4.200000000000000178, 4.500000000000000000 ) ) ;
#335 = VECTOR ( 'NONE', #1557, 1000.000000000000000 ) ;
#336 = LINE ( 'NONE', #534, #381 ) ;
#337 = CIRCLE ( 'NONE', #292, 0.1999999999999996503 ) ;
#338 = EDGE_CURVE ( 'NONE', #2028, #1125, #67, .T. ) ;
#339 = CIRCLE ( 'NONE', #38, 0.1999999999999996503 ) ;
#340 = EDGE_LOOP ( 'NONE', ( #424, #3045, #313, #2756 ) ) ;
#341 = EDGE_LOOP ( 'NONE', ( #2487, #1818, #1359, #2425 ) ) ;
#342 = DIRECTION ( 'NONE',  ( -0.000000000000000000, -1.000000000000000000, 1.376764663473656710E-16 ) ) ;
#343 = CARTESIAN_POINT ( 'NONE',  ( 0.000000000000000000, 4.199999999999999289, 4.500000000000000000 ) ) ;
#344 = EDGE_CURVE ( 'NONE', #1095, #557, #1544, .T. ) ;
#345 = VERTEX_POINT ( 'NONE', #2304 ) ;
#346 = ORIENTED_EDGE ( 'NONE', *, *, #815, .T. ) ;
#347 = LINE ( 'NONE', #2072, #898 ) ;
#348 = LINE ( 'NONE', #965, #2883 ) ;
#349 = PLANE ( 'NONE',  #384 ) ;
#350 = PLANE ( 'NONE',  #1856 ) ;
#351 = FACE_OUTER_BOUND ( 'NONE', #2285, .T. ) ;
#352 = VECTOR ( 'NONE', #1770, 1000.000000000000000 ) ;
#353 = LINE ( 'NONE', #1342, #2364 ) ;
#354 = ORIENTED_EDGE ( 'NONE', *, *, #2770, .T. ) ;
#355 = ORIENTED_EDGE ( 'NONE', *, *, #242, .F. ) ;
#356 = LINE ( 'NONE', #795, #227 ) ;
#357 = CARTESIAN_POINT ( 'NONE',  ( -17.21095189484531929, 28.90000000000000213, 19.04999999999999361 ) ) ;
#358 = ORIENTED_EDGE ( 'NONE', *, *, #1136, .T. ) ;
#359 = AXIS2_PLACEMENT_3D ( 'NONE', #886, #603, #116 ) ;
#360 = VERTEX_POINT ( 'NONE', #572 ) ;
#361 = ADVANCED_FACE ( 'NONE', ( #789 ), #305, .F. ) ;
#362 = CARTESIAN_POINT ( 'NONE',  ( 0.4912943759900028073, -4.200000000000000178, 5.999999999999833022 ) ) ;
#363 = ADVANCED_FACE ( 'NONE', ( #2769 ), #96, .F. ) ;
#364 = DIRECTION ( 'NONE',  ( 1.000000000000000000, -0.000000000000000000, 0.000000000000000000 ) ) ;
#365 = CARTESIAN_POINT ( 'NONE',  ( -9.108705624009997948, -4.200000000000000178, 5.799999999999765343 ) ) ;
#366 = CARTESIAN_POINT ( 'NONE',  ( -22.16441400296898578, 15.80000000000000071, 20.04999999999999716 ) ) ;
#367 = DIRECTION ( 'NONE',  ( 0.000000000000000000, -1.000000000000000000, 0.000000000000000000 ) ) ;
#368 = VERTEX_POINT ( 'NONE', #530 ) ;
#369 = CARTESIAN_POINT ( 'NONE',  ( -18.19999999999999929, -4.200000000000001066, 4.500000000000000000 ) ) ;
#370 = DIRECTION ( 'NONE',  ( 0.000000000000000000, -1.000000000000000000, 0.000000000000000000 ) ) ;
#371 = ORIENTED_EDGE ( 'NONE', *, *, #2428, .T. ) ;
#372 = ORIENTED_EDGE ( 'NONE', *, *, #2218, .T. ) ;
#373 = CARTESIAN_POINT ( 'NONE',  ( 0.000000000000000000, 7.121320343559641053, 5.999999999999815259 ) ) ;
#374 = CARTESIAN_POINT ( 'NONE',  ( 0.000000000000000000, 7.121320343559641053, 5.999999999999682032 ) ) ;
#375 = EDGE_CURVE ( 'NONE', #1454, #522, #559, .T. ) ;
#376 = ORIENTED_EDGE ( 'NONE', *, *, #519, .F. ) ;
#377 = VECTOR ( 'NONE', #1352, 1000.000000000000000 ) ;
#378 = DIRECTION ( 'NONE',  ( -0.000000000000000000, -1.000000000000000000, -2.168404344971008128E-16 ) ) ;
#379 = VECTOR ( 'NONE', #1242, 1000.000000000000000 ) ;
#380 = EDGE_CURVE ( 'NONE', #581, #1333, #1052, .T. ) ;
#381 = VECTOR ( 'NONE', #311, 1000.000000000000000 ) ;
#382 = LINE ( 'NONE', #1132, #2673 ) ;
#383 = LINE ( 'NONE', #2145, #2904 ) ;
#384 = AXIS2_PLACEMENT_3D ( 'NONE', #2554, #3065, #1614 ) ;
#385 = DIRECTION ( 'NONE',  ( 0.000000000000000000, 1.000000000000000000, 2.168404344971008128E-16 ) ) ;
#386 = ORIENTED_EDGE ( 'NONE', *, *, #1784, .F. ) ;
#387 = VECTOR ( 'NONE', #266, 1000.000000000000000 ) ;
#388 = DIRECTION ( 'NONE',  ( 0.000000000000000000, -1.000000000000000000, 0.000000000000000000 ) ) ;
#389 = DIRECTION ( 'NONE',  ( -0.000000000000000000, 1.000000000000000000, -0.000000000000000000 ) ) ;
#390 = LOCAL_TIME ( 19, 33, 58.00000000000000000, #2486 ) ;
#391 = VERTEX_POINT ( 'NONE', #2525 ) ;
#392 = VERTEX_POINT ( 'NONE', #1308 ) ;
#393 = CARTESIAN_POINT ( 'NONE',  ( -10.10000000000000853, 7.121320343559641053, 4.500000000000000000 ) ) ;
#394 = CARTESIAN_POINT ( 'NONE',  ( -7.160168598524820460, -4.200000000000000178, -1.670706006322459913 ) ) ;
#395 = ORIENTED_EDGE ( 'NONE', *, *, #1710, .F. ) ;
#396 = CARTESIAN_POINT ( 'NONE',  ( -4.113937382061640946, -4.200000000000001954, 5.845445923121080689 ) ) ;
#397 = ADVANCED_FACE ( 'NONE', ( #320 ), #2496, .T. ) ;
#398 = DIRECTION ( 'NONE',  ( -1.000000000000000000, 0.000000000000000000, -0.000000000000000000 ) ) ;
#399 = CARTESIAN_POINT ( 'NONE',  ( -20.60000000000000142, 4.199999999999999289, 4.500000000000000000 ) ) ;
#400 = EDGE_CURVE ( 'NONE', #2029, #1972, #1323, .T. ) ;
#401 = CARTESIAN_POINT ( 'NONE',  ( -24.40000000000000924, 20.23951161731942250, 17.84999999999999787 ) ) ;
#402 = EDGE_CURVE ( 'NONE', #360, #2934, #2482, .T. ) ;
#403 = CYLINDRICAL_SURFACE ( 'NONE', #298, 0.1999999999999996503 ) ;
#404 = EDGE_LOOP ( 'NONE', ( #1222, #1188, #2502, #2114 ) ) ;
#405 = CARTESIAN_POINT ( 'NONE',  ( 1.999999999999991340, -4.200000000000000178, 2.000000000000000000 ) ) ;
#406 = FACE_OUTER_BOUND ( 'NONE', #1079, .T. ) ;
#407 = ORIENTED_EDGE ( 'NONE', *, *, #1373, .F. ) ;
#408 = ORIENTED_EDGE ( 'NONE', *, *, #114, .T. ) ;
#409 = CARTESIAN_POINT ( 'NONE',  ( -27.82842712474620583, -7.000000000000000888, 2.000000000000000000 ) ) ;
#410 = DIRECTION ( 'NONE',  ( -0.2272296156064183004, 0.000000000000000000, 0.9738412097417932234 ) ) ;
#411 = VECTOR ( 'NONE', #2004, 1000.000000000000000 ) ;
#412 = CARTESIAN_POINT ( 'NONE',  ( -24.85211934405416301, 16.79096219053805683, 17.23398179838759958 ) ) ;
#413 = AXIS2_PLACEMENT_3D ( 'NONE', #2137, #1367, #1159 ) ;
#414 = DIRECTION ( 'NONE',  ( -0.000000000000000000, 1.000000000000000000, -1.376764663473656710E-16 ) ) ;
#415 = DIRECTION ( 'NONE',  ( -0.2272296156064183004, 0.000000000000000000, 0.9738412097417932234 ) ) ;
#416 = CARTESIAN_POINT ( 'NONE',  ( -26.48846707033367665, 19.38764705324050297, 10.97925892059914332 ) ) ;
#417 = EDGE_CURVE ( 'NONE', #3062, #977, #1775, .T. ) ;
#418 = EDGE_CURVE ( 'NONE', #527, #2767, #2019, .T. ) ;
#419 = ORIENTED_EDGE ( 'NONE', *, *, #2902, .T. ) ;
#420 = CARTESIAN_POINT ( 'NONE',  ( -13.71393738206163881, -4.200000000000000178, 5.845445923121014964 ) ) ;
#421 = CARTESIAN_POINT ( 'NONE',  ( -18.70870562400999404, 7.121320343559641053, 5.999999999999698019 ) ) ;
#422 = EDGE_CURVE ( 'NONE', #1057, #1608, #81, .T. ) ;
#423 = EDGE_LOOP ( 'NONE', ( #154, #1623, #275, #2411, #2560, #1865, #1573, #984 ) ) ;
#424 = ORIENTED_EDGE ( 'NONE', *, *, #1457, .F. ) ;
#425 = LINE ( 'NONE', #1416, #2389 ) ;
#426 = CARTESIAN_POINT ( 'NONE',  ( -9.108705624009997948, 7.121320343559641053, 5.999999999999764633 ) ) ;
#427 = ORIENTED_EDGE ( 'NONE', *, *, #2979, .F. ) ;
#428 = LINE ( 'NONE', #1758, #1643 ) ;
#429 = CIRCLE ( 'NONE', #1162, 0.1999999999999996503 ) ;
#430 = LINE ( 'NONE', #2077, #61 ) ;
#431 = FACE_OUTER_BOUND ( 'NONE', #2479, .T. ) ;
#432 = DIRECTION ( 'NONE',  ( 0.000000000000000000, 0.000000000000000000, -1.000000000000000000 ) ) ;
#433 = AXIS2_PLACEMENT_3D ( 'NONE', #324, #2306, #2772 ) ;
#434 = ORIENTED_EDGE ( 'NONE', *, *, #2839, .F. ) ;
#435 = FACE_OUTER_BOUND ( 'NONE', #1345, .T. ) ;
#436 = VECTOR ( 'NONE', #176, 1000.000000000000000 ) ;
#437 = CARTESIAN_POINT ( 'NONE',  ( -7.699999999999956657, 4.199999999999999289, 4.500000000000000000 ) ) ;
#438 = EDGE_CURVE ( 'NONE', #1895, #201, #272, .T. ) ;
#439 = AXIS2_PLACEMENT_3D ( 'NONE', #1854, #964, #2796 ) ;
#440 = ORIENTED_EDGE ( 'NONE', *, *, #2136, .F. ) ;
#441 = ORIENTED_EDGE ( 'NONE', *, *, #2661, .T. ) ;
#442 = LINE ( 'NONE', #2346, #3050 ) ;
#443 = EDGE_CURVE ( 'NONE', #2024, #2788, #2738, .T. ) ;
#444 = VECTOR ( 'NONE', #1140, 1000.000000000000000 ) ;
#445 = CARTESIAN_POINT ( 'NONE',  ( -24.40000000000001279, 20.78397431775084314, 17.84999999999999787 ) ) ;
#446 = VERTEX_POINT ( 'NONE', #1804 ) ;
#447 = LINE ( 'NONE', #668, #97 ) ;
#448 = DIRECTION ( 'NONE',  ( 0.000000000000000000, -1.000000000000000000, 7.477256361968996479E-17 ) ) ;
#449 = DIRECTION ( 'NONE',  ( 0.2272296156064183004, 2.111681510515927313E-16, -0.9738412097417932234 ) ) ;
#450 = DIRECTION ( 'NONE',  ( -0.000000000000000000, 1.000000000000000000, -1.376764663473656710E-16 ) ) ;
#451 = CARTESIAN_POINT ( 'NONE',  ( -24.40000000000001634, 20.78397431775084314, 5.249999999999999112 ) ) ;
#452 = ORIENTED_EDGE ( 'NONE', *, *, #33, .T. ) ;
#453 = DIRECTION ( 'NONE',  ( -0.7071067811865517916, -0.000000000000000000, -0.7071067811865433539 ) ) ;
#454 = CARTESIAN_POINT ( 'NONE',  ( -4.791294375990018395, 4.199999999999999289, 6.000000000000000000 ) ) ;
#455 = VERTEX_POINT ( 'NONE', #2274 ) ;
#456 = VERTEX_POINT ( 'NONE', #2976 ) ;
#457 = DIRECTION ( 'NONE',  ( -0.000000000000000000, 1.000000000000000000, -0.000000000000000000 ) ) ;
#458 = FACE_OUTER_BOUND ( 'NONE', #595, .T. ) ;
#459 = DIRECTION ( 'NONE',  ( -0.000000000000000000, -1.000000000000000000, 1.376764663473656710E-16 ) ) ;
#460 = EDGE_CURVE ( 'NONE', #791, #1235, #1526, .T. ) ;
#461 = ORIENTED_EDGE ( 'NONE', *, *, #1217, .F. ) ;
#462 = CARTESIAN_POINT ( 'NONE',  ( -24.35047331644018342, 20.78930290352028720, 17.91550040385047993 ) ) ;
#463 = LINE ( 'NONE', #720, #2319 ) ;
#464 = VECTOR ( 'NONE', #2572, 1000.000000000000000 ) ;
#465 = CARTESIAN_POINT ( 'NONE',  ( -3.800000000000008260, 7.121320343559641053, 4.500000000000000000 ) ) ;
#466 = CARTESIAN_POINT ( 'NONE',  ( -26.17638175252964672, 17.28364525174978894, 14.25545369525677231 ) ) ;
#467 = ORIENTED_EDGE ( 'NONE', *, *, #1980, .F. ) ;
#468 = CARTESIAN_POINT ( 'NONE',  ( -29.00000000000001421, -4.200000000000000178, 2.000000000000000000 ) ) ;
#469 = APPLICATION_PROTOCOL_DEFINITION ( 'international standard', 'config_control_design', 1994, #1043 ) ;
#470 = ORIENTED_EDGE ( 'NONE', *, *, #114, .F. ) ;
#471 = ORIENTED_EDGE ( 'NONE', *, *, #2661, .F. ) ;
#472 = DIRECTION ( 'NONE',  ( -1.000000000000000000, -0.000000000000000000, -0.000000000000000000 ) ) ;
#473 = DIRECTION ( 'NONE',  ( 0.000000000000000000, 1.000000000000000000, 2.168404344971008128E-16 ) ) ;
#474 = CARTESIAN_POINT ( 'NONE',  ( -9.786062617938375396, 7.121320343559641053, 5.845445923121047826 ) ) ;
#475 = ORIENTED_EDGE ( 'NONE', *, *, #481, .T. ) ;
#476 = EDGE_LOOP ( 'NONE', ( #1523, #2579, #75, #1414 ) ) ;
#477 = CARTESIAN_POINT ( 'NONE',  ( -9.786062617938375396, -4.200000000000000178, 5.845445923121047826 ) ) ;
#478 = CARTESIAN_POINT ( 'NONE',  ( -16.00000000000001421, 16.79999999999999716, 11.54999999999999716 ) ) ;
#479 = EDGE_CURVE ( 'NONE', #2082, #2968, #628, .T. ) ;
#480 = PLANE ( 'NONE',  #2700 ) ;
#481 = EDGE_CURVE ( 'NONE', #2272, #859, #867, .T. ) ;
#482 = CARTESIAN_POINT ( 'NONE',  ( -26.40513940592926190, 19.50391717840103567, 10.11316122585636812 ) ) ;
#483 = ORIENTED_EDGE ( 'NONE', *, *, #400, .F. ) ;
#484 = LINE ( 'NONE', #19, #2543 ) ;
#485 = PERSON_AND_ORGANIZATION ( #653, #86 ) ;
#486 = AXIS2_PLACEMENT_3D ( 'NONE', #3046, #803, #2329 ) ;
#487 = ORIENTED_EDGE ( 'NONE', *, *, #1748, .F. ) ;
#488 = VECTOR ( 'NONE', #2835, 1000.000000000000000 ) ;
#489 = ORIENTED_EDGE ( 'NONE', *, *, #2261, .T. ) ;
#490 = DIRECTION ( 'NONE',  ( 0.000000000000000000, 0.000000000000000000, 1.000000000000000000 ) ) ;
#491 = LINE ( 'NONE', #1947, #1936 ) ;
#492 = FACE_OUTER_BOUND ( 'NONE', #865, .T. ) ;
#493 = VECTOR ( 'NONE', #2894, 1000.000000000000000 ) ;
#494 = ORIENTED_EDGE ( 'NONE', *, *, #762, .T. ) ;
#495 = CARTESIAN_POINT ( 'NONE',  ( -28.00000000000001421, -7.000000000000000888, 2.000000000000000000 ) ) ;
#496 = CARTESIAN_POINT ( 'NONE',  ( 1.999999999999991340, -4.200000000000000178, 2.000000000000000000 ) ) ;
#497 = APPLICATION_CONTEXT ( 'configuration controlled 3d designs of mechanical parts and assemblies' ) ;
#498 = DIRECTION ( 'NONE',  ( 0.000000000000000000, -1.000000000000000000, 0.000000000000000000 ) ) ;
#499 = CARTESIAN_POINT ( 'NONE',  ( -14.39129437599001626, 7.121320343559641053, 5.799999999999732481 ) ) ;
#500 = CARTESIAN_POINT ( 'NONE',  ( -25.75470680277975077, 20.19036684165693885, 7.654323239786372746 ) ) ;
#501 = ORIENTED_EDGE ( 'NONE', *, *, #402, .T. ) ;
#502 = EDGE_CURVE ( 'NONE', #2608, #3140, #1853, .T. ) ;
#503 = ADVANCED_FACE ( 'NONE', ( #2378 ), #2829, .T. ) ;
#504 = DIRECTION ( 'NONE',  ( -0.9738412097417933344, 0.000000000000000000, 0.2272296156064183281 ) ) ;
#505 = EDGE_LOOP ( 'NONE', ( #123, #2728, #1928, #1991 ) ) ;
#506 = ORIENTED_EDGE ( 'NONE', *, *, #479, .F. ) ;
#507 = CARTESIAN_POINT ( 'NONE',  ( -16.00000000000001421, 28.89999999999999503, 11.54999999999999538 ) ) ;
#508 = LINE ( 'NONE', #62, #1427 ) ;
#509 = CARTESIAN_POINT ( 'NONE',  ( 1.999999999999991340, 4.199999999999999289, 1.999999999999999112 ) ) ;
#510 = VERTEX_POINT ( 'NONE', #3111 ) ;
#511 = LINE ( 'NONE', #1508, #1234 ) ;
#512 = FACE_OUTER_BOUND ( 'NONE', #1008, .T. ) ;
#513 = AXIS2_PLACEMENT_3D ( 'NONE', #1525, #1723, #2223 ) ;
#514 = DIRECTION ( 'NONE',  ( -0.9738412097417933344, 0.000000000000000000, -0.2272296156064183281 ) ) ;
#515 = CARTESIAN_POINT ( 'NONE',  ( -25.52378980453410051, 17.15586671289860377, 7.076323150974155318 ) ) ;
#516 = ORIENTED_EDGE ( 'NONE', *, *, #976, .F. ) ;
#517 = LINE ( 'NONE', #1515, #27 ) ;
#518 = AXIS2_PLACEMENT_3D ( 'NONE', #881, #1584, #1404 ) ;
#519 = EDGE_CURVE ( 'NONE', #360, #2925, #126, .T. ) ;
#520 = EDGE_CURVE ( 'NONE', #2761, #2968, #2599, .T. ) ;
#521 = VERTEX_POINT ( 'NONE', #601 ) ;
#522 = VERTEX_POINT ( 'NONE', #112 ) ;
#523 = DIRECTION ( 'NONE',  ( 0.000000000000000000, 0.000000000000000000, 1.000000000000000000 ) ) ;
#524 = DIRECTION ( 'NONE',  ( 1.000000000000000000, 0.000000000000000000, 0.000000000000000000 ) ) ;
#525 = CARTESIAN_POINT ( 'NONE',  ( 0.000000000000000000, 0.000000000000000000, 4.500000000000000000 ) ) ;
#526 = EDGE_CURVE ( 'NONE', #2034, #532, #2582, .T. ) ;
#527 = VERTEX_POINT ( 'NONE', #1098 ) ;
#528 = VERTEX_POINT ( 'NONE', #3064 ) ;
#529 = CARTESIAN_POINT ( 'NONE',  ( -14.90000000000000746, 7.121320343559641053, 4.500000000000000000 ) ) ;
#530 = CARTESIAN_POINT ( 'NONE',  ( -17.21095189484531573, 16.79999999999999716, 4.049999999999998934 ) ) ;
#531 = PLANE ( 'NONE',  #84 ) ;
#532 = VERTEX_POINT ( 'NONE', #156 ) ;
#533 = VERTEX_POINT ( 'NONE', #616 ) ;
#534 = CARTESIAN_POINT ( 'NONE',  ( -4.884088514225555677, -4.200000000000000178, -1.139620653319298293 ) ) ;
#535 = DATE_TIME_ROLE ( 'creation_date' ) ;
#536 = ORIENTED_EDGE ( 'NONE', *, *, #3048, .F. ) ;
#537 = EDGE_LOOP ( 'NONE', ( #1996, #1997, #577, #1801 ) ) ;
#538 = EDGE_CURVE ( 'NONE', #286, #2163, #3047, .T. ) ;
#539 = DIRECTION ( 'NONE',  ( 0.000000000000000000, 1.000000000000000000, 2.168404344971008128E-16 ) ) ;
#540 = VECTOR ( 'NONE', #2135, 1000.000000000000000 ) ;
#541 = CARTESIAN_POINT ( 'NONE',  ( -28.00000000000001421, 6.999999999999999112, 2.000000000000000000 ) ) ;
#542 = DIRECTION ( 'NONE',  ( -0.000000000000000000, 1.376764663473656710E-16, 1.000000000000000000 ) ) ;
#543 = VECTOR ( 'NONE', #3009, 1000.000000000000000 ) ;
#544 = ORIENTED_EDGE ( 'NONE', *, *, #1710, .T. ) ;
#545 = EDGE_CURVE ( 'NONE', #2002, #533, #3078, .T. ) ;
#546 = CARTESIAN_POINT ( 'NONE',  ( -1.713937382061637482, -4.200000000000001066, 5.845445923121096676 ) ) ;
#547 = VECTOR ( 'NONE', #672, 1000.000000000000000 ) ;
#548 = CARTESIAN_POINT ( 'NONE',  ( -7.160168598524821348, 4.199999999999999289, -1.670706006322457693 ) ) ;
#549 = CARTESIAN_POINT ( 'NONE',  ( -14.58606261793837255, 7.121320343559641053, 5.845445923121014964 ) ) ;
#550 = CARTESIAN_POINT ( 'NONE',  ( -14.58606261793837255, 4.199999999999999289, 5.845445923121014964 ) ) ;
#551 = FACE_OUTER_BOUND ( 'NONE', #2675, .T. ) ;
#552 = VERTEX_POINT ( 'NONE', #848 ) ;
#553 = ORIENTED_EDGE ( 'NONE', *, *, #34, .F. ) ;
#554 = CARTESIAN_POINT ( 'NONE',  ( -21.10870562400999617, 4.199999999999999289, 5.799999999999681854 ) ) ;
#555 = DIRECTION ( 'NONE',  ( 0.000000000000000000, -1.000000000000000000, -2.168404344971009361E-16 ) ) ;
#556 = ORIENTED_EDGE ( 'NONE', *, *, #481, .F. ) ;
#557 = VERTEX_POINT ( 'NONE', #172 ) ;
#558 = DIRECTION ( 'NONE',  ( 1.000000000000000000, -0.000000000000000000, 0.000000000000000000 ) ) ;
#559 = LINE ( 'NONE', #331, #2526 ) ;
#560 = ADVANCED_FACE ( 'NONE', ( #2122 ), #648, .F. ) ;
#561 = EDGE_CURVE ( 'NONE', #1514, #1703, #1093, .T. ) ;
#562 = FACE_OUTER_BOUND ( 'NONE', #1199, .T. ) ;
#563 = PLANE ( 'NONE',  #1579 ) ;
#564 = VERTEX_POINT ( 'NONE', #1114 ) ;
#565 = ORIENTED_EDGE ( 'NONE', *, *, #2800, .F. ) ;
#566 = DIRECTION ( 'NONE',  ( -0.000000000000000000, 1.000000000000000000, -0.000000000000000000 ) ) ;
#567 = CIRCLE ( 'NONE', #2166, 0.1999999999999996503 ) ;
#568 = DIRECTION ( 'NONE',  ( 0.000000000000000000, -1.000000000000000000, 0.000000000000000000 ) ) ;
#569 = ORIENTED_EDGE ( 'NONE', *, *, #981, .F. ) ;
#570 = VERTEX_POINT ( 'NONE', #1599 ) ;
#571 = CARTESIAN_POINT ( 'NONE',  ( 0.000000000000000000, -4.200000000000001066, 4.500000000000000000 ) ) ;
#572 = CARTESIAN_POINT ( 'NONE',  ( -21.59129437599001378, 4.199999999999999289, 6.000000000000000000 ) ) ;
#573 = ADVANCED_FACE ( 'NONE', ( #2348 ), #1838, .F. ) ;
#574 = CARTESIAN_POINT ( 'NONE',  ( -16.98606261793837291, -4.200000000000000178, 5.845445923120998977 ) ) ;
#575 = EDGE_CURVE ( 'NONE', #2186, #522, #1898, .T. ) ;
#576 = CARTESIAN_POINT ( 'NONE',  ( -20.91393738206163277, 7.121320343559641053, 5.845445923120966114 ) ) ;
#577 = ORIENTED_EDGE ( 'NONE', *, *, #1081, .T. ) ;
#578 = ORIENTED_EDGE ( 'NONE', *, *, #3133, .F. ) ;
#579 = DIRECTION ( 'NONE',  ( 0.000000000000000000, 1.000000000000000000, -1.376764663473656710E-16 ) ) ;
#580 = CARTESIAN_POINT ( 'NONE',  ( -13.90870562400999688, 7.121320343559641053, 5.799999999999732481 ) ) ;
#581 = VERTEX_POINT ( 'NONE', #1868 ) ;
#582 = ORIENTED_EDGE ( 'NONE', *, *, #1961, .F. ) ;
#583 = CARTESIAN_POINT ( 'NONE',  ( -6.200000000000007283, 7.121320343559641053, 4.500000000000000000 ) ) ;
#584 = DIRECTION ( 'NONE',  ( -1.000000000000000000, 0.000000000000000000, -0.000000000000000000 ) ) ;
#585 = VECTOR ( 'NONE', #2104, 1000.000000000000000 ) ;
#586 = AXIS2_PLACEMENT_3D ( 'NONE', #1300, #2802, #590 ) ;
#587 = DIRECTION ( 'NONE',  ( 0.2272296156064183004, 2.111681510515927313E-16, -0.9738412097417932234 ) ) ;
#588 = AXIS2_PLACEMENT_3D ( 'NONE', #1727, #988, #1713 ) ;
#589 = DIRECTION ( 'NONE',  ( 0.000000000000000000, 0.000000000000000000, -1.000000000000000000 ) ) ;
#590 = DIRECTION ( 'NONE',  ( -0.2272296156064183004, 0.000000000000000000, 0.9738412097417932234 ) ) ;
#591 = CC_DESIGN_APPROVAL ( #3147, ( #2112 ) ) ;
#592 = LINE ( 'NONE', #2337, #54 ) ;
#593 = EDGE_CURVE ( 'NONE', #2715, #325, #2872, .T. ) ;
#594 = EDGE_CURVE ( 'NONE', #3017, #708, #2478, .T. ) ;
#595 = EDGE_LOOP ( 'NONE', ( #407, #825, #70, #726 ) ) ;
#596 = CARTESIAN_POINT ( 'NONE',  ( -19.69999999999993179, 4.199999999999999289, 4.500000000000000000 ) ) ;
#597 = LINE ( 'NONE', #1362, #696 ) ;
#598 = ORIENTED_EDGE ( 'NONE', *, *, #1612, .T. ) ;
#599 = ORIENTED_EDGE ( 'NONE', *, *, #545, .T. ) ;
#600 = DIRECTION ( 'NONE',  ( 0.000000000000000000, 0.000000000000000000, -1.000000000000000000 ) ) ;
#601 = CARTESIAN_POINT ( 'NONE',  ( -6.708705624009998481, 4.199999999999999289, 6.000000000000000000 ) ) ;
#602 = CARTESIAN_POINT ( 'NONE',  ( -22.16441400296898578, 15.80000000000000071, 20.04999999999999716 ) ) ;
#603 = DIRECTION ( 'NONE',  ( 0.000000000000000000, -1.000000000000000000, 0.000000000000000000 ) ) ;
#604 = CARTESIAN_POINT ( 'NONE',  ( -25.18167132669829300, 18.24046271771381100, 17.84999999999999787 ) ) ;
#605 = DIRECTION ( 'NONE',  ( -0.2272296156064183004, 2.111681510515927313E-16, -0.9738412097417932234 ) ) ;
#606 = ORIENTED_EDGE ( 'NONE', *, *, #1389, .T. ) ;
#607 = DIRECTION ( 'NONE',  ( -1.000000000000000000, 0.000000000000000000, 0.000000000000000000 ) ) ;
#608 = DIRECTION ( 'NONE',  ( 1.000000000000000000, -0.000000000000000000, 0.000000000000000000 ) ) ;
#609 = EDGE_CURVE ( 'NONE', #2983, #552, #348, .T. ) ;
#610 = EDGE_CURVE ( 'NONE', #2715, #2622, #250, .T. ) ;
#611 = ORIENTED_EDGE ( 'NONE', *, *, #2314, .F. ) ;
#612 = VECTOR ( 'NONE', #2780, 1000.000000000000000 ) ;
#613 = ORIENTED_EDGE ( 'NONE', *, *, #799, .F. ) ;
#614 = PLANE ( 'NONE',  #2763 ) ;
#615 = EDGE_CURVE ( 'NONE', #3075, #570, #1948, .T. ) ;
#616 = CARTESIAN_POINT ( 'NONE',  ( -7.191294375990017862, -4.200000000000000178, 5.999999999999782396 ) ) ;
#617 = CARTESIAN_POINT ( 'NONE',  ( -11.00000000000000711, 4.199999999999999289, 4.500000000000000000 ) ) ;
#618 = DIRECTION ( 'NONE',  ( 0.000000000000000000, 0.000000000000000000, -1.000000000000000000 ) ) ;
#619 = DIRECTION ( 'NONE',  ( -0.2272296156064183004, 0.000000000000000000, 0.9738412097417932234 ) ) ;
#620 = CARTESIAN_POINT ( 'NONE',  ( -24.40000000000001279, 20.78397431775084314, 17.84999999999999787 ) ) ;
#621 = EDGE_LOOP ( 'NONE', ( #1698, #2252, #2071, #1415 ) ) ;
#622 = PLANE ( 'NONE',  #1990 ) ;
#623 = LINE ( 'NONE', #693, #137 ) ;
#624 = EDGE_CURVE ( 'NONE', #1740, #1080, #2220, .T. ) ;
#625 = ORIENTED_EDGE ( 'NONE', *, *, #1154, .T. ) ;
#626 = VERTEX_POINT ( 'NONE', #2924 ) ;
#627 = LINE ( 'NONE', #912, #1726 ) ;
#628 = LINE ( 'NONE', #1336, #1654 ) ;
#629 = EDGE_CURVE ( 'NONE', #1781, #626, #1721, .T. ) ;
#630 = EDGE_CURVE ( 'NONE', #2024, #859, #2459, .T. ) ;
#631 = CARTESIAN_POINT ( 'NONE',  ( 0.000000000000000000, 0.000000000000000000, 4.500000000000000000 ) ) ;
#632 = CARTESIAN_POINT ( 'NONE',  ( 0.000000000000000000, 7.121320343559641053, 5.999999999999782396 ) ) ;
#633 = VECTOR ( 'NONE', #1719, 1000.000000000000000 ) ;
#634 = VECTOR ( 'NONE', #2832, 1000.000000000000000 ) ;
#635 = DIRECTION ( 'NONE',  ( 0.000000000000000000, -1.000000000000000000, 0.000000000000000000 ) ) ;
#636 = CARTESIAN_POINT ( 'NONE',  ( -8.913937382061638104, -4.200000000000001954, 5.845445923121047826 ) ) ;
#637 = AXIS2_PLACEMENT_3D ( 'NONE', #3037, #514, #1267 ) ;
#638 = DIRECTION ( 'NONE',  ( 0.000000000000000000, -1.000000000000000000, 0.000000000000000000 ) ) ;
#639 = ORIENTED_EDGE ( 'NONE', *, *, #2041, .F. ) ;
#640 = VECTOR ( 'NONE', #3060, 1000.000000000000000 ) ;
#641 = DIRECTION ( 'NONE',  ( 0.000000000000000000, -1.000000000000000000, 0.000000000000000000 ) ) ;
#642 = PRODUCT ( 'arm-pinon', 'arm-pinon', '', ( #2250 ) ) ;
#643 = LINE ( 'NONE', #3074, #2300 ) ;
#644 = SECURITY_CLASSIFICATION ( '', '', #1701 ) ;
#645 = ORIENTED_EDGE ( 'NONE', *, *, #2679, .T. ) ;
#646 = ORIENTED_EDGE ( 'NONE', *, *, #2299, .F. ) ;
#647 = CARTESIAN_POINT ( 'NONE',  ( -16.98606261793836936, 4.199999999999999289, 5.845445923120998089 ) ) ;
#648 = PLANE ( 'NONE',  #262 ) ;
#649 = CARTESIAN_POINT ( 'NONE',  ( -15.80000000000000071, 4.199999999999999289, 4.500000000000000000 ) ) ;
#650 = AXIS2_PLACEMENT_3D ( 'NONE', #904, #2368, #2620 ) ;
#651 = EDGE_CURVE ( 'NONE', #1506, #2409, #2424, .T. ) ;
#652 = EDGE_CURVE ( 'NONE', #521, #74, #2407, .T. ) ;
#653 = PERSON ( 'UNSPECIFIED', 'UNSPECIFIED', 'UNSPECIFIED', ('UNSPECIFIED'), ('UNSPECIFIED'), ('UNSPECIFIED') ) ;
#654 = VECTOR ( 'NONE', #2123, 1000.000000000000000 ) ;
#655 = LINE ( 'NONE', #117, #850 ) ;
#656 = DIRECTION ( 'NONE',  ( 0.000000000000000000, 0.000000000000000000, 1.000000000000000000 ) ) ;
#657 = VERTEX_POINT ( 'NONE', #983 ) ;
#658 = CARTESIAN_POINT ( 'NONE',  ( -28.00000000000001421, 15.79999999999999893, 5.249999999999999112 ) ) ;
#659 = LINE ( 'NONE', #2656, #2249 ) ;
#660 = AXIS2_PLACEMENT_3D ( 'NONE', #2001, #2079, #1124 ) ;
#661 = ORIENTED_EDGE ( 'NONE', *, *, #2154, .T. ) ;
#662 = AXIS2_PLACEMENT_3D ( 'NONE', #1968, #237, #1265 ) ;
#663 = ORIENTED_EDGE ( 'NONE', *, *, #2616, .F. ) ;
#664 = DIRECTION ( 'NONE',  ( 0.000000000000000000, -1.000000000000000000, 0.000000000000000000 ) ) ;
#665 = DIRECTION ( 'NONE',  ( 0.000000000000000000, -1.000000000000000000, 0.000000000000000000 ) ) ;
#666 = AXIS2_PLACEMENT_3D ( 'NONE', #1953, #498, #1493 ) ;
#667 = EDGE_LOOP ( 'NONE', ( #184, #59, #2854, #1073 ) ) ;
#668 = CARTESIAN_POINT ( 'NONE',  ( -4.884088514225556565, 4.199999999999999289, -1.139620653319295851 ) ) ;
#669 = VECTOR ( 'NONE', #2073, 1000.000000000000000 ) ;
#670 = CC_DESIGN_PERSON_AND_ORGANIZATION_ASSIGNMENT ( #1958, #3153, ( #642 ) ) ;
#671 = CARTESIAN_POINT ( 'NONE',  ( -7.386062617938375041, 7.121320343559641053, 5.845445923121065590 ) ) ;
#672 = DIRECTION ( 'NONE',  ( 0.000000000000000000, -1.000000000000000000, 0.000000000000000000 ) ) ;
#673 = CARTESIAN_POINT ( 'NONE',  ( -14.39129437599001626, -4.200000000000000178, 5.799999999999732481 ) ) ;
#674 = EDGE_LOOP ( 'NONE', ( #1874, #1639, #2204, #434 ) ) ;
#675 = EDGE_CURVE ( 'NONE', #532, #392, #203, .T. ) ;
#676 = ORIENTED_EDGE ( 'NONE', *, *, #2822, .F. ) ;
#677 = CARTESIAN_POINT ( 'NONE',  ( -17.40252897787138409, -4.200000000000000178, 4.060590094836651787 ) ) ;
#678 = LINE ( 'NONE', #875, #1733 ) ;
#679 = ORIENTED_EDGE ( 'NONE', *, *, #2428, .F. ) ;
#680 = ORIENTED_EDGE ( 'NONE', *, *, #1545, .T. ) ;
#681 = CARTESIAN_POINT ( 'NONE',  ( 1.999999999999991340, 6.999999999999999112, 2.000000000000001776 ) ) ;
#682 = DIRECTION ( 'NONE',  ( 0.000000000000000000, -1.000000000000000000, 0.000000000000000000 ) ) ;
#683 = ORIENTED_EDGE ( 'NONE', *, *, #1902, .T. ) ;
#684 = CARTESIAN_POINT ( 'NONE',  ( -28.00000000000001421, -4.200000000000001066, 17.84999999999999787 ) ) ;
#685 = CARTESIAN_POINT ( 'NONE',  ( -7.191294375990017862, 7.121320343559641053, 5.799999999999783107 ) ) ;
#686 = VECTOR ( 'NONE', #1328, 1000.000000000000000 ) ;
#687 = CARTESIAN_POINT ( 'NONE',  ( -2.391294375990015375, 7.121320343559641053, 5.999999999999815259 ) ) ;
#688 = DIRECTION ( 'NONE',  ( -2.168404344971012812E-15, 0.000000000000000000, 1.000000000000000000 ) ) ;
#689 = AXIS2_PLACEMENT_3D ( 'NONE', #225, #2708, #974 ) ;
#690 = EDGE_LOOP ( 'NONE', ( #358, #1394, #2566, #2480 ) ) ;
#691 = DIRECTION ( 'NONE',  ( -0.000000000000000000, -1.000000000000000000, 1.376764663473656710E-16 ) ) ;
#692 = CIRCLE ( 'NONE', #1370, 10.49999999999999822 ) ;
#693 = CARTESIAN_POINT ( 'NONE',  ( -28.00000000000001421, -5.000000000000000888, 2.000000000000000444 ) ) ;
#694 = ADVANCED_FACE ( 'NONE', ( #492 ), #1226, .F. ) ;
#695 = ADVANCED_FACE ( 'NONE', ( #2170 ), #2890, .T. ) ;
#696 = VECTOR ( 'NONE', #2533, 1000.000000000000000 ) ;
#697 = ORIENTED_EDGE ( 'NONE', *, *, #267, .T. ) ;
#698 = ORIENTED_EDGE ( 'NONE', *, *, #1136, .F. ) ;
#699 = CARTESIAN_POINT ( 'NONE',  ( 1.999999999999991340, -7.000000000000000888, 20.04999999999999716 ) ) ;
#700 = FACE_OUTER_BOUND ( 'NONE', #1278, .T. ) ;
#701 = DIRECTION ( 'NONE',  ( 0.000000000000000000, 0.000000000000000000, -1.000000000000000000 ) ) ;
#702 = ORIENTED_EDGE ( 'NONE', *, *, #629, .T. ) ;
#703 = DIRECTION ( 'NONE',  ( 0.000000000000000000, -1.000000000000000000, 0.000000000000000000 ) ) ;
#704 = DIRECTION ( 'NONE',  ( 0.000000000000000000, 0.000000000000000000, -1.000000000000000000 ) ) ;
#705 = FACE_OUTER_BOUND ( 'NONE', #872, .T. ) ;
#706 = LINE ( 'NONE', #1458, #3105 ) ;
#707 = CARTESIAN_POINT ( 'NONE',  ( -24.45282526519183719, 16.39775366446582083, 5.303563945612704167 ) ) ;
#708 = VERTEX_POINT ( 'NONE', #10 ) ;
#709 = DIRECTION ( 'NONE',  ( 0.2272296156064183004, 0.000000000000000000, 0.9738412097417932234 ) ) ;
#710 = ORIENTED_EDGE ( 'NONE', *, *, #2331, .F. ) ;
#711 = VERTEX_POINT ( 'NONE', #190 ) ;
#712 = EDGE_CURVE ( 'NONE', #1059, #2750, #2694, .T. ) ;
#713 = FACE_OUTER_BOUND ( 'NONE', #2214, .T. ) ;
#714 = LINE ( 'NONE', #3176, #2758 ) ;
#715 = DIRECTION ( 'NONE',  ( -1.000000000000000000, 0.000000000000000000, -0.000000000000000000 ) ) ;
#716 = ORIENTED_EDGE ( 'NONE', *, *, #1330, .F. ) ;
#717 = ORIENTED_EDGE ( 'NONE', *, *, #2684, .F. ) ;
#718 = EDGE_CURVE ( 'NONE', #2925, #1350, #2629, .T. ) ;
#719 = LINE ( 'NONE', #1490, #99 ) ;
#720 = CARTESIAN_POINT ( 'NONE',  ( -10.57428872497361105, -4.200000000000000178, 2.467334035827172478 ) ) ;
#721 = VECTOR ( 'NONE', #1037, 1000.000000000000000 ) ;
#722 = DIRECTION ( 'NONE',  ( -3.469446951953615767E-15, 0.000000000000000000, 1.000000000000000000 ) ) ;
#723 = CARTESIAN_POINT ( 'NONE',  ( -28.00000000000016698, 15.79999999999996696, 2.841791936179945299 ) ) ;
#724 = ORIENTED_EDGE ( 'NONE', *, *, #1372, .T. ) ;
#725 = FACE_OUTER_BOUND ( 'NONE', #915, .T. ) ;
#726 = ORIENTED_EDGE ( 'NONE', *, *, #2896, .T. ) ;
#727 = ORIENTED_EDGE ( 'NONE', *, *, #1943, .F. ) ;
#728 = DIRECTION ( 'NONE',  ( -0.2272296156064183004, 2.111681510515927313E-16, -0.9738412097417932234 ) ) ;
#729 = DIRECTION ( 'NONE',  ( 0.000000000000000000, -1.376764663473656710E-16, -1.000000000000000000 ) ) ;
#730 = CARTESIAN_POINT ( 'NONE',  ( 0.000000000000000000, 7.121320343559641053, 5.999999999999698019 ) ) ;
#731 = EDGE_CURVE ( 'NONE', #2786, #1189, #1706, .T. ) ;
#732 = EDGE_LOOP ( 'NONE', ( #1240, #1431, #2301, #1549 ) ) ;
#733 = ORIENTED_EDGE ( 'NONE', *, *, #1572, .F. ) ;
#734 = CARTESIAN_POINT ( 'NONE',  ( -3.746048472075834468, -4.200000000000000178, 0.8740779768176918374 ) ) ;
#735 = CARTESIAN_POINT ( 'NONE',  ( -23.00000000000001421, 10.79999999999999716, 17.84999999999999787 ) ) ;
#736 = ADVANCED_FACE ( 'NONE', ( #1417 ), #2938, .T. ) ;
#737 = ADVANCED_FACE ( 'NONE', ( #1467 ), #2393, .T. ) ;
#738 = FACE_OUTER_BOUND ( 'NONE', #2435, .T. ) ;
#739 = CARTESIAN_POINT ( 'NONE',  ( -24.23610688717946005, 16.04627292987965959, 5.034484340976634442 ) ) ;
#740 = ORIENTED_EDGE ( 'NONE', *, *, #107, .F. ) ;
#741 = PLANE ( 'NONE',  #689 ) ;
#742 = PERSON_AND_ORGANIZATION ( #653, #86 ) ;
#743 = VECTOR ( 'NONE', #2921, 1000.000000000000000 ) ;
#744 = ORIENTED_EDGE ( 'NONE', *, *, #1335, .F. ) ;
#745 = VECTOR ( 'NONE', #2229, 1000.000000000000000 ) ;
#746 = ORIENTED_EDGE ( 'NONE', *, *, #952, .T. ) ;
#747 = DIRECTION ( 'NONE',  ( 1.000000000000000000, 0.000000000000000000, -0.000000000000000000 ) ) ;
#748 = DIRECTION ( 'NONE',  ( 0.000000000000000000, -1.000000000000000000, 0.000000000000000000 ) ) ;
#749 = CARTESIAN_POINT ( 'NONE',  ( 0.8061116965226811093, -4.200000000000000178, -0.1880927291886279606 ) ) ;
#750 = AXIS2_PLACEMENT_3D ( 'NONE', #2006, #1776, #2783 ) ;
#751 = ORIENTED_EDGE ( 'NONE', *, *, #1099, .T. ) ;
#752 = DIRECTION ( 'NONE',  ( 0.000000000000000000, -1.000000000000000000, 0.000000000000000000 ) ) ;
#753 = VECTOR ( 'NONE', #729, 1000.000000000000000 ) ;
#754 = CARTESIAN_POINT ( 'NONE',  ( -24.23693168768530271, 4.199999999999999289, 6.000000000000000000 ) ) ;
#755 = B_SPLINE_CURVE_WITH_KNOTS ( 'NONE', 3,
 ( #451, #1681, #2415, #2097, #2833, #1167, #1663, #871, #2354, #416, #2127, #1891, #1635, #3134, #2111, #2634, #148, #1650, #1135, #1377, #2895, #620 ),
 .UNSPECIFIED., .F., .F.,
 ( 4, 2, 2, 2, 2, 2, 2, 2, 2, 2, 4 ),
 ( 0.000000000000000000, 0.001723502105096698291, 0.003447004210193396583, 0.005170506315290095307, 0.006032257367838440333, 0.006894008420386785359, 0.008617510525483476277, 0.01034101263058016633, 0.01206451473567685291, 0.01292626578822519620, 0.01378801684077353776 ),
 .UNSPECIFIED. ) ;
#756 = CARTESIAN_POINT ( 'NONE',  ( -22.09999999999993037, -4.200000000000000178, 4.500000000000000000 ) ) ;
#757 = ADVANCED_FACE ( 'NONE', ( #233 ), #2203, .F. ) ;
#758 = CARTESIAN_POINT ( 'NONE',  ( 1.944151738672244001, -4.200000000000000178, 0.4536354056901875098 ) ) ;
#759 = ADVANCED_FACE ( 'NONE', ( #2027 ), #2476, .F. ) ;
#760 = CARTESIAN_POINT ( 'NONE',  ( -24.33242527124356869, 16.23325361658719146, 5.152400637541012074 ) ) ;
#761 = VERTEX_POINT ( 'NONE', #2015 ) ;
#762 = EDGE_CURVE ( 'NONE', #303, #446, #592, .T. ) ;
#763 = DIRECTION ( 'NONE',  ( -3.469446951953599595E-15, 1.376764663473656710E-16, 1.000000000000000000 ) ) ;
#764 = CALENDAR_DATE ( 2026, 17, 6 ) ;
#765 = EDGE_LOOP ( 'NONE', ( #2626, #169, #1944, #1976, #1044, #197, #1074, #679 ) ) ;
#766 = ORIENTED_EDGE ( 'NONE', *, *, #3129, .F. ) ;
#767 = CARTESIAN_POINT ( 'NONE',  ( -21.95468914646990299, -4.200000000000000178, 5.122760800842971918 ) ) ;
#768 = FACE_OUTER_BOUND ( 'NONE', #1517, .T. ) ;
#769 = AXIS2_PLACEMENT_3D ( 'NONE', #2955, #14, #2697 ) ;
#770 = CARTESIAN_POINT ( 'NONE',  ( -23.00000000000001421, 10.79999999999999893, 17.84999999999999787 ) ) ;
#771 = ORIENTED_EDGE ( 'NONE', *, *, #2334, .T. ) ;
#772 = ORIENTED_EDGE ( 'NONE', *, *, #630, .F. ) ;
#773 = FACE_OUTER_BOUND ( 'NONE', #2548, .T. ) ;
#774 = DIRECTION ( 'NONE',  ( 0.000000000000000000, -1.000000000000000000, 0.000000000000000000 ) ) ;
#775 = DIRECTION ( 'NONE',  ( 0.000000000000000000, 1.000000000000000000, 2.168404344971008128E-16 ) ) ;
#776 = CC_DESIGN_PERSON_AND_ORGANIZATION_ASSIGNMENT ( #485, #1028, ( #2112 ) ) ;
#777 = AXIS2_PLACEMENT_3D ( 'NONE', #1646, #1356, #1103 ) ;
#778 = ORIENTED_EDGE ( 'NONE', *, *, #418, .T. ) ;
#779 = DIRECTION ( 'NONE',  ( 1.000000000000000000, 0.000000000000000000, 0.000000000000000000 ) ) ;
#780 = APPROVAL_ROLE ( '' ) ;
#781 = EDGE_CURVE ( 'NONE', #2865, #1409, #2987, .T. ) ;
#782 = ORIENTED_EDGE ( 'NONE', *, *, #2747, .F. ) ;
#783 = ORIENTED_EDGE ( 'NONE', *, *, #1040, .T. ) ;
#784 = DIRECTION ( 'NONE',  ( 1.000000000000000000, -0.000000000000000000, -0.000000000000000000 ) ) ;
#785 = DIRECTION ( 'NONE',  ( -1.000000000000000000, -0.000000000000000000, 4.377553108592123531E-16 ) ) ;
#786 = CARTESIAN_POINT ( 'NONE',  ( -17.40252897787138409, 7.121320343559641053, 4.060590094836654451 ) ) ;
#787 = ORIENTED_EDGE ( 'NONE', *, *, #1845, .F. ) ;
#788 = DIRECTION ( 'NONE',  ( 0.000000000000000000, 0.000000000000000000, 1.000000000000000000 ) ) ;
#789 = FACE_OUTER_BOUND ( 'NONE', #2974, .T. ) ;
#790 = PLANE ( 'NONE',  #637 ) ;
#791 = VERTEX_POINT ( 'NONE', #2952 ) ;
#792 = DIRECTION ( 'NONE',  ( -0.000000000000000000, -1.000000000000000000, -0.000000000000000000 ) ) ;
#793 = ORIENTED_EDGE ( 'NONE', *, *, #1691, .T. ) ;
#794 = VERTEX_POINT ( 'NONE', #1844 ) ;
#795 = CARTESIAN_POINT ( 'NONE',  ( -22.16441400296899289, 28.89999999999999503, 3.049999999999998934 ) ) ;
#796 = AXIS2_PLACEMENT_3D ( 'NONE', #2083, #579, #1576 ) ;
#797 = CARTESIAN_POINT ( 'NONE',  ( -24.23693168768530271, 4.199999999999999289, 6.000000000000000000 ) ) ;
#798 = EDGE_CURVE ( 'NONE', #2934, #1350, #1277, .T. ) ;
#799 = EDGE_CURVE ( 'NONE', #1703, #1402, #1522, .T. ) ;
#800 = VECTOR ( 'NONE', #2576, 1000.000000000000000 ) ;
#801 = ORIENTED_EDGE ( 'NONE', *, *, #323, .T. ) ;
#802 = ORIENTED_EDGE ( 'NONE', *, *, #3018, .T. ) ;
#803 = DIRECTION ( 'NONE',  ( 0.000000000000000000, -1.000000000000000000, 0.000000000000000000 ) ) ;
#804 = CARTESIAN_POINT ( 'NONE',  ( -14.39129437599001626, 7.121320343559641053, 5.999999999999731770 ) ) ;
#805 = VECTOR ( 'NONE', #1109, 1000.000000000000000 ) ;
#806 = DIRECTION ( 'NONE',  ( -0.000000000000000000, 0.000000000000000000, -1.000000000000000000 ) ) ;
#807 = CC_DESIGN_APPROVAL ( #1590, ( #2650 ) ) ;
#808 = ORIENTED_EDGE ( 'NONE', *, *, #92, .T. ) ;
#809 = DIRECTION ( 'NONE',  ( 0.000000000000000000, -1.000000000000000000, 0.000000000000000000 ) ) ;
#810 = SHAPE_DEFINITION_REPRESENTATION ( #2600, #236 ) ;
#811 = ORIENTED_EDGE ( 'NONE', *, *, #2902, .F. ) ;
#812 = ORIENTED_EDGE ( 'NONE', *, *, #2293, .T. ) ;
#813 = CARTESIAN_POINT ( 'NONE',  ( -4.791294375990018395, -4.200000000000000178, 5.799999999999799094 ) ) ;
#814 = DIRECTION ( 'NONE',  ( -1.000000000000000000, 0.000000000000000000, 0.000000000000000000 ) ) ;
#815 = EDGE_CURVE ( 'NONE', #2082, #2612, #2256, .T. ) ;
#816 = ORIENTED_EDGE ( 'NONE', *, *, #2042, .T. ) ;
#817 = ORIENTED_EDGE ( 'NONE', *, *, #245, .F. ) ;
#818 = DIRECTION ( 'NONE',  ( 0.000000000000000000, -1.000000000000000000, 0.000000000000000000 ) ) ;
#819 = DIRECTION ( 'NONE',  ( 0.000000000000000000, -1.000000000000000000, 0.000000000000000000 ) ) ;
#820 = EDGE_CURVE ( 'NONE', #2710, #570, #2491, .T. ) ;
#821 = LINE ( 'NONE', #1025, #1424 ) ;
#822 = ORIENTED_EDGE ( 'NONE', *, *, #2659, .F. ) ;
#823 = CARTESIAN_POINT ( 'NONE',  ( -16.26448893572188226, 7.121320343559641053, -3.795047418335104172 ) ) ;
#824 = CIRCLE ( 'NONE', #2369, 0.1999999999999996503 ) ;
#825 = ORIENTED_EDGE ( 'NONE', *, *, #561, .T. ) ;
#826 = VERTEX_POINT ( 'NONE', #2749 ) ;
#827 = CARTESIAN_POINT ( 'NONE',  ( -28.00000000000001421, 8.280293665983588625, 0.000000000000000000 ) ) ;
#828 = AXIS2_PLACEMENT_3D ( 'NONE', #2816, #1353, #410 ) ;
#829 = CARTESIAN_POINT ( 'NONE',  ( -12.49999999999994493, -4.200000000000000178, 4.500000000000000000 ) ) ;
#830 = VERTEX_POINT ( 'NONE', #1738 ) ;
#831 = EDGE_LOOP ( 'NONE', ( #1107, #2011, #1106, #1314 ) ) ;
#832 = DIRECTION ( 'NONE',  ( -1.000000000000000000, 0.000000000000000000, -0.000000000000000000 ) ) ;
#833 = CARTESIAN_POINT ( 'NONE',  ( -13.98840885142261747, 4.199999999999999289, -3.263962065331942775 ) ) ;
#834 = EDGE_CURVE ( 'NONE', #224, #235, #2714, .T. ) ;
#835 = LINE ( 'NONE', #1527, #1630 ) ;
#836 = ADVANCED_FACE ( 'NONE', ( #1291 ), #63, .F. ) ;
#837 = ADVANCED_FACE ( 'NONE', ( #1826 ), #2235, .T. ) ;
#838 = PLANE ( 'NONE',  #57 ) ;
#839 = DIRECTION ( 'NONE',  ( 0.000000000000000000, 0.000000000000000000, -1.000000000000000000 ) ) ;
#840 = CARTESIAN_POINT ( 'NONE',  ( 0.000000000000000000, 7.121320343559641053, 5.999999999999799272 ) ) ;
#841 = ORIENTED_EDGE ( 'NONE', *, *, #652, .F. ) ;
#842 = DIRECTION ( 'NONE',  ( 0.000000000000000000, -1.000000000000000000, 0.000000000000000000 ) ) ;
#843 = CARTESIAN_POINT ( 'NONE',  ( 0.000000000000000000, 7.121320343559641053, 5.999999999999715783 ) ) ;
#844 = EDGE_LOOP ( 'NONE', ( #2584, #2565, #1718, #246 ) ) ;
#845 = CIRCLE ( 'NONE', #2753, 0.1999999999999996503 ) ;
#846 = ORIENTED_EDGE ( 'NONE', *, *, #1056, .T. ) ;
#847 = CARTESIAN_POINT ( 'NONE',  ( -9.436248682824086131, 4.199999999999999289, -2.201791359325619091 ) ) ;
#848 = CARTESIAN_POINT ( 'NONE',  ( -21.83095189484631860, 28.89999999999999503, 4.049999999999998046 ) ) ;
#849 = VECTOR ( 'NONE', #887, 1000.000000000000000 ) ;
#850 = VECTOR ( 'NONE', #619, 1000.000000000000000 ) ;
#851 = CARTESIAN_POINT ( 'NONE',  ( -16.79129437599001662, 4.199999999999999289, 6.000000000000000000 ) ) ;
#852 = AXIS2_PLACEMENT_3D ( 'NONE', #580, #568, #2284 ) ;
#853 = EDGE_CURVE ( 'NONE', #1636, #2551, #1537, .T. ) ;
#854 = ADVANCED_FACE ( 'NONE', ( #1048 ), #135, .T. ) ;
#855 = LINE ( 'NONE', #918, #2109 ) ;
#856 = LINE ( 'NONE', #687, #957 ) ;
#857 = VECTOR ( 'NONE', #1201, 1000.000000000000000 ) ;
#858 = PLANE ( 'NONE',  #2059 ) ;
#859 = VERTEX_POINT ( 'NONE', #1755 ) ;
#860 = EDGE_CURVE ( 'NONE', #2147, #3090, #353, .T. ) ;
#861 = ORIENTED_EDGE ( 'NONE', *, *, #2277, .F. ) ;
#862 = DIRECTION ( 'NONE',  ( -1.000000000000000000, 0.000000000000000000, -0.000000000000000000 ) ) ;
#863 = LINE ( 'NONE', #316, #2448 ) ;
#864 = ORIENTED_EDGE ( 'NONE', *, *, #3133, .T. ) ;
#865 = EDGE_LOOP ( 'NONE', ( #2696, #1553, #1717, #2376 ) ) ;
#866 = CARTESIAN_POINT ( 'NONE',  ( -12.18606261793837398, 7.121320343559641053, 5.845445923121030063 ) ) ;
#867 = LINE ( 'NONE', #394, #2731 ) ;
#868 = CARTESIAN_POINT ( 'NONE',  ( 1.999999999999991340, -4.200000000000001066, 9.000000000000000000 ) ) ;
#869 = LINE ( 'NONE', #1855, #1192 ) ;
#870 = LINE ( 'NONE', #1857, #634 ) ;
#871 = CARTESIAN_POINT ( 'NONE',  ( -26.40555714818838595, 19.50332771663209641, 10.11675503632447715 ) ) ;
#872 = EDGE_LOOP ( 'NONE', ( #2834, #801, #2793, #47 ) ) ;
#873 = VERTEX_POINT ( 'NONE', #2733 ) ;
#874 = CARTESIAN_POINT ( 'NONE',  ( -24.23693168768530271, 4.199999999999999289, 6.000000000000000000 ) ) ;
#875 = CARTESIAN_POINT ( 'NONE',  ( -22.16441400296898578, 28.90000000000000213, 20.04999999999999361 ) ) ;
#876 = EDGE_CURVE ( 'NONE', #3090, #761, #1017, .T. ) ;
#877 = ORIENTED_EDGE ( 'NONE', *, *, #33, .F. ) ;
#878 = VECTOR ( 'NONE', #1633, 1000.000000000000000 ) ;
#879 = ORIENTED_EDGE ( 'NONE', *, *, #2701, .F. ) ;
#880 = CARTESIAN_POINT ( 'NONE',  ( -23.00000000000001421, 4.200000000000000178, 5.250000000000000000 ) ) ;
#881 = CARTESIAN_POINT ( 'NONE',  ( -11.99129437599001591, -4.200000000000000178, 5.799999999999749356 ) ) ;
#882 = EDGE_LOOP ( 'NONE', ( #506, #680, #2070, #1246 ) ) ;
#883 = ORIENTED_EDGE ( 'NONE', *, *, #1903, .T. ) ;
#884 = CARTESIAN_POINT ( 'NONE',  ( -28.00000000000001421, 15.79999999999999893, 20.94669107235070982 ) ) ;
#885 = CARTESIAN_POINT ( 'NONE',  ( -8.298208640674353376, -4.200000000000000178, 1.936248682824012413 ) ) ;
#886 = CARTESIAN_POINT ( 'NONE',  ( -21.59129437599001378, 7.121320343559641053, 5.799999999999681854 ) ) ;
#887 = DIRECTION ( 'NONE',  ( 0.000000000000000000, -1.000000000000000000, 0.000000000000000000 ) ) ;
#888 = DIRECTION ( 'NONE',  ( 0.000000000000000000, -1.000000000000000000, 0.000000000000000000 ) ) ;
#889 = ORIENTED_EDGE ( 'NONE', *, *, #438, .F. ) ;
#890 = DIRECTION ( 'NONE',  ( 0.000000000000000000, 0.000000000000000000, -1.000000000000000000 ) ) ;
#891 = CARTESIAN_POINT ( 'NONE',  ( -13.40000000000000568, 7.121320343559641053, 4.500000000000000000 ) ) ;
#892 = EDGE_LOOP ( 'NONE', ( #3015, #2257, #1688, #452 ) ) ;
#893 = ORIENTED_EDGE ( 'NONE', *, *, #206, .F. ) ;
#894 = ADVANCED_FACE ( 'NONE', ( #1105 ), #1505, .F. ) ;
#895 = CARTESIAN_POINT ( 'NONE',  ( 0.000000000000000000, -4.200000000000000178, 5.999999999999731770 ) ) ;
#896 = ADVANCED_FACE ( 'NONE', ( #3055 ), #858, .F. ) ;
#897 = DIRECTION ( 'NONE',  ( 0.000000000000000000, -2.168404344971009361E-16, 1.000000000000000000 ) ) ;
#898 = VECTOR ( 'NONE', #1598, 1000.000000000000000 ) ;
#899 = CARTESIAN_POINT ( 'NONE',  ( -24.69180658359664804, 20.73605170867394420, 17.44790181419774910 ) ) ;
#900 = VECTOR ( 'NONE', #1321, 1000.000000000000000 ) ;
#901 = DIRECTION ( 'NONE',  ( 0.000000000000000000, 0.000000000000000000, 1.000000000000000000 ) ) ;
#902 = PLANE ( 'NONE',  #2643 ) ;
#903 = VECTOR ( 'NONE', #44, 1000.000000000000000 ) ;
#904 = CARTESIAN_POINT ( 'NONE',  ( -12.85036880927286873, 7.121320343559641053, 2.998419388830334320 ) ) ;
#905 = EDGE_LOOP ( 'NONE', ( #230, #2680, #2522, #41 ) ) ;
#906 = CIRCLE ( 'NONE', #1374, 0.1999999999999996503 ) ;
#907 = CARTESIAN_POINT ( 'NONE',  ( -16.00000000000001421, 28.89999999999999503, 11.54999999999999538 ) ) ;
#908 = DIRECTION ( 'NONE',  ( 0.000000000000000000, 0.000000000000000000, 1.000000000000000000 ) ) ;
#909 = LOCAL_TIME ( 19, 33, 58.00000000000000000, #1941 ) ;
#910 = ORIENTED_EDGE ( 'NONE', *, *, #2527, .T. ) ;
#911 = ORIENTED_EDGE ( 'NONE', *, *, #1545, .F. ) ;
#912 = CARTESIAN_POINT ( 'NONE',  ( -28.00000000000001421, 4.999999999999999112, 2.000000000000000000 ) ) ;
#913 = CARTESIAN_POINT ( 'NONE',  ( -24.23693168768530271, 4.199999999999999289, 6.000000000000000000 ) ) ;
#914 = ADVANCED_FACE ( 'NONE', ( #2400 ), #403, .T. ) ;
#915 = EDGE_LOOP ( 'NONE', ( #213, #153, #2596, #64 ) ) ;
#916 = FACE_OUTER_BOUND ( 'NONE', #340, .T. ) ;
#917 = EDGE_CURVE ( 'NONE', #2147, #570, #3084, .T. ) ;
#918 = CARTESIAN_POINT ( 'NONE',  ( 0.000000000000000000, -4.200000000000001066, 4.500000000000000000 ) ) ;
#919 = CARTESIAN_POINT ( 'NONE',  ( -24.40000000000001279, 20.78397431775084314, 17.84999999999999787 ) ) ;
#920 = AXIS2_PLACEMENT_3D ( 'NONE', #986, #1248, #2462 ) ;
#921 = DIRECTION ( 'NONE',  ( 0.000000000000000000, 0.000000000000000000, -1.000000000000000000 ) ) ;
#922 = VERTEX_POINT ( 'NONE', #2607 ) ;
#923 = DIRECTION ( 'NONE',  ( 0.000000000000000000, -1.000000000000000000, 0.000000000000000000 ) ) ;
#924 = CARTESIAN_POINT ( 'NONE',  ( 3.999999999999991562, -4.200000000000000178, 2.000000000000000000 ) ) ;
#925 = VERTEX_POINT ( 'NONE', #196 ) ;
#926 = ORIENTED_EDGE ( 'NONE', *, *, #1158, .T. ) ;
#927 = CARTESIAN_POINT ( 'NONE',  ( -23.00000000000001421, 15.79999999999999893, 5.249999999999999112 ) ) ;
#928 = CARTESIAN_POINT ( 'NONE',  ( -8.600000000000006750, 7.121320343559641053, 4.500000000000000000 ) ) ;
#929 = VECTOR ( 'NONE', #2091, 1000.000000000000000 ) ;
#930 = ORIENTED_EDGE ( 'NONE', *, *, #2583, .F. ) ;
#931 = CARTESIAN_POINT ( 'NONE',  ( -28.00000000000001421, 15.79999999999999893, 20.25642648749116148 ) ) ;
#932 = VECTOR ( 'NONE', #1451, 1000.000000000000000 ) ;
#933 = FACE_OUTER_BOUND ( 'NONE', #844, .T. ) ;
#934 = EDGE_CURVE ( 'NONE', #303, #1333, #144, .T. ) ;
#935 = CARTESIAN_POINT ( 'NONE',  ( -16.26448893572188226, -4.199999999999999289, -3.795047418335106393 ) ) ;
#936 = EDGE_CURVE ( 'NONE', #456, #1506, #755, .T. ) ;
#937 = FACE_OUTER_BOUND ( 'NONE', #505, .T. ) ;
#938 = EDGE_LOOP ( 'NONE', ( #173, #2339, #2773, #582 ) ) ;
#939 = CARTESIAN_POINT ( 'NONE',  ( -17.21095189484531573, 16.79999999999999716, 4.049999999999998934 ) ) ;
#940 = DIRECTION ( 'NONE',  ( 0.000000000000000000, -1.000000000000000000, 0.000000000000000000 ) ) ;
#941 = ORIENTED_EDGE ( 'NONE', *, *, #2352, .T. ) ;
#942 = ORIENTED_EDGE ( 'NONE', *, *, #1312, .T. ) ;
#943 = LINE ( 'NONE', #393, #3005 ) ;
#944 = CARTESIAN_POINT ( 'NONE',  ( -11.71232876712335269, -4.199999999999999289, -2.732876712328783153 ) ) ;
#945 = DIRECTION ( 'NONE',  ( 0.000000000000000000, -1.000000000000000000, 0.000000000000000000 ) ) ;
#946 = CARTESIAN_POINT ( 'NONE',  ( -26.12524636460507921, 19.85170551215286494, 14.38664783667192637 ) ) ;
#947 = CARTESIAN_POINT ( 'NONE',  ( -23.00000000000001421, 10.79999999999999716, 5.249999999999999112 ) ) ;
#948 = VECTOR ( 'NONE', #8, 1000.000000000000000 ) ;
#949 = CARTESIAN_POINT ( 'NONE',  ( 3.999999999999991562, 4.199999999999999289, 1.999999999999999112 ) ) ;
#950 = CARTESIAN_POINT ( 'NONE',  ( -26.45128414834509556, 19.44439075127295524, 12.70929889139345725 ) ) ;
#951 = VECTOR ( 'NONE', #198, 1000.000000000000000 ) ;
#952 = EDGE_CURVE ( 'NONE', #1215, #3140, #1949, .T. ) ;
#953 = ADVANCED_FACE ( 'NONE', ( #1407 ), #1392, .T. ) ;
#954 = VERTEX_POINT ( 'NONE', #2653 ) ;
#955 = ORIENTED_EDGE ( 'NONE', *, *, #502, .F. ) ;
#956 = CARTESIAN_POINT ( 'NONE',  ( -2.586062617938374331, 4.199999999999999289, 5.845445923121096676 ) ) ;
#957 = VECTOR ( 'NONE', #2721, 1000.000000000000000 ) ;
#958 = PERSON_AND_ORGANIZATION ( #653, #86 ) ;
#959 = ADVANCED_FACE ( 'NONE', ( #1858 ), #3098, .T. ) ;
#960 = VECTOR ( 'NONE', #748, 1000.000000000000000 ) ;
#961 = ORIENTED_EDGE ( 'NONE', *, *, #1413, .T. ) ;
#962 = ORIENTED_EDGE ( 'NONE', *, *, #2316, .F. ) ;
#963 = CARTESIAN_POINT ( 'NONE',  ( -21.78606261793837362, 7.121320343559641053, 5.845445923120964338 ) ) ;
#964 = DIRECTION ( 'NONE',  ( 0.000000000000000000, -1.000000000000000000, 0.000000000000000000 ) ) ;
#965 = CARTESIAN_POINT ( 'NONE',  ( -18.21095189484531929, 28.89999999999999503, 4.049999999999997158 ) ) ;
#966 = VECTOR ( 'NONE', #818, 1000.000000000000000 ) ;
#967 = ORIENTED_EDGE ( 'NONE', *, *, #3171, .T. ) ;
#968 = LINE ( 'NONE', #2737, #1078 ) ;
#969 = DIRECTION ( 'NONE',  ( -1.000000000000000000, -0.000000000000000000, 4.377553108592123531E-16 ) ) ;
#970 = CARTESIAN_POINT ( 'NONE',  ( -20.91393738206163277, 4.199999999999999289, 5.845445923120966114 ) ) ;
#971 = CARTESIAN_POINT ( 'NONE',  ( -27.99999999999986144, 15.80000000000002913, 3.551751789597977105 ) ) ;
#972 = VECTOR ( 'NONE', #2892, 1000.000000000000000 ) ;
#973 = ORIENTED_EDGE ( 'NONE', *, *, #291, .T. ) ;
#974 = DIRECTION ( 'NONE',  ( 0.000000000000000000, -0.000000000000000000, -1.000000000000000000 ) ) ;
#975 = DATE_AND_TIME ( #764, #1888 ) ;
#976 = EDGE_CURVE ( 'NONE', #2905, #1484, #208, .T. ) ;
#977 = VERTEX_POINT ( 'NONE', #1907 ) ;
#978 = EDGE_LOOP ( 'NONE', ( #2450, #3162, #140, #2472 ) ) ;
#979 = FACE_OUTER_BOUND ( 'NONE', #1430, .T. ) ;
#980 = CARTESIAN_POINT ( 'NONE',  ( -17.21095189484531929, 28.89999999999999503, 3.049999999999996714 ) ) ;
#981 = EDGE_CURVE ( 'NONE', #1895, #3094, #162, .T. ) ;
#982 = EDGE_CURVE ( 'NONE', #657, #1057, #1492, .T. ) ;
#983 = CARTESIAN_POINT ( 'NONE',  ( 0.4912943759900028073, 4.199999999999999289, 6.000000000000000000 ) ) ;
#984 = ORIENTED_EDGE ( 'NONE', *, *, #3000, .T. ) ;
#985 = ORIENTED_EDGE ( 'NONE', *, *, #538, .F. ) ;
#986 = CARTESIAN_POINT ( 'NONE',  ( -16.00000000000001421, 15.79999999999999893, 11.54999999999999716 ) ) ;
#987 = DIRECTION ( 'NONE',  ( 0.000000000000000000, 0.000000000000000000, 1.000000000000000000 ) ) ;
#988 = DIRECTION ( 'NONE',  ( -0.9738412097417933344, 0.000000000000000000, 0.2272296156064183281 ) ) ;
#989 = CARTESIAN_POINT ( 'NONE',  ( -25.26116385164135281, 17.04548830566250217, 6.552734993953258424 ) ) ;
#990 = ORIENTED_EDGE ( 'NONE', *, *, #2349, .T. ) ;
#991 = CARTESIAN_POINT ( 'NONE',  ( -17.21095189484531218, 16.80000000000000071, 19.04999999999999361 ) ) ;
#992 = APPLICATION_PROTOCOL_DEFINITION ( 'international standard', 'config_control_design', 1994, #497 ) ;
#993 = ORIENTED_EDGE ( 'NONE', *, *, #3171, .F. ) ;
#994 = VERTEX_POINT ( 'NONE', #2161 ) ;
#995 = FACE_OUTER_BOUND ( 'NONE', #1730, .T. ) ;
#996 = CARTESIAN_POINT ( 'NONE',  ( -18.51393738206163420, 7.121320343559641053, 5.845445923120983878 ) ) ;
#997 = CARTESIAN_POINT ( 'NONE',  ( -28.00000000000001421, -4.200000000000001066, 17.84999999999999787 ) ) ;
#998 = ADVANCED_FACE ( 'NONE', ( #937 ), #1798, .F. ) ;
#999 = ORIENTED_EDGE ( 'NONE', *, *, #2238, .T. ) ;
#1000 = EDGE_CURVE ( 'NONE', #1454, #3002, #2649, .T. ) ;
#1001 = EDGE_LOOP ( 'NONE', ( #1227, #811, #3023, #1360, #371, #3150, #489 ) ) ;
#1002 = DIRECTION ( 'NONE',  ( -1.000000000000000000, 0.000000000000000000, -0.000000000000000000 ) ) ;
#1003 = FACE_OUTER_BOUND ( 'NONE', #1789, .T. ) ;
#1004 = FACE_OUTER_BOUND ( 'NONE', #2045, .T. ) ;
#1005 = DIRECTION ( 'NONE',  ( 0.000000000000000000, 0.000000000000000000, 1.000000000000000000 ) ) ;
#1006 = CARTESIAN_POINT ( 'NONE',  ( -27.99999999999981881, 15.80000000000001137, 2.493861951736369154 ) ) ;
#1007 = CIRCLE ( 'NONE', #332, 5.000000000000000888 ) ;
#1008 = EDGE_LOOP ( 'NONE', ( #1172, #2057, #2949, #1327 ) ) ;
#1009 = FACE_OUTER_BOUND ( 'NONE', #1247, .T. ) ;
#1010 = PERSON_AND_ORGANIZATION ( #653, #86 ) ;
#1011 = AXIS2_PLACEMENT_3D ( 'NONE', #231, #1998, #2215 ) ;
#1012 = ORIENTED_EDGE ( 'NONE', *, *, #2512, .F. ) ;
#1013 = VECTOR ( 'NONE', #2741, 1000.000000000000000 ) ;
#1014 = ORIENTED_EDGE ( 'NONE', *, *, #2861, .F. ) ;
#1015 = CARTESIAN_POINT ( 'NONE',  ( -19.67860906217064354, -4.200000000000000178, 4.591675447839811852 ) ) ;
#1016 = DIRECTION ( 'NONE',  ( -0.2272296156064183004, 0.000000000000000000, 0.9738412097417932234 ) ) ;
#1017 = LINE ( 'NONE', #509, #2210 ) ;
#1018 = AXIS2_PLACEMENT_3D ( 'NONE', #159, #2844, #398 ) ;
#1019 = ORIENTED_EDGE ( 'NONE', *, *, #675, .T. ) ;
#1020 = ORIENTED_EDGE ( 'NONE', *, *, #2939, .T. ) ;
#1021 = LINE ( 'NONE', #2481, #1756 ) ;
#1022 = LOCAL_TIME ( 19, 33, 58.00000000000000000, #2212 ) ;
#1023 = CARTESIAN_POINT ( 'NONE',  ( -9.108705624009997948, 7.121320343559641053, 5.799999999999765343 ) ) ;
#1024 = CC_DESIGN_PERSON_AND_ORGANIZATION_ASSIGNMENT ( #958, #1994, ( #644 ) ) ;
#1025 = CARTESIAN_POINT ( 'NONE',  ( -28.00000000000001421, -4.200000000000000178, 2.000000000000000000 ) ) ;
#1026 = ADVANCED_FACE ( 'NONE', ( #2171 ), #2380, .T. ) ;
#1027 = DIRECTION ( 'NONE',  ( -0.9738412097417933344, 0.000000000000000000, -0.2272296156064183281 ) ) ;
#1028 = PERSON_AND_ORGANIZATION_ROLE ( 'creator' ) ;
#1029 = EDGE_LOOP ( 'NONE', ( #1651, #163, #475, #772 ) ) ;
#1030 = ORIENTED_EDGE ( 'NONE', *, *, #3036, .T. ) ;
#1031 = DIRECTION ( 'NONE',  ( 0.000000000000000000, 0.000000000000000000, -1.000000000000000000 ) ) ;
#1032 = LINE ( 'NONE', #2458, #2912 ) ;
#1033 = DIRECTION ( 'NONE',  ( 0.2272296156064183004, 0.000000000000000000, 0.9738412097417932234 ) ) ;
#1034 = ORIENTED_EDGE ( 'NONE', *, *, #917, .T. ) ;
#1035 = ORIENTED_EDGE ( 'NONE', *, *, #2370, .T. ) ;
#1036 = CARTESIAN_POINT ( 'NONE',  ( -2.586062617938374331, -4.200000000000000178, 5.845445923121097564 ) ) ;
#1037 = DIRECTION ( 'NONE',  ( 0.000000000000000000, -1.000000000000000000, 0.000000000000000000 ) ) ;
#1038 = DIRECTION ( 'NONE',  ( 0.000000000000000000, 0.000000000000000000, -1.000000000000000000 ) ) ;
#1039 = VECTOR ( 'NONE', #1456, 1000.000000000000000 ) ;
#1040 = EDGE_CURVE ( 'NONE', #1363, #1950, #2140, .T. ) ;
#1041 = ADVANCED_FACE ( 'NONE', ( #916 ), #2601, .T. ) ;
#1042 = PLANE ( 'NONE',  #586 ) ;
#1043 = APPLICATION_CONTEXT ( 'configuration controlled 3d designs of mechanical parts and assemblies' ) ;
#1044 = ORIENTED_EDGE ( 'NONE', *, *, #3130, .F. ) ;
#1045 = ORIENTED_EDGE ( 'NONE', *, *, #2264, .T. ) ;
#1046 = FACE_OUTER_BOUND ( 'NONE', #2869, .T. ) ;
#1047 = LINE ( 'NONE', #1816, #2090 ) ;
#1048 = FACE_OUTER_BOUND ( 'NONE', #2940, .T. ) ;
#1049 = ORIENTED_EDGE ( 'NONE', *, *, #1330, .T. ) ;
#1050 = ORIENTED_EDGE ( 'NONE', *, *, #1354, .F. ) ;
#1051 = CARTESIAN_POINT ( 'NONE',  ( -21.10870562400999617, -4.200000000000000178, 5.999999999999682032 ) ) ;
#1052 = LINE ( 'NONE', #804, #1142 ) ;
#1053 = CARTESIAN_POINT ( 'NONE',  ( 4.000000000000007105, -4.200000000000000178, 2.000000000000000000 ) ) ;
#1054 = ORIENTED_EDGE ( 'NONE', *, *, #876, .F. ) ;
#1055 = CARTESIAN_POINT ( 'NONE',  ( -11.71232876712335269, 4.199999999999999289, -2.732876712328780933 ) ) ;
#1056 = EDGE_CURVE ( 'NONE', #2034, #3168, #1901, .T. ) ;
#1057 = VERTEX_POINT ( 'NONE', #2874 ) ;
#1058 = VECTOR ( 'NONE', #1097, 1000.000000000000000 ) ;
#1059 = VERTEX_POINT ( 'NONE', #684 ) ;
#1060 = DIRECTION ( 'NONE',  ( 0.000000000000000000, 0.000000000000000000, -1.000000000000000000 ) ) ;
#1061 = VECTOR ( 'NONE', #728, 1000.000000000000000 ) ;
#1062 = LINE ( 'NONE', #2562, #2043 ) ;
#1063 = EDGE_CURVE ( 'NONE', #510, #2395, #447, .T. ) ;
#1064 = VERTEX_POINT ( 'NONE', #2666 ) ;
#1065 = ORIENTED_EDGE ( 'NONE', *, *, #479, .T. ) ;
#1066 = CARTESIAN_POINT ( 'NONE',  ( -4.986062617938377350, -4.200000000000000178, 5.845445923121080689 ) ) ;
#1067 = AXIS2_PLACEMENT_3D ( 'NONE', #1119, #1101, #2363 ) ;
#1068 = CARTESIAN_POINT ( 'NONE',  ( 0.6860626179383613188, 7.121320343559641053, 5.845445923121114440 ) ) ;
#1069 = AXIS2_PLACEMENT_3D ( 'NONE', #2593, #389, #2116 ) ;
#1070 = DIRECTION ( 'NONE',  ( -0.9738412097417933344, 0.000000000000000000, 0.2272296156064183281 ) ) ;
#1071 = ORIENTED_EDGE ( 'NONE', *, *, #834, .T. ) ;
#1072 = CARTESIAN_POINT ( 'NONE',  ( 0.4912943759900028073, 7.121320343559641053, 5.799999999999832845 ) ) ;
#1073 = ORIENTED_EDGE ( 'NONE', *, *, #375, .F. ) ;
#1074 = ORIENTED_EDGE ( 'NONE', *, *, #2494, .F. ) ;
#1075 = ADVANCED_FACE ( 'NONE', ( #2426 ), #2843, .F. ) ;
#1076 = DIRECTION ( 'NONE',  ( 0.000000000000000000, 0.000000000000000000, -1.000000000000000000 ) ) ;
#1077 = DIRECTION ( 'NONE',  ( -1.000000000000000000, 0.000000000000000000, 0.000000000000000000 ) ) ;
#1078 = VECTOR ( 'NONE', #30, 1000.000000000000000 ) ;
#1079 = EDGE_LOOP ( 'NONE', ( #2279, #2493, #2995, #1116 ) ) ;
#1080 = VERTEX_POINT ( 'NONE', #396 ) ;
#1081 = EDGE_CURVE ( 'NONE', #3113, #1817, #158, .T. ) ;
#1082 = DIRECTION ( 'NONE',  ( 0.000000000000000000, 0.000000000000000000, -1.000000000000000000 ) ) ;
#1083 = EDGE_CURVE ( 'NONE', #2294, #1143, #1886, .T. ) ;
#1084 = CARTESIAN_POINT ( 'NONE',  ( 0.000000000000000000, 7.121320343559641053, 5.999999999999748646 ) ) ;
#1085 = CARTESIAN_POINT ( 'NONE',  ( -16.79129437599001662, -4.200000000000000178, 5.999999999999715783 ) ) ;
#1086 = CIRCLE ( 'NONE', #513, 0.1999999999999996503 ) ;
#1087 = ORIENTED_EDGE ( 'NONE', *, *, #338, .T. ) ;
#1088 = CYLINDRICAL_SURFACE ( 'NONE', #131, 0.1999999999999996503 ) ;
#1089 = AXIS2_PLACEMENT_3D ( 'NONE', #239, #2913, #2172 ) ;
#1090 = ORIENTED_EDGE ( 'NONE', *, *, #1863, .F. ) ;
#1091 = ORIENTED_EDGE ( 'NONE', *, *, #1372, .F. ) ;
#1092 = LINE ( 'NONE', #3059, #1269 ) ;
#1093 = CIRCLE ( 'NONE', #413, 0.1999999999999996503 ) ;
#1094 = DIRECTION ( 'NONE',  ( 0.000000000000000000, -1.000000000000000000, 0.000000000000000000 ) ) ;
#1095 = VERTEX_POINT ( 'NONE', #649 ) ;
#1096 = EDGE_LOOP ( 'NONE', ( #973, #2636, #2969, #2849 ) ) ;
#1097 = DIRECTION ( 'NONE',  ( 1.000000000000000000, -0.000000000000000000, 0.000000000000000000 ) ) ;
#1098 = CARTESIAN_POINT ( 'NONE',  ( -22.16441400296898578, 28.90000000000000213, 20.04999999999999361 ) ) ;
#1099 = EDGE_CURVE ( 'NONE', #3090, #2710, #428, .T. ) ;
#1100 = EDGE_CURVE ( 'NONE', #711, #3011, #968, .T. ) ;
#1101 = DIRECTION ( 'NONE',  ( -0.000000000000000000, -1.000000000000000000, -2.168404344971008128E-16 ) ) ;
#1102 = EDGE_CURVE ( 'NONE', #278, #3119, #511, .T. ) ;
#1103 = DIRECTION ( 'NONE',  ( -3.794707603699271830E-15, 0.000000000000000000, 1.000000000000000000 ) ) ;
#1104 = CARTESIAN_POINT ( 'NONE',  ( -7.700000000000009059, 7.121320343559641053, 4.500000000000000000 ) ) ;
#1105 = FACE_OUTER_BOUND ( 'NONE', #270, .T. ) ;
#1106 = ORIENTED_EDGE ( 'NONE', *, *, #1521, .T. ) ;
#1107 = ORIENTED_EDGE ( 'NONE', *, *, #3052, .F. ) ;
#1108 = DIRECTION ( 'NONE',  ( 1.000000000000000000, -0.000000000000000000, -0.000000000000000000 ) ) ;
#1109 = DIRECTION ( 'NONE',  ( 1.000000000000000000, -0.000000000000000000, 0.000000000000000000 ) ) ;
#1110 = ORIENTED_EDGE ( 'NONE', *, *, #1349, .T. ) ;
#1111 = VECTOR ( 'NONE', #784, 1000.000000000000000 ) ;
#1112 = ORIENTED_EDGE ( 'NONE', *, *, #73, .F. ) ;
#1113 = FACE_OUTER_BOUND ( 'NONE', #1847, .T. ) ;
#1114 = CARTESIAN_POINT ( 'NONE',  ( -17.21095189484531573, 28.90000000000000213, 20.04999999999999005 ) ) ;
#1115 = VECTOR ( 'NONE', #85, 1000.000000000000000 ) ;
#1116 = ORIENTED_EDGE ( 'NONE', *, *, #1571, .T. ) ;
#1117 = VECTOR ( 'NONE', #2739, 1000.000000000000000 ) ;
#1118 = EDGE_CURVE ( 'NONE', #1125, #3076, #3179, .T. ) ;
#1119 = CARTESIAN_POINT ( 'NONE',  ( -11.50870562400999830, -4.200000000000000178, 5.799999999999749356 ) ) ;
#1120 = VECTOR ( 'NONE', #370, 1000.000000000000000 ) ;
#1121 = DIRECTION ( 'NONE',  ( 1.000000000000000000, -0.000000000000000000, -0.000000000000000000 ) ) ;
#1122 = ADVANCED_FACE ( 'NONE', ( #773 ), #2926, .T. ) ;
#1123 = LINE ( 'NONE', #1872, #1676 ) ;
#1124 = DIRECTION ( 'NONE',  ( 0.000000000000000000, 0.000000000000000000, 1.000000000000000000 ) ) ;
#1125 = VERTEX_POINT ( 'NONE', #1036 ) ;
#1126 = CARTESIAN_POINT ( 'NONE',  ( -24.40000000000001634, 20.78397431775084314, 5.249999999999999112 ) ) ;
#1127 = ORIENTED_EDGE ( 'NONE', *, *, #2881, .F. ) ;
#1128 = ORIENTED_EDGE ( 'NONE', *, *, #380, .T. ) ;
#1129 = DIRECTION ( 'NONE',  ( 1.000000000000000000, 0.000000000000000000, 0.000000000000000000 ) ) ;
#1130 = DIRECTION ( 'NONE',  ( 1.000000000000000000, 0.000000000000000000, 0.000000000000000000 ) ) ;
#1131 = LINE ( 'NONE', #2818, #2295 ) ;
#1132 = CARTESIAN_POINT ( 'NONE',  ( -16.11393738206163562, 7.121320343559641053, 5.845445923120998089 ) ) ;
#1133 = CARTESIAN_POINT ( 'NONE',  ( -1.400000000000005462, 4.199999999999999289, 4.500000000000000000 ) ) ;
#1134 = AXIS2_PLACEMENT_3D ( 'NONE', #840, #1603, #283 ) ;
#1135 = CARTESIAN_POINT ( 'NONE',  ( -25.04256709428786110, 20.62018974103325064, 16.89446376093577840 ) ) ;
#1136 = EDGE_CURVE ( 'NONE', #1143, #1740, #1021, .T. ) ;
#1137 = EDGE_CURVE ( 'NONE', #2805, #2186, #719, .T. ) ;
#1138 = ORIENTED_EDGE ( 'NONE', *, *, #609, .T. ) ;
#1139 = CARTESIAN_POINT ( 'NONE',  ( -28.00000000000001421, 4.199999999999999289, 1.999999999999999112 ) ) ;
#1140 = DIRECTION ( 'NONE',  ( -0.000000000000000000, 1.000000000000000000, -1.376764663473656710E-16 ) ) ;
#1141 = VERTEX_POINT ( 'NONE', #2205 ) ;
#1142 = VECTOR ( 'NONE', #2031, 1000.000000000000000 ) ;
#1143 = VERTEX_POINT ( 'NONE', #1951 ) ;
#1144 = CARTESIAN_POINT ( 'NONE',  ( -24.40000000000001279, 20.78397431775084314, 17.84999999999999787 ) ) ;
#1145 = DIRECTION ( 'NONE',  ( 0.000000000000000000, -1.000000000000000000, 0.000000000000000000 ) ) ;
#1146 = CARTESIAN_POINT ( 'NONE',  ( -4.791294375990018395, 7.121320343559641053, 5.999999999999799272 ) ) ;
#1147 = CARTESIAN_POINT ( 'NONE',  ( -1.469968387776576346, 4.199999999999999289, 0.3429926238145342698 ) ) ;
#1148 = CARTESIAN_POINT ( 'NONE',  ( 0.000000000000000000, 4.199999999999999289, 4.500000000000000000 ) ) ;
#1149 = DIRECTION ( 'NONE',  ( 0.000000000000000000, -1.000000000000000000, 0.000000000000000000 ) ) ;
#1150 = CARTESIAN_POINT ( 'NONE',  ( -12.50000000000020250, -4.199999999999997513, -14.50000000000001066 ) ) ;
#1151 = ORIENTED_EDGE ( 'NONE', *, *, #2841, .F. ) ;
#1152 = LINE ( 'NONE', #468, #1421 ) ;
#1153 = CARTESIAN_POINT ( 'NONE',  ( -17.21095189484531573, 16.79999999999999716, 4.049999999999998934 ) ) ;
#1154 = EDGE_CURVE ( 'NONE', #528, #2028, #2162, .T. ) ;
#1155 = ORIENTED_EDGE ( 'NONE', *, *, #1474, .T. ) ;
#1156 = ORIENTED_EDGE ( 'NONE', *, *, #1412, .F. ) ;
#1157 = DIRECTION ( 'NONE',  ( 0.2272296156064183004, 0.000000000000000000, 0.9738412097417932234 ) ) ;
#1158 = EDGE_CURVE ( 'NONE', #2133, #446, #2018, .T. ) ;
#1159 = DIRECTION ( 'NONE',  ( 0.000000000000000000, 0.000000000000000000, -1.000000000000000000 ) ) ;
#1160 = EDGE_LOOP ( 'NONE', ( #3025, #2827, #816, #2965 ) ) ;
#1161 = DIRECTION ( 'NONE',  ( 0.000000000000000000, 1.000000000000000000, -7.477256361968996479E-17 ) ) ;
#1162 = AXIS2_PLACEMENT_3D ( 'NONE', #554, #566, #2775 ) ;
#1163 = AXIS2_PLACEMENT_3D ( 'NONE', #1749, #2196, #1270 ) ;
#1164 = CYLINDRICAL_SURFACE ( 'NONE', #359, 0.1999999999999996503 ) ;
#1165 = LINE ( 'NONE', #1104, #2647 ) ;
#1166 = AXIS2_PLACEMENT_3D ( 'NONE', #632, #1371, #1205 ) ;
#1167 = CARTESIAN_POINT ( 'NONE',  ( -26.13339277286254969, 19.84225157663800587, 8.744722609790665402 ) ) ;
#1168 = ORIENTED_EDGE ( 'NONE', *, *, #3130, .T. ) ;
#1169 = VECTOR ( 'NONE', #1620, 1000.000000000000000 ) ;
#1170 = FACE_OUTER_BOUND ( 'NONE', #2855, .T. ) ;
#1171 = LINE ( 'NONE', #2130, #1995 ) ;
#1172 = ORIENTED_EDGE ( 'NONE', *, *, #2875, .F. ) ;
#1173 = EDGE_LOOP ( 'NONE', ( #1351, #2954, #79, #2281 ) ) ;
#1174 = FACE_OUTER_BOUND ( 'NONE', #1160, .T. ) ;
#1175 = CARTESIAN_POINT ( 'NONE',  ( -6.022128556375095698, 7.121320343559641053, 1.405163329820855012 ) ) ;
#1176 = ADVANCED_FACE ( 'NONE', ( #2240 ), #2751, .F. ) ;
#1177 = EDGE_LOOP ( 'NONE', ( #2648, #2657, #717, #861 ) ) ;
#1178 = EDGE_CURVE ( 'NONE', #2627, #224, #1182, .T. ) ;
#1179 = CARTESIAN_POINT ( 'NONE',  ( -24.45338347058131490, 16.39865214610346555, 17.79578645091298483 ) ) ;
#1180 = LINE ( 'NONE', #2667, #1707 ) ;
#1181 = PLANE ( 'NONE',  #588 ) ;
#1182 = CIRCLE ( 'NONE', #2719, 5.000000000000000888 ) ;
#1183 = CARTESIAN_POINT ( 'NONE',  ( -6.708705624009998481, 7.121320343559641053, 5.799999999999783107 ) ) ;
#1184 = ORIENTED_EDGE ( 'NONE', *, *, #520, .F. ) ;
#1185 = AXIS2_PLACEMENT_3D ( 'NONE', #786, #2574, #2270 ) ;
#1186 = CYLINDRICAL_SURFACE ( 'NONE', #2188, 5.000000000000000000 ) ;
#1187 = CARTESIAN_POINT ( 'NONE',  ( -0.4999999999999681366, -4.200000000000001066, 4.500000000000000888 ) ) ;
#1188 = ORIENTED_EDGE ( 'NONE', *, *, #1083, .T. ) ;
#1189 = VERTEX_POINT ( 'NONE', #477 ) ;
#1190 = CARTESIAN_POINT ( 'NONE',  ( -16.30870562400999546, -4.200000000000000178, 5.999999999999715783 ) ) ;
#1191 = DIRECTION ( 'NONE',  ( 0.000000000000000000, 1.000000000000000000, 0.000000000000000000 ) ) ;
#1192 = VECTOR ( 'NONE', #449, 1000.000000000000000 ) ;
#1193 = CARTESIAN_POINT ( 'NONE',  ( -25.98469703789627516, 17.27419794012501697, 14.89487946602353396 ) ) ;
#1194 = DIRECTION ( 'NONE',  ( 0.000000000000000000, 0.000000000000000000, -1.000000000000000000 ) ) ;
#1195 = EDGE_CURVE ( 'NONE', #2034, #2786, #1086, .T. ) ;
#1196 = ADVANCED_FACE ( 'NONE', ( #2003 ), #2495, .T. ) ;
#1197 = CARTESIAN_POINT ( 'NONE',  ( -16.00000000000001421, 15.79999999999999893, 11.54999999999999716 ) ) ;
#1198 = EDGE_CURVE ( 'NONE', #2312, #278, #2975, .T. ) ;
#1199 = EDGE_LOOP ( 'NONE', ( #569, #697, #2518, #1156 ) ) ;
#1200 = CARTESIAN_POINT ( 'NONE',  ( -23.00000000000001421, 4.199999999999999289, 4.500000000000000000 ) ) ;
#1201 = DIRECTION ( 'NONE',  ( 0.000000000000000000, -1.000000000000000000, 0.000000000000000000 ) ) ;
#1202 = ORIENTED_EDGE ( 'NONE', *, *, #718, .F. ) ;
#1203 = VERTEX_POINT ( 'NONE', #495 ) ;
#1204 = DIRECTION ( 'NONE',  ( -1.000000000000000000, 0.000000000000000000, 2.396026900519789297E-16 ) ) ;
#1205 = DIRECTION ( 'NONE',  ( -1.000000000000000000, 0.000000000000000000, -0.000000000000000000 ) ) ;
#1206 = DIRECTION ( 'NONE',  ( 1.000000000000000000, -0.000000000000000000, 0.000000000000000000 ) ) ;
#1207 = ORIENTED_EDGE ( 'NONE', *, *, #2218, .F. ) ;
#1208 = CARTESIAN_POINT ( 'NONE',  ( -25.00168539788284150, 20.63686955715641957, 16.96316981944165647 ) ) ;
#1209 = DIRECTION ( 'NONE',  ( -1.000000000000000000, 0.000000000000000000, -0.000000000000000000 ) ) ;
#1210 = ADVANCED_FACE ( 'NONE', ( #1470 ), #1280, .F. ) ;
#1211 = AXIS2_PLACEMENT_3D ( 'NONE', #2997, #1550, #1785 ) ;
#1212 = DIRECTION ( 'NONE',  ( -1.000000000000000000, 0.000000000000000000, 0.000000000000000000 ) ) ;
#1213 = CARTESIAN_POINT ( 'NONE',  ( -27.99999999999971934, 15.80000000000014637, 5.029509215117504262 ) ) ;
#1214 = CIRCLE ( 'NONE', #1532, 9.500000000000614619 ) ;
#1215 = VERTEX_POINT ( 'NONE', #546 ) ;
#1216 = EDGE_CURVE ( 'NONE', #1125, #794, #339, .T. ) ;
#1217 = EDGE_CURVE ( 'NONE', #2916, #1141, #304, .T. ) ;
#1218 = CYLINDRICAL_SURFACE ( 'NONE', #1163, 0.1999999999999996503 ) ;
#1219 = AXIS2_PLACEMENT_3D ( 'NONE', #1890, #1648, #415 ) ;
#1220 = CARTESIAN_POINT ( 'NONE',  ( 0.000000000000000000, 0.000000000000000000, 0.000000000000000000 ) ) ;
#1221 = AXIS2_PLACEMENT_3D ( 'NONE', #1684, #2900, #1380 ) ;
#1222 = ORIENTED_EDGE ( 'NONE', *, *, #2978, .F. ) ;
#1223 = ORIENTED_EDGE ( 'NONE', *, *, #561, .F. ) ;
#1224 = CARTESIAN_POINT ( 'NONE',  ( 3.999999999999991562, -4.200000000000000178, 2.000000000000000000 ) ) ;
#1225 = DIRECTION ( 'NONE',  ( 0.000000000000000000, -1.000000000000000000, 0.000000000000000000 ) ) ;
#1226 = PLANE ( 'NONE',  #3135 ) ;
#1227 = ORIENTED_EDGE ( 'NONE', *, *, #712, .F. ) ;
#1228 = VERTEX_POINT ( 'NONE', #2794 ) ;
#1229 = DIRECTION ( 'NONE',  ( -0.2272296156064183004, 2.111681510515927313E-16, -0.9738412097417932234 ) ) ;
#1230 = CARTESIAN_POINT ( 'NONE',  ( 1.999999999999991340, 6.999999999999999112, 0.000000000000000000 ) ) ;
#1231 = VECTOR ( 'NONE', #2864, 1000.000000000000000 ) ;
#1232 = CYLINDRICAL_SURFACE ( 'NONE', #1833, 0.1999999999999996503 ) ;
#1233 = CARTESIAN_POINT ( 'NONE',  ( -25.14172285716317035, 20.57583691127544512, 6.377072272618531379 ) ) ;
#1234 = VECTOR ( 'NONE', #49, 1000.000000000000000 ) ;
#1235 = VERTEX_POINT ( 'NONE', #80 ) ;
#1236 = PLANE ( 'NONE',  #2803 ) ;
#1237 = DATE_AND_TIME ( #2454, #1022 ) ;
#1238 = EDGE_CURVE ( 'NONE', #2294, #2028, #2030, .T. ) ;
#1239 = EDGE_CURVE ( 'NONE', #510, #2231, #1334, .T. ) ;
#1240 = ORIENTED_EDGE ( 'NONE', *, *, #287, .F. ) ;
#1241 = VERTEX_POINT ( 'NONE', #1611 ) ;
#1242 = DIRECTION ( 'NONE',  ( -0.000000000000000000, 1.239088197126291063E-16, -1.000000000000000000 ) ) ;
#1243 = LINE ( 'NONE', #232, #1839 ) ;
#1244 = CARTESIAN_POINT ( 'NONE',  ( -16.79129437599001662, 7.121320343559641053, 5.999999999999715783 ) ) ;
#1245 = DESIGN_CONTEXT ( 'detailed design', #1043, 'design' ) ;
#1246 = ORIENTED_EDGE ( 'NONE', *, *, #520, .T. ) ;
#1247 = EDGE_LOOP ( 'NONE', ( #1596, #2989, #2550, #2355, #104, #2098, #200, #1909, #536, #1272, #2179, #2103, #2180, #1529, #2988, #395, #1090, #2740, #553, #1385, #1835, #710, #3058, #2344, #2228, #2213, #1530, #2837, #1463, #252, #727, #2774, #3072, #2982, #911, #346, #879, #883, #967, #1091, #1763, #910, #1254, #2777, #2590, #2744, #1982, #1580, #1050, #1959, #3107, #1693, #427, #606, #930, #296, #2931, #698, #2416, #11, #2688, #1483, #1618, #565, #1507, #2716, #1223, #1524, #2119, #1851, #1469 ) ) ;
#1248 = DIRECTION ( 'NONE',  ( 0.000000000000000000, 1.000000000000000000, -1.376764663473656710E-16 ) ) ;
#1249 = CYLINDRICAL_SURFACE ( 'NONE', #1453, 0.1999999999999996503 ) ;
#1250 = VECTOR ( 'NONE', #1759, 1000.000000000000000 ) ;
#1251 = VECTOR ( 'NONE', #459, 1000.000000000000000 ) ;
#1252 = DIRECTION ( 'NONE',  ( 0.2272296156064183004, 2.111681510515927313E-16, -0.9738412097417932234 ) ) ;
#1253 = CARTESIAN_POINT ( 'NONE',  ( -26.50020495028004675, 19.37041766108765373, 11.26667114789433199 ) ) ;
#1254 = ORIENTED_EDGE ( 'NONE', *, *, #1195, .F. ) ;
#1255 = FACE_OUTER_BOUND ( 'NONE', #1448, .T. ) ;
#1256 = PERSON_AND_ORGANIZATION ( #653, #86 ) ;
#1257 = ORIENTED_EDGE ( 'NONE', *, *, #2452, .F. ) ;
#1258 = ORIENTED_EDGE ( 'NONE', *, *, #712, .T. ) ;
#1259 = ADVANCED_FACE ( 'NONE', ( #1113 ), #1852, .F. ) ;
#1260 = DIRECTION ( 'NONE',  ( -1.000000000000000000, 0.000000000000000000, 0.000000000000000000 ) ) ;
#1261 = CARTESIAN_POINT ( 'NONE',  ( 0.000000000000000000, -4.200000000000001066, 4.500000000000000000 ) ) ;
#1262 = CARTESIAN_POINT ( 'NONE',  ( 0.000000000000000000, -4.200000000000000178, 5.999999999999682032 ) ) ;
#1263 = ORIENTED_EDGE ( 'NONE', *, *, #1335, .T. ) ;
#1264 = EDGE_CURVE ( 'NONE', #925, #708, #2815, .T. ) ;
#1265 = DIRECTION ( 'NONE',  ( 0.000000000000000000, 0.000000000000000000, -1.000000000000000000 ) ) ;
#1266 = DIRECTION ( 'NONE',  ( -0.2272296156064183004, 0.000000000000000000, 0.9738412097417932234 ) ) ;
#1267 = DIRECTION ( 'NONE',  ( -0.2272296156064183004, 0.000000000000000000, 0.9738412097417932234 ) ) ;
#1268 = CARTESIAN_POINT ( 'NONE',  ( -28.00000000000001421, 15.79999999999999893, 6.190936559867908251 ) ) ;
#1269 = VECTOR ( 'NONE', #842, 1000.000000000000000 ) ;
#1270 = DIRECTION ( 'NONE',  ( 0.000000000000000000, 0.000000000000000000, -1.000000000000000000 ) ) ;
#1271 = DIRECTION ( 'NONE',  ( 0.000000000000000000, 0.000000000000000000, 1.000000000000000000 ) ) ;
#1272 = ORIENTED_EDGE ( 'NONE', *, *, #1434, .T. ) ;
#1273 = VECTOR ( 'NONE', #1441, 1000.000000000000000 ) ;
#1274 = ORIENTED_EDGE ( 'NONE', *, *, #130, .F. ) ;
#1275 = CARTESIAN_POINT ( 'NONE',  ( -21.10870562400999617, 7.121320343559641053, 5.799999999999681854 ) ) ;
#1276 = DIRECTION ( 'NONE',  ( 1.000000000000000000, -0.000000000000000000, 0.000000000000000000 ) ) ;
#1277 = LINE ( 'NONE', #1262, #2928 ) ;
#1278 = EDGE_LOOP ( 'NONE', ( #1302, #2401, #1128, #2523 ) ) ;
#1279 = ORIENTED_EDGE ( 'NONE', *, *, #2941, .T. ) ;
#1280 = PLANE ( 'NONE',  #2876 ) ;
#1281 = CARTESIAN_POINT ( 'NONE',  ( 3.999999999999991562, -4.200000000000001066, 9.000000000000000000 ) ) ;
#1282 = EDGE_CURVE ( 'NONE', #2612, #3017, #1582, .T. ) ;
#1283 = EDGE_CURVE ( 'NONE', #1080, #1567, #1686, .T. ) ;
#1284 = CARTESIAN_POINT ( 'NONE',  ( -16.30870562400999546, 4.199999999999999289, 5.799999999999715605 ) ) ;
#1285 = DIRECTION ( 'NONE',  ( 1.000000000000000000, 0.000000000000000000, -0.000000000000000000 ) ) ;
#1286 = DIRECTION ( 'NONE',  ( -0.9738412097417933344, 0.000000000000000000, -0.2272296156064183281 ) ) ;
#1287 = VERTEX_POINT ( 'NONE', #362 ) ;
#1288 = ORIENTED_EDGE ( 'NONE', *, *, #1239, .F. ) ;
#1289 = CARTESIAN_POINT ( 'NONE',  ( -17.30000000000000782, 7.121320343559641053, 4.500000000000000000 ) ) ;
#1290 = FACE_OUTER_BOUND ( 'NONE', #978, .T. ) ;
#1291 = FACE_OUTER_BOUND ( 'NONE', #537, .T. ) ;
#1292 = ORIENTED_EDGE ( 'NONE', *, *, #344, .T. ) ;
#1293 = ORIENTED_EDGE ( 'NONE', *, *, #2299, .T. ) ;
#1294 = CARTESIAN_POINT ( 'NONE',  ( -18.54056902002114882, -4.199999999999999289, -4.326132771338268235 ) ) ;
#1295 = CARTESIAN_POINT ( 'NONE',  ( -23.00000000000001421, 4.199999999999999289, 4.500000000000000888 ) ) ;
#1296 = EDGE_CURVE ( 'NONE', #533, #74, #125, .T. ) ;
#1297 = CARTESIAN_POINT ( 'NONE',  ( 1.999999999999991340, 0.000000000000000000, 0.000000000000000000 ) ) ;
#1298 = VECTOR ( 'NONE', #2381, 1000.000000000000000 ) ;
#1299 = ADVANCED_FACE ( 'NONE', ( #3003 ), #614, .F. ) ;
#1300 = CARTESIAN_POINT ( 'NONE',  ( -7.160168598524821348, 7.121320343559641053, -1.670706006322457693 ) ) ;
#1301 = ORIENTED_EDGE ( 'NONE', *, *, #3038, .T. ) ;
#1302 = ORIENTED_EDGE ( 'NONE', *, *, #629, .F. ) ;
#1303 = FACE_OUTER_BOUND ( 'NONE', #690, .T. ) ;
#1304 = CARTESIAN_POINT ( 'NONE',  ( -28.00000000000001421, 15.79999999999999893, 5.249999999999999112 ) ) ;
#1305 = ORIENTED_EDGE ( 'NONE', *, *, #1264, .T. ) ;
#1306 = ORIENTED_EDGE ( 'NONE', *, *, #2841, .T. ) ;
#1307 = CARTESIAN_POINT ( 'NONE',  ( 0.000000000000000000, -4.200000000000001066, 4.500000000000000000 ) ) ;
#1308 = CARTESIAN_POINT ( 'NONE',  ( -9.108705624009997948, -4.200000000000000178, 5.999999999999764633 ) ) ;
#1309 = CARTESIAN_POINT ( 'NONE',  ( -10.57428872497361105, 4.199999999999999289, 2.467334035827174699 ) ) ;
#1310 = CC_DESIGN_PERSON_AND_ORGANIZATION_ASSIGNMENT ( #1256, #2418, ( #2650 ) ) ;
#1311 = CARTESIAN_POINT ( 'NONE',  ( -11.31393738206163846, -4.200000000000000178, 5.845445923121030063 ) ) ;
#1312 = EDGE_CURVE ( 'NONE', #1972, #170, #2768, .T. ) ;
#1313 = EDGE_CURVE ( 'NONE', #1141, #2559, #2524, .T. ) ;
#1314 = ORIENTED_EDGE ( 'NONE', *, *, #1100, .T. ) ;
#1315 = CARTESIAN_POINT ( 'NONE',  ( -7.699999999999956657, -4.200000000000001066, 4.500000000000000888 ) ) ;
#1316 = VECTOR ( 'NONE', #1897, 1000.000000000000000 ) ;
#1317 = CARTESIAN_POINT ( 'NONE',  ( -25.85595620355958246, 17.39542652258928968, 5.250000000000000888 ) ) ;
#1318 = VECTOR ( 'NONE', #1667, 1000.000000000000000 ) ;
#1319 = ORIENTED_EDGE ( 'NONE', *, *, #2765, .F. ) ;
#1320 = ORIENTED_EDGE ( 'NONE', *, *, #1986, .F. ) ;
#1321 = DIRECTION ( 'NONE',  ( 0.000000000000000000, -1.000000000000000000, 0.000000000000000000 ) ) ;
#1322 = VECTOR ( 'NONE', #450, 1000.000000000000000 ) ;
#1323 = LINE ( 'NONE', #1295, #1 ) ;
#1324 = FACE_OUTER_BOUND ( 'NONE', #2282, .T. ) ;
#1325 = DIRECTION ( 'NONE',  ( 0.000000000000000000, 0.000000000000000000, 1.000000000000000000 ) ) ;
#1326 = CARTESIAN_POINT ( 'NONE',  ( -27.82842712474620583, -7.000000000000000888, -1.224646799147353207E-16 ) ) ;
#1327 = ORIENTED_EDGE ( 'NONE', *, *, #1313, .T. ) ;
#1328 = DIRECTION ( 'NONE',  ( -0.2272296156064183004, 0.000000000000000000, 0.9738412097417932234 ) ) ;
#1329 = CARTESIAN_POINT ( 'NONE',  ( -24.91059527989647293, 18.69385653785719370, 5.249999999999998224 ) ) ;
#1330 = EDGE_CURVE ( 'NONE', #3168, #392, #2779, .T. ) ;
#1331 = EDGE_CURVE ( 'NONE', #521, #2395, #1472, .T. ) ;
#1332 = ORIENTED_EDGE ( 'NONE', *, *, #1571, .F. ) ;
#1333 = VERTEX_POINT ( 'NONE', #2287 ) ;
#1334 = LINE ( 'NONE', #583, #966 ) ;
#1335 = EDGE_CURVE ( 'NONE', #368, #3178, #347, .T. ) ;
#1336 = CARTESIAN_POINT ( 'NONE',  ( -12.50000000000000711, 7.121320343559641053, 4.500000000000000000 ) ) ;
#1337 = AXIS2_PLACEMENT_3D ( 'NONE', #525, #2821, #301 ) ;
#1338 = DIRECTION ( 'NONE',  ( 0.000000000000000000, -1.000000000000000000, 0.000000000000000000 ) ) ;
#1339 = CARTESIAN_POINT ( 'NONE',  ( -23.00000000000001421, -4.200000000000001066, 17.84999999999999787 ) ) ;
#1340 = AXIS2_PLACEMENT_3D ( 'NONE', #2541, #2515, #1325 ) ;
#1341 = PLANE ( 'NONE',  #2956 ) ;
#1342 = CARTESIAN_POINT ( 'NONE',  ( 0.8061116965226816644, 4.199999999999999289, -0.1880927291886256292 ) ) ;
#1343 = AXIS2_PLACEMENT_3D ( 'NONE', #2317, #897, #2842 ) ;
#1344 = ORIENTED_EDGE ( 'NONE', *, *, #2075, .T. ) ;
#1345 = EDGE_LOOP ( 'NONE', ( #1292, #258, #2168, #110 ) ) ;
#1346 = LINE ( 'NONE', #3042, #2953 ) ;
#1347 = VECTOR ( 'NONE', #216, 1000.000000000000000 ) ;
#1348 = CARTESIAN_POINT ( 'NONE',  ( -21.59129437599001378, -4.200000000000000178, 5.999999999999682032 ) ) ;
#1349 = EDGE_CURVE ( 'NONE', #1828, #2421, #1554, .T. ) ;
#1350 = VERTEX_POINT ( 'NONE', #1051 ) ;
#1351 = ORIENTED_EDGE ( 'NONE', *, *, #220, .T. ) ;
#1352 = DIRECTION ( 'NONE',  ( 1.000000000000000000, -0.000000000000000000, 0.000000000000000000 ) ) ;
#1353 = DIRECTION ( 'NONE',  ( -0.9738412097417933344, 0.000000000000000000, -0.2272296156064183281 ) ) ;
#1354 = EDGE_CURVE ( 'NONE', #2002, #977, #1674, .T. ) ;
#1355 = DIRECTION ( 'NONE',  ( -0.2272296156064183004, 2.111681510515927313E-16, -0.9738412097417932234 ) ) ;
#1356 = DIRECTION ( 'NONE',  ( -0.000000000000000000, -1.000000000000000000, -2.168404344971008128E-16 ) ) ;
#1357 = DIRECTION ( 'NONE',  ( 0.2272296156064183004, 0.000000000000000000, 0.9738412097417932234 ) ) ;
#1358 = CARTESIAN_POINT ( 'NONE',  ( -17.40252897787138409, 4.199999999999999289, 4.060590094836654451 ) ) ;
#1359 = ORIENTED_EDGE ( 'NONE', *, *, #2978, .T. ) ;
#1360 = ORIENTED_EDGE ( 'NONE', *, *, #1539, .T. ) ;
#1361 = DIRECTION ( 'NONE',  ( -0.000000000000000000, 1.239088197126291063E-16, -1.000000000000000000 ) ) ;
#1362 = CARTESIAN_POINT ( 'NONE',  ( 0.000000000000000000, 4.199999999999999289, 4.500000000000000000 ) ) ;
#1363 = VERTEX_POINT ( 'NONE', #1066 ) ;
#1364 = CIRCLE ( 'NONE', #796, 10.49999999999999645 ) ;
#1365 = ORIENTED_EDGE ( 'NONE', *, *, #2723, .F. ) ;
#1366 = CARTESIAN_POINT ( 'NONE',  ( -22.16441400296898578, 28.90000000000000213, 20.04999999999999361 ) ) ;
#1367 = DIRECTION ( 'NONE',  ( 0.000000000000000000, -1.000000000000000000, 0.000000000000000000 ) ) ;
#1368 = VECTOR ( 'NONE', #691, 1000.000000000000000 ) ;
#1369 = ORIENTED_EDGE ( 'NONE', *, *, #1728, .F. ) ;
#1370 = AXIS2_PLACEMENT_3D ( 'NONE', #1197, #1988, #1005 ) ;
#1371 = DIRECTION ( 'NONE',  ( 0.000000000000000000, 0.000000000000000000, -1.000000000000000000 ) ) ;
#1372 = EDGE_CURVE ( 'NONE', #2736, #286, #2536, .T. ) ;
#1373 = EDGE_CURVE ( 'NONE', #1514, #455, #2089, .T. ) ;
#1374 = AXIS2_PLACEMENT_3D ( 'NONE', #1536, #2255, #2677 ) ;
#1375 = CARTESIAN_POINT ( 'NONE',  ( -17.21095189484531218, 16.80000000000000071, 19.04999999999999361 ) ) ;
#1376 = FACE_OUTER_BOUND ( 'NONE', #2546, .T. ) ;
#1377 = CARTESIAN_POINT ( 'NONE',  ( -24.73916820814132933, 20.72357606271778252, 17.37737089745154506 ) ) ;
#1378 = ORIENTED_EDGE ( 'NONE', *, *, #1610, .T. ) ;
#1379 = CARTESIAN_POINT ( 'NONE',  ( -10.09999999999995346, -4.200000000000001066, 4.500000000000000888 ) ) ;
#1380 = DIRECTION ( 'NONE',  ( 0.000000000000000000, 0.000000000000000000, 1.000000000000000000 ) ) ;
#1381 = ORIENTED_EDGE ( 'NONE', *, *, #2430, .F. ) ;
#1382 = EDGE_LOOP ( 'NONE', ( #3085, #1656, #1981, #808 ) ) ;
#1383 = CARTESIAN_POINT ( 'NONE',  ( -13.90870562400999688, 4.199999999999999289, 5.799999999999732481 ) ) ;
#1384 = CARTESIAN_POINT ( 'NONE',  ( -11.31393738206163668, 7.121320343559641053, 5.845445923121030063 ) ) ;
#1385 = ORIENTED_EDGE ( 'NONE', *, *, #3020, .T. ) ;
#1386 = CARTESIAN_POINT ( 'NONE',  ( -25.76372628610652882, 20.19053016712222970, 15.45343872799820950 ) ) ;
#1387 = CARTESIAN_POINT ( 'NONE',  ( -6.708705624009998481, -4.200000000000000178, 5.799999999999783107 ) ) ;
#1388 = VECTOR ( 'NONE', #1033, 1000.000000000000000 ) ;
#1389 = EDGE_CURVE ( 'NONE', #2460, #1813, #2303, .T. ) ;
#1390 = CARTESIAN_POINT ( 'NONE',  ( -9.436248682824086131, -4.199999999999999289, -2.201791359325621311 ) ) ;
#1391 = CARTESIAN_POINT ( 'NONE',  ( -24.50947245181384204, 19.71479369168105222, 17.85000000000000142 ) ) ;
#1392 = CYLINDRICAL_SURFACE ( 'NONE', #46, 0.1999999999999996503 ) ;
#1393 = AXIS2_PLACEMENT_3D ( 'NONE', #2335, #3082, #2605 ) ;
#1394 = ORIENTED_EDGE ( 'NONE', *, *, #624, .T. ) ;
#1395 = ADVANCED_FACE ( 'NONE', ( #2121 ), #2169, .T. ) ;
#1396 = ORIENTED_EDGE ( 'NONE', *, *, #422, .T. ) ;
#1397 = DIRECTION ( 'NONE',  ( 0.000000000000000000, 0.000000000000000000, -1.000000000000000000 ) ) ;
#1398 = CARTESIAN_POINT ( 'NONE',  ( 3.999999999999991562, 0.000000000000000000, 0.000000000000000000 ) ) ;
#1399 = CIRCLE ( 'NONE', #2020, 0.1999999999999996503 ) ;
#1400 = EDGE_LOOP ( 'NONE', ( #2838, #962, #212, #2724 ) ) ;
#1401 = AXIS2_PLACEMENT_3D ( 'NONE', #132, #2845, #901 ) ;
#1402 = VERTEX_POINT ( 'NONE', #2628 ) ;
#1403 = LINE ( 'NONE', #1689, #1316 ) ;
#1404 = DIRECTION ( 'NONE',  ( 0.000000000000000000, 0.000000000000000000, 1.000000000000000000 ) ) ;
#1405 = CARTESIAN_POINT ( 'NONE',  ( -24.52488917412921765, 20.77243391260127225, 17.68669593080146285 ) ) ;
#1406 = DIRECTION ( 'NONE',  ( -1.000000000000000000, 0.000000000000000000, 0.000000000000000000 ) ) ;
#1407 = FACE_OUTER_BOUND ( 'NONE', #1177, .T. ) ;
#1408 = EDGE_CURVE ( 'NONE', #2627, #2467, #2406, .T. ) ;
#1409 = VERTEX_POINT ( 'NONE', #647 ) ;
#1410 = CYLINDRICAL_SURFACE ( 'NONE', #333, 0.1999999999999996503 ) ;
#1411 = DIRECTION ( 'NONE',  ( 0.000000000000000000, -1.000000000000000000, 0.000000000000000000 ) ) ;
#1412 = EDGE_CURVE ( 'NONE', #3094, #2379, #425, .T. ) ;
#1413 = EDGE_CURVE ( 'NONE', #1533, #533, #2080, .T. ) ;
#1414 = ORIENTED_EDGE ( 'NONE', *, *, #222, .F. ) ;
#1415 = ORIENTED_EDGE ( 'NONE', *, *, #594, .T. ) ;
#1416 = CARTESIAN_POINT ( 'NONE',  ( 3.999999999999991562, -4.200000000000000178, 2.000000000000000000 ) ) ;
#1417 = FACE_OUTER_BOUND ( 'NONE', #1923, .T. ) ;
#1418 = VECTOR ( 'NONE', #2283, 1000.000000000000000 ) ;
#1419 = EDGE_LOOP ( 'NONE', ( #3108, #2534, #941, #1860 ) ) ;
#1420 = CARTESIAN_POINT ( 'NONE',  ( -28.00000000000001421, 15.79999999999999893, 14.91740891661021173 ) ) ;
#1421 = VECTOR ( 'NONE', #259, 1000.000000000000000 ) ;
#1422 = VECTOR ( 'NONE', #1531, 1000.000000000000000 ) ;
#1423 = DIRECTION ( 'NONE',  ( 1.000000000000000000, 0.000000000000000000, -9.584107602079149300E-16 ) ) ;
#1424 = VECTOR ( 'NONE', #1512, 1000.000000000000000 ) ;
#1425 = CARTESIAN_POINT ( 'NONE',  ( -1.908705624009996660, -4.200000000000000178, 5.799999999999815969 ) ) ;
#1426 = VERTEX_POINT ( 'NONE', #1190 ) ;
#1427 = VECTOR ( 'NONE', #785, 1000.000000000000000 ) ;
#1428 = CARTESIAN_POINT ( 'NONE',  ( -23.00000000000001421, -4.200000000000001066, 17.84999999999999787 ) ) ;
#1429 = LINE ( 'NONE', #152, #2857 ) ;
#1430 = EDGE_LOOP ( 'NONE', ( #2503, #1682, #2271, #1378 ) ) ;
#1431 = ORIENTED_EDGE ( 'NONE', *, *, #502, .T. ) ;
#1432 = EDGE_CURVE ( 'NONE', #922, #1956, #943, .T. ) ;
#1433 = CARTESIAN_POINT ( 'NONE',  ( -18.00000000000001421, 10.79999999999999893, 17.84999999999999787 ) ) ;
#1434 = EDGE_CURVE ( 'NONE', #1228, #2029, #2889, .T. ) ;
#1435 = CARTESIAN_POINT ( 'NONE',  ( -13.90870562400999688, 7.121320343559641053, 5.999999999999731770 ) ) ;
#1436 = EDGE_LOOP ( 'NONE', ( #955, #1751, #1035, #3122 ) ) ;
#1437 = EDGE_CURVE ( 'NONE', #1781, #954, #1473, .T. ) ;
#1438 = DIRECTION ( 'NONE',  ( -0.2272296156064183004, 0.000000000000000000, 0.9738412097417932234 ) ) ;
#1439 = VECTOR ( 'NONE', #2383, 1000.000000000000000 ) ;
#1440 = CYLINDRICAL_SURFACE ( 'NONE', #1560, 0.1999999999999996503 ) ;
#1441 = DIRECTION ( 'NONE',  ( 0.2272296156064183004, 2.111681510515927313E-16, -0.9738412097417932234 ) ) ;
#1442 = CARTESIAN_POINT ( 'NONE',  ( 1.899999999999991918, 7.121320343559641053, 4.500000000000000000 ) ) ;
#1443 = ORIENTED_EDGE ( 'NONE', *, *, #2293, .F. ) ;
#1444 = AXIS2_PLACEMENT_3D ( 'NONE', #1964, #1692, #2663 ) ;
#1445 = CARTESIAN_POINT ( 'NONE',  ( -12.49999999999994671, 4.199999999999999289, 4.500000000000000000 ) ) ;
#1446 = LINE ( 'NONE', #1153, #444 ) ;
#1447 = ORIENTED_EDGE ( 'NONE', *, *, #1500, .T. ) ;
#1448 = EDGE_LOOP ( 'NONE', ( #228, #2706, #846, #1049 ) ) ;
#1449 = DIRECTION ( 'NONE',  ( -1.000000000000000000, -0.000000000000000000, -0.000000000000000000 ) ) ;
#1450 = CARTESIAN_POINT ( 'NONE',  ( 0.008705624009983786715, 7.121320343559641053, 5.799999999999832845 ) ) ;
#1451 = DIRECTION ( 'NONE',  ( 0.000000000000000000, -1.000000000000000000, 0.000000000000000000 ) ) ;
#1452 = EDGE_CURVE ( 'NONE', #1333, #626, #1866, .T. ) ;
#1453 = AXIS2_PLACEMENT_3D ( 'NONE', #685, #205, #3146 ) ;
#1454 = VERTEX_POINT ( 'NONE', #681 ) ;
#1455 = CARTESIAN_POINT ( 'NONE',  ( -28.00000000000006395, 15.79999999999999538, 20.60899704361103346 ) ) ;
#1456 = DIRECTION ( 'NONE',  ( -0.000000000000000000, 1.000000000000000000, -0.000000000000000000 ) ) ;
#1457 = EDGE_CURVE ( 'NONE', #3079, #345, #1672, .T. ) ;
#1458 = CARTESIAN_POINT ( 'NONE',  ( -4.986062617938377350, 7.121320343559641053, 5.845445923121080689 ) ) ;
#1459 = CARTESIAN_POINT ( 'NONE',  ( -28.00000000000003197, 15.79999999999998117, 10.70407385792174715 ) ) ;
#1460 = ORIENTED_EDGE ( 'NONE', *, *, #1496, .F. ) ;
#1461 = CARTESIAN_POINT ( 'NONE',  ( -17.21095189484531218, 28.89999999999999858, 19.04999999999999361 ) ) ;
#1462 = DIRECTION ( 'NONE',  ( 1.000000000000000000, 0.000000000000000000, 0.000000000000000000 ) ) ;
#1463 = ORIENTED_EDGE ( 'NONE', *, *, #91, .F. ) ;
#1464 = ORIENTED_EDGE ( 'NONE', *, *, #1282, .F. ) ;
#1465 = PLANE ( 'NONE',  #2132 ) ;
#1466 = CARTESIAN_POINT ( 'NONE',  ( -9.786062617938375396, 4.199999999999999289, 5.845445923121047826 ) ) ;
#1467 = FACE_OUTER_BOUND ( 'NONE', #1419, .T. ) ;
#1468 = ORIENTED_EDGE ( 'NONE', *, *, #3048, .T. ) ;
#1469 = ORIENTED_EDGE ( 'NONE', *, *, #2941, .F. ) ;
#1470 = FACE_OUTER_BOUND ( 'NONE', #1096, .T. ) ;
#1471 = DIRECTION ( 'NONE',  ( 0.000000000000000000, -1.000000000000000000, 0.000000000000000000 ) ) ;
#1472 = CIRCLE ( 'NONE', #1877, 0.1999999999999996503 ) ;
#1473 = CIRCLE ( 'NONE', #1987, 0.1999999999999996503 ) ;
#1474 = EDGE_CURVE ( 'NONE', #1203, #3079, #1641, .T. ) ;
#1475 = PLANE ( 'NONE',  #2499 ) ;
#1476 = ADVANCED_FACE ( 'NONE', ( #1174 ), #2906, .F. ) ;
#1477 = CARTESIAN_POINT ( 'NONE',  ( -26.44084792407631923, 19.45458021755561617, 10.40001123368359437 ) ) ;
#1478 = VECTOR ( 'NONE', #779, 1000.000000000000000 ) ;
#1479 = ORIENTED_EDGE ( 'NONE', *, *, #167, .F. ) ;
#1480 = CARTESIAN_POINT ( 'NONE',  ( -7.191294375990017862, 4.199999999999999289, 6.000000000000000000 ) ) ;
#1481 = APPROVAL_STATUS ( 'not_yet_approved' ) ;
#1482 = AXIS2_PLACEMENT_3D ( 'NONE', #2951, #1225, #1519 ) ;
#1483 = ORIENTED_EDGE ( 'NONE', *, *, #1669, .T. ) ;
#1484 = VERTEX_POINT ( 'NONE', #3109 ) ;
#1485 = DIRECTION ( 'NONE',  ( 0.000000000000000000, 1.000000000000000000, -1.376764663473656710E-16 ) ) ;
#1486 = LINE ( 'NONE', #1769, #2807 ) ;
#1487 = CC_DESIGN_APPROVAL ( #1743, ( #644 ) ) ;
#1488 = DIRECTION ( 'NONE',  ( 0.000000000000000000, 0.000000000000000000, -1.000000000000000000 ) ) ;
#1489 = ORIENTED_EDGE ( 'NONE', *, *, #834, .F. ) ;
#1490 = CARTESIAN_POINT ( 'NONE',  ( -28.00000000000001421, 6.999999999999999112, 2.000000000000000000 ) ) ;
#1491 = PLANE ( 'NONE',  #1089 ) ;
#1492 = CIRCLE ( 'NONE', #1848, 0.1999999999999996503 ) ;
#1493 = DIRECTION ( 'NONE',  ( 0.000000000000000000, 0.000000000000000000, -1.000000000000000000 ) ) ;
#1494 = DIRECTION ( 'NONE',  ( 0.000000000000000000, 0.000000000000000000, -1.000000000000000000 ) ) ;
#1495 = CARTESIAN_POINT ( 'NONE',  ( -25.98797202724985667, 17.27465015979096563, 8.214764319078380339 ) ) ;
#1496 = EDGE_CURVE ( 'NONE', #1972, #1966, #1403, .T. ) ;
#1497 = ORIENTED_EDGE ( 'NONE', *, *, #1457, .T. ) ;
#1498 = FACE_OUTER_BOUND ( 'NONE', #2575, .T. ) ;
#1499 =( LENGTH_UNIT ( ) NAMED_UNIT ( * ) SI_UNIT ( .MILLI., .METRE. ) );
#1500 = EDGE_CURVE ( 'NONE', #1241, #2805, #627, .T. ) ;
#1501 = ORIENTED_EDGE ( 'NONE', *, *, #798, .F. ) ;
#1502 = EDGE_LOOP ( 'NONE', ( #1783, #740, #1381, #2644 ) ) ;
#1503 = CARTESIAN_POINT ( 'NONE',  ( 1.999999999999991340, 6.999999999999999112, 20.04999999999999716 ) ) ;
#1504 = DIRECTION ( 'NONE',  ( -1.000000000000000000, 0.000000000000000000, 0.000000000000000000 ) ) ;
#1505 = CYLINDRICAL_SURFACE ( 'NONE', #660, 9.500000000000616396 ) ;
#1506 = VERTEX_POINT ( 'NONE', #1144 ) ;
#1507 = ORIENTED_EDGE ( 'NONE', *, *, #322, .F. ) ;
#1508 = CARTESIAN_POINT ( 'NONE',  ( 0.000000000000000000, -4.200000000000001066, 4.500000000000000000 ) ) ;
#1509 = DIRECTION ( 'NONE',  ( 0.000000000000000000, 1.000000000000000000, -1.376764663473656710E-16 ) ) ;
#1510 = VECTOR ( 'NONE', #2260, 1000.000000000000000 ) ;
#1511 = VECTOR ( 'NONE', #1206, 1000.000000000000000 ) ;
#1512 = DIRECTION ( 'NONE',  ( 0.000000000000000000, 2.168404344971008128E-16, -1.000000000000000000 ) ) ;
#1513 = CARTESIAN_POINT ( 'NONE',  ( -26.49958207193068915, 19.37131893607950062, 12.13914621281568529 ) ) ;
#1514 = VERTEX_POINT ( 'NONE', #155 ) ;
#1515 = CARTESIAN_POINT ( 'NONE',  ( 3.999999999999991562, 4.199999999999999289, 1.999999999999999112 ) ) ;
#1516 = APPROVAL_DATE_TIME ( #975, #3147 ) ;
#1517 = EDGE_LOOP ( 'NONE', ( #386, #2711, #2778, #1566 ) ) ;
#1518 = LINE ( 'NONE', #1224, #379 ) ;
#1519 = DIRECTION ( 'NONE',  ( 0.000000000000000000, 0.000000000000000000, -1.000000000000000000 ) ) ;
#1520 = ADVANCED_FACE ( 'NONE', ( #3091 ), #2660, .F. ) ;
#1521 = EDGE_CURVE ( 'NONE', #873, #711, #442, .T. ) ;
#1522 = LINE ( 'NONE', #25, #352 ) ;
#1523 = ORIENTED_EDGE ( 'NONE', *, *, #731, .F. ) ;
#1524 = ORIENTED_EDGE ( 'NONE', *, *, #306, .T. ) ;
#1525 = CARTESIAN_POINT ( 'NONE',  ( -9.591294375990017329, 4.199999999999999289, 5.799999999999765343 ) ) ;
#1526 = LINE ( 'NONE', #1281, #1510 ) ;
#1527 = CARTESIAN_POINT ( 'NONE',  ( -28.00000000000001421, 15.79999999999999893, 17.84999999999999787 ) ) ;
#1528 = AXIS2_PLACEMENT_3D ( 'NONE', #827, #2532, #2762 ) ;
#1529 = ORIENTED_EDGE ( 'NONE', *, *, #519, .T. ) ;
#1530 = ORIENTED_EDGE ( 'NONE', *, *, #2623, .T. ) ;
#1531 = DIRECTION ( 'NONE',  ( 0.000000000000000000, -1.000000000000000000, 0.000000000000000000 ) ) ;
#1532 = AXIS2_PLACEMENT_3D ( 'NONE', #907, #2609, #1861 ) ;
#1533 = VERTEX_POINT ( 'NONE', #1657 ) ;
#1534 = ORIENTED_EDGE ( 'NONE', *, *, #3172, .F. ) ;
#1535 = DIRECTION ( 'NONE',  ( 0.000000000000000000, 0.000000000000000000, 1.000000000000000000 ) ) ;
#1536 = CARTESIAN_POINT ( 'NONE',  ( -9.108705624009997948, 4.199999999999999289, 5.799999999999765343 ) ) ;
#1537 = LINE ( 'NONE', #2507, #2521 ) ;
#1538 = VECTOR ( 'NONE', #1077, 1000.000000000000000 ) ;
#1539 = EDGE_CURVE ( 'NONE', #235, #3089, #1007, .T. ) ;
#1540 = ORIENTED_EDGE ( 'NONE', *, *, #2800, .T. ) ;
#1541 = EDGE_CURVE ( 'NONE', #791, #761, #3077, .T. ) ;
#1542 = EDGE_LOOP ( 'NONE', ( #2017, #1489, #3173, #1014 ) ) ;
#1543 = DIRECTION ( 'NONE',  ( 0.000000000000000000, 0.000000000000000000, -1.000000000000000000 ) ) ;
#1544 = LINE ( 'NONE', #833, #612 ) ;
#1545 = EDGE_CURVE ( 'NONE', #2082, #2324, #2422, .T. ) ;
#1546 = DIRECTION ( 'NONE',  ( 0.2272296156064183004, 0.000000000000000000, 0.9738412097417932234 ) ) ;
#1547 = LINE ( 'NONE', #2035, #543 ) ;
#1548 = AXIS2_PLACEMENT_3D ( 'NONE', #3095, #2156, #193 ) ;
#1549 = ORIENTED_EDGE ( 'NONE', *, *, #1765, .F. ) ;
#1550 = DIRECTION ( 'NONE',  ( -0.9738412097417933344, 0.000000000000000000, -0.2272296156064183281 ) ) ;
#1551 = DIRECTION ( 'NONE',  ( 0.000000000000000000, -1.000000000000000000, 0.000000000000000000 ) ) ;
#1552 = ORIENTED_EDGE ( 'NONE', *, *, #1790, .F. ) ;
#1553 = ORIENTED_EDGE ( 'NONE', *, *, #322, .T. ) ;
#1554 = LINE ( 'NONE', #66, #2290 ) ;
#1555 = DIRECTION ( 'NONE',  ( 0.000000000000000000, -1.000000000000000000, 0.000000000000000000 ) ) ;
#1556 = AXIS2_PLACEMENT_3D ( 'NONE', #2804, #1589, #2557 ) ;
#1557 = DIRECTION ( 'NONE',  ( 0.2272296156064183004, 0.000000000000000000, 0.9738412097417932234 ) ) ;
#1558 = EDGE_CURVE ( 'NONE', #2691, #3011, #178, .T. ) ;
#1559 = ADVANCED_FACE ( 'NONE', ( #979 ), #1704, .T. ) ;
#1560 = AXIS2_PLACEMENT_3D ( 'NONE', #2206, #2413, #2651 ) ;
#1561 = FACE_OUTER_BOUND ( 'NONE', #1029, .T. ) ;
#1562 = ORIENTED_EDGE ( 'NONE', *, *, #2568, .T. ) ;
#1563 = ORIENTED_EDGE ( 'NONE', *, *, #2799, .F. ) ;
#1564 = CARTESIAN_POINT ( 'NONE',  ( 0.000000000000000000, 4.199999999999999289, 4.500000000000000000 ) ) ;
#1565 = CARTESIAN_POINT ( 'NONE',  ( -13.98840885142261747, -4.199999999999999289, -3.263962065331944551 ) ) ;
#1566 = ORIENTED_EDGE ( 'NONE', *, *, #2822, .T. ) ;
#1567 = VERTEX_POINT ( 'NONE', #248 ) ;
#1568 = DIRECTION ( 'NONE',  ( 0.000000000000000000, -1.000000000000000000, 0.000000000000000000 ) ) ;
#1569 = CARTESIAN_POINT ( 'NONE',  ( 0.000000000000000000, 0.000000000000000000, 4.500000000000000000 ) ) ;
#1570 = CARTESIAN_POINT ( 'NONE',  ( 1.999999999999991340, 6.999999999999999112, 0.000000000000000000 ) ) ;
#1571 = EDGE_CURVE ( 'NONE', #1235, #3094, #1518, .T. ) ;
#1572 = EDGE_CURVE ( 'NONE', #120, #170, #22, .T. ) ;
#1573 = ORIENTED_EDGE ( 'NONE', *, *, #3106, .T. ) ;
#1574 = CARTESIAN_POINT ( 'NONE',  ( -28.00000000000001421, 8.280293665983588625, 0.000000000000000000 ) ) ;
#1575 = ORIENTED_EDGE ( 'NONE', *, *, #1806, .F. ) ;
#1576 = DIRECTION ( 'NONE',  ( 0.000000000000000000, 0.000000000000000000, 1.000000000000000000 ) ) ;
#1577 = AXIS2_PLACEMENT_3D ( 'NONE', #813, #2039, #2052 ) ;
#1578 = CARTESIAN_POINT ( 'NONE',  ( 1.999999999999991340, -5.000000000000000888, 2.000000000000000444 ) ) ;
#1579 = AXIS2_PLACEMENT_3D ( 'NONE', #3024, #1027, #2556 ) ;
#1580 = ORIENTED_EDGE ( 'NONE', *, *, #417, .T. ) ;
#1581 = ORIENTED_EDGE ( 'NONE', *, *, #1137, .T. ) ;
#1582 = LINE ( 'NONE', #866, #1841 ) ;
#1583 = CIRCLE ( 'NONE', #2343, 0.1999999999999996503 ) ;
#1584 = DIRECTION ( 'NONE',  ( 0.000000000000000000, 1.000000000000000000, 2.168404344971008128E-16 ) ) ;
#1585 = AXIS2_PLACEMENT_3D ( 'NONE', #843, #2085, #3043 ) ;
#1586 = PLANE ( 'NONE',  #1018 ) ;
#1587 = AXIS2_PLACEMENT_3D ( 'NONE', #2046, #600, #832 ) ;
#1588 = CARTESIAN_POINT ( 'NONE',  ( -9.436248682824086131, 7.121320343559641053, -2.201791359325619091 ) ) ;
#1589 = DIRECTION ( 'NONE',  ( -0.9738412097417933344, 0.000000000000000000, 0.2272296156064183281 ) ) ;
#1590 = APPROVAL ( #1481, 'UNSPECIFIED' ) ;
#1591 = ORIENTED_EDGE ( 'NONE', *, *, #3092, .T. ) ;
#1592 = VECTOR ( 'NONE', #2588, 1000.000000000000000 ) ;
#1593 = DIRECTION ( 'NONE',  ( -0.000000000000000000, 1.000000000000000000, -0.000000000000000000 ) ) ;
#1594 = FACE_OUTER_BOUND ( 'NONE', #2420, .T. ) ;
#1595 = ADVANCED_FACE ( 'NONE', ( #995 ), #1977, .F. ) ;
#1596 = ORIENTED_EDGE ( 'NONE', *, *, #860, .T. ) ;
#1597 = ORIENTED_EDGE ( 'NONE', *, *, #2430, .T. ) ;
#1598 = DIRECTION ( 'NONE',  ( -1.000000000000000000, -0.000000000000000000, -0.000000000000000000 ) ) ;
#1599 = CARTESIAN_POINT ( 'NONE',  ( 1.900000000000027001, -4.200000000000001066, 4.500000000000000000 ) ) ;
#1600 = CARTESIAN_POINT ( 'NONE',  ( -13.40000000000000568, -4.200000000000001066, 4.500000000000000000 ) ) ;
#1601 = LINE ( 'NONE', #366, #2782 ) ;
#1602 = CARTESIAN_POINT ( 'NONE',  ( -27.51135093468528936, 16.03432025612578471, 17.84999999999999787 ) ) ;
#1603 = DIRECTION ( 'NONE',  ( 0.000000000000000000, 0.000000000000000000, -1.000000000000000000 ) ) ;
#1604 = AXIS2_PLACEMENT_3D ( 'NONE', #1842, #2617, #618 ) ;
#1605 = EDGE_LOOP ( 'NONE', ( #817, #1071, #893, #1460, #483, #2237 ) ) ;
#1606 = CARTESIAN_POINT ( 'NONE',  ( -18.19999999999999929, 4.199999999999999289, 4.500000000000000000 ) ) ;
#1607 = CYLINDRICAL_SURFACE ( 'NONE', #852, 0.1999999999999996503 ) ;
#1608 = VERTEX_POINT ( 'NONE', #3175 ) ;
#1609 = ORIENTED_EDGE ( 'NONE', *, *, #1902, .F. ) ;
#1610 = EDGE_CURVE ( 'NONE', #1241, #3002, #3158, .T. ) ;
#1611 = CARTESIAN_POINT ( 'NONE',  ( -28.00000000000001421, 4.199999999999999289, 1.999999999999999112 ) ) ;
#1612 = EDGE_CURVE ( 'NONE', #2551, #2559, #2233, .T. ) ;
#1613 = DIRECTION ( 'NONE',  ( 0.2272296156064183004, 2.111681510515927313E-16, -0.9738412097417932234 ) ) ;
#1614 = DIRECTION ( 'NONE',  ( 1.000000000000000000, 0.000000000000000000, -4.377553108592123531E-16 ) ) ;
#1615 = LINE ( 'NONE', #1390, #464 ) ;
#1616 = DIRECTION ( 'NONE',  ( -0.9738412097417933344, 0.000000000000000000, 0.2272296156064183281 ) ) ;
#1617 = DIRECTION ( 'NONE',  ( -0.000000000000000000, -1.000000000000000000, -2.168404344971008128E-16 ) ) ;
#1618 = ORIENTED_EDGE ( 'NONE', *, *, #287, .T. ) ;
#1619 = CARTESIAN_POINT ( 'NONE',  ( 1.999999999999991340, -4.200000000000000178, 0.000000000000000000 ) ) ;
#1620 = DIRECTION ( 'NONE',  ( 3.469446951953615767E-15, 0.000000000000000000, -1.000000000000000000 ) ) ;
#1621 = ORIENTED_EDGE ( 'NONE', *, *, #3114, .F. ) ;
#1622 = VECTOR ( 'NONE', #2473, 1000.000000000000000 ) ;
#1623 = ORIENTED_EDGE ( 'NONE', *, *, #1885, .F. ) ;
#1624 = DIRECTION ( 'NONE',  ( 0.000000000000000000, 1.000000000000000000, 0.000000000000000000 ) ) ;
#1625 = DIRECTION ( 'NONE',  ( 1.000000000000000000, -0.000000000000000000, -0.000000000000000000 ) ) ;
#1626 = VECTOR ( 'NONE', #792, 1000.000000000000000 ) ;
#1627 = UNCERTAINTY_MEASURE_WITH_UNIT (LENGTH_MEASURE( 1.000000000000000082E-05 ), #1499, 'distance_accuracy_value', 'NONE');
#1628 = EDGE_CURVE ( 'NONE', #1235, #2674, #1946, .T. ) ;
#1629 = DIRECTION ( 'NONE',  ( 0.000000000000000000, 0.000000000000000000, -1.000000000000000000 ) ) ;
#1630 = VECTOR ( 'NONE', #2245, 1000.000000000000000 ) ;
#1631 = LINE ( 'NONE', #2124, #2547 ) ;
#1632 = ADVANCED_FACE ( 'NONE', ( #1736 ), #2254, .F. ) ;
#1633 = DIRECTION ( 'NONE',  ( 0.000000000000000000, -1.000000000000000000, 0.000000000000000000 ) ) ;
#1634 = DIRECTION ( 'NONE',  ( 0.000000000000000000, 0.000000000000000000, 1.000000000000000000 ) ) ;
#1635 = CARTESIAN_POINT ( 'NONE',  ( -26.45063186721981552, 19.44514560122512847, 12.71137744114039236 ) ) ;
#1636 = VERTEX_POINT ( 'NONE', #2950 ) ;
#1637 = LINE ( 'NONE', #1139, #3103 ) ;
#1638 = CARTESIAN_POINT ( 'NONE',  ( -2.899999999999963496, -4.200000000000001066, 4.500000000000000888 ) ) ;
#1639 = ORIENTED_EDGE ( 'NONE', *, *, #3052, .T. ) ;
#1640 = ORIENTED_EDGE ( 'NONE', *, *, #981, .T. ) ;
#1641 = LINE ( 'NONE', #409, #281 ) ;
#1642 = DIRECTION ( 'NONE',  ( 0.000000000000000000, 0.000000000000000000, -1.000000000000000000 ) ) ;
#1643 = VECTOR ( 'NONE', #752, 1000.000000000000000 ) ;
#1644 = ORIENTED_EDGE ( 'NONE', *, *, #7, .T. ) ;
#1645 = CARTESIAN_POINT ( 'NONE',  ( -28.00000000000001421, 15.79999999999999893, 19.54086973359557078 ) ) ;
#1646 = CARTESIAN_POINT ( 'NONE',  ( 0.4912943759900028073, -4.200000000000000178, 5.799999999999832845 ) ) ;
#1647 = ADVANCED_FACE ( 'NONE', ( #2712 ), #1465, .T. ) ;
#1648 = DIRECTION ( 'NONE',  ( -0.9738412097417933344, 0.000000000000000000, -0.2272296156064183281 ) ) ;
#1649 = ADVANCED_FACE ( 'NONE', ( #2437 ), #2730, .F. ) ;
#1650 = CARTESIAN_POINT ( 'NONE',  ( -25.18193613398107189, 20.55659018574871766, 16.65090990435398055 ) ) ;
#1651 = ORIENTED_EDGE ( 'NONE', *, *, #443, .T. ) ;
#1652 = CARTESIAN_POINT ( 'NONE',  ( -18.00000000000001421, 10.79999999999999716, 11.54999999999999716 ) ) ;
#1653 = DIRECTION ( 'NONE',  ( 0.2272296156064183004, 0.000000000000000000, 0.9738412097417932234 ) ) ;
#1654 = VECTOR ( 'NONE', #2361, 1000.000000000000000 ) ;
#1655 = EDGE_LOOP ( 'NONE', ( #724, #1834, #2232, #1773 ) ) ;
#1656 = ORIENTED_EDGE ( 'NONE', *, *, #69, .T. ) ;
#1657 = CARTESIAN_POINT ( 'NONE',  ( -7.386062617938375929, -4.200000000000000178, 5.845445923121065590 ) ) ;
#1658 = CARTESIAN_POINT ( 'NONE',  ( -6.708705624009998481, 7.121320343559641053, 5.999999999999782396 ) ) ;
#1659 = ORIENTED_EDGE ( 'NONE', *, *, #2410, .T. ) ;
#1660 = DIRECTION ( 'NONE',  ( -1.000000000000000000, 0.000000000000000000, -0.000000000000000000 ) ) ;
#1661 = CARTESIAN_POINT ( 'NONE',  ( 1.999999999999991340, 4.199999999999999289, 1.999999999999999112 ) ) ;
#1662 = CARTESIAN_POINT ( 'NONE',  ( 1.944151738672243335, 4.199999999999999289, 0.4536354056901898413 ) ) ;
#1663 = CARTESIAN_POINT ( 'NONE',  ( -26.26737266834824425, 19.68182229979758091, 9.280572484145743317 ) ) ;
#1664 = EDGE_CURVE ( 'NONE', #2898, #120, #2489, .T. ) ;
#1665 = ADVANCED_FACE ( 'NONE', ( #713 ), #280, .T. ) ;
#1666 = ORIENTED_EDGE ( 'NONE', *, *, #422, .F. ) ;
#1667 = DIRECTION ( 'NONE',  ( -0.2272296156064183004, 2.111681510515927313E-16, -0.9738412097417932234 ) ) ;
#1668 = LINE ( 'NONE', #421, #2347 ) ;
#1669 = EDGE_CURVE ( 'NONE', #528, #2608, #2013, .T. ) ;
#1670 = ORIENTED_EDGE ( 'NONE', *, *, #860, .F. ) ;
#1671 = EDGE_LOOP ( 'NONE', ( #639, #20, #3136, #1344, #1168, #516, #309, #578 ) ) ;
#1672 = LINE ( 'NONE', #699, #2695 ) ;
#1673 = CARTESIAN_POINT ( 'NONE',  ( -4.113937382061640946, 7.121320343559641053, 5.845445923121080689 ) ) ;
#1674 = CIRCLE ( 'NONE', #486, 0.1999999999999996503 ) ;
#1675 = CARTESIAN_POINT ( 'NONE',  ( -25.54203599075181330, 20.36308606985615910, 15.96804464674943880 ) ) ;
#1676 = VECTOR ( 'NONE', #2820, 1000.000000000000000 ) ;
#1677 = CARTESIAN_POINT ( 'NONE',  ( -24.40000000000001279, 15.79999999999999893, 5.249999999999999112 ) ) ;
#1678 = VECTOR ( 'NONE', #1212, 1000.000000000000000 ) ;
#1679 = LINE ( 'NONE', #935, #1273 ) ;
#1680 = AXIS2_PLACEMENT_3D ( 'NONE', #139, #2101, #1862 ) ;
#1681 = CARTESIAN_POINT ( 'NONE',  ( -24.74991837109504900, 20.74251775044752932, 5.716557828126705765 ) ) ;
#1682 = ORIENTED_EDGE ( 'NONE', *, *, #2806, .F. ) ;
#1683 = LINE ( 'NONE', #2655, #1831 ) ;
#1684 = CARTESIAN_POINT ( 'NONE',  ( -16.30870562400999546, -4.200000000000000178, 5.799999999999715605 ) ) ;
#1685 = EDGE_CURVE ( 'NONE', #391, #1740, #845, .T. ) ;
#1686 = CIRCLE ( 'NONE', #2505, 0.1999999999999996503 ) ;
#1687 = VERTEX_POINT ( 'NONE', #596 ) ;
#1688 = ORIENTED_EDGE ( 'NONE', *, *, #1239, .T. ) ;
#1689 = CARTESIAN_POINT ( 'NONE',  ( -23.00000000000001421, -4.200000000000001066, 4.500000000000000888 ) ) ;
#1690 = DIRECTION ( 'NONE',  ( -0.2272296156064183004, 2.111681510515927313E-16, -0.9738412097417932234 ) ) ;
#1691 = EDGE_CURVE ( 'NONE', #1064, #2580, #356, .T. ) ;
#1692 = DIRECTION ( 'NONE',  ( -0.000000000000000000, -1.000000000000000000, 1.376764663473656710E-16 ) ) ;
#1693 = ORIENTED_EDGE ( 'NONE', *, *, #1063, .F. ) ;
#1694 = CARTESIAN_POINT ( 'NONE',  ( -9.591294375990017329, 7.121320343559641053, 5.999999999999764633 ) ) ;
#1695 = DIRECTION ( 'NONE',  ( -0.000000000000000000, 1.000000000000000000, -0.000000000000000000 ) ) ;
#1696 = CARTESIAN_POINT ( 'NONE',  ( -17.21095189484532284, 28.89999999999999503, 4.049999999999996270 ) ) ;
#1697 = CARTESIAN_POINT ( 'NONE',  ( -28.00000000000001421, 15.79999999999999893, 8.182242199037522923 ) ) ;
#1698 = ORIENTED_EDGE ( 'NONE', *, *, #1264, .F. ) ;
#1699 = AXIS2_PLACEMENT_3D ( 'NONE', #730, #3125, #1917 ) ;
#1700 = CARTESIAN_POINT ( 'NONE',  ( -11.50870562400999830, 7.121320343559641053, 5.999999999999748646 ) ) ;
#1701 = SECURITY_CLASSIFICATION_LEVEL ( 'unclassified' ) ;
#1702 = ORIENTED_EDGE ( 'NONE', *, *, #2410, .F. ) ;
#1703 = VERTEX_POINT ( 'NONE', #2068 ) ;
#1704 = PLANE ( 'NONE',  #2338 ) ;
#1705 = DIRECTION ( 'NONE',  ( 0.000000000000000000, 0.000000000000000000, -1.000000000000000000 ) ) ;
#1706 = LINE ( 'NONE', #474, #102 ) ;
#1707 = VECTOR ( 'NONE', #2699, 1000.000000000000000 ) ;
#1708 = EDGE_CURVE ( 'NONE', #2925, #2442, #429, .T. ) ;
#1709 = ORIENTED_EDGE ( 'NONE', *, *, #1198, .F. ) ;
#1710 = EDGE_CURVE ( 'NONE', #58, #2442, #1830, .T. ) ;
#1711 = CARTESIAN_POINT ( 'NONE',  ( -18.00000000000001421, 10.79999999999999716, 5.249999999999999112 ) ) ;
#1712 = CARTESIAN_POINT ( 'NONE',  ( -22.16441400296899289, 15.79999999999999893, 3.050000000000000711 ) ) ;
#1713 = DIRECTION ( 'NONE',  ( 0.2272296156064183004, 0.000000000000000000, 0.9738412097417932234 ) ) ;
#1714 = CARTESIAN_POINT ( 'NONE',  ( -24.99860814968452516, 20.63799606960038702, 6.131831857518354134 ) ) ;
#1715 = ORIENTED_EDGE ( 'NONE', *, *, #1765, .T. ) ;
#1716 = DIRECTION ( 'NONE',  ( 0.000000000000000000, 0.000000000000000000, -1.000000000000000000 ) ) ;
#1717 = ORIENTED_EDGE ( 'NONE', *, *, #1198, .T. ) ;
#1718 = ORIENTED_EDGE ( 'NONE', *, *, #731, .T. ) ;
#1719 = DIRECTION ( 'NONE',  ( -0.2272296156064183004, 2.111681510515927313E-16, -0.9738412097417932234 ) ) ;
#1720 = CARTESIAN_POINT ( 'NONE',  ( -18.00000000000001421, 15.79999999999999893, 5.249999999999999112 ) ) ;
#1721 = LINE ( 'NONE', #1435, #932 ) ;
#1722 = ORIENTED_EDGE ( 'NONE', *, *, #798, .T. ) ;
#1723 = DIRECTION ( 'NONE',  ( 0.000000000000000000, -1.000000000000000000, 0.000000000000000000 ) ) ;
#1724 = LINE ( 'NONE', #254, #2419 ) ;
#1725 = ADVANCED_FACE ( 'NONE', ( #89 ), #326, .F. ) ;
#1726 = VECTOR ( 'NONE', #1624, 1000.000000000000000 ) ;
#1727 = CARTESIAN_POINT ( 'NONE',  ( -19.67860906217064354, 7.121320343559641053, 4.591675447839814517 ) ) ;
#1728 = EDGE_CURVE ( 'NONE', #345, #1895, #1346, .T. ) ;
#1729 = CARTESIAN_POINT ( 'NONE',  ( -24.35017839049270449, 20.78933140881364494, 5.184112721155913484 ) ) ;
#1730 = EDGE_LOOP ( 'NONE', ( #1138, #251, #744, #864 ) ) ;
#1731 = VECTOR ( 'NONE', #1252, 1000.000000000000000 ) ;
#1732 = APPROVAL_STATUS ( 'not_yet_approved' ) ;
#1733 = VECTOR ( 'NONE', #2403, 1000.000000000000000 ) ;
#1734 = VERTEX_POINT ( 'NONE', #1315 ) ;
#1735 = ORIENTED_EDGE ( 'NONE', *, *, #934, .F. ) ;
#1736 = FACE_OUTER_BOUND ( 'NONE', #2195, .T. ) ;
#1737 = PLANE ( 'NONE',  #238 ) ;
#1738 = CARTESIAN_POINT ( 'NONE',  ( 1.999999999999991340, 4.199999999999999289, 0.000000000000000000 ) ) ;
#1739 = ORIENTED_EDGE ( 'NONE', *, *, #1100, .F. ) ;
#1740 = VERTEX_POINT ( 'NONE', #2310 ) ;
#1741 = DIRECTION ( 'NONE',  ( 0.000000000000000000, 0.000000000000000000, -1.000000000000000000 ) ) ;
#1742 = DIRECTION ( 'NONE',  ( 0.000000000000000000, 1.000000000000000000, 0.000000000000000000 ) ) ;
#1743 = APPROVAL ( #1732, 'UNSPECIFIED' ) ;
#1744 = FACE_OUTER_BOUND ( 'NONE', #3155, .T. ) ;
#1745 = CARTESIAN_POINT ( 'NONE',  ( -26.36830795730552879, 17.28108615185910679, 9.837178373169845003 ) ) ;
#1746 = ADVANCED_FACE ( 'NONE', ( #2297 ), #2325, .F. ) ;
#1747 = VECTOR ( 'NONE', #1229, 1000.000000000000000 ) ;
#1748 = EDGE_CURVE ( 'NONE', #1363, #1817, #1932, .T. ) ;
#1749 = CARTESIAN_POINT ( 'NONE',  ( -4.308705624009999013, 7.121320343559641053, 5.799999999999799094 ) ) ;
#1750 =( NAMED_UNIT ( * ) SI_UNIT ( $, .STERADIAN. ) SOLID_ANGLE_UNIT ( ) );
#1751 = ORIENTED_EDGE ( 'NONE', *, *, #1669, .F. ) ;
#1752 = ORIENTED_EDGE ( 'NONE', *, *, #2568, .F. ) ;
#1753 = CARTESIAN_POINT ( 'NONE',  ( -18.21095189484531929, 16.79999999999999716, 4.049999999999998934 ) ) ;
#1754 = CARTESIAN_POINT ( 'NONE',  ( 0.000000000000000000, 0.000000000000000000, 4.500000000000000000 ) ) ;
#1755 = CARTESIAN_POINT ( 'NONE',  ( -8.600000000000006750, -4.200000000000001066, 4.500000000000000000 ) ) ;
#1756 = VECTOR ( 'NONE', #271, 1000.000000000000000 ) ;
#1757 = ORIENTED_EDGE ( 'NONE', *, *, #72, .F. ) ;
#1758 = CARTESIAN_POINT ( 'NONE',  ( 1.999999999999991340, 7.121320343559641053, 4.928571428571276059 ) ) ;
#1759 = DIRECTION ( 'NONE',  ( 0.000000000000000000, -2.168404344971008128E-16, 1.000000000000000000 ) ) ;
#1760 = CIRCLE ( 'NONE', #1401, 0.1999999999999996503 ) ;
#1761 = VECTOR ( 'NONE', #1145, 1000.000000000000000 ) ;
#1762 = CARTESIAN_POINT ( 'NONE',  ( -19.38606261793837149, -4.200000000000000178, 5.845445923120982101 ) ) ;
#1763 = ORIENTED_EDGE ( 'NONE', *, *, #2784, .F. ) ;
#1764 = CARTESIAN_POINT ( 'NONE',  ( -0.3319283456270217814, -4.200000000000000178, -0.07744994731297416557 ) ) ;
#1765 = EDGE_CURVE ( 'NONE', #2508, #1215, #105, .T. ) ;
#1766 = ADVANCED_FACE ( 'NONE', ( #1303 ), #2504, .F. ) ;
#1767 = ORIENTED_EDGE ( 'NONE', *, *, #1118, .T. ) ;
#1768 = CARTESIAN_POINT ( 'NONE',  ( -4.308705624009999013, 4.199999999999999289, 5.799999999999799094 ) ) ;
#1769 = CARTESIAN_POINT ( 'NONE',  ( -22.10000000000000497, 7.121320343559641053, 4.500000000000000000 ) ) ;
#1770 = DIRECTION ( 'NONE',  ( 0.000000000000000000, -1.000000000000000000, 0.000000000000000000 ) ) ;
#1771 = EDGE_CURVE ( 'NONE', #581, #1781, #3027, .T. ) ;
#1772 = ORIENTED_EDGE ( 'NONE', *, *, #624, .F. ) ;
#1773 = ORIENTED_EDGE ( 'NONE', *, *, #2042, .F. ) ;
#1774 = DIRECTION ( 'NONE',  ( 0.000000000000000000, -1.000000000000000000, 0.000000000000000000 ) ) ;
#1775 = LINE ( 'NONE', #2060, #2474 ) ;
#1776 = DIRECTION ( 'NONE',  ( 0.000000000000000000, -1.000000000000000000, 0.000000000000000000 ) ) ;
#1777 = CIRCLE ( 'NONE', #2589, 0.1999999999999996503 ) ;
#1778 = ORIENTED_EDGE ( 'NONE', *, *, #2918, .T. ) ;
#1779 = LINE ( 'NONE', #2022, #1422 ) ;
#1780 = AXIS2_PLACEMENT_3D ( 'NONE', #2850, #641, #2373 ) ;
#1781 = VERTEX_POINT ( 'NONE', #2519 ) ;
#1782 = CIRCLE ( 'NONE', #1837, 0.1999999999999996503 ) ;
#1783 = ORIENTED_EDGE ( 'NONE', *, *, #2094, .T. ) ;
#1784 = EDGE_CURVE ( 'NONE', #2865, #2253, #1815, .T. ) ;
#1785 = DIRECTION ( 'NONE',  ( -0.2272296156064183004, 0.000000000000000000, 0.9738412097417932234 ) ) ;
#1786 = LINE ( 'NONE', #797, #2192 ) ;
#1787 = VECTOR ( 'NONE', #2475, 1000.000000000000000 ) ;
#1788 = ORIENTED_EDGE ( 'NONE', *, *, #417, .F. ) ;
#1789 = EDGE_LOOP ( 'NONE', ( #263, #2258, #1020, #1306 ) ) ;
#1790 = EDGE_CURVE ( 'NONE', #1064, #527, #1364, .T. ) ;
#1791 = CARTESIAN_POINT ( 'NONE',  ( 0.008705624009983786715, 7.121320343559641053, 5.999999999999833022 ) ) ;
#1792 = CARTESIAN_POINT ( 'NONE',  ( 1.999999999999991340, -4.200000000000000178, 2.000000000000000000 ) ) ;
#1793 = PLANE ( 'NONE',  #2141 ) ;
#1794 = ORIENTED_EDGE ( 'NONE', *, *, #2539, .T. ) ;
#1795 = PLANE ( 'NONE',  #2851 ) ;
#1796 = ORIENTED_EDGE ( 'NONE', *, *, #610, .T. ) ;
#1797 = DIRECTION ( 'NONE',  ( -0.9738412097417933344, 0.000000000000000000, -0.2272296156064183281 ) ) ;
#1798 =( BOUNDED_SURFACE ( )  B_SPLINE_SURFACE ( 3, 2, ( 
 ( #1729, #739, #2722 ),
 ( #2449, #760, #1006 ),
 ( #3149, #707, #723 ),
 ( #1714, #2466, #971 ),
 ( #1233, #2705, #241 ),
 ( #2945, #223, #2246 ),
 ( #3167, #989, #1213 ),
 ( #500, #515, #1955 ),
 ( #2484, #274, #1268 ),
 ( #2208, #1495, #2930 ),
 ( #2227, #2687, #1697 ),
 ( #482, #1745, #2193 ),
 ( #1477, #3182, #2915 ),
 ( #256, #1971, #1459 ),
 ( #1253, #17, #1989 ),
 ( #1513, #2963, #2176 ),
 ( #950, #1938, #2431 ),
 ( #2669, #466, #1420 ),
 ( #946, #1193, #3115 ),
 ( #1386, #174, #3126 ),
 ( #1675, #2615, #2412 ),
 ( #204, #412, #3145 ),
 ( #1208, #2362, #1645 ),
 ( #899, #1179, #931 ),
 ( #1405, #2396, #1455 ),
 ( #462, #218, #884 ) ),
 .UNSPECIFIED., .F., .F., .F. ) 
 B_SPLINE_SURFACE_WITH_KNOTS ( ( 4, 2, 2, 2, 2, 2, 2, 2, 2, 2, 2, 2, 4 ),
 ( 3, 3 ),
 ( 0.009158497562762336550, 0.01043771927632937066, 0.01171694098989640651, 0.01299616270346344062, 0.01427538441703047473, 0.01683382784416454295, 0.01811304955773157532, 0.01939227127129861117, 0.02195071469843267939, 0.02450915812556674761, 0.02706760155270081930, 0.02834682326626785515, 0.02962604497983488752 ),
 ( 0.000000000000000000, 1.000000000000000000 ),
 .UNSPECIFIED. ) 
 GEOMETRIC_REPRESENTATION_ITEM ( )  RATIONAL_B_SPLINE_SURFACE ( (
 ( 1.000000000000000000, 0.7252319667503390743, 1.000000000000000000),
 ( 1.000000000000000000, 0.7398697070479944848, 1.000000000000000000),
 ( 1.000000000000000000, 0.7539910819576741696, 1.000000000000000000),
 ( 1.000000000000000000, 0.7809351397017378904, 1.000000000000000000),
 ( 1.000000000000000000, 0.7937580493960040284, 1.000000000000000000),
 ( 1.000000000000000000, 0.8179064678232520480, 1.000000000000000000),
 ( 1.000000000000000000, 0.8292332236490120856, 1.000000000000000000),
 ( 1.000000000000000000, 0.8502230391533192044, 1.000000000000000000),
 ( 1.000000000000000000, 0.8598466993703357542, 1.000000000000000000),
 ( 1.000000000000000000, 0.8856782085731904619, 1.000000000000000000),
 ( 1.000000000000000000, 0.8990102695344326378, 1.000000000000000000),
 ( 1.000000000000000000, 0.9126616595500172124, 1.000000000000000000),
 ( 1.000000000000000000, 0.9161566275845247631, 1.000000000000000000),
 ( 1.000000000000000000, 0.9208097154304673015, 1.000000000000000000),
 ( 1.000000000000000000, 0.9219745585508754004, 1.000000000000000000),
 ( 1.000000000000000000, 0.9219134323048826518, 1.000000000000000000),
 ( 1.000000000000000000, 0.9171578397150458306, 1.000000000000000000),
 ( 1.000000000000000000, 0.8990040822165185075, 1.000000000000000000),
 ( 1.000000000000000000, 0.8854370238905487911, 1.000000000000000000),
 ( 1.000000000000000000, 0.8510156912217088365, 1.000000000000000000),
 ( 1.000000000000000000, 0.8301505316289784497, 1.000000000000000000),
 ( 1.000000000000000000, 0.7940449871285806260, 1.000000000000000000),
 ( 1.000000000000000000, 0.7812071839430178022, 1.000000000000000000),
 ( 1.000000000000000000, 0.7540665741789477350, 1.000000000000000000),
 ( 1.000000000000000000, 0.7397524644604219768, 1.000000000000000000),
 ( 1.000000000000000000, 0.7252564694927301492, 1.000000000000000000) ) ) 
 REPRESENTATION_ITEM ( '' )  SURFACE ( )  );
#1799 = CARTESIAN_POINT ( 'NONE',  ( -27.05883026261192370, 16.32415520214797411, 5.249999999999996447 ) ) ;
#1800 = VECTOR ( 'NONE', #2972, 1000.000000000000000 ) ;
#1801 = ORIENTED_EDGE ( 'NONE', *, *, #2512, .T. ) ;
#1802 = EDGE_LOOP ( 'NONE', ( #841, #2267, #599, #12 ) ) ;
#1803 = DIRECTION ( 'NONE',  ( 0.000000000000000000, 0.000000000000000000, 1.000000000000000000 ) ) ;
#1804 = CARTESIAN_POINT ( 'NONE',  ( -14.89999999999994174, -4.200000000000000178, 4.500000000000000000 ) ) ;
#1805 = EDGE_CURVE ( 'NONE', #2910, #3119, #1092, .T. ) ;
#1806 = EDGE_CURVE ( 'NONE', #1189, #3168, #1777, .T. ) ;
#1807 = CARTESIAN_POINT ( 'NONE',  ( -22.16441400296899289, 15.79999999999999893, 3.050000000000000711 ) ) ;
#1808 = AXIS2_PLACEMENT_3D ( 'NONE', #478, #1952, #2224 ) ;
#1809 = VECTOR ( 'NONE', #2908, 1000.000000000000000 ) ;
#1810 = ORIENTED_EDGE ( 'NONE', *, *, #1943, .T. ) ;
#1811 = DIRECTION ( 'NONE',  ( -0.2272296156064183004, 0.000000000000000000, 0.9738412097417932234 ) ) ;
#1812 = ORIENTED_EDGE ( 'NONE', *, *, #3088, .T. ) ;
#1813 = VERTEX_POINT ( 'NONE', #60 ) ;
#1814 = B_SPLINE_CURVE_WITH_KNOTS ( 'NONE', 3,
 ( #919, #401, #1391, #3097, #604, #3083, #2573, #2587, #1602, #3068 ),
 .UNSPECIFIED., .F., .F.,
 ( 4, 2, 2, 2, 4 ),
 ( 0.000000000000000000, 0.001604294595547396587, 0.003208589191094793173, 0.004812883786642189327, 0.006417178382189586347 ),
 .UNSPECIFIED. ) ;
#1815 = LINE ( 'NONE', #1289, #1418 ) ;
#1816 = CARTESIAN_POINT ( 'NONE',  ( 0.000000000000000000, -4.200000000000000178, 5.999999999999715783 ) ) ;
#1817 = VERTEX_POINT ( 'NONE', #3013 ) ;
#1818 = ORIENTED_EDGE ( 'NONE', *, *, #1238, .F. ) ;
#1819 = DIRECTION ( 'NONE',  ( 0.000000000000000000, 0.000000000000000000, -1.000000000000000000 ) ) ;
#1820 = DIRECTION ( 'NONE',  ( -0.000000000000000000, -0.000000000000000000, -1.000000000000000000 ) ) ;
#1821 = ADVANCED_FACE ( 'NONE', ( #1046 ), #2025, .F. ) ;
#1822 = PLANE ( 'NONE',  #3161 ) ;
#1823 = CARTESIAN_POINT ( 'NONE',  ( 0.000000000000000000, 0.000000000000000000, 4.500000000000000000 ) ) ;
#1824 = EDGE_CURVE ( 'NONE', #3062, #2024, #314, .T. ) ;
#1825 = CARTESIAN_POINT ( 'NONE',  ( -18.70870562400999404, 4.199999999999999289, 6.000000000000000000 ) ) ;
#1826 = FACE_OUTER_BOUND ( 'NONE', #938, .T. ) ;
#1827 = AXIS2_PLACEMENT_3D ( 'NONE', #1366, #2377, #171 ) ;
#1828 = VERTEX_POINT ( 'NONE', #658 ) ;
#1829 = ORIENTED_EDGE ( 'NONE', *, *, #3036, .F. ) ;
#1830 = LINE ( 'NONE', #76, #686 ) ;
#1831 = VECTOR ( 'NONE', #453, 1000.000000000000000 ) ;
#1832 = LINE ( 'NONE', #2026, #1120 ) ;
#1833 = AXIS2_PLACEMENT_3D ( 'NONE', #499, #2414, #1494 ) ;
#1834 = ORIENTED_EDGE ( 'NONE', *, *, #538, .T. ) ;
#1835 = ORIENTED_EDGE ( 'NONE', *, *, #55, .T. ) ;
#1836 = DIRECTION ( 'NONE',  ( 0.2272296156064183004, 0.000000000000000000, 0.9738412097417932234 ) ) ;
#1837 = AXIS2_PLACEMENT_3D ( 'NONE', #1284, #52, #1038 ) ;
#1838 = PLANE ( 'NONE',  #828 ) ;
#1839 = VECTOR ( 'NONE', #1016, 1000.000000000000000 ) ;
#1840 = CARTESIAN_POINT ( 'NONE',  ( -28.00000000000001421, 15.79999999999999893, 17.84999999999999787 ) ) ;
#1841 = VECTOR ( 'NONE', #2058, 1000.000000000000000 ) ;
#1842 = CARTESIAN_POINT ( 'NONE',  ( -18.70870562400999404, 4.199999999999999289, 5.799999999999698730 ) ) ;
#1843 = FACE_OUTER_BOUND ( 'NONE', #1605, .T. ) ;
#1844 = CARTESIAN_POINT ( 'NONE',  ( -2.391294375990015375, -4.200000000000000178, 5.999999999999815259 ) ) ;
#1845 = EDGE_CURVE ( 'NONE', #1241, #2421, #1637, .T. ) ;
#1846 = ADVANCED_FACE ( 'NONE', ( #2867 ), #1186, .F. ) ;
#1847 = EDGE_LOOP ( 'NONE', ( #2654, #2432, #2209, #2729 ) ) ;
#1848 = AXIS2_PLACEMENT_3D ( 'NONE', #177, #2146, #3117 ) ;
#1849 = LINE ( 'NONE', #3014, #37 ) ;
#1850 = ORIENTED_EDGE ( 'NONE', *, *, #1558, .T. ) ;
#1851 = ORIENTED_EDGE ( 'NONE', *, *, #2334, .F. ) ;
#1852 = PLANE ( 'NONE',  #1587 ) ;
#1853 = LINE ( 'NONE', #2858, #929 ) ;
#1854 = CARTESIAN_POINT ( 'NONE',  ( -11.99129437599001591, 4.199999999999999289, 5.799999999999749356 ) ) ;
#1855 = CARTESIAN_POINT ( 'NONE',  ( -2.608008429926290450, -4.200000000000000178, -0.6085353003161365626 ) ) ;
#1856 = AXIS2_PLACEMENT_3D ( 'NONE', #1339, #39, #1285 ) ;
#1857 = CARTESIAN_POINT ( 'NONE',  ( -15.12644889357212641, 4.199999999999999289, 3.529504741833494386 ) ) ;
#1858 = FACE_OUTER_BOUND ( 'NONE', #78, .T. ) ;
#1859 = VECTOR ( 'NONE', #3165, 1000.000000000000000 ) ;
#1860 = ORIENTED_EDGE ( 'NONE', *, *, #1040, .F. ) ;
#1861 = DIRECTION ( 'NONE',  ( 0.000000000000000000, 0.000000000000000000, 1.000000000000000000 ) ) ;
#1862 = DIRECTION ( 'NONE',  ( 0.000000000000000000, 0.000000000000000000, -1.000000000000000000 ) ) ;
#1863 = EDGE_CURVE ( 'NONE', #1687, #58, #3137, .T. ) ;
#1864 = VERTEX_POINT ( 'NONE', #1606 ) ;
#1865 = ORIENTED_EDGE ( 'NONE', *, *, #1790, .T. ) ;
#1866 = LINE ( 'NONE', #895, #540 ) ;
#1867 = ADVANCED_FACE ( 'NONE', ( #435 ), #622, .F. ) ;
#1868 = CARTESIAN_POINT ( 'NONE',  ( -14.39129437599001626, 4.199999999999999289, 6.000000000000000000 ) ) ;
#1869 = CARTESIAN_POINT ( 'NONE',  ( -23.00000000000001421, 15.79999999999999893, 5.249999999999999112 ) ) ;
#1870 = FACE_OUTER_BOUND ( 'NONE', #732, .T. ) ;
#1871 = CARTESIAN_POINT ( 'NONE',  ( -21.59129437599001378, 4.199999999999999289, 5.799999999999681854 ) ) ;
#1872 = CARTESIAN_POINT ( 'NONE',  ( 0.9999999999999940048, 7.121320343559641053, 4.500000000000000000 ) ) ;
#1873 = DIRECTION ( 'NONE',  ( 0.000000000000000000, 0.000000000000000000, -1.000000000000000000 ) ) ;
#1874 = ORIENTED_EDGE ( 'NONE', *, *, #55, .F. ) ;
#1875 = FACE_OUTER_BOUND ( 'NONE', #2492, .T. ) ;
#1876 = CARTESIAN_POINT ( 'NONE',  ( -24.42784926662123013, 20.24182275030227274, 5.249999999999999112 ) ) ;
#1877 = AXIS2_PLACEMENT_3D ( 'NONE', #319, #2552, #1082 ) ;
#1878 = VERTEX_POINT ( 'NONE', #420 ) ;
#1879 = VECTOR ( 'NONE', #330, 1000.000000000000000 ) ;
#1880 = EDGE_LOOP ( 'NONE', ( #1829, #2405, #1796, #1778 ) ) ;
#1881 = DIRECTION ( 'NONE',  ( 0.2272296156064183004, 0.000000000000000000, 0.9738412097417932234 ) ) ;
#1882 = DIRECTION ( 'NONE',  ( 1.000000000000000000, -0.000000000000000000, -0.000000000000000000 ) ) ;
#1883 = CIRCLE ( 'NONE', #2698, 0.1999999999999996503 ) ;
#1884 = EDGE_CURVE ( 'NONE', #2461, #1956, #2129, .T. ) ;
#1885 = EDGE_CURVE ( 'NONE', #552, #2359, #1214, .T. ) ;
#1886 = LINE ( 'NONE', #2631, #2463 ) ;
#1887 = CIRCLE ( 'NONE', #2446, 0.1999999999999996503 ) ;
#1888 = LOCAL_TIME ( 19, 33, 58.00000000000000000, #3170 ) ;
#1889 = CARTESIAN_POINT ( 'NONE',  ( -21.78606261793837362, -4.200000000000000178, 5.845445923120964338 ) ) ;
#1890 = CARTESIAN_POINT ( 'NONE',  ( -18.54056902002114882, 7.121320343559641053, -4.326132771338265570 ) ) ;
#1891 = CARTESIAN_POINT ( 'NONE',  ( -26.49935442844181566, 19.37164832312909013, 12.14538115816618991 ) ) ;
#1892 = VERTEX_POINT ( 'NONE', #369 ) ;
#1893 = CARTESIAN_POINT ( 'NONE',  ( -17.21095189484531929, 28.90000000000000213, 19.04999999999999361 ) ) ;
#1894 = PLANE ( 'NONE',  #3010 ) ;
#1895 = VERTEX_POINT ( 'NONE', #1619 ) ;
#1896 = ORIENTED_EDGE ( 'NONE', *, *, #820, .F. ) ;
#1897 = DIRECTION ( 'NONE',  ( 0.000000000000000000, 0.000000000000000000, 1.000000000000000000 ) ) ;
#1898 = LINE ( 'NONE', #2553, #2221 ) ;
#1899 = ORIENTED_EDGE ( 'NONE', *, *, #1628, .T. ) ;
#1900 = VECTOR ( 'NONE', #1774, 1000.000000000000000 ) ;
#1901 = LINE ( 'NONE', #1694, #972 ) ;
#1902 = EDGE_CURVE ( 'NONE', #2674, #2710, #2115, .T. ) ;
#1903 = EDGE_CURVE ( 'NONE', #925, #2056, #2637, .T. ) ;
#1904 = LINE ( 'NONE', #2877, #2366 ) ;
#1905 = LINE ( 'NONE', #2880, #547 ) ;
#1906 = ADVANCED_FACE ( 'NONE', ( #1170 ), #1410, .T. ) ;
#1907 = CARTESIAN_POINT ( 'NONE',  ( -7.386062617938375041, 4.199999999999999289, 5.845445923121064702 ) ) ;
#1908 = B_SPLINE_CURVE_WITH_KNOTS ( 'NONE', 3,
 ( #1304, #77, #1799, #2549, #2040, #1317, #2298, #2053, #1329, #1911, #3104, #1876, #2386, #1126 ),
 .UNSPECIFIED., .F., .F.,
 ( 4, 2, 2, 2, 2, 2, 4 ),
 ( 0.000000000000000000, 0.001603463078665805491, 0.002405194617998707585, 0.003206926157331609680, 0.004810389235997427314, 0.005612120775330337215, 0.006413852314663246248 ),
 .UNSPECIFIED. ) ;
#1909 = ORIENTED_EDGE ( 'NONE', *, *, #1845, .T. ) ;
#1910 = LINE ( 'NONE', #677, #1318 ) ;
#1911 = CARTESIAN_POINT ( 'NONE',  ( -24.61128761797601427, 19.45339401371671784, 5.250000000000000000 ) ) ;
#1912 = VECTOR ( 'NONE', #1742, 1000.000000000000000 ) ;
#1913 = ORIENTED_EDGE ( 'NONE', *, *, #308, .T. ) ;
#1914 = VECTOR ( 'NONE', #364, 1000.000000000000000 ) ;
#1915 = ORIENTED_EDGE ( 'NONE', *, *, #130, .T. ) ;
#1916 = DIRECTION ( 'NONE',  ( 0.000000000000000000, -1.000000000000000000, 0.000000000000000000 ) ) ;
#1917 = DIRECTION ( 'NONE',  ( -1.000000000000000000, 0.000000000000000000, -0.000000000000000000 ) ) ;
#1918 = ORIENTED_EDGE ( 'NONE', *, *, #1903, .F. ) ;
#1919 = CARTESIAN_POINT ( 'NONE',  ( -6.022128556375096586, -4.200000000000000178, 1.405163329820852569 ) ) ;
#1920 = CARTESIAN_POINT ( 'NONE',  ( 0.000000000000000000, 0.000000000000000000, 4.500000000000000000 ) ) ;
#1921 = CARTESIAN_POINT ( 'NONE',  ( -22.09999999999993037, 4.199999999999999289, 4.500000000000000000 ) ) ;
#1922 = CARTESIAN_POINT ( 'NONE',  ( 0.000000000000000000, 0.000000000000000000, 4.500000000000000000 ) ) ;
#1923 = EDGE_LOOP ( 'NONE', ( #2455, #2789, #2531, #2681, #1552, #793, #1644, #3031 ) ) ;
#1924 = EDGE_CURVE ( 'NONE', #2983, #2905, #2356, .T. ) ;
#1925 = LINE ( 'NONE', #2899, #1368 ) ;
#1926 = CARTESIAN_POINT ( 'NONE',  ( 1.999999999999991340, -7.000000000000000888, 2.000000000000001776 ) ) ;
#1927 = ORIENTED_EDGE ( 'NONE', *, *, #1496, .T. ) ;
#1928 = ORIENTED_EDGE ( 'NONE', *, *, #2261, .F. ) ;
#1929 = DIRECTION ( 'NONE',  ( -0.000000000000000000, -0.000000000000000000, -1.000000000000000000 ) ) ;
#1930 = DIRECTION ( 'NONE',  ( 0.000000000000000000, 0.000000000000000000, -1.000000000000000000 ) ) ;
#1931 = CARTESIAN_POINT ( 'NONE',  ( 0.000000000000000000, -4.200000000000001066, 4.500000000000000000 ) ) ;
#1932 = CIRCLE ( 'NONE', #1577, 0.1999999999999996503 ) ;
#1933 = DIRECTION ( 'NONE',  ( 0.000000000000000000, -7.477256361968996479E-17, -1.000000000000000000 ) ) ;
#1934 = AXIS2_PLACEMENT_3D ( 'NONE', #2591, #3086, #2148 ) ;
#1935 = FACE_OUTER_BOUND ( 'NONE', #2345, .T. ) ;
#1936 = VECTOR ( 'NONE', #2438, 1000.000000000000000 ) ;
#1937 = CARTESIAN_POINT ( 'NONE',  ( 0.000000000000000000, -4.200000000000000178, 5.999999999999799272 ) ) ;
#1938 = CARTESIAN_POINT ( 'NONE',  ( -26.43023248814104065, 17.28027706141632791, 12.94303737054324799 ) ) ;
#1939 = ORIENTED_EDGE ( 'NONE', *, *, #1354, .T. ) ;
#1940 = CARTESIAN_POINT ( 'NONE',  ( 0.000000000000000000, 7.121320343559641053, 5.999999999999764633 ) ) ;
#1941 = COORDINATED_UNIVERSAL_TIME_OFFSET ( 5, 0, .BEHIND. ) ;
#1942 = EDGE_CURVE ( 'NONE', #2595, #2622, #2592, .T. ) ;
#1943 = EDGE_CURVE ( 'NONE', #581, #6, #1883, .T. ) ;
#1944 = ORIENTED_EDGE ( 'NONE', *, *, #7, .F. ) ;
#1945 = ORIENTED_EDGE ( 'NONE', *, *, #1708, .F. ) ;
#1946 = LINE ( 'NONE', #2181, #23 ) ;
#1947 = CARTESIAN_POINT ( 'NONE',  ( -12.85036880927286873, -4.200000000000000178, 2.998419388830332100 ) ) ;
#1948 = LINE ( 'NONE', #1931, #1511 ) ;
#1949 = CIRCLE ( 'NONE', #2817, 0.1999999999999996503 ) ;
#1950 = VERTEX_POINT ( 'NONE', #138 ) ;
#1951 = CARTESIAN_POINT ( 'NONE',  ( -3.800000000000008260, 4.199999999999999289, 4.500000000000000000 ) ) ;
#1952 = DIRECTION ( 'NONE',  ( 0.000000000000000000, 1.000000000000000000, -1.376764663473656710E-16 ) ) ;
#1953 = CARTESIAN_POINT ( 'NONE',  ( -16.79129437599001662, 7.121320343559641053, 5.799999999999715605 ) ) ;
#1954 = CARTESIAN_POINT ( 'NONE',  ( -24.40000000000001279, 15.79999999999999893, 5.249999999999999112 ) ) ;
#1955 = CARTESIAN_POINT ( 'NONE',  ( -28.00000000000030909, 15.79999999999984972, 5.799239068283318588 ) ) ;
#1956 = VERTEX_POINT ( 'NONE', #1379 ) ;
#1957 = FACE_OUTER_BOUND ( 'NONE', #2690, .T. ) ;
#1958 = PERSON_AND_ORGANIZATION ( #653, #86 ) ;
#1959 = ORIENTED_EDGE ( 'NONE', *, *, #150, .T. ) ;
#1960 = ORIENTED_EDGE ( 'NONE', *, *, #718, .T. ) ;
#1961 = EDGE_CURVE ( 'NONE', #2595, #2253, #1910, .T. ) ;
#1962 = CARTESIAN_POINT ( 'NONE',  ( -29.00000000000001421, 4.199999999999999289, 1.999999999999999112 ) ) ;
#1963 = CARTESIAN_POINT ( 'NONE',  ( -0.4999999999999682476, 4.199999999999999289, 4.500000000000000000 ) ) ;
#1964 = CARTESIAN_POINT ( 'NONE',  ( -16.00000000000001421, 28.89999999999999503, 11.54999999999999538 ) ) ;
#1965 = CIRCLE ( 'NONE', #257, 9.500000000000616396 ) ;
#1966 = VERTEX_POINT ( 'NONE', #1428 ) ;
#1967 = ADVANCED_FACE ( 'NONE', ( #1875 ), #2402, .T. ) ;
#1968 = CARTESIAN_POINT ( 'NONE',  ( -2.391294375990015375, 4.199999999999999289, 5.799999999999815969 ) ) ;
#1969 = LINE ( 'NONE', #2157, #315 ) ;
#1970 = CARTESIAN_POINT ( 'NONE',  ( -6.513937382061638637, 4.199999999999999289, 5.845445923121062037 ) ) ;
#1971 = CARTESIAN_POINT ( 'NONE',  ( -26.48364840024023081, 17.27223612395727059, 10.86370782767548349 ) ) ;
#1972 = VERTEX_POINT ( 'NONE', #165 ) ;
#1973 = DIRECTION ( 'NONE',  ( -1.000000000000000000, 0.000000000000000000, -0.000000000000000000 ) ) ;
#1974 = DATE_TIME_ROLE ( 'classification_date' ) ;
#1975 = ORIENTED_EDGE ( 'NONE', *, *, #2539, .F. ) ;
#1976 = ORIENTED_EDGE ( 'NONE', *, *, #220, .F. ) ;
#1977 = PLANE ( 'NONE',  #2033 ) ;
#1978 = CYLINDRICAL_SURFACE ( 'NONE', #1482, 0.1999999999999996503 ) ;
#1979 = DIRECTION ( 'NONE',  ( 0.000000000000000000, -1.000000000000000000, 0.000000000000000000 ) ) ;
#1980 = EDGE_CURVE ( 'NONE', #2308, #201, #1152, .T. ) ;
#1981 = ORIENTED_EDGE ( 'NONE', *, *, #1664, .T. ) ;
#1982 = ORIENTED_EDGE ( 'NONE', *, *, #1824, .F. ) ;
#1983 = DIRECTION ( 'NONE',  ( -0.000000000000000000, 1.000000000000000000, 0.000000000000000000 ) ) ;
#1984 = LINE ( 'NONE', #1230, #1039 ) ;
#1985 = EDGE_CURVE ( 'NONE', #2379, #791, #517, .T. ) ;
#1986 = EDGE_CURVE ( 'NONE', #3001, #3076, #2917, .T. ) ;
#1987 = AXIS2_PLACEMENT_3D ( 'NONE', #1383, #2613, #2360 ) ;
#1988 = DIRECTION ( 'NONE',  ( 0.000000000000000000, 1.000000000000000000, -1.376764663473656710E-16 ) ) ;
#1989 = CARTESIAN_POINT ( 'NONE',  ( -28.00000000000001421, 15.79999999999999893, 11.13175264689256139 ) ) ;
#1990 = AXIS2_PLACEMENT_3D ( 'NONE', #2100, #3102, #2624 ) ;
#1991 = ORIENTED_EDGE ( 'NONE', *, *, #936, .F. ) ;
#1992 = LINE ( 'NONE', #1700, #3006 ) ;
#1993 = AXIS2_PLACEMENT_3D ( 'NONE', #1387, #378, #2333 ) ;
#1994 = PERSON_AND_ORGANIZATION_ROLE ( 'classification_officer' ) ;
#1995 = VECTOR ( 'NONE', #940, 1000.000000000000000 ) ;
#1996 = ORIENTED_EDGE ( 'NONE', *, *, #3071, .F. ) ;
#1997 = ORIENTED_EDGE ( 'NONE', *, *, #3070, .F. ) ;
#1998 = DIRECTION ( 'NONE',  ( -0.000000000000000000, -1.000000000000000000, -2.168404344971008128E-16 ) ) ;
#1999 = LINE ( 'NONE', #996, #387 ) ;
#2000 = APPROVAL_PERSON_ORGANIZATION ( #742, #1743, #2967 ) ;
#2001 = CARTESIAN_POINT ( 'NONE',  ( -16.00000000000001421, 16.79999999999999716, 11.54999999999999716 ) ) ;
#2002 = VERTEX_POINT ( 'NONE', #1480 ) ;
#2003 = FACE_OUTER_BOUND ( 'NONE', #2296, .T. ) ;
#2004 = DIRECTION ( 'NONE',  ( 0.000000000000000000, -1.000000000000000000, 0.000000000000000000 ) ) ;
#2005 = ADVANCED_FACE ( 'NONE', ( #1957 ), #2453, .T. ) ;
#2006 = CARTESIAN_POINT ( 'NONE',  ( -4.791294375990018395, 4.199999999999999289, 5.799999999999799094 ) ) ;
#2007 = ADVANCED_FACE ( 'NONE', ( #2248 ), #3, .F. ) ;
#2008 = ADVANCED_FACE ( 'NONE', ( #1255 ), #1236, .F. ) ;
#2009 = DIRECTION ( 'NONE',  ( -0.9738412097417933344, 0.000000000000000000, -0.2272296156064183281 ) ) ;
#2010 = COORDINATED_UNIVERSAL_TIME_OFFSET ( 5, 0, .BEHIND. ) ;
#2011 = ORIENTED_EDGE ( 'NONE', *, *, #3020, .F. ) ;
#2012 = VERTEX_POINT ( 'NONE', #1461 ) ;
#2013 = LINE ( 'NONE', #2984, #1111 ) ;
#2014 = LINE ( 'NONE', #2986, #3057 ) ;
#2015 = CARTESIAN_POINT ( 'NONE',  ( 1.999999999999991340, 4.199999999999998401, 9.000000000000000000 ) ) ;
#2016 = ORIENTED_EDGE ( 'NONE', *, *, #762, .F. ) ;
#2017 = ORIENTED_EDGE ( 'NONE', *, *, #1539, .F. ) ;
#2018 = LINE ( 'NONE', #529, #1900 ) ;
#2019 = LINE ( 'NONE', #3021, #2063 ) ;
#2020 = AXIS2_PLACEMENT_3D ( 'NONE', #32, #1555, #2047 ) ;
#2021 = CARTESIAN_POINT ( 'NONE',  ( -18.00000000000001421, 15.79999999999999893, 5.249999999999999112 ) ) ;
#2022 = CARTESIAN_POINT ( 'NONE',  ( -18.20000000000000284, 7.121320343559641053, 4.500000000000000000 ) ) ;
#2023 = EDGE_CURVE ( 'NONE', #2056, #2611, #1992, .T. ) ;
#2024 = VERTEX_POINT ( 'NONE', #2947 ) ;
#2025 = PLANE ( 'NONE',  #1211 ) ;
#2026 = CARTESIAN_POINT ( 'NONE',  ( -2.900000000000006573, 7.121320343559641053, 4.500000000000000000 ) ) ;
#2027 = FACE_OUTER_BOUND ( 'NONE', #882, .T. ) ;
#2028 = VERTEX_POINT ( 'NONE', #956 ) ;
#2029 = VERTEX_POINT ( 'NONE', #1200 ) ;
#2030 = LINE ( 'NONE', #3063, #2964 ) ;
#2031 = DIRECTION ( 'NONE',  ( 0.000000000000000000, -1.000000000000000000, 0.000000000000000000 ) ) ;
#2032 = CARTESIAN_POINT ( 'NONE',  ( 0.000000000000000000, -4.200000000000000178, 5.999999999999748646 ) ) ;
#2033 = AXIS2_PLACEMENT_3D ( 'NONE', #1753, #214, #1204 ) ;
#2034 = VERTEX_POINT ( 'NONE', #2671 ) ;
#2035 = CARTESIAN_POINT ( 'NONE',  ( 0.000000000000000000, 4.199999999999999289, 4.500000000000000000 ) ) ;
#2036 = AXIS2_PLACEMENT_3D ( 'NONE', #2846, #2096, #1634 ) ;
#2037 = EDGE_LOOP ( 'NONE', ( #2935, #1045, #2873, #1534 ) ) ;
#2038 = VECTOR ( 'NONE', #3049, 1000.000000000000000 ) ;
#2039 = DIRECTION ( 'NONE',  ( 0.000000000000000000, 1.000000000000000000, 2.168404344971008128E-16 ) ) ;
#2040 = CARTESIAN_POINT ( 'NONE',  ( -26.23566934880683021, 17.00934531430171504, 5.249999999999999112 ) ) ;
#2041 = EDGE_CURVE ( 'NONE', #826, #368, #2433, .T. ) ;
#2042 = EDGE_CURVE ( 'NONE', #2736, #2461, #484, .T. ) ;
#2043 = VECTOR ( 'NONE', #814, 1000.000000000000000 ) ;
#2044 = ORIENTED_EDGE ( 'NONE', *, *, #594, .F. ) ;
#2045 = EDGE_LOOP ( 'NONE', ( #2327, #1263, #1913, #1597 ) ) ;
#2046 = CARTESIAN_POINT ( 'NONE',  ( 0.000000000000000000, 7.121320343559641053, 5.999999999999833022 ) ) ;
#2047 = DIRECTION ( 'NONE',  ( 0.000000000000000000, 0.000000000000000000, -1.000000000000000000 ) ) ;
#2048 = FACE_OUTER_BOUND ( 'NONE', #476, .T. ) ;
#2049 = DIRECTION ( 'NONE',  ( -0.2272296156064183004, 0.000000000000000000, 0.9738412097417932234 ) ) ;
#2050 = EDGE_LOOP ( 'NONE', ( #1054, #751, #1609, #328 ) ) ;
#2051 = ORIENTED_EDGE ( 'NONE', *, *, #1980, .T. ) ;
#2052 = DIRECTION ( 'NONE',  ( 0.000000000000000000, 0.000000000000000000, 1.000000000000000000 ) ) ;
#2053 = CARTESIAN_POINT ( 'NONE',  ( -25.18526601487769057, 18.23568572061511617, 5.250000000000000000 ) ) ;
#2054 = AXIS2_PLACEMENT_3D ( 'NONE', #1175, #2153, #2439 ) ;
#2055 = ADVANCED_FACE ( 'NONE', ( #1009 ), #741, .F. ) ;
#2056 = VERTEX_POINT ( 'NONE', #2485 ) ;
#2057 = ORIENTED_EDGE ( 'NONE', *, *, #1863, .T. ) ;
#2058 = DIRECTION ( 'NONE',  ( 0.000000000000000000, -1.000000000000000000, 0.000000000000000000 ) ) ;
#2059 = AXIS2_PLACEMENT_3D ( 'NONE', #1922, #1873, #3069 ) ;
#2060 = CARTESIAN_POINT ( 'NONE',  ( -8.298208640674353376, 4.199999999999999289, 1.936248682824014855 ) ) ;
#2061 = ADVANCED_FACE ( 'NONE', ( #1498 ), #1218, .T. ) ;
#2062 = LINE ( 'NONE', #1309, #335 ) ;
#2063 = VECTOR ( 'NONE', #3033, 1000.000000000000000 ) ;
#2064 = VECTOR ( 'NONE', #1191, 1000.000000000000000 ) ;
#2065 = LINE ( 'NONE', #1326, #1478 ) ;
#2066 = ORIENTED_EDGE ( 'NONE', *, *, #2173, .F. ) ;
#2067 = ORIENTED_EDGE ( 'NONE', *, *, #2175, .F. ) ;
#2068 = CARTESIAN_POINT ( 'NONE',  ( -0.1860626179383748080, 4.199999999999999289, 5.845445923121114440 ) ) ;
#2069 = LINE ( 'NONE', #343, #1538 ) ;
#2070 = ORIENTED_EDGE ( 'NONE', *, *, #3172, .T. ) ;
#2071 = ORIENTED_EDGE ( 'NONE', *, *, #1282, .T. ) ;
#2072 = CARTESIAN_POINT ( 'NONE',  ( -18.21095189484531929, 16.79999999999999716, 4.049999999999998934 ) ) ;
#2073 = DIRECTION ( 'NONE',  ( 0.000000000000000000, -1.000000000000000000, 0.000000000000000000 ) ) ;
#2074 = CARTESIAN_POINT ( 'NONE',  ( -18.51393738206163775, -4.200000000000000178, 5.845445923120984766 ) ) ;
#2075 = EDGE_CURVE ( 'NONE', #564, #2823, #1925, .T. ) ;
#2076 = EDGE_CURVE ( 'NONE', #2379, #830, #1683, .T. ) ;
#2077 = CARTESIAN_POINT ( 'NONE',  ( -24.23693168768530271, 4.199999999999999289, 6.000000000000000000 ) ) ;
#2078 = CARTESIAN_POINT ( 'NONE',  ( -21.83095189484632215, 28.89999999999999503, 19.04999999999999005 ) ) ;
#2079 = DIRECTION ( 'NONE',  ( -0.000000000000000000, 1.000000000000000000, -1.376764663473656710E-16 ) ) ;
#2080 = CIRCLE ( 'NONE', #128, 0.1999999999999996503 ) ;
#2081 = ORIENTED_EDGE ( 'NONE', *, *, #1312, .F. ) ;
#2082 = VERTEX_POINT ( 'NONE', #1445 ) ;
#2083 = CARTESIAN_POINT ( 'NONE',  ( -16.00000000000001421, 28.89999999999999503, 11.54999999999999538 ) ) ;
#2084 = AXIS2_PLACEMENT_3D ( 'NONE', #991, #763, #244 ) ;
#2085 = DIRECTION ( 'NONE',  ( 0.000000000000000000, 0.000000000000000000, -1.000000000000000000 ) ) ;
#2086 = AXIS2_PLACEMENT_3D ( 'NONE', #1297, #68, #806 ) ;
#2087 = EDGE_LOOP ( 'NONE', ( #3061, #1019, #217, #2372 ) ) ;
#2088 = ORIENTED_EDGE ( 'NONE', *, *, #2896, .F. ) ;
#2089 = LINE ( 'NONE', #1791, #900 ) ;
#2090 = VECTOR ( 'NONE', #608, 1000.000000000000000 ) ;
#2091 = DIRECTION ( 'NONE',  ( 0.000000000000000000, -1.000000000000000000, 0.000000000000000000 ) ) ;
#2092 = CYLINDRICAL_SURFACE ( 'NONE', #2594, 0.1999999999999996503 ) ;
#2093 = EDGE_CURVE ( 'NONE', #794, #3140, #2417, .T. ) ;
#2094 = EDGE_CURVE ( 'NONE', #2359, #2012, #3152, .T. ) ;
#2095 = CARTESIAN_POINT ( 'NONE',  ( -21.83095189484632215, 16.79999999999999716, 19.04999999999999005 ) ) ;
#2096 = DIRECTION ( 'NONE',  ( -0.000000000000000000, -1.000000000000000000, -2.168404344971008128E-16 ) ) ;
#2097 = CARTESIAN_POINT ( 'NONE',  ( -25.56511907495260871, 20.34654678948795947, 7.183140810621903682 ) ) ;
#2098 = ORIENTED_EDGE ( 'NONE', *, *, #146, .F. ) ;
#2099 = ADVANCED_FACE ( 'NONE', ( #725 ), #1341, .F. ) ;
#2100 = CARTESIAN_POINT ( 'NONE',  ( -13.98840885142261747, 7.121320343559641053, -3.263962065331942775 ) ) ;
#2101 = DIRECTION ( 'NONE',  ( 0.000000000000000000, -1.000000000000000000, 0.000000000000000000 ) ) ;
#2102 = ORIENTED_EDGE ( 'NONE', *, *, #192, .F. ) ;
#2103 = ORIENTED_EDGE ( 'NONE', *, *, #3114, .T. ) ;
#2104 = DIRECTION ( 'NONE',  ( 0.000000000000000000, -1.156482317317871725E-15, -1.000000000000000000 ) ) ;
#2105 = DIRECTION ( 'NONE',  ( 1.000000000000000000, -0.000000000000000000, -0.000000000000000000 ) ) ;
#2106 = DIRECTION ( 'NONE',  ( -8.673617379884051249E-15, 0.000000000000000000, 1.000000000000000000 ) ) ;
#2107 = VECTOR ( 'NONE', #945, 1000.000000000000000 ) ;
#2108 = LINE ( 'NONE', #671, #878 ) ;
#2109 = VECTOR ( 'NONE', #2632, 1000.000000000000000 ) ;
#2110 = CARTESIAN_POINT ( 'NONE',  ( -1.469968387776576346, 7.121320343559641053, 0.3429926238145342698 ) ) ;
#2111 = CARTESIAN_POINT ( 'NONE',  ( -26.13135178007369674, 19.84442807784167329, 14.36237446990722155 ) ) ;
#2112 = PRODUCT_DEFINITION ( 'UNKNOWN', '', #2650, #1245 ) ;
#2113 = AXIS2_PLACEMENT_3D ( 'NONE', #1920, #1194, #1209 ) ;
#2114 = ORIENTED_EDGE ( 'NONE', *, *, #1986, .T. ) ;
#2115 = LINE ( 'NONE', #405, #2292 ) ;
#2116 = DIRECTION ( 'NONE',  ( 8.673617379884051249E-15, 0.000000000000000000, -1.000000000000000000 ) ) ;
#2117 = ADVANCED_FACE ( 'NONE', ( #100 ), #563, .F. ) ;
#2118 = ADVANCED_FACE ( 'NONE', ( #551 ), #1088, .T. ) ;
#2119 = ORIENTED_EDGE ( 'NONE', *, *, #982, .T. ) ;
#2120 = ORIENTED_EDGE ( 'NONE', *, *, #2277, .T. ) ;
#2121 = FACE_OUTER_BOUND ( 'NONE', #3041, .T. ) ;
#2122 = FACE_OUTER_BOUND ( 'NONE', #2884, .T. ) ;
#2123 = DIRECTION ( 'NONE',  ( 0.000000000000000000, -1.000000000000000000, 0.000000000000000000 ) ) ;
#2124 = CARTESIAN_POINT ( 'NONE',  ( 0.4912943759900028073, 7.121320343559641053, 5.999999999999833022 ) ) ;
#2125 = DIRECTION ( 'NONE',  ( 0.000000000000000000, -1.000000000000000000, 0.000000000000000000 ) ) ;
#2126 = DIRECTION ( 'NONE',  ( 0.2272296156064183004, 0.000000000000000000, 0.9738412097417932234 ) ) ;
#2127 = CARTESIAN_POINT ( 'NONE',  ( -26.50031334570837771, 19.37026081917488796, 11.26955361238927722 ) ) ;
#2128 = ORIENTED_EDGE ( 'NONE', *, *, #400, .T. ) ;
#2129 = LINE ( 'NONE', #180, #800 ) ;
#2130 = CARTESIAN_POINT ( 'NONE',  ( -4.308705624009999013, 7.121320343559641053, 5.999999999999799272 ) ) ;
#2131 = VERTEX_POINT ( 'NONE', #1825 ) ;
#2132 = AXIS2_PLACEMENT_3D ( 'NONE', #507, #1485, #2970 ) ;
#2133 = VERTEX_POINT ( 'NONE', #2787 ) ;
#2134 = ADVANCED_FACE ( 'NONE', ( #2993 ), #1795, .F. ) ;
#2135 = DIRECTION ( 'NONE',  ( 1.000000000000000000, -0.000000000000000000, 0.000000000000000000 ) ) ;
#2136 = EDGE_CURVE ( 'NONE', #2186, #2801, #56, .T. ) ;
#2137 = CARTESIAN_POINT ( 'NONE',  ( 0.008705624009983786715, 4.199999999999999289, 5.799999999999832845 ) ) ;
#2138 = AXIS2_PLACEMENT_3D ( 'NONE', #276, #504, #709 ) ;
#2139 = EDGE_LOOP ( 'NONE', ( #2128, #942, #2642, #999 ) ) ;
#2140 = LINE ( 'NONE', #1919, #2262 ) ;
#2141 = AXIS2_PLACEMENT_3D ( 'NONE', #273, #1070, #1546 ) ;
#2142 = VECTOR ( 'NONE', #555, 1000.000000000000000 ) ;
#2143 = LINE ( 'NONE', #1661, #2216 ) ;
#2144 = VECTOR ( 'NONE', #3163, 1000.000000000000000 ) ;
#2145 = CARTESIAN_POINT ( 'NONE',  ( -19.67860906217064354, 4.199999999999999289, 4.591675447839814517 ) ) ;
#2146 = DIRECTION ( 'NONE',  ( -0.000000000000000000, 1.000000000000000000, -0.000000000000000000 ) ) ;
#2147 = VERTEX_POINT ( 'NONE', #2542 ) ;
#2148 = DIRECTION ( 'NONE',  ( 0.000000000000000000, 0.000000000000000000, 1.000000000000000000 ) ) ;
#2149 = DIRECTION ( 'NONE',  ( -1.000000000000000000, 0.000000000000000000, 0.000000000000000000 ) ) ;
#2150 = ORIENTED_EDGE ( 'NONE', *, *, #2603, .F. ) ;
#2151 = ORIENTED_EDGE ( 'NONE', *, *, #2544, .T. ) ;
#2152 = DIRECTION ( 'NONE',  ( 0.000000000000000000, 0.000000000000000000, 1.000000000000000000 ) ) ;
#2153 = DIRECTION ( 'NONE',  ( -0.9738412097417933344, 0.000000000000000000, 0.2272296156064183281 ) ) ;
#2154 = EDGE_CURVE ( 'NONE', #2916, #1350, #181, .T. ) ;
#2155 = VERTEX_POINT ( 'NONE', #2516 ) ;
#2156 = DIRECTION ( 'NONE',  ( 0.000000000000000000, -1.000000000000000000, 0.000000000000000000 ) ) ;
#2157 = CARTESIAN_POINT ( 'NONE',  ( 0.000000000000000000, 4.199999999999999289, 4.500000000000000000 ) ) ;
#2158 = EDGE_CURVE ( 'NONE', #2442, #2916, #2980, .T. ) ;
#2159 = VECTOR ( 'NONE', #542, 1000.000000000000000 ) ;
#2160 = LINE ( 'NONE', #2686, #2755 ) ;
#2161 = CARTESIAN_POINT ( 'NONE',  ( -16.11393738206163917, -4.200000000000000178, 5.845445923120997200 ) ) ;
#2162 = CIRCLE ( 'NONE', #662, 0.1999999999999996503 ) ;
#2163 = VERTEX_POINT ( 'NONE', #1311 ) ;
#2164 = DIRECTION ( 'NONE',  ( 0.000000000000000000, 1.376764663473656710E-16, 1.000000000000000000 ) ) ;
#2165 = FACE_OUTER_BOUND ( 'NONE', #674, .T. ) ;
#2166 = AXIS2_PLACEMENT_3D ( 'NONE', #1871, #2125, #175 ) ;
#2167 = ORIENTED_EDGE ( 'NONE', *, *, #375, .T. ) ;
#2168 = ORIENTED_EDGE ( 'NONE', *, *, #2961, .T. ) ;
#2169 = PLANE ( 'NONE',  #3099 ) ;
#2170 = FACE_OUTER_BOUND ( 'NONE', #2375, .T. ) ;
#2171 = FACE_OUTER_BOUND ( 'NONE', #108, .T. ) ;
#2172 = DIRECTION ( 'NONE',  ( -1.000000000000000000, 0.000000000000000000, -0.000000000000000000 ) ) ;
#2173 = EDGE_CURVE ( 'NONE', #2919, #2231, #336, .T. ) ;
#2174 = CARTESIAN_POINT ( 'NONE',  ( -1.713937382061637482, 4.199999999999999289, 5.845445923121096676 ) ) ;
#2175 = EDGE_CURVE ( 'NONE', #2801, #345, #2065, .T. ) ;
#2176 = CARTESIAN_POINT ( 'NONE',  ( -28.00000000000001421, 15.79999999999999893, 12.41969202844033759 ) ) ;
#2177 = EDGE_LOOP ( 'NONE', ( #1975, #1258, #2151, #1110, #787, #1447, #1581, #119, #1591, #2766 ) ) ;
#2178 = DIRECTION ( 'NONE',  ( 1.000000000000000000, -0.000000000000000000, 0.000000000000000000 ) ) ;
#2179 = ORIENTED_EDGE ( 'NONE', *, *, #2238, .F. ) ;
#2180 = ORIENTED_EDGE ( 'NONE', *, *, #69, .F. ) ;
#2181 = CARTESIAN_POINT ( 'NONE',  ( 3.999999999999991562, -4.200000000000001066, 9.000000000000000000 ) ) ;
#2182 = DIRECTION ( 'NONE',  ( 0.000000000000000000, -1.000000000000000000, 0.000000000000000000 ) ) ;
#2183 = DIRECTION ( 'NONE',  ( -1.000000000000000000, 0.000000000000000000, 2.396026900519789297E-16 ) ) ;
#2184 = VECTOR ( 'NONE', #558, 1000.000000000000000 ) ;
#2185 = VECTOR ( 'NONE', #3141, 1000.000000000000000 ) ;
#2186 = VERTEX_POINT ( 'NONE', #3040 ) ;
#2187 = CARTESIAN_POINT ( 'NONE',  ( 1.999999999999991340, 4.999999999999999112, 2.000000000000000000 ) ) ;
#2188 = AXIS2_PLACEMENT_3D ( 'NONE', #1652, #2164, #388 ) ;
#2189 = LINE ( 'NONE', #1677, #109 ) ;
#2190 = CIRCLE ( 'NONE', #1067, 0.1999999999999996503 ) ;
#2191 = CARTESIAN_POINT ( 'NONE',  ( -28.00000000000001421, 4.200000000000000178, 5.250000000000000000 ) ) ;
#2192 = VECTOR ( 'NONE', #2764, 1000.000000000000000 ) ;
#2193 = CARTESIAN_POINT ( 'NONE',  ( -28.00000000000001421, 15.79999999999999893, 9.428952285814169443 ) ) ;
#2194 = ADVANCED_FACE ( 'NONE', ( #1561 ), #1042, .F. ) ;
#2195 = EDGE_LOOP ( 'NONE', ( #3012, #124, #802, #1497 ) ) ;
#2196 = DIRECTION ( 'NONE',  ( 0.000000000000000000, -1.000000000000000000, 0.000000000000000000 ) ) ;
#2197 = CALENDAR_DATE ( 2026, 17, 6 ) ;
#2198 = ADVANCED_FACE ( 'NONE', ( #351 ), #2280, .T. ) ;
#2199 = ORIENTED_EDGE ( 'NONE', *, *, #2623, .F. ) ;
#2200 = VERTEX_POINT ( 'NONE', #40 ) ;
#2201 = CARTESIAN_POINT ( 'NONE',  ( 0.000000000000000000, 4.199999999999999289, 4.500000000000000000 ) ) ;
#2202 = CARTESIAN_POINT ( 'NONE',  ( -21.78606261793837362, 4.199999999999999289, 5.845445923120964338 ) ) ;
#2203 = PLANE ( 'NONE',  #1699 ) ;
#2204 = ORIENTED_EDGE ( 'NONE', *, *, #1558, .F. ) ;
#2205 = CARTESIAN_POINT ( 'NONE',  ( -20.60000000000000142, -4.200000000000001066, 4.500000000000000000 ) ) ;
#2206 = CARTESIAN_POINT ( 'NONE',  ( -9.591294375990017329, 7.121320343559641053, 5.799999999999765343 ) ) ;
#2207 = LINE ( 'NONE', #195, #493 ) ;
#2208 = CARTESIAN_POINT ( 'NONE',  ( -26.12775282688467016, 19.84903644648225551, 8.722023760710426288 ) ) ;
#2209 = ORIENTED_EDGE ( 'NONE', *, *, #1373, .T. ) ;
#2210 = VECTOR ( 'NONE', #118, 1000.000000000000000 ) ;
#2211 = DIRECTION ( 'NONE',  ( 1.000000000000000000, -0.000000000000000000, 0.000000000000000000 ) ) ;
#2212 = COORDINATED_UNIVERSAL_TIME_OFFSET ( 5, 0, .BEHIND. ) ;
#2213 = ORIENTED_EDGE ( 'NONE', *, *, #593, .T. ) ;
#2214 = EDGE_LOOP ( 'NONE', ( #1945, #1960, #2812, #2996 ) ) ;
#2215 = DIRECTION ( 'NONE',  ( 0.000000000000000000, 0.000000000000000000, 1.000000000000000000 ) ) ;
#2216 = VECTOR ( 'NONE', #3067, 1000.000000000000000 ) ;
#2217 = LINE ( 'NONE', #1261, #2704 ) ;
#2218 = EDGE_CURVE ( 'NONE', #1215, #278, #2757, .T. ) ;
#2219 = EDGE_CURVE ( 'NONE', #1864, #1892, #1779, .T. ) ;
#2220 = LINE ( 'NONE', #1673, #2320 ) ;
#2221 = VECTOR ( 'NONE', #1130, 1000.000000000000000 ) ;
#2222 = ORIENTED_EDGE ( 'NONE', *, *, #380, .F. ) ;
#2223 = DIRECTION ( 'NONE',  ( 0.000000000000000000, 0.000000000000000000, -1.000000000000000000 ) ) ;
#2224 = DIRECTION ( 'NONE',  ( 0.000000000000000000, 1.376764663473656710E-16, 1.000000000000000000 ) ) ;
#2225 = CYLINDRICAL_SURFACE ( 'NONE', #666, 0.1999999999999996503 ) ;
#2226 = DIRECTION ( 'NONE',  ( 0.000000000000000000, 0.000000000000000000, 1.000000000000000000 ) ) ;
#2227 = CARTESIAN_POINT ( 'NONE',  ( -26.26503835736256676, 19.68473612815781948, 9.268615683254463278 ) ) ;
#2228 = ORIENTED_EDGE ( 'NONE', *, *, #323, .F. ) ;
#2229 = DIRECTION ( 'NONE',  ( -2.312964634635743450E-16, -2.312964634635743450E-16, -1.000000000000000000 ) ) ;
#2230 = DATE_AND_TIME ( #2197, #909 ) ;
#2231 = VERTEX_POINT ( 'NONE', #71 ) ;
#2232 = ORIENTED_EDGE ( 'NONE', *, *, #72, .T. ) ;
#2233 = LINE ( 'NONE', #1015, #633 ) ;
#2234 = CARTESIAN_POINT ( 'NONE',  ( -17.21095189484531573, 15.80000000000000071, 20.04999999999999361 ) ) ;
#2235 = PLANE ( 'NONE',  #1185 ) ;
#2236 = EDGE_CURVE ( 'NONE', #2324, #954, #2500, .T. ) ;
#2237 = ORIENTED_EDGE ( 'NONE', *, *, #1434, .F. ) ;
#2238 = EDGE_CURVE ( 'NONE', #2456, #2029, #1547, .T. ) ;
#2239 = ORIENTED_EDGE ( 'NONE', *, *, #2616, .T. ) ;
#2240 = FACE_OUTER_BOUND ( 'NONE', #765, .T. ) ;
#2241 = CARTESIAN_POINT ( 'NONE',  ( -2.586062617938374331, 7.121320343559641053, 5.845445923121097564 ) ) ;
#2242 = AXIS2_PLACEMENT_3D ( 'NONE', #2790, #1797, #2561 ) ;
#2243 = ADVANCED_FACE ( 'NONE', ( #431 ), #2863, .T. ) ;
#2244 = VECTOR ( 'NONE', #2340, 1000.000000000000000 ) ;
#2245 = DIRECTION ( 'NONE',  ( 0.000000000000000000, 0.000000000000000000, -1.000000000000000000 ) ) ;
#2246 = CARTESIAN_POINT ( 'NONE',  ( -28.00000000000001421, 15.79999999999999538, 4.652654736071124120 ) ) ;
#2247 = CIRCLE ( 'NONE', #750, 0.1999999999999996503 ) ;
#2248 = FACE_OUTER_BOUND ( 'NONE', #1502, .T. ) ;
#2249 = VECTOR ( 'NONE', #908, 1000.000000000000000 ) ;
#2250 = MECHANICAL_CONTEXT ( 'NONE', #497, 'mechanical' ) ;
#2251 = CIRCLE ( 'NONE', #1069, 0.1999999999999996503 ) ;
#2252 = ORIENTED_EDGE ( 'NONE', *, *, #2701, .T. ) ;
#2253 = VERTEX_POINT ( 'NONE', #2633 ) ;
#2254 = PLANE ( 'NONE',  #2848 ) ;
#2255 = DIRECTION ( 'NONE',  ( -0.000000000000000000, 1.000000000000000000, -0.000000000000000000 ) ) ;
#2256 = LINE ( 'NONE', #45, #1388 ) ;
#2257 = ORIENTED_EDGE ( 'NONE', *, *, #2979, .T. ) ;
#2258 = ORIENTED_EDGE ( 'NONE', *, *, #91, .T. ) ;
#2259 = DIRECTION ( 'NONE',  ( 0.000000000000000000, -0.000000000000000000, 1.000000000000000000 ) ) ;
#2260 = DIRECTION ( 'NONE',  ( -0.000000000000000000, -1.000000000000000000, -0.000000000000000000 ) ) ;
#2261 = EDGE_CURVE ( 'NONE', #1506, #2750, #1814, .T. ) ;
#2262 = VECTOR ( 'NONE', #2911, 1000.000000000000000 ) ;
#2263 = DIRECTION ( 'NONE',  ( 0.2272296156064183004, 0.000000000000000000, 0.9738412097417932234 ) ) ;
#2264 = EDGE_CURVE ( 'NONE', #954, #1878, #2606, .T. ) ;
#2265 = CARTESIAN_POINT ( 'NONE',  ( 0.9999999999999940048, 4.199999999999999289, 4.500000000000000000 ) ) ;
#2266 = CARTESIAN_POINT ( 'NONE',  ( -2.391294375990015375, 7.121320343559641053, 5.799999999999815969 ) ) ;
#2267 = ORIENTED_EDGE ( 'NONE', *, *, #150, .F. ) ;
#2268 = CARTESIAN_POINT ( 'NONE',  ( -1.713937382061637926, 7.121320343559641053, 5.845445923121097564 ) ) ;
#2269 = LINE ( 'NONE', #2922, #960 ) ;
#2270 = DIRECTION ( 'NONE',  ( 0.2272296156064183004, 0.000000000000000000, 0.9738412097417932234 ) ) ;
#2271 = ORIENTED_EDGE ( 'NONE', *, *, #1500, .F. ) ;
#2272 = VERTEX_POINT ( 'NONE', #636 ) ;
#2273 = DIRECTION ( 'NONE',  ( 0.000000000000000000, -1.000000000000000000, 7.477256361968996479E-17 ) ) ;
#2274 = CARTESIAN_POINT ( 'NONE',  ( 0.008705624009983786715, -4.200000000000000178, 5.999999999999833022 ) ) ;
#2275 = AXIS2_PLACEMENT_3D ( 'NONE', #1569, #2537, #50 ) ;
#2276 = PLANE ( 'NONE',  #183 ) ;
#2277 = EDGE_CURVE ( 'NONE', #2395, #2919, #2321, .T. ) ;
#2278 = ADVANCED_FACE ( 'NONE', ( #1843 ), #902, .F. ) ;
#2279 = ORIENTED_EDGE ( 'NONE', *, *, #1412, .T. ) ;
#2280 = CYLINDRICAL_SURFACE ( 'NONE', #2394, 0.1999999999999996503 ) ;
#2281 = ORIENTED_EDGE ( 'NONE', *, *, #976, .T. ) ;
#2282 = EDGE_LOOP ( 'NONE', ( #2051, #889, #1640, #1332, #1899, #683, #3026, #2870, #1702, #1915, #1127, #2088, #2888, #2808, #1207, #746, #103, #2388, #1767, #1320, #1479, #3174, #1012, #487, #783, #877, #2066, #2792, #28, #2946, #318, #42, #556, #354, #716, #1575, #2630, #3100, #1757, #441, #1752, #2044, #2760, #1184, #1365, #1293, #3139, #1735, #494, #1151, #2286, #1812, #2384, #48, #297, #676, #1257, #1850, #1739, #2, #598, #2658, #461, #661, #1501, #2813, #185, #2081, #1927, #419, #1794 ) ) ;
#2283 = DIRECTION ( 'NONE',  ( 0.000000000000000000, -1.000000000000000000, 0.000000000000000000 ) ) ;
#2284 = DIRECTION ( 'NONE',  ( 0.000000000000000000, 0.000000000000000000, -1.000000000000000000 ) ) ;
#2285 = EDGE_LOOP ( 'NONE', ( #2826, #625, #1087, #179 ) ) ;
#2286 = ORIENTED_EDGE ( 'NONE', *, *, #2961, .F. ) ;
#2287 = CARTESIAN_POINT ( 'NONE',  ( -14.39129437599001626, -4.200000000000000178, 5.999999999999731770 ) ) ;
#2288 = DIRECTION ( 'NONE',  ( 0.2272296156064183004, 0.000000000000000000, 0.9738412097417932234 ) ) ;
#2289 = FACE_OUTER_BOUND ( 'NONE', #341, .T. ) ;
#2290 = VECTOR ( 'NONE', #2273, 1000.000000000000000 ) ;
#2291 = DIRECTION ( 'NONE',  ( 0.000000000000000000, 0.000000000000000000, -1.000000000000000000 ) ) ;
#2292 = VECTOR ( 'NONE', #1361, 1000.000000000000000 ) ;
#2293 = EDGE_CURVE ( 'NONE', #29, #3075, #1123, .T. ) ;
#2294 = VERTEX_POINT ( 'NONE', #2367 ) ;
#2295 = VECTOR ( 'NONE', #1690, 1000.000000000000000 ) ;
#2296 = EDGE_LOOP ( 'NONE', ( #243, #1621, #136, #733 ) ) ;
#2297 = FACE_OUTER_BOUND ( 'NONE', #404, .T. ) ;
#2298 = CARTESIAN_POINT ( 'NONE',  ( -25.67712859283686200, 17.59964693698362481, 5.249999999999999112 ) ) ;
#2299 = EDGE_CURVE ( 'NONE', #1878, #626, #284, .T. ) ;
#2300 = VECTOR ( 'NONE', #2868, 1000.000000000000000 ) ;
#2301 = ORIENTED_EDGE ( 'NONE', *, *, #952, .F. ) ;
#2302 = ORIENTED_EDGE ( 'NONE', *, *, #1178, .T. ) ;
#2303 = LINE ( 'NONE', #95, #2639 ) ;
#2304 = CARTESIAN_POINT ( 'NONE',  ( 1.999999999999991340, -7.000000000000000888, 0.000000000000000000 ) ) ;
#2305 = CARTESIAN_POINT ( 'NONE',  ( -1.908705624009996660, 4.199999999999999289, 6.000000000000000000 ) ) ;
#2306 = DIRECTION ( 'NONE',  ( -0.000000000000000000, -1.000000000000000000, -2.168404344971008128E-16 ) ) ;
#2307 = ORIENTED_EDGE ( 'NONE', *, *, #3071, .T. ) ;
#2308 = VERTEX_POINT ( 'NONE', #161 ) ;
#2309 = CC_DESIGN_DATE_AND_TIME_ASSIGNMENT ( #2230, #1974, ( #644 ) ) ;
#2310 = CARTESIAN_POINT ( 'NONE',  ( -4.113937382061640058, 4.199999999999999289, 5.845445923121079801 ) ) ;
#2311 = CARTESIAN_POINT ( 'NONE',  ( -21.10870562400999617, 4.199999999999999289, 6.000000000000000000 ) ) ;
#2312 = VERTEX_POINT ( 'NONE', #1133 ) ;
#2313 = ORIENTED_EDGE ( 'NONE', *, *, #982, .F. ) ;
#2314 = EDGE_CURVE ( 'NONE', #2133, #6, #870, .T. ) ;
#2315 = CARTESIAN_POINT ( 'NONE',  ( -4.308705624009999013, -4.200000000000000178, 5.799999999999799094 ) ) ;
#2316 = EDGE_CURVE ( 'NONE', #1687, #1636, #383, .T. ) ;
#2317 = CARTESIAN_POINT ( 'NONE',  ( -27.82842712474620583, -5.000000000000000888, 2.000000000000000444 ) ) ;
#2318 = LINE ( 'NONE', #944, #3054 ) ;
#2319 = VECTOR ( 'NONE', #2464, 1000.000000000000000 ) ;
#2320 = VECTOR ( 'NONE', #665, 1000.000000000000000 ) ;
#2321 = LINE ( 'NONE', #133, #849 ) ;
#2322 = DIRECTION ( 'NONE',  ( 0.2272296156064183004, 0.000000000000000000, 0.9738412097417932234 ) ) ;
#2323 = ORIENTED_EDGE ( 'NONE', *, *, #3088, .F. ) ;
#2324 = VERTEX_POINT ( 'NONE', #3053 ) ;
#2325 = PLANE ( 'NONE',  #2497 ) ;
#2326 = LINE ( 'NONE', #122, #805 ) ;
#2327 = ORIENTED_EDGE ( 'NONE', *, *, #2041, .T. ) ;
#2328 = EDGE_LOOP ( 'NONE', ( #3157, #209, #93, #778 ) ) ;
#2329 = DIRECTION ( 'NONE',  ( 0.000000000000000000, 0.000000000000000000, -1.000000000000000000 ) ) ;
#2330 = CARTESIAN_POINT ( 'NONE',  ( -24.23693168768530271, 4.199999999999999289, 6.000000000000000000 ) ) ;
#2331 = EDGE_CURVE ( 'NONE', #1864, #2155, #655, .T. ) ;
#2332 = ADVANCED_FACE ( 'NONE', ( #1376 ), #2353, .F. ) ;
#2333 = DIRECTION ( 'NONE',  ( 8.673617379884051249E-15, 0.000000000000000000, 1.000000000000000000 ) ) ;
#2334 = EDGE_CURVE ( 'NONE', #29, #1057, #2382, .T. ) ;
#2335 = CARTESIAN_POINT ( 'NONE',  ( -19.19129437599001520, 4.199999999999999289, 5.799999999999698730 ) ) ;
#2336 = CARTESIAN_POINT ( 'NONE',  ( -13.71393738206163704, 7.121320343559641053, 5.845445923121014964 ) ) ;
#2337 = CARTESIAN_POINT ( 'NONE',  ( -15.12644889357212641, -4.200000000000000178, 3.529504741833492165 ) ) ;
#2338 = AXIS2_PLACEMENT_3D ( 'NONE', #265, #2936, #747 ) ;
#2339 = ORIENTED_EDGE ( 'NONE', *, *, #781, .F. ) ;
#2340 = DIRECTION ( 'NONE',  ( 1.000000000000000000, -0.000000000000000000, -0.000000000000000000 ) ) ;
#2341 = VECTOR ( 'NONE', #2211, 1000.000000000000000 ) ;
#2342 = CARTESIAN_POINT ( 'NONE',  ( -3.800000000000008260, -4.200000000000001066, 4.500000000000000000 ) ) ;
#2343 = AXIS2_PLACEMENT_3D ( 'NONE', #2465, #2929, #2226 ) ;
#2344 = ORIENTED_EDGE ( 'NONE', *, *, #781, .T. ) ;
#2345 = EDGE_LOOP ( 'NONE', ( #2743, #1939, #408, #961 ) ) ;
#2346 = CARTESIAN_POINT ( 'NONE',  ( -19.19129437599001520, 7.121320343559641053, 5.999999999999698019 ) ) ;
#2347 = VECTOR ( 'NONE', #1411, 1000.000000000000000 ) ;
#2348 = FACE_OUTER_BOUND ( 'NONE', #2891, .T. ) ;
#2349 = EDGE_CURVE ( 'NONE', #3062, #1734, #1165, .T. ) ;
#2350 = CARTESIAN_POINT ( 'NONE',  ( -16.98606261793836936, 7.121320343559641053, 5.845445923120998089 ) ) ;
#2351 = VECTOR ( 'NONE', #3032, 1000.000000000000000 ) ;
#2352 = EDGE_CURVE ( 'NONE', #2460, #1950, #1905, .T. ) ;
#2353 = PLANE ( 'NONE',  #1219 ) ;
#2354 = CARTESIAN_POINT ( 'NONE',  ( -26.44113103600154346, 19.45418777847637060, 10.40262492870254540 ) ) ;
#2355 = ORIENTED_EDGE ( 'NONE', *, *, #1985, .F. ) ;
#2356 = LINE ( 'NONE', #1893, #488 ) ;
#2357 = DIRECTION ( 'NONE',  ( 1.000000000000000000, 0.000000000000000000, -0.000000000000000000 ) ) ;
#2358 = ORIENTED_EDGE ( 'NONE', *, *, #1349, .F. ) ;
#2359 = VERTEX_POINT ( 'NONE', #2078 ) ;
#2360 = DIRECTION ( 'NONE',  ( -8.673617379884051249E-15, 0.000000000000000000, -1.000000000000000000 ) ) ;
#2361 = DIRECTION ( 'NONE',  ( 0.000000000000000000, -1.000000000000000000, 0.000000000000000000 ) ) ;
#2362 = CARTESIAN_POINT ( 'NONE',  ( -24.71388731150667439, 16.67690248395260966, 17.43756254452338084 ) ) ;
#2363 = DIRECTION ( 'NONE',  ( 0.000000000000000000, 0.000000000000000000, 1.000000000000000000 ) ) ;
#2364 = VECTOR ( 'NONE', #2322, 1000.000000000000000 ) ;
#2365 = LINE ( 'NONE', #1148, #1298 ) ;
#2366 = VECTOR ( 'NONE', #160, 1000.000000000000000 ) ;
#2367 = CARTESIAN_POINT ( 'NONE',  ( -2.899999999999963496, 4.199999999999999289, 4.500000000000000888 ) ) ;
#2368 = DIRECTION ( 'NONE',  ( -0.9738412097417933344, 0.000000000000000000, 0.2272296156064183281 ) ) ;
#2369 = AXIS2_PLACEMENT_3D ( 'NONE', #15, #1695, #704 ) ;
#2370 = EDGE_CURVE ( 'NONE', #528, #794, #856, .T. ) ;
#2371 = EDGE_CURVE ( 'NONE', #2788, #2272, #2207, .T. ) ;
#2372 = ORIENTED_EDGE ( 'NONE', *, *, #2371, .F. ) ;
#2373 = DIRECTION ( 'NONE',  ( 0.000000000000000000, 0.000000000000000000, -1.000000000000000000 ) ) ;
#2374 = LINE ( 'NONE', #199, #1169 ) ;
#2375 = EDGE_LOOP ( 'NONE', ( #2199, #1030, #2323, #1112 ) ) ;
#2376 = ORIENTED_EDGE ( 'NONE', *, *, #1102, .T. ) ;
#2377 = DIRECTION ( 'NONE',  ( -7.004084973747402777E-16, -1.376764663473656710E-16, -1.000000000000000000 ) ) ;
#2378 = FACE_OUTER_BOUND ( 'NONE', #21, .T. ) ;
#2379 = VERTEX_POINT ( 'NONE', #949 ) ;
#2380 = PLANE ( 'NONE',  #3118 ) ;
#2381 = DIRECTION ( 'NONE',  ( -1.000000000000000000, 0.000000000000000000, 0.000000000000000000 ) ) ;
#2382 = LINE ( 'NONE', #1662, #436 ) ;
#2383 = DIRECTION ( 'NONE',  ( 0.7071067811865517916, -1.533293416683364524E-16, 0.7071067811865433539 ) ) ;
#2384 = ORIENTED_EDGE ( 'NONE', *, *, #2918, .F. ) ;
#2385 = DIRECTION ( 'NONE',  ( 0.000000000000000000, -1.000000000000000000, 0.000000000000000000 ) ) ;
#2386 = CARTESIAN_POINT ( 'NONE',  ( -24.40000000000002345, 20.51030392942155345, 5.250000000000000000 ) ) ;
#2387 = ADVANCED_FACE ( 'NONE', ( #2429 ), #1181, .T. ) ;
#2388 = ORIENTED_EDGE ( 'NONE', *, *, #1216, .F. ) ;
#2389 = VECTOR ( 'NONE', #2597, 1000.000000000000000 ) ;
#2390 = ORIENTED_EDGE ( 'NONE', *, *, #615, .T. ) ;
#2391 = DIRECTION ( 'NONE',  ( 1.000000000000000000, 0.000000000000000000, 0.000000000000000000 ) ) ;
#2392 = EDGE_CURVE ( 'NONE', #3178, #552, #207, .T. ) ;
#2393 = PLANE ( 'NONE',  #2054 ) ;
#2394 = AXIS2_PLACEMENT_3D ( 'NONE', #2266, #2530, #2291 ) ;
#2395 = VERTEX_POINT ( 'NONE', #1970 ) ;
#2396 = CARTESIAN_POINT ( 'NONE',  ( -24.33166940453538984, 16.23170798598800957, 17.94852093662401060 ) ) ;
#2397 = VECTOR ( 'NONE', #1338, 1000.000000000000000 ) ;
#2398 = APPROVAL_PERSON_ORGANIZATION ( #211, #1590, #780 ) ;
#2399 = CARTESIAN_POINT ( 'NONE',  ( -23.00000000000001421, 15.79999999999999893, 17.84999999999999787 ) ) ;
#2400 = FACE_OUTER_BOUND ( 'NONE', #621, .T. ) ;
#2401 = ORIENTED_EDGE ( 'NONE', *, *, #1771, .F. ) ;
#2402 = CYLINDRICAL_SURFACE ( 'NONE', #1780, 0.1999999999999996503 ) ;
#2403 = DIRECTION ( 'NONE',  ( 1.000000000000000000, 0.000000000000000000, -7.004084973747402777E-16 ) ) ;
#2404 = ORIENTED_EDGE ( 'NONE', *, *, #2158, .T. ) ;
#2405 = ORIENTED_EDGE ( 'NONE', *, *, #593, .F. ) ;
#2406 = LINE ( 'NONE', #927, #2185 ) ;
#2407 = LINE ( 'NONE', #1658, #3034 ) ;
#2408 = EDGE_CURVE ( 'NONE', #1813, #1363, #706, .T. ) ;
#2409 = VERTEX_POINT ( 'NONE', #3181 ) ;
#2410 = EDGE_CURVE ( 'NONE', #1608, #3075, #2944, .T. ) ;
#2411 = ORIENTED_EDGE ( 'NONE', *, *, #1924, .T. ) ;
#2412 = CARTESIAN_POINT ( 'NONE',  ( -28.00000000000001421, 15.79999999999999893, 18.07187543103652771 ) ) ;
#2413 = DIRECTION ( 'NONE',  ( 0.000000000000000000, -1.000000000000000000, 0.000000000000000000 ) ) ;
#2414 = DIRECTION ( 'NONE',  ( 0.000000000000000000, -1.000000000000000000, 0.000000000000000000 ) ) ;
#2415 = CARTESIAN_POINT ( 'NONE',  ( -25.04878312700079235, 20.62926491232532911, 6.194583487871004657 ) ) ;
#2416 = ORIENTED_EDGE ( 'NONE', *, *, #1083, .F. ) ;
#2417 = LINE ( 'NONE', #210, #2444 ) ;
#2418 = PERSON_AND_ORGANIZATION_ROLE ( 'design_supplier' ) ;
#2419 = VECTOR ( 'NONE', #448, 1000.000000000000000 ) ;
#2420 = EDGE_LOOP ( 'NONE', ( #87, #702, #646, #149 ) ) ;
#2421 = VERTEX_POINT ( 'NONE', #2191 ) ;
#2422 = LINE ( 'NONE', #2201, #1622 ) ;
#2423 = DIRECTION ( 'NONE',  ( 0.000000000000000000, -1.000000000000000000, 0.000000000000000000 ) ) ;
#2424 = LINE ( 'NONE', #445, #1251 ) ;
#2425 = ORIENTED_EDGE ( 'NONE', *, *, #1118, .F. ) ;
#2426 = FACE_OUTER_BOUND ( 'NONE', #892, .T. ) ;
#2427 = CARTESIAN_POINT ( 'NONE',  ( -14.58606261793837433, -4.200000000000000178, 5.845445923121014964 ) ) ;
#2428 = EDGE_CURVE ( 'NONE', #3089, #2409, #2960, .T. ) ;
#2429 = FACE_OUTER_BOUND ( 'NONE', #1400, .T. ) ;
#2430 = EDGE_CURVE ( 'NONE', #164, #826, #2160, .T. ) ;
#2431 = CARTESIAN_POINT ( 'NONE',  ( -28.00000000000001421, 15.79999999999999893, 13.26134598252884089 ) ) ;
#2432 = ORIENTED_EDGE ( 'NONE', *, *, #306, .F. ) ;
#2433 = LINE ( 'NONE', #939, #745 ) ;
#2434 = CALENDAR_DATE ( 2026, 17, 6 ) ;
#2435 = EDGE_LOOP ( 'NONE', ( #1369, #2067, #440, #3101, #2150, #2509 ) ) ;
#2436 = ORIENTED_EDGE ( 'NONE', *, *, #1685, .F. ) ;
#2437 = FACE_OUTER_BOUND ( 'NONE', #667, .T. ) ;
#2438 = DIRECTION ( 'NONE',  ( -0.2272296156064183004, 2.111681510515927313E-16, -0.9738412097417932234 ) ) ;
#2439 = DIRECTION ( 'NONE',  ( 0.2272296156064183004, 0.000000000000000000, 0.9738412097417932234 ) ) ;
#2440 = AXIS2_PLACEMENT_3D ( 'NONE', #2645, #2871, #2840 ) ;
#2441 = ORIENTED_EDGE ( 'NONE', *, *, #1283, .F. ) ;
#2442 = VERTEX_POINT ( 'NONE', #970 ) ;
#2443 = CARTESIAN_POINT ( 'NONE',  ( 3.999999999999991562, -4.200000000000001066, 9.000000000000000000 ) ) ;
#2444 = VECTOR ( 'NONE', #2178, 1000.000000000000000 ) ;
#2445 = PLANE ( 'NONE',  #2113 ) ;
#2446 = AXIS2_PLACEMENT_3D ( 'NONE', #365, #2662, #2106 ) ;
#2447 = DIRECTION ( 'NONE',  ( 0.000000000000000000, -1.000000000000000000, 0.000000000000000000 ) ) ;
#2448 = VECTOR ( 'NONE', #1094, 1000.000000000000000 ) ;
#2449 = CARTESIAN_POINT ( 'NONE',  ( -24.52634471533050942, 20.77231590688574414, 5.415191308375299606 ) ) ;
#2450 = ORIENTED_EDGE ( 'NONE', *, *, #1521, .F. ) ;
#2451 = ADVANCED_FACE ( 'NONE', ( #738 ), #480, .T. ) ;
#2452 = EDGE_CURVE ( 'NONE', #2691, #1892, #1679, .T. ) ;
#2453 = PLANE ( 'NONE',  #2138 ) ;
#2454 = CALENDAR_DATE ( 2026, 17, 6 ) ;
#2455 = ORIENTED_EDGE ( 'NONE', *, *, #936, .T. ) ;
#2456 = VERTEX_POINT ( 'NONE', #1921 ) ;
#2457 = CARTESIAN_POINT ( 'NONE',  ( 3.999999999999991562, 4.199999999999998401, 9.000000000000000000 ) ) ;
#2458 = CARTESIAN_POINT ( 'NONE',  ( -27.82842712474620583, 6.999999999999999112, 2.000000000000000000 ) ) ;
#2459 = LINE ( 'NONE', #928, #2734 ) ;
#2460 = VERTEX_POINT ( 'NONE', #2652 ) ;
#2461 = VERTEX_POINT ( 'NONE', #240 ) ;
#2462 = DIRECTION ( 'NONE',  ( 0.000000000000000000, 1.376764663473656710E-16, 1.000000000000000000 ) ) ;
#2463 = VECTOR ( 'NONE', #2860, 1000.000000000000000 ) ;
#2464 = DIRECTION ( 'NONE',  ( -0.2272296156064183004, 2.111681510515927313E-16, -0.9738412097417932234 ) ) ;
#2465 = CARTESIAN_POINT ( 'NONE',  ( -19.19129437599001520, -4.200000000000000178, 5.799999999999698730 ) ) ;
#2466 = CARTESIAN_POINT ( 'NONE',  ( -24.71118246518259909, 16.67430145445264245, 5.658605505397297897 ) ) ;
#2467 = VERTEX_POINT ( 'NONE', #1954 ) ;
#2468 = DIRECTION ( 'NONE',  ( 0.000000000000000000, -1.239088197126290817E-16, 1.000000000000000000 ) ) ;
#2469 = APPROVAL_ROLE ( '' ) ;
#2470 = ADVANCED_FACE ( 'NONE', ( #1744 ), #1232, .T. ) ;
#2471 = EDGE_CURVE ( 'NONE', #2551, #711, #1583, .T. ) ;
#2472 = ORIENTED_EDGE ( 'NONE', *, *, #2471, .T. ) ;
#2473 = DIRECTION ( 'NONE',  ( -1.000000000000000000, 0.000000000000000000, 0.000000000000000000 ) ) ;
#2474 = VECTOR ( 'NONE', #2288, 1000.000000000000000 ) ;
#2475 = DIRECTION ( 'NONE',  ( 1.000000000000000000, -0.000000000000000000, 0.000000000000000000 ) ) ;
#2476 = PLANE ( 'NONE',  #1337 ) ;
#2477 = ADVANCED_FACE ( 'NONE', ( #255 ), #1475, .F. ) ;
#2478 = CIRCLE ( 'NONE', #518, 0.1999999999999996503 ) ;
#2479 = EDGE_LOOP ( 'NONE', ( #613, #782, #279, #1319 ) ) ;
#2480 = ORIENTED_EDGE ( 'NONE', *, *, #2513, .F. ) ;
#2481 = CARTESIAN_POINT ( 'NONE',  ( -2.608008429926290894, 4.199999999999999289, -0.6085353003161342311 ) ) ;
#2482 = LINE ( 'NONE', #290, #411 ) ;
#2483 = DIRECTION ( 'NONE',  ( 0.000000000000000000, -1.000000000000000000, 1.032573497605242347E-16 ) ) ;
#2484 = CARTESIAN_POINT ( 'NONE',  ( -25.85648958186185098, 20.10374712605910119, 7.919666701835321732 ) ) ;
#2485 = CARTESIAN_POINT ( 'NONE',  ( -11.50870562400999830, 4.199999999999999289, 6.000000000000000000 ) ) ;
#2486 = COORDINATED_UNIVERSAL_TIME_OFFSET ( 5, 0, .BEHIND. ) ;
#2487 = ORIENTED_EDGE ( 'NONE', *, *, #338, .F. ) ;
#2488 = ORIENTED_EDGE ( 'NONE', *, *, #1099, .F. ) ;
#2489 = LINE ( 'NONE', #963, #743 ) ;
#2490 = DIRECTION ( 'NONE',  ( -1.000000000000000000, 0.000000000000000000, -0.000000000000000000 ) ) ;
#2491 = LINE ( 'NONE', #749, #1800 ) ;
#2492 = EDGE_LOOP ( 'NONE', ( #993, #2535, #471, #985 ) ) ;
#2493 = ORIENTED_EDGE ( 'NONE', *, *, #1985, .T. ) ;
#2494 = EDGE_CURVE ( 'NONE', #2409, #2767, #692, .T. ) ;
#2495 = PLANE ( 'NONE',  #769 ) ;
#2496 = CYLINDRICAL_SURFACE ( 'NONE', #5, 0.1999999999999996503 ) ;
#2497 = AXIS2_PLACEMENT_3D ( 'NONE', #121, #1060, #862 ) ;
#2498 = CARTESIAN_POINT ( 'NONE',  ( -11.50870562400999830, -4.200000000000000178, 5.999999999999748646 ) ) ;
#2499 = AXIS2_PLACEMENT_3D ( 'NONE', #1696, #16, #722 ) ;
#2500 = LINE ( 'NONE', #1055, #229 ) ;
#2501 = CIRCLE ( 'NONE', #1221, 0.1999999999999996503 ) ;
#2502 = ORIENTED_EDGE ( 'NONE', *, *, #2513, .T. ) ;
#2503 = ORIENTED_EDGE ( 'NONE', *, *, #1000, .F. ) ;
#2504 = PLANE ( 'NONE',  #2242 ) ;
#2505 = AXIS2_PLACEMENT_3D ( 'NONE', #2315, #2828, #1803 ) ;
#2506 = LINE ( 'NONE', #1720, #753 ) ;
#2507 = CARTESIAN_POINT ( 'NONE',  ( -19.38606261793836794, 7.121320343559641053, 5.845445923120981213 ) ) ;
#2508 = VERTEX_POINT ( 'NONE', #2174 ) ;
#2509 = ORIENTED_EDGE ( 'NONE', *, *, #267, .F. ) ;
#2510 = DIRECTION ( 'NONE',  ( 0.000000000000000000, -1.000000000000000000, 0.000000000000000000 ) ) ;
#2511 = CARTESIAN_POINT ( 'NONE',  ( -16.30870562400999546, 4.199999999999999289, 6.000000000000000000 ) ) ;
#2512 = EDGE_CURVE ( 'NONE', #1817, #1567, #3148, .T. ) ;
#2513 = EDGE_CURVE ( 'NONE', #1143, #3001, #2668, .T. ) ;
#2514 = PLANE ( 'NONE',  #2086 ) ;
#2515 = DIRECTION ( 'NONE',  ( 0.000000000000000000, 1.000000000000000000, -1.376764663473656710E-16 ) ) ;
#2516 = CARTESIAN_POINT ( 'NONE',  ( -18.51393738206163420, 4.199999999999999289, 5.845445923120983878 ) ) ;
#2517 = VECTOR ( 'NONE', #269, 1000.000000000000000 ) ;
#2518 = ORIENTED_EDGE ( 'NONE', *, *, #2076, .F. ) ;
#2519 = CARTESIAN_POINT ( 'NONE',  ( -13.90870562400999688, 4.199999999999999289, 6.000000000000000000 ) ) ;
#2520 = LINE ( 'NONE', #1578, #2142 ) ;
#2521 = VECTOR ( 'NONE', #367, 1000.000000000000000 ) ;
#2522 = ORIENTED_EDGE ( 'NONE', *, *, #630, .T. ) ;
#2523 = ORIENTED_EDGE ( 'NONE', *, *, #1452, .T. ) ;
#2524 = LINE ( 'NONE', #1307, #2184 ) ;
#2525 = CARTESIAN_POINT ( 'NONE',  ( -4.308705624009999013, 4.199999999999999289, 6.000000000000000000 ) ) ;
#2526 = VECTOR ( 'NONE', #1820, 1000.000000000000000 ) ;
#2527 = EDGE_CURVE ( 'NONE', #922, #2786, #2062, .T. ) ;
#2528 = DIRECTION ( 'NONE',  ( 0.7071067811865433539, -7.301397222301824223E-17, -0.7071067811865516806 ) ) ;
#2529 = ADVANCED_FACE ( 'NONE', ( #2992 ), #790, .F. ) ;
#2530 = DIRECTION ( 'NONE',  ( 0.000000000000000000, -1.000000000000000000, 0.000000000000000000 ) ) ;
#2531 = ORIENTED_EDGE ( 'NONE', *, *, #2494, .T. ) ;
#2532 = DIRECTION ( 'NONE',  ( 1.000000000000000000, 0.000000000000000000, 0.000000000000000000 ) ) ;
#2533 = DIRECTION ( 'NONE',  ( -1.000000000000000000, 0.000000000000000000, 0.000000000000000000 ) ) ;
#2534 = ORIENTED_EDGE ( 'NONE', *, *, #1389, .F. ) ;
#2535 = ORIENTED_EDGE ( 'NONE', *, *, #2023, .T. ) ;
#2536 = LINE ( 'NONE', #847, #1879 ) ;
#2537 = DIRECTION ( 'NONE',  ( 0.000000000000000000, 0.000000000000000000, -1.000000000000000000 ) ) ;
#2538 = DIRECTION ( 'NONE',  ( -0.000000000000000000, 1.000000000000000000, -0.000000000000000000 ) ) ;
#2539 = EDGE_CURVE ( 'NONE', #1059, #2308, #821, .T. ) ;
#2540 = AXIS2_PLACEMENT_3D ( 'NONE', #1503, #1260, #523 ) ;
#2541 = CARTESIAN_POINT ( 'NONE',  ( -16.00000000000001421, 15.79999999999999893, 11.54999999999999716 ) ) ;
#2542 = CARTESIAN_POINT ( 'NONE',  ( 1.900000000000027001, 4.199999999999999289, 4.500000000000000000 ) ) ;
#2543 = VECTOR ( 'NONE', #2966, 1000.000000000000000 ) ;
#2544 = EDGE_CURVE ( 'NONE', #2750, #1828, #835, .T. ) ;
#2545 = ADVANCED_FACE ( 'NONE', ( #2289 ), #2276, .T. ) ;
#2546 = EDGE_LOOP ( 'NONE', ( #544, #2404, #2903, #355 ) ) ;
#2547 = VECTOR ( 'NONE', #2182, 1000.000000000000000 ) ;
#2548 = EDGE_LOOP ( 'NONE', ( #2167, #94, #2735, #2948 ) ) ;
#2549 = CARTESIAN_POINT ( 'NONE',  ( -26.43482143754183156, 16.82898937690575636, 5.249999999999997335 ) ) ;
#2550 = ORIENTED_EDGE ( 'NONE', *, *, #1541, .F. ) ;
#2551 = VERTEX_POINT ( 'NONE', #1762 ) ;
#2552 = DIRECTION ( 'NONE',  ( -0.000000000000000000, 1.000000000000000000, -0.000000000000000000 ) ) ;
#2553 = CARTESIAN_POINT ( 'NONE',  ( -27.82842712474620583, 6.999999999999999112, 0.000000000000000000 ) ) ;
#2554 = CARTESIAN_POINT ( 'NONE',  ( -22.16441400296899289, 28.89999999999999503, 3.049999999999998934 ) ) ;
#2555 = FACE_OUTER_BOUND ( 'NONE', #1001, .T. ) ;
#2556 = DIRECTION ( 'NONE',  ( -0.2272296156064183004, 0.000000000000000000, 0.9738412097417932234 ) ) ;
#2557 = DIRECTION ( 'NONE',  ( 0.2272296156064183004, 0.000000000000000000, 0.9738412097417932234 ) ) ;
#2558 = VECTOR ( 'NONE', #2510, 1000.000000000000000 ) ;
#2559 = VERTEX_POINT ( 'NONE', #334 ) ;
#2560 = ORIENTED_EDGE ( 'NONE', *, *, #2897, .T. ) ;
#2561 = DIRECTION ( 'NONE',  ( -0.2272296156064183004, 0.000000000000000000, 0.9738412097417932234 ) ) ;
#2562 = CARTESIAN_POINT ( 'NONE',  ( 0.000000000000000000, 4.199999999999999289, 4.500000000000000000 ) ) ;
#2563 = ADVANCED_FACE ( 'NONE', ( #562 ), #1822, .T. ) ;
#2564 = ADVANCED_FACE ( 'NONE', ( #2048 ), #1793, .T. ) ;
#2565 = ORIENTED_EDGE ( 'NONE', *, *, #1195, .T. ) ;
#2566 = ORIENTED_EDGE ( 'NONE', *, *, #167, .T. ) ;
#2567 = CARTESIAN_POINT ( 'NONE',  ( -11.99129437599001591, 7.121320343559641053, 5.999999999999748646 ) ) ;
#2568 = EDGE_CURVE ( 'NONE', #708, #2611, #3022, .T. ) ;
#2569 = CARTESIAN_POINT ( 'NONE',  ( -7.191294375990017862, 7.121320343559641053, 5.999999999999782396 ) ) ;
#2570 = LINE ( 'NONE', #885, #3008 ) ;
#2571 = VECTOR ( 'NONE', #969, 1000.000000000000000 ) ;
#2572 = DIRECTION ( 'NONE',  ( 0.2272296156064183004, 2.111681510515927313E-16, -0.9738412097417932234 ) ) ;
#2573 = CARTESIAN_POINT ( 'NONE',  ( -26.21948462646586364, 17.00409861696708091, 17.84999999999999787 ) ) ;
#2574 = DIRECTION ( 'NONE',  ( -0.9738412097417933344, 0.000000000000000000, 0.2272296156064183281 ) ) ;
#2575 = EDGE_LOOP ( 'NONE', ( #2436, #2307, #2441, #1772 ) ) ;
#2576 = DIRECTION ( 'NONE',  ( 1.000000000000000000, -0.000000000000000000, 0.000000000000000000 ) ) ;
#2577 = CARTESIAN_POINT ( 'NONE',  ( -18.70870562400999404, -4.200000000000000178, 5.999999999999698019 ) ) ;
#2578 = PRODUCT_RELATED_PRODUCT_CATEGORY ( 'detail', '', ( #642 ) ) ;
#2579 = ORIENTED_EDGE ( 'NONE', *, *, #2527, .F. ) ;
#2580 = VERTEX_POINT ( 'NONE', #1807 ) ;
#2581 = CARTESIAN_POINT ( 'NONE',  ( 0.000000000000000000, -4.200000000000000178, 5.999999999999764633 ) ) ;
#2582 = LINE ( 'NONE', #143, #113 ) ;
#2583 = EDGE_CURVE ( 'NONE', #3113, #1813, #2247, .T. ) ;
#2584 = ORIENTED_EDGE ( 'NONE', *, *, #1056, .F. ) ;
#2585 = FACE_OUTER_BOUND ( 'NONE', #1173, .T. ) ;
#2586 = FACE_OUTER_BOUND ( 'NONE', #1382, .T. ) ;
#2587 = CARTESIAN_POINT ( 'NONE',  ( -27.05186238617306671, 16.32890967498976309, 17.85000000000000142 ) ) ;
#2588 = DIRECTION ( 'NONE',  ( -0.000000000000000000, -1.000000000000000000, 1.376764663473656710E-16 ) ) ;
#2589 = AXIS2_PLACEMENT_3D ( 'NONE', #2745, #539, #1535 ) ;
#2590 = ORIENTED_EDGE ( 'NONE', *, *, #2825, .T. ) ;
#2591 = CARTESIAN_POINT ( 'NONE',  ( -16.79129437599001662, -4.200000000000000178, 5.799999999999715605 ) ) ;
#2592 = CIRCLE ( 'NONE', #1934, 0.1999999999999996503 ) ;
#2593 = CARTESIAN_POINT ( 'NONE',  ( -11.50870562400999830, 4.199999999999999289, 5.799999999999749356 ) ) ;
#2594 = AXIS2_PLACEMENT_3D ( 'NONE', #1450, #2423, #115 ) ;
#2595 = VERTEX_POINT ( 'NONE', #574 ) ;
#2596 = ORIENTED_EDGE ( 'NONE', *, *, #2452, .T. ) ;
#2597 = DIRECTION ( 'NONE',  ( 0.000000000000000000, 1.000000000000000000, -1.032573497605242347E-16 ) ) ;
#2598 = VECTOR ( 'NONE', #2149, 1000.000000000000000 ) ;
#2599 = LINE ( 'NONE', #3093, #1914 ) ;
#2600 = PRODUCT_DEFINITION_SHAPE ( 'NONE', 'NONE',  #2112 ) ;
#2601 = PLANE ( 'NONE',  #1548 ) ;
#2602 = DIRECTION ( 'NONE',  ( 0.000000000000000000, -1.000000000000000000, 0.000000000000000000 ) ) ;
#2603 = EDGE_CURVE ( 'NONE', #830, #522, #2771, .T. ) ;
#2604 = ADVANCED_FACE ( 'NONE', ( #1324 ), #531, .F. ) ;
#2605 = DIRECTION ( 'NONE',  ( 0.000000000000000000, 0.000000000000000000, -1.000000000000000000 ) ) ;
#2606 = LINE ( 'NONE', #2336, #31 ) ;
#2607 = CARTESIAN_POINT ( 'NONE',  ( -10.09999999999995346, 4.199999999999999289, 4.500000000000000888 ) ) ;
#2608 = VERTEX_POINT ( 'NONE', #2305 ) ;
#2609 = DIRECTION ( 'NONE',  ( 0.000000000000000000, 1.000000000000000000, -1.376764663473656710E-16 ) ) ;
#2610 = CARTESIAN_POINT ( 'NONE',  ( -18.00000000000001421, 15.79999999999999893, 17.84999999999999787 ) ) ;
#2611 = VERTEX_POINT ( 'NONE', #2498 ) ;
#2612 = VERTEX_POINT ( 'NONE', #293 ) ;
#2613 = DIRECTION ( 'NONE',  ( -0.000000000000000000, 1.000000000000000000, -0.000000000000000000 ) ) ;
#2614 = DIRECTION ( 'NONE',  ( -1.000000000000000000, 0.000000000000000000, -0.000000000000000000 ) ) ;
#2615 = CARTESIAN_POINT ( 'NONE',  ( -25.25723784397614224, 17.06260090686851427, 16.57352644217493420 ) ) ;
#2616 = EDGE_CURVE ( 'NONE', #6, #303, #2754, .T. ) ;
#2617 = DIRECTION ( 'NONE',  ( -0.000000000000000000, 1.000000000000000000, -0.000000000000000000 ) ) ;
#2618 = VECTOR ( 'NONE', #819, 1000.000000000000000 ) ;
#2619 = DIRECTION ( 'NONE',  ( 0.000000000000000000, 0.000000000000000000, 1.000000000000000000 ) ) ;
#2620 = DIRECTION ( 'NONE',  ( 0.2272296156064183004, 0.000000000000000000, 0.9738412097417932234 ) ) ;
#2621 = VECTOR ( 'NONE', #2105, 1000.000000000000000 ) ;
#2622 = VERTEX_POINT ( 'NONE', #1085 ) ;
#2623 = EDGE_CURVE ( 'NONE', #325, #557, #1782, .T. ) ;
#2624 = DIRECTION ( 'NONE',  ( -0.2272296156064183004, 0.000000000000000000, 0.9738412097417932234 ) ) ;
#2625 = CARTESIAN_POINT ( 'NONE',  ( -1.908705624009996660, -4.200000000000000178, 5.999999999999815259 ) ) ;
#2626 = ORIENTED_EDGE ( 'NONE', *, *, #2861, .T. ) ;
#2627 = VERTEX_POINT ( 'NONE', #2021 ) ;
#2628 = CARTESIAN_POINT ( 'NONE',  ( -0.1860626179383749745, -4.200000000000000178, 5.845445923121114440 ) ) ;
#2629 = LINE ( 'NONE', #3143, #2107 ) ;
#2630 = ORIENTED_EDGE ( 'NONE', *, *, #222, .T. ) ;
#2631 = CARTESIAN_POINT ( 'NONE',  ( 0.000000000000000000, 4.199999999999999289, 4.500000000000000000 ) ) ;
#2632 = DIRECTION ( 'NONE',  ( 1.000000000000000000, -0.000000000000000000, 0.000000000000000000 ) ) ;
#2633 = CARTESIAN_POINT ( 'NONE',  ( -17.29999999999993676, -4.200000000000000178, 4.500000000000000000 ) ) ;
#2634 = CARTESIAN_POINT ( 'NONE',  ( -25.78125998383929129, 20.17555104019976042, 15.40755002289438380 ) ) ;
#2635 = CC_DESIGN_DATE_AND_TIME_ASSIGNMENT ( #260, #535, ( #2112 ) ) ;
#2636 = ORIENTED_EDGE ( 'NONE', *, *, #1628, .F. ) ;
#2637 = LINE ( 'NONE', #874, #2244 ) ;
#2638 = CARTESIAN_POINT ( 'NONE',  ( 0.9999999999999940048, -4.200000000000001066, 4.500000000000000000 ) ) ;
#2639 = VECTOR ( 'NONE', #1157, 1000.000000000000000 ) ;
#2640 = ADVANCED_FACE ( 'NONE', ( #3007 ), #2514, .F. ) ;
#2641 = ADVANCED_FACE ( 'NONE', ( #2585 ), #349, .F. ) ;
#2642 = ORIENTED_EDGE ( 'NONE', *, *, #2785, .F. ) ;
#2643 = AXIS2_PLACEMENT_3D ( 'NONE', #147, #1406, #2619 ) ;
#2644 = ORIENTED_EDGE ( 'NONE', *, *, #51, .T. ) ;
#2645 = CARTESIAN_POINT ( 'NONE',  ( 0.000000000000000000, 0.000000000000000000, 4.500000000000000000 ) ) ;
#2646 = DIRECTION ( 'NONE',  ( 0.000000000000000000, -1.000000000000000000, 0.000000000000000000 ) ) ;
#2647 = VECTOR ( 'NONE', #3116, 1000.000000000000000 ) ;
#2648 = ORIENTED_EDGE ( 'NONE', *, *, #1331, .F. ) ;
#2649 = LINE ( 'NONE', #2187, #302 ) ;
#2650 = PRODUCT_DEFINITION_FORMATION_WITH_SPECIFIED_SOURCE ( 'ANY', '', #642, .NOT_KNOWN. ) ;
#2651 = DIRECTION ( 'NONE',  ( 0.000000000000000000, 0.000000000000000000, -1.000000000000000000 ) ) ;
#2652 = CARTESIAN_POINT ( 'NONE',  ( -5.299999999999962519, 4.199999999999999289, 4.500000000000000888 ) ) ;
#2653 = CARTESIAN_POINT ( 'NONE',  ( -13.71393738206163704, 4.199999999999999289, 5.845445923121014964 ) ) ;
#2654 = ORIENTED_EDGE ( 'NONE', *, *, #2679, .F. ) ;
#2655 = CARTESIAN_POINT ( 'NONE',  ( -12.50000000000020250, 4.199999999999999289, -14.50000000000001243 ) ) ;
#2656 = CARTESIAN_POINT ( 'NONE',  ( -28.00000000000001421, -7.000000000000000888, 0.000000000000000000 ) ) ;
#2657 = ORIENTED_EDGE ( 'NONE', *, *, #652, .T. ) ;
#2658 = ORIENTED_EDGE ( 'NONE', *, *, #1313, .F. ) ;
#2659 = EDGE_CURVE ( 'NONE', #1533, #1734, #2570, .T. ) ;
#2660 = PLANE ( 'NONE',  #1827 ) ;
#2661 = EDGE_CURVE ( 'NONE', #2163, #2611, #2190, .T. ) ;
#2662 = DIRECTION ( 'NONE',  ( -0.000000000000000000, -1.000000000000000000, -2.168404344971008128E-16 ) ) ;
#2663 = DIRECTION ( 'NONE',  ( 0.000000000000000000, 0.000000000000000000, -1.000000000000000000 ) ) ;
#2664 = ORIENTED_EDGE ( 'NONE', *, *, #2408, .T. ) ;
#2665 = ADVANCED_FACE ( 'NONE', ( #458 ), #2092, .T. ) ;
#2666 = CARTESIAN_POINT ( 'NONE',  ( -22.16441400296899289, 28.89999999999999503, 3.049999999999998934 ) ) ;
#2667 = CARTESIAN_POINT ( 'NONE',  ( 1.999999999999991340, -4.200000000000001066, 9.000000000000000000 ) ) ;
#2668 = LINE ( 'NONE', #465, #1117 ) ;
#2669 = CARTESIAN_POINT ( 'NONE',  ( -26.26497336488008472, 19.68479043963240471, 13.83114797576525490 ) ) ;
#2670 = ORIENTED_EDGE ( 'NONE', *, *, #1748, .T. ) ;
#2671 = CARTESIAN_POINT ( 'NONE',  ( -9.591294375990017329, 4.199999999999999289, 6.000000000000000000 ) ) ;
#2672 = CALENDAR_DATE ( 2026, 17, 6 ) ;
#2673 = VECTOR ( 'NONE', #635, 1000.000000000000000 ) ;
#2674 = VERTEX_POINT ( 'NONE', #868 ) ;
#2675 = EDGE_LOOP ( 'NONE', ( #2313, #645, #1274, #1666 ) ) ;
#2676 = CARTESIAN_POINT ( 'NONE',  ( 1.999999999999991340, 6.999999999999999112, 20.04999999999999716 ) ) ;
#2677 = DIRECTION ( 'NONE',  ( -8.673617379884051249E-15, 0.000000000000000000, -1.000000000000000000 ) ) ;
#2678 = CARTESIAN_POINT ( 'NONE',  ( -16.30870562400999546, 7.121320343559641053, 5.799999999999715605 ) ) ;
#2679 = EDGE_CURVE ( 'NONE', #657, #1287, #1631, .T. ) ;
#2680 = ORIENTED_EDGE ( 'NONE', *, *, #1824, .T. ) ;
#2681 = ORIENTED_EDGE ( 'NONE', *, *, #418, .F. ) ;
#2682 = DIRECTION ( 'NONE',  ( 0.000000000000000000, 7.477256361968996479E-17, 1.000000000000000000 ) ) ;
#2683 = CARTESIAN_POINT ( 'NONE',  ( -20.60000000000000497, 7.121320343559641053, 4.500000000000000000 ) ) ;
#2684 = EDGE_CURVE ( 'NONE', #2919, #74, #234, .T. ) ;
#2685 = ADVANCED_FACE ( 'NONE', ( #3159 ), #3080, .F. ) ;
#2686 = CARTESIAN_POINT ( 'NONE',  ( -21.83095189484631860, 16.80000000000000071, 19.04999999999999361 ) ) ;
#2687 = CARTESIAN_POINT ( 'NONE',  ( -26.17645713151134501, 17.28366960278377462, 8.844193509112640683 ) ) ;
#2688 = ORIENTED_EDGE ( 'NONE', *, *, #1154, .F. ) ;
#2689 = DIRECTION ( 'NONE',  ( 0.000000000000000000, -1.000000000000000000, 0.000000000000000000 ) ) ;
#2690 = EDGE_LOOP ( 'NONE', ( #470, #1788, #990, #822 ) ) ;
#2691 = VERTEX_POINT ( 'NONE', #2074 ) ;
#2692 = DIRECTION ( 'NONE',  ( -1.000000000000000000, 0.000000000000000000, 0.000000000000000000 ) ) ;
#2693 = DIRECTION ( 'NONE',  ( 1.000000000000000000, -0.000000000000000000, 0.000000000000000000 ) ) ;
#2694 = LINE ( 'NONE', #997, #2064 ) ;
#2695 = VECTOR ( 'NONE', #1929, 1000.000000000000000 ) ;
#2696 = ORIENTED_EDGE ( 'NONE', *, *, #1805, .F. ) ;
#2697 = DIRECTION ( 'NONE',  ( 0.2272296156064183004, 0.000000000000000000, 0.9738412097417932234 ) ) ;
#2698 = AXIS2_PLACEMENT_3D ( 'NONE', #3120, #923, #890 ) ;
#2699 = DIRECTION ( 'NONE',  ( -0.000000000000000000, -1.000000000000000000, -0.000000000000000000 ) ) ;
#2700 = AXIS2_PLACEMENT_3D ( 'NONE', #3132, #2702, #221 ) ;
#2701 = EDGE_CURVE ( 'NONE', #925, #2612, #2959, .T. ) ;
#2702 = DIRECTION ( 'NONE',  ( 0.000000000000000000, 0.000000000000000000, -1.000000000000000000 ) ) ;
#2703 = EDGE_CURVE ( 'NONE', #1409, #2595, #2830, .T. ) ;
#2704 = VECTOR ( 'NONE', #1276, 1000.000000000000000 ) ;
#2705 = CARTESIAN_POINT ( 'NONE',  ( -24.84895818996198713, 16.78855024916051519, 5.861157202052015514 ) ) ;
#2706 = ORIENTED_EDGE ( 'NONE', *, *, #526, .F. ) ;
#2707 = CC_DESIGN_SECURITY_CLASSIFICATION ( #644, ( #2650 ) ) ;
#2708 = DIRECTION ( 'NONE',  ( 0.000000000000000000, -1.000000000000000000, 0.000000000000000000 ) ) ;
#2709 = PERSON_AND_ORGANIZATION_ROLE ( 'creator' ) ;
#2710 = VERTEX_POINT ( 'NONE', #3142 ) ;
#2711 = ORIENTED_EDGE ( 'NONE', *, *, #2923, .T. ) ;
#2712 = FACE_OUTER_BOUND ( 'NONE', #423, .T. ) ;
#2713 = CARTESIAN_POINT ( 'NONE',  ( 0.008705624009983786715, -4.200000000000000178, 5.799999999999832845 ) ) ;
#2714 = LINE ( 'NONE', #770, #2159 ) ;
#2715 = VERTEX_POINT ( 'NONE', #851 ) ;
#2716 = ORIENTED_EDGE ( 'NONE', *, *, #2747, .T. ) ;
#2717 = CARTESIAN_POINT ( 'NONE',  ( -2.391294375990015375, -4.200000000000000178, 5.799999999999815969 ) ) ;
#2718 = LINE ( 'NONE', #2683, #3081 ) ;
#2719 = AXIS2_PLACEMENT_3D ( 'NONE', #1711, #2682, #2942 ) ;
#2720 = PLANE ( 'NONE',  #1808 ) ;
#2721 = DIRECTION ( 'NONE',  ( 0.000000000000000000, -1.000000000000000000, 0.000000000000000000 ) ) ;
#2722 = CARTESIAN_POINT ( 'NONE',  ( -28.00000000000001421, 15.79999999999999893, 2.152737826468256621 ) ) ;
#2723 = EDGE_CURVE ( 'NONE', #1878, #2761, #2318, .T. ) ;
#2724 = ORIENTED_EDGE ( 'NONE', *, *, #1612, .F. ) ;
#2725 = CARTESIAN_POINT ( 'NONE',  ( 0.000000000000000000, -4.200000000000001066, 4.500000000000000000 ) ) ;
#2726 = CIRCLE ( 'NONE', #1340, 10.49999999999999822 ) ;
#2727 = ADVANCED_FACE ( 'NONE', ( #1870 ), #145, .T. ) ;
#2728 = ORIENTED_EDGE ( 'NONE', *, *, #2544, .F. ) ;
#2729 = ORIENTED_EDGE ( 'NONE', *, *, #2881, .T. ) ;
#2730 = PLANE ( 'NONE',  #2540 ) ;
#2731 = VECTOR ( 'NONE', #1613, 1000.000000000000000 ) ;
#2732 = DIRECTION ( 'NONE',  ( 0.000000000000000000, 0.000000000000000000, 1.000000000000000000 ) ) ;
#2733 = CARTESIAN_POINT ( 'NONE',  ( -19.19129437599001520, 4.199999999999999289, 6.000000000000000000 ) ) ;
#2734 = VECTOR ( 'NONE', #1979, 1000.000000000000000 ) ;
#2735 = ORIENTED_EDGE ( 'NONE', *, *, #1137, .F. ) ;
#2736 = VERTEX_POINT ( 'NONE', #617 ) ;
#2737 = CARTESIAN_POINT ( 'NONE',  ( 0.000000000000000000, -4.200000000000000178, 5.999999999999698019 ) ) ;
#2738 = LINE ( 'NONE', #548, #3030 ) ;
#2739 = DIRECTION ( 'NONE',  ( 0.000000000000000000, -1.000000000000000000, 0.000000000000000000 ) ) ;
#2740 = ORIENTED_EDGE ( 'NONE', *, *, #2316, .T. ) ;
#2741 = DIRECTION ( 'NONE',  ( 0.2272296156064183004, 2.111681510515927313E-16, -0.9738412097417932234 ) ) ;
#2742 = APPROVAL_STATUS ( 'not_yet_approved' ) ;
#2743 = ORIENTED_EDGE ( 'NONE', *, *, #545, .F. ) ;
#2744 = ORIENTED_EDGE ( 'NONE', *, *, #443, .F. ) ;
#2745 = CARTESIAN_POINT ( 'NONE',  ( -9.591294375990017329, -4.200000000000000178, 5.799999999999765343 ) ) ;
#2746 = CARTESIAN_POINT ( 'NONE',  ( -8.913937382061638104, 4.199999999999999289, 5.845445923121047826 ) ) ;
#2747 = EDGE_CURVE ( 'NONE', #2910, #1703, #2907, .T. ) ;
#2748 = ADVANCED_FACE ( 'NONE', ( #700 ), #1586, .F. ) ;
#2749 = CARTESIAN_POINT ( 'NONE',  ( -17.21095189484531218, 16.80000000000000071, 19.04999999999999361 ) ) ;
#2750 = VERTEX_POINT ( 'NONE', #1840 ) ;
#2751 = PLANE ( 'NONE',  #920 ) ;
#2752 = DIRECTION ( 'NONE',  ( -1.000000000000000000, 0.000000000000000000, 0.000000000000000000 ) ) ;
#2753 = AXIS2_PLACEMENT_3D ( 'NONE', #1768, #457, #1076 ) ;
#2754 = LINE ( 'NONE', #549, #2909 ) ;
#2755 = VECTOR ( 'NONE', #1423, 1000.000000000000000 ) ;
#2756 = ORIENTED_EDGE ( 'NONE', *, *, #2175, .T. ) ;
#2757 = LINE ( 'NONE', #1764, #1013 ) ;
#2758 = VECTOR ( 'NONE', #1504, 1000.000000000000000 ) ;
#2759 = DATE_AND_TIME ( #2672, #390 ) ;
#2760 = ORIENTED_EDGE ( 'NONE', *, *, #2799, .T. ) ;
#2761 = VERTEX_POINT ( 'NONE', #1600 ) ;
#2762 = DIRECTION ( 'NONE',  ( 0.000000000000000000, 0.000000000000000000, -1.000000000000000000 ) ) ;
#2763 = AXIS2_PLACEMENT_3D ( 'NONE', #373, #1819, #111 ) ;
#2764 = DIRECTION ( 'NONE',  ( 1.000000000000000000, -0.000000000000000000, -0.000000000000000000 ) ) ;
#2765 = EDGE_CURVE ( 'NONE', #1402, #3119, #1131, .T. ) ;
#2766 = ORIENTED_EDGE ( 'NONE', *, *, #3129, .T. ) ;
#2767 = VERTEX_POINT ( 'NONE', #602 ) ;
#2768 = LINE ( 'NONE', #571, #377 ) ;
#2769 = FACE_OUTER_BOUND ( 'NONE', #329, .T. ) ;
#2770 = EDGE_CURVE ( 'NONE', #2272, #392, #1887, .T. ) ;
#2771 = LINE ( 'NONE', #1570, #2853 ) ;
#2772 = DIRECTION ( 'NONE',  ( 0.000000000000000000, 0.000000000000000000, 1.000000000000000000 ) ) ;
#2773 = ORIENTED_EDGE ( 'NONE', *, *, #1784, .T. ) ;
#2774 = ORIENTED_EDGE ( 'NONE', *, *, #1771, .T. ) ;
#2775 = DIRECTION ( 'NONE',  ( 0.000000000000000000, 0.000000000000000000, -1.000000000000000000 ) ) ;
#2776 = CARTESIAN_POINT ( 'NONE',  ( 1.999999999999991340, 4.199999999999999289, 1.999999999999999112 ) ) ;
#2777 = ORIENTED_EDGE ( 'NONE', *, *, #526, .T. ) ;
#2778 = ORIENTED_EDGE ( 'NONE', *, *, #2219, .T. ) ;
#2779 = LINE ( 'NONE', #2581, #1058 ) ;
#2780 = DIRECTION ( 'NONE',  ( -0.2272296156064183004, 0.000000000000000000, 0.9738412097417932234 ) ) ;
#2781 = CC_DESIGN_PERSON_AND_ORGANIZATION_ASSIGNMENT ( #4, #2709, ( #2650 ) ) ;
#2782 = VECTOR ( 'NONE', #2862, 1000.000000000000000 ) ;
#2783 = DIRECTION ( 'NONE',  ( 0.000000000000000000, 0.000000000000000000, -1.000000000000000000 ) ) ;
#2784 = EDGE_CURVE ( 'NONE', #922, #2736, #215, .T. ) ;
#2785 = EDGE_CURVE ( 'NONE', #2456, #170, #1486, .T. ) ;
#2786 = VERTEX_POINT ( 'NONE', #1466 ) ;
#2787 = CARTESIAN_POINT ( 'NONE',  ( -14.89999999999994351, 4.199999999999999289, 4.500000000000000000 ) ) ;
#2788 = VERTEX_POINT ( 'NONE', #2746 ) ;
#2789 = ORIENTED_EDGE ( 'NONE', *, *, #651, .T. ) ;
#2790 = CARTESIAN_POINT ( 'NONE',  ( -2.608008429926290894, 7.121320343559641053, -0.6085353003161342311 ) ) ;
#2791 = PLANE ( 'NONE',  #1585 ) ;
#2792 = ORIENTED_EDGE ( 'NONE', *, *, #2684, .T. ) ;
#2793 = ORIENTED_EDGE ( 'NONE', *, *, #2703, .T. ) ;
#2794 = CARTESIAN_POINT ( 'NONE',  ( -23.00000000000001421, 4.200000000000000178, 5.250000000000000000 ) ) ;
#2795 = DIRECTION ( 'NONE',  ( 0.000000000000000000, 0.000000000000000000, -1.000000000000000000 ) ) ;
#2796 = DIRECTION ( 'NONE',  ( 0.000000000000000000, 0.000000000000000000, -1.000000000000000000 ) ) ;
#2797 = VECTOR ( 'NONE', #1108, 1000.000000000000000 ) ;
#2798 = VECTOR ( 'NONE', #299, 1000.000000000000000 ) ;
#2799 = EDGE_CURVE ( 'NONE', #3017, #2968, #491, .T. ) ;
#2800 = EDGE_CURVE ( 'NONE', #2312, #2508, #1243, .T. ) ;
#2801 = VERTEX_POINT ( 'NONE', #282 ) ;
#2802 = DIRECTION ( 'NONE',  ( -0.9738412097417933344, 0.000000000000000000, -0.2272296156064183281 ) ) ;
#2803 = AXIS2_PLACEMENT_3D ( 'NONE', #1940, #1716, #1973 ) ;
#2804 = CARTESIAN_POINT ( 'NONE',  ( -15.12644889357212641, 7.121320343559641053, 3.529504741833494386 ) ) ;
#2805 = VERTEX_POINT ( 'NONE', #541 ) ;
#2806 = EDGE_CURVE ( 'NONE', #2805, #1454, #1032, .T. ) ;
#2807 = VECTOR ( 'NONE', #300, 1000.000000000000000 ) ;
#2808 = ORIENTED_EDGE ( 'NONE', *, *, #1102, .F. ) ;
#2809 = CARTESIAN_POINT ( 'NONE',  ( -24.23693168768530271, 4.199999999999999289, 6.000000000000000000 ) ) ;
#2810 = CARTESIAN_POINT ( 'NONE',  ( -17.21095189484536903, 28.90000000000000213, 4.049999999999998046 ) ) ;
#2811 = LOCAL_TIME ( 19, 33, 58.00000000000000000, #2010 ) ;
#2812 = ORIENTED_EDGE ( 'NONE', *, *, #2154, .F. ) ;
#2813 = ORIENTED_EDGE ( 'NONE', *, *, #92, .F. ) ;
#2814 = VECTOR ( 'NONE', #1568, 1000.000000000000000 ) ;
#2815 = LINE ( 'NONE', #2567, #2814 ) ;
#2816 = CARTESIAN_POINT ( 'NONE',  ( 1.944151738672243335, 7.121320343559641053, 0.4536354056901898413 ) ) ;
#2817 = AXIS2_PLACEMENT_3D ( 'NONE', #1425, #1617, #688 ) ;
#2818 = CARTESIAN_POINT ( 'NONE',  ( -1.469968387776577012, -4.200000000000000178, 0.3429926238145319384 ) ) ;
#2819 = LINE ( 'NONE', #1375, #2831 ) ;
#2820 = DIRECTION ( 'NONE',  ( 0.000000000000000000, -1.000000000000000000, 0.000000000000000000 ) ) ;
#2821 = DIRECTION ( 'NONE',  ( 0.000000000000000000, 0.000000000000000000, -1.000000000000000000 ) ) ;
#2822 = EDGE_CURVE ( 'NONE', #1892, #2253, #24, .T. ) ;
#2823 = VERTEX_POINT ( 'NONE', #2234 ) ;
#2824 = DIRECTION ( 'NONE',  ( 0.2272296156064183004, 2.111681510515927313E-16, -0.9738412097417932234 ) ) ;
#2825 = EDGE_CURVE ( 'NONE', #532, #2788, #906, .T. ) ;
#2826 = ORIENTED_EDGE ( 'NONE', *, *, #2370, .F. ) ;
#2827 = ORIENTED_EDGE ( 'NONE', *, *, #2784, .T. ) ;
#2828 = DIRECTION ( 'NONE',  ( -0.000000000000000000, -1.000000000000000000, -2.168404344971008128E-16 ) ) ;
#2829 = PLANE ( 'NONE',  #1343 ) ;
#2830 = LINE ( 'NONE', #2350, #2397 ) ;
#2831 = VECTOR ( 'NONE', #414, 1000.000000000000000 ) ;
#2832 = DIRECTION ( 'NONE',  ( 0.2272296156064183004, 0.000000000000000000, 0.9738412097417932234 ) ) ;
#2833 = CARTESIAN_POINT ( 'NONE',  ( -25.78304402693809649, 20.17410708371065198, 7.696783176083481948 ) ) ;
#2834 = ORIENTED_EDGE ( 'NONE', *, *, #610, .F. ) ;
#2835 = DIRECTION ( 'NONE',  ( -3.469446951953623261E-15, -0.000000000000000000, -1.000000000000000000 ) ) ;
#2836 = CARTESIAN_POINT ( 'NONE',  ( -9.591294375990017329, -4.200000000000000178, 5.999999999999764633 ) ) ;
#2837 = ORIENTED_EDGE ( 'NONE', *, *, #344, .F. ) ;
#2838 = ORIENTED_EDGE ( 'NONE', *, *, #853, .F. ) ;
#2839 = EDGE_CURVE ( 'NONE', #2155, #2691, #1999, .T. ) ;
#2840 = DIRECTION ( 'NONE',  ( -1.000000000000000000, 0.000000000000000000, -0.000000000000000000 ) ) ;
#2841 = EDGE_CURVE ( 'NONE', #2200, #446, #2217, .T. ) ;
#2842 = DIRECTION ( 'NONE',  ( 0.000000000000000000, -1.000000000000000000, -2.168404344971009361E-16 ) ) ;
#2843 = PLANE ( 'NONE',  #2866 ) ;
#2844 = DIRECTION ( 'NONE',  ( 0.000000000000000000, 0.000000000000000000, -1.000000000000000000 ) ) ;
#2845 = DIRECTION ( 'NONE',  ( 0.000000000000000000, 1.000000000000000000, 2.168404344971008128E-16 ) ) ;
#2846 = CARTESIAN_POINT ( 'NONE',  ( -13.90870562400999688, -4.200000000000000178, 5.799999999999732481 ) ) ;
#2847 = CARTESIAN_POINT ( 'NONE',  ( -17.21095189484531929, 28.89999999999999503, 3.049999999999996714 ) ) ;
#2848 = AXIS2_PLACEMENT_3D ( 'NONE', #2676, #2692, #490 ) ;
#2849 = ORIENTED_EDGE ( 'NONE', *, *, #1541, .T. ) ;
#2850 = CARTESIAN_POINT ( 'NONE',  ( -11.50870562400999830, 7.121320343559641053, 5.799999999999749356 ) ) ;
#2851 = AXIS2_PLACEMENT_3D ( 'NONE', #1588, #2009, #1811 ) ;
#2852 = LINE ( 'NONE', #166, #2598 ) ;
#2853 = VECTOR ( 'NONE', #2538, 1000.000000000000000 ) ;
#2854 = ORIENTED_EDGE ( 'NONE', *, *, #2603, .T. ) ;
#2855 = EDGE_LOOP ( 'NONE', ( #141, #3123, #2664, #2670 ) ) ;
#2856 = CARTESIAN_POINT ( 'NONE',  ( -7.191294375990017862, -4.200000000000000178, 5.799999999999783107 ) ) ;
#2857 = VECTOR ( 'NONE', #1653, 1000.000000000000000 ) ;
#2858 = CARTESIAN_POINT ( 'NONE',  ( -1.908705624009996660, 7.121320343559641053, 5.999999999999815259 ) ) ;
#2859 = ADVANCED_FACE ( 'NONE', ( #1290 ), #1978, .T. ) ;
#2860 = DIRECTION ( 'NONE',  ( -1.000000000000000000, 0.000000000000000000, 0.000000000000000000 ) ) ;
#2861 = EDGE_CURVE ( 'NONE', #3089, #2627, #2506, .T. ) ;
#2862 = DIRECTION ( 'NONE',  ( 1.000000000000000000, 0.000000000000000000, -7.004084973747402777E-16 ) ) ;
#2863 = PLANE ( 'NONE',  #3051 ) ;
#2864 = DIRECTION ( 'NONE',  ( 0.000000000000000000, -1.000000000000000000, 0.000000000000000000 ) ) ;
#2865 = VERTEX_POINT ( 'NONE', #2971 ) ;
#2866 = AXIS2_PLACEMENT_3D ( 'NONE', #631, #1629, #1660 ) ;
#2867 = FACE_OUTER_BOUND ( 'NONE', #1542, .T. ) ;
#2868 = DIRECTION ( 'NONE',  ( 1.000000000000000000, -0.000000000000000000, -0.000000000000000000 ) ) ;
#2869 = EDGE_LOOP ( 'NONE', ( #2887, #2120, #88, #1288 ) ) ;
#2870 = ORIENTED_EDGE ( 'NONE', *, *, #615, .F. ) ;
#2871 = DIRECTION ( 'NONE',  ( 0.000000000000000000, 0.000000000000000000, -1.000000000000000000 ) ) ;
#2872 = LINE ( 'NONE', #2330, #2621 ) ;
#2873 = ORIENTED_EDGE ( 'NONE', *, *, #2723, .T. ) ;
#2874 = CARTESIAN_POINT ( 'NONE',  ( 0.6860626179383615408, 4.199999999999999289, 5.845445923121113552 ) ) ;
#2875 = EDGE_CURVE ( 'NONE', #1687, #2559, #2269, .T. ) ;
#2876 = AXIS2_PLACEMENT_3D ( 'NONE', #2443, #1741, #1002 ) ;
#2877 = CARTESIAN_POINT ( 'NONE',  ( -21.83095189484632215, 16.79999999999999716, 19.04999999999999005 ) ) ;
#2878 = AXIS2_PLACEMENT_3D ( 'NONE', #1084, #2991, #584 ) ;
#2879 = ADVANCED_FACE ( 'NONE', ( #768 ), #1737, .F. ) ;
#2880 = CARTESIAN_POINT ( 'NONE',  ( -5.300000000000009592, 7.121320343559641053, 4.500000000000000000 ) ) ;
#2881 = EDGE_CURVE ( 'NONE', #455, #1287, #2014, .T. ) ;
#2882 = CARTESIAN_POINT ( 'NONE',  ( -11.99129437599001591, 7.121320343559641053, 5.799999999999749356 ) ) ;
#2883 = VECTOR ( 'NONE', #2183, 1000.000000000000000 ) ;
#2884 = EDGE_LOOP ( 'NONE', ( #1202, #376, #501, #1722 ) ) ;
#2885 = CARTESIAN_POINT ( 'NONE',  ( -4.791294375990018395, 7.121320343559641053, 5.799999999999799094 ) ) ;
#2886 = CARTESIAN_POINT ( 'NONE',  ( 1.999999999999991340, 4.199999999999999289, 4.928571428571276059 ) ) ;
#2887 = ORIENTED_EDGE ( 'NONE', *, *, #1063, .T. ) ;
#2888 = ORIENTED_EDGE ( 'NONE', *, *, #2765, .T. ) ;
#2889 = LINE ( 'NONE', #880, #585 ) ;
#2890 = CYLINDRICAL_SURFACE ( 'NONE', #310, 0.1999999999999996503 ) ;
#2891 = EDGE_LOOP ( 'NONE', ( #771, #1396, #1659, #1443 ) ) ;
#2892 = DIRECTION ( 'NONE',  ( 0.000000000000000000, -1.000000000000000000, 0.000000000000000000 ) ) ;
#2893 = CARTESIAN_POINT ( 'NONE',  ( -11.31393738206163668, 4.199999999999999289, 5.845445923121030063 ) ) ;
#2894 = DIRECTION ( 'NONE',  ( 0.000000000000000000, -1.000000000000000000, 0.000000000000000000 ) ) ;
#2895 = CARTESIAN_POINT ( 'NONE',  ( -24.57478320139098926, 20.76326688381624308, 17.61695573147869354 ) ) ;
#2896 = EDGE_CURVE ( 'NONE', #1402, #455, #337, .T. ) ;
#2897 = EDGE_CURVE ( 'NONE', #2905, #1064, #508, .T. ) ;
#2898 = VERTEX_POINT ( 'NONE', #2202 ) ;
#2899 = CARTESIAN_POINT ( 'NONE',  ( -17.21095189484531573, 28.90000000000000213, 20.04999999999999005 ) ) ;
#2900 = DIRECTION ( 'NONE',  ( -0.000000000000000000, -1.000000000000000000, -2.168404344971008128E-16 ) ) ;
#2901 = VECTOR ( 'NONE', #1449, 1000.000000000000000 ) ;
#2902 = EDGE_CURVE ( 'NONE', #1966, #1059, #714, .T. ) ;
#2903 = ORIENTED_EDGE ( 'NONE', *, *, #1217, .T. ) ;
#2904 = VECTOR ( 'NONE', #2126, 1000.000000000000000 ) ;
#2905 = VERTEX_POINT ( 'NONE', #980 ) ;
#2906 = PLANE ( 'NONE',  #2440 ) ;
#2907 = LINE ( 'NONE', #1147, #2038 ) ;
#2908 = DIRECTION ( 'NONE',  ( 0.000000000000000000, -1.000000000000000000, 0.000000000000000000 ) ) ;
#2909 = VECTOR ( 'NONE', #98, 1000.000000000000000 ) ;
#2910 = VERTEX_POINT ( 'NONE', #1963 ) ;
#2911 = DIRECTION ( 'NONE',  ( -0.2272296156064183004, 2.111681510515927313E-16, -0.9738412097417932234 ) ) ;
#2912 = VECTOR ( 'NONE', #524, 1000.000000000000000 ) ;
#2913 = DIRECTION ( 'NONE',  ( 0.000000000000000000, 0.000000000000000000, -1.000000000000000000 ) ) ;
#2914 = DIRECTION ( 'NONE',  ( 1.000000000000000000, -0.000000000000000000, 0.000000000000000000 ) ) ;
#2915 = CARTESIAN_POINT ( 'NONE',  ( -27.99999999999999645, 15.80000000000001492, 9.852397535436169917 ) ) ;
#2916 = VERTEX_POINT ( 'NONE', #2937 ) ;
#2917 = LINE ( 'NONE', #2725, #2341 ) ;
#2918 = EDGE_CURVE ( 'NONE', #2622, #1426, #1047, .T. ) ;
#2919 = VERTEX_POINT ( 'NONE', #106 ) ;
#2920 = EDGE_LOOP ( 'NONE', ( #1540, #1715, #372, #1709 ) ) ;
#2921 = DIRECTION ( 'NONE',  ( 0.000000000000000000, -1.000000000000000000, 0.000000000000000000 ) ) ;
#2922 = CARTESIAN_POINT ( 'NONE',  ( -19.70000000000000639, 7.121320343559641053, 4.500000000000000000 ) ) ;
#2923 = EDGE_CURVE ( 'NONE', #2865, #1864, #2069, .T. ) ;
#2924 = CARTESIAN_POINT ( 'NONE',  ( -13.90870562400999688, -4.200000000000000178, 5.999999999999731770 ) ) ;
#2925 = VERTEX_POINT ( 'NONE', #2311 ) ;
#2926 = PLANE ( 'NONE',  #3127 ) ;
#2927 = LINE ( 'NONE', #1712, #2571 ) ;
#2928 = VECTOR ( 'NONE', #2999, 1000.000000000000000 ) ;
#2929 = DIRECTION ( 'NONE',  ( 0.000000000000000000, 1.000000000000000000, 2.168404344971008128E-16 ) ) ;
#2930 = CARTESIAN_POINT ( 'NONE',  ( -28.00000000000001421, 15.79999999999999893, 7.375368408636216344 ) ) ;
#2931 = ORIENTED_EDGE ( 'NONE', *, *, #1685, .T. ) ;
#2932 = DIRECTION ( 'NONE',  ( 1.000000000000000000, -0.000000000000000000, 3.469446951953599200E-15 ) ) ;
#2933 = CIRCLE ( 'NONE', #777, 0.1999999999999996503 ) ;
#2934 = VERTEX_POINT ( 'NONE', #1348 ) ;
#2935 = ORIENTED_EDGE ( 'NONE', *, *, #2236, .T. ) ;
#2936 = DIRECTION ( 'NONE',  ( 0.000000000000000000, 0.000000000000000000, 1.000000000000000000 ) ) ;
#2937 = CARTESIAN_POINT ( 'NONE',  ( -20.91393738206163633, -4.200000000000001066, 5.845445923120967002 ) ) ;
#2938 = CYLINDRICAL_SURFACE ( 'NONE', #1444, 10.49999999999999822 ) ;
#2939 = EDGE_CURVE ( 'NONE', #1095, #2200, #1849, .T. ) ;
#2940 = EDGE_LOOP ( 'NONE', ( #663, #611, #926, #2016 ) ) ;
#2941 = EDGE_CURVE ( 'NONE', #2147, #29, #1062, .T. ) ;
#2942 = DIRECTION ( 'NONE',  ( 0.000000000000000000, 1.000000000000000000, 0.000000000000000000 ) ) ;
#2943 = CARTESIAN_POINT ( 'NONE',  ( -23.00000000000001421, -4.200000000000001066, 17.84999999999999787 ) ) ;
#2944 = LINE ( 'NONE', #758, #1731 ) ;
#2945 = CARTESIAN_POINT ( 'NONE',  ( -25.40739078401562878, 20.43489672555307735, 6.877604821217559561 ) ) ;
#2946 = ORIENTED_EDGE ( 'NONE', *, *, #1413, .F. ) ;
#2947 = CARTESIAN_POINT ( 'NONE',  ( -8.600000000000006750, 4.199999999999999289, 4.500000000000000000 ) ) ;
#2948 = ORIENTED_EDGE ( 'NONE', *, *, #2806, .T. ) ;
#2949 = ORIENTED_EDGE ( 'NONE', *, *, #242, .T. ) ;
#2950 = CARTESIAN_POINT ( 'NONE',  ( -19.38606261793836794, 4.199999999999999289, 5.845445923120981213 ) ) ;
#2951 = CARTESIAN_POINT ( 'NONE',  ( -19.19129437599001520, 7.121320343559641053, 5.799999999999698730 ) ) ;
#2952 = CARTESIAN_POINT ( 'NONE',  ( 3.999999999999991562, 4.199999999999998401, 9.000000000000000000 ) ) ;
#2953 = VECTOR ( 'NONE', #1593, 1000.000000000000000 ) ;
#2954 = ORIENTED_EDGE ( 'NONE', *, *, #1691, .F. ) ;
#2955 = CARTESIAN_POINT ( 'NONE',  ( -21.95468914646990299, 7.121320343559641053, 5.122760800842974582 ) ) ;
#2956 = AXIS2_PLACEMENT_3D ( 'NONE', #823, #1286, #2049 ) ;
#2957 = LINE ( 'NONE', #754, #1859 ) ;
#2958 = ADVANCED_FACE ( 'NONE', ( #90 ), #2791, .F. ) ;
#2959 = CIRCLE ( 'NONE', #439, 0.1999999999999996503 ) ;
#2960 = LINE ( 'NONE', #2399, #1678 ) ;
#2961 = EDGE_CURVE ( 'NONE', #994, #2200, #3028, .T. ) ;
#2962 =( GEOMETRIC_REPRESENTATION_CONTEXT ( 3 ) GLOBAL_UNCERTAINTY_ASSIGNED_CONTEXT ( ( #1627 ) ) GLOBAL_UNIT_ASSIGNED_CONTEXT ( ( #1499, #2981, #1750 ) ) REPRESENTATION_CONTEXT ( 'NONE', 'WORKASPACE' ) );
#2963 = CARTESIAN_POINT ( 'NONE',  ( -26.49941815363870035, 17.27035621783024055, 12.25469554927671467 ) ) ;
#2964 = VECTOR ( 'NONE', #1836, 1000.000000000000000 ) ;
#2965 = ORIENTED_EDGE ( 'NONE', *, *, #1884, .T. ) ;
#2966 = DIRECTION ( 'NONE',  ( 0.000000000000000000, -1.000000000000000000, 0.000000000000000000 ) ) ;
#2967 = APPROVAL_ROLE ( '' ) ;
#2968 = VERTEX_POINT ( 'NONE', #829 ) ;
#2969 = ORIENTED_EDGE ( 'NONE', *, *, #460, .F. ) ;
#2970 = DIRECTION ( 'NONE',  ( 0.000000000000000000, 1.376764663473656710E-16, 1.000000000000000000 ) ) ;
#2971 = CARTESIAN_POINT ( 'NONE',  ( -17.29999999999993676, 4.199999999999999289, 4.500000000000000000 ) ) ;
#2972 = DIRECTION ( 'NONE',  ( -0.2272296156064183004, 2.111681510515927313E-16, -0.9738412097417932234 ) ) ;
#2973 = ORIENTED_EDGE ( 'NONE', *, *, #245, .T. ) ;
#2974 = EDGE_LOOP ( 'NONE', ( #3144, #1279, #812, #2390 ) ) ;
#2975 = LINE ( 'NONE', #288, #2558 ) ;
#2976 = CARTESIAN_POINT ( 'NONE',  ( -24.40000000000001634, 20.78397431775084314, 5.249999999999999112 ) ) ;
#2977 = CARTESIAN_POINT ( 'NONE',  ( -29.00000000000001421, -4.200000000000000178, 2.000000000000000000 ) ) ;
#2978 = EDGE_CURVE ( 'NONE', #2294, #3076, #1832, .T. ) ;
#2979 = EDGE_CURVE ( 'NONE', #2460, #510, #597, .T. ) ;
#2980 = LINE ( 'NONE', #576, #1115 ) ;
#2981 =( NAMED_UNIT ( * ) PLANE_ANGLE_UNIT ( ) SI_UNIT ( $, .RADIAN. ) );
#2982 = ORIENTED_EDGE ( 'NONE', *, *, #2236, .F. ) ;
#2983 = VERTEX_POINT ( 'NONE', #2810 ) ;
#2984 = CARTESIAN_POINT ( 'NONE',  ( -24.23693168768530271, 4.199999999999999289, 6.000000000000000000 ) ) ;
#2985 = CIRCLE ( 'NONE', #1604, 0.1999999999999996503 ) ;
#2986 = CARTESIAN_POINT ( 'NONE',  ( 0.000000000000000000, -4.200000000000000178, 5.999999999999833022 ) ) ;
#2987 = LINE ( 'NONE', #1358, #2517 ) ;
#2988 = ORIENTED_EDGE ( 'NONE', *, *, #1708, .T. ) ;
#2989 = ORIENTED_EDGE ( 'NONE', *, *, #876, .T. ) ;
#2990 = DIRECTION ( 'NONE',  ( 0.000000000000000000, 1.000000000000000000, 2.168404344971008128E-16 ) ) ;
#2991 = DIRECTION ( 'NONE',  ( 0.000000000000000000, 0.000000000000000000, -1.000000000000000000 ) ) ;
#2992 = FACE_OUTER_BOUND ( 'NONE', #2920, .T. ) ;
#2993 = FACE_OUTER_BOUND ( 'NONE', #1655, .T. ) ;
#2994 = ADVANCED_FACE ( 'NONE', ( #1594 ), #1607, .T. ) ;
#2995 = ORIENTED_EDGE ( 'NONE', *, *, #460, .T. ) ;
#2996 = ORIENTED_EDGE ( 'NONE', *, *, #2158, .F. ) ;
#2997 = CARTESIAN_POINT ( 'NONE',  ( -4.884088514225556565, 7.121320343559641053, -1.139620653319295851 ) ) ;
#2998 = LINE ( 'NONE', #357, #640 ) ;
#2999 = DIRECTION ( 'NONE',  ( 1.000000000000000000, -0.000000000000000000, 0.000000000000000000 ) ) ;
#3000 = EDGE_CURVE ( 'NONE', #564, #2012, #2998, .T. ) ;
#3001 = VERTEX_POINT ( 'NONE', #2342 ) ;
#3002 = VERTEX_POINT ( 'NONE', #2776 ) ;
#3003 = FACE_OUTER_BOUND ( 'NONE', #1436, .T. ) ;
#3004 = DIRECTION ( 'NONE',  ( 0.000000000000000000, -1.000000000000000000, 0.000000000000000000 ) ) ;
#3005 = VECTOR ( 'NONE', #1916, 1000.000000000000000 ) ;
#3006 = VECTOR ( 'NONE', #2689, 1000.000000000000000 ) ;
#3007 = FACE_OUTER_BOUND ( 'NONE', #2050, .T. ) ;
#3008 = VECTOR ( 'NONE', #1355, 1000.000000000000000 ) ;
#3009 = DIRECTION ( 'NONE',  ( -1.000000000000000000, 0.000000000000000000, 0.000000000000000000 ) ) ;
#3010 = AXIS2_PLACEMENT_3D ( 'NONE', #1398, #2357, #3121 ) ;
#3011 = VERTEX_POINT ( 'NONE', #2577 ) ;
#3012 = ORIENTED_EDGE ( 'NONE', *, *, #1728, .T. ) ;
#3013 = CARTESIAN_POINT ( 'NONE',  ( -4.791294375990018395, -4.200000000000000178, 5.999999999999799272 ) ) ;
#3014 = CARTESIAN_POINT ( 'NONE',  ( -15.80000000000000426, 7.121320343559641053, 4.500000000000000000 ) ) ;
#3015 = ORIENTED_EDGE ( 'NONE', *, *, #2352, .F. ) ;
#3016 = AXIS2_PLACEMENT_3D ( 'NONE', #673, #385, #656 ) ;
#3017 = VERTEX_POINT ( 'NONE', #327 ) ;
#3018 = EDGE_CURVE ( 'NONE', #201, #3079, #2520, .T. ) ;
#3019 = CARTESIAN_POINT ( 'NONE',  ( 0.000000000000000000, -4.200000000000000178, 5.999999999999782396 ) ) ;
#3020 = EDGE_CURVE ( 'NONE', #873, #2131, #1786, .T. ) ;
#3021 = CARTESIAN_POINT ( 'NONE',  ( -22.16441400296898578, 28.90000000000000213, 20.04999999999999361 ) ) ;
#3022 = LINE ( 'NONE', #2032, #35 ) ;
#3023 = ORIENTED_EDGE ( 'NONE', *, *, #206, .T. ) ;
#3024 = CARTESIAN_POINT ( 'NONE',  ( -11.71232876712335269, 7.121320343559641053, -2.732876712328780933 ) ) ;
#3025 = ORIENTED_EDGE ( 'NONE', *, *, #1432, .F. ) ;
#3026 = ORIENTED_EDGE ( 'NONE', *, *, #820, .T. ) ;
#3027 = LINE ( 'NONE', #2809, #2797 ) ;
#3028 = LINE ( 'NONE', #1565, #3164 ) ;
#3029 = ORIENTED_EDGE ( 'NONE', *, *, #308, .F. ) ;
#3030 = VECTOR ( 'NONE', #1266, 1000.000000000000000 ) ;
#3031 = ORIENTED_EDGE ( 'NONE', *, *, #192, .T. ) ;
#3032 = DIRECTION ( 'NONE',  ( 1.000000000000000000, -0.000000000000000000, 0.000000000000000000 ) ) ;
#3033 = DIRECTION ( 'NONE',  ( -0.000000000000000000, -1.000000000000000000, 1.376764663473656710E-16 ) ) ;
#3034 = VECTOR ( 'NONE', #682, 1000.000000000000000 ) ;
#3035 = EDGE_CURVE ( 'NONE', #859, #1734, #2326, .T. ) ;
#3036 = EDGE_CURVE ( 'NONE', #325, #1426, #863, .T. ) ;
#3037 = CARTESIAN_POINT ( 'NONE',  ( -0.3319283456270223365, 7.121320343559641053, -0.07744994731297183410 ) ) ;
#3038 = EDGE_CURVE ( 'NONE', #1828, #456, #1908, .T. ) ;
#3039 = FACE_OUTER_BOUND ( 'NONE', #905, .T. ) ;
#3040 = CARTESIAN_POINT ( 'NONE',  ( -28.00000000000001421, 6.999999999999999112, 0.000000000000000000 ) ) ;
#3041 = EDGE_LOOP ( 'NONE', ( #2488, #1670, #1034, #1896 ) ) ;
#3042 = CARTESIAN_POINT ( 'NONE',  ( 1.999999999999991340, 6.999999999999999112, 0.000000000000000000 ) ) ;
#3043 = DIRECTION ( 'NONE',  ( -1.000000000000000000, 0.000000000000000000, -0.000000000000000000 ) ) ;
#3044 = ORIENTED_EDGE ( 'NONE', *, *, #1408, .F. ) ;
#3045 = ORIENTED_EDGE ( 'NONE', *, *, #1474, .F. ) ;
#3046 = CARTESIAN_POINT ( 'NONE',  ( -7.191294375990017862, 4.199999999999999289, 5.799999999999783107 ) ) ;
#3047 = LINE ( 'NONE', #1384, #1761 ) ;
#3048 = EDGE_CURVE ( 'NONE', #1228, #2421, #2852, .T. ) ;
#3049 = DIRECTION ( 'NONE',  ( 0.2272296156064183004, 0.000000000000000000, 0.9738412097417932234 ) ) ;
#3050 = VECTOR ( 'NONE', #664, 1000.000000000000000 ) ;
#3051 = AXIS2_PLACEMENT_3D ( 'NONE', #2110, #1616, #1357 ) ;
#3052 = EDGE_CURVE ( 'NONE', #2131, #3011, #1668, .T. ) ;
#3053 = CARTESIAN_POINT ( 'NONE',  ( -13.40000000000000568, 4.199999999999999289, 4.500000000000000000 ) ) ;
#3054 = VECTOR ( 'NONE', #587, 1000.000000000000000 ) ;
#3055 = FACE_OUTER_BOUND ( 'NONE', #2139, .T. ) ;
#3056 = ORIENTED_EDGE ( 'NONE', *, *, #3018, .F. ) ;
#3057 = VECTOR ( 'NONE', #2693, 1000.000000000000000 ) ;
#3058 = ORIENTED_EDGE ( 'NONE', *, *, #2923, .F. ) ;
#3059 = CARTESIAN_POINT ( 'NONE',  ( -0.5000000000000073275, 7.121320343559641053, 4.500000000000000000 ) ) ;
#3060 = DIRECTION ( 'NONE',  ( -3.469446951953623261E-15, -0.000000000000000000, -1.000000000000000000 ) ) ;
#3061 = ORIENTED_EDGE ( 'NONE', *, *, #2825, .F. ) ;
#3062 = VERTEX_POINT ( 'NONE', #437 ) ;
#3063 = CARTESIAN_POINT ( 'NONE',  ( -3.746048472075834024, 4.199999999999999289, 0.8740779768176941689 ) ) ;
#3064 = CARTESIAN_POINT ( 'NONE',  ( -2.391294375990015375, 4.199999999999999289, 6.000000000000000000 ) ) ;
#3065 = DIRECTION ( 'NONE',  ( 4.377553108592123531E-16, 1.376764663473656710E-16, 1.000000000000000000 ) ) ;
#3066 = MANIFOLD_SOLID_BREP ( 'Chamfer1', #312 ) ;
#3067 = DIRECTION ( 'NONE',  ( 0.000000000000000000, 0.000000000000000000, -1.000000000000000000 ) ) ;
#3068 = CARTESIAN_POINT ( 'NONE',  ( -28.00000000000001421, 15.79999999999999893, 17.84999999999999787 ) ) ;
#3069 = DIRECTION ( 'NONE',  ( -1.000000000000000000, 0.000000000000000000, -0.000000000000000000 ) ) ;
#3070 = EDGE_CURVE ( 'NONE', #3113, #391, #643, .T. ) ;
#3071 = EDGE_CURVE ( 'NONE', #391, #1567, #1171, .T. ) ;
#3072 = ORIENTED_EDGE ( 'NONE', *, *, #1437, .T. ) ;
#3073 = DIRECTION ( 'NONE',  ( -0.000000000000000000, 0.000000000000000000, 1.000000000000000000 ) ) ;
#3074 = CARTESIAN_POINT ( 'NONE',  ( -24.23693168768530271, 4.199999999999999289, 6.000000000000000000 ) ) ;
#3075 = VERTEX_POINT ( 'NONE', #2638 ) ;
#3076 = VERTEX_POINT ( 'NONE', #1638 ) ;
#3077 = LINE ( 'NONE', #2457, #2901 ) ;
#3078 = LINE ( 'NONE', #2569, #669 ) ;
#3079 = VERTEX_POINT ( 'NONE', #1926 ) ;
#3080 = PLANE ( 'NONE',  #1166 ) ;
#3081 = VECTOR ( 'NONE', #1471, 1000.000000000000000 ) ;
#3082 = DIRECTION ( 'NONE',  ( 0.000000000000000000, -1.000000000000000000, 0.000000000000000000 ) ) ;
#3083 = CARTESIAN_POINT ( 'NONE',  ( -25.84351508591773339, 17.38436034795184426, 17.85000000000000142 ) ) ;
#3084 = LINE ( 'NONE', #1442, #1231 ) ;
#3085 = ORIENTED_EDGE ( 'NONE', *, *, #402, .F. ) ;
#3086 = DIRECTION ( 'NONE',  ( 0.000000000000000000, 1.000000000000000000, 2.168404344971008128E-16 ) ) ;
#3087 = LINE ( 'NONE', #891, #857 ) ;
#3088 = EDGE_CURVE ( 'NONE', #994, #1426, #2501, .T. ) ;
#3089 = VERTEX_POINT ( 'NONE', #2610 ) ;
#3090 = VERTEX_POINT ( 'NONE', #2886 ) ;
#3091 = FACE_OUTER_BOUND ( 'NONE', #2328, .T. ) ;
#3092 = EDGE_CURVE ( 'NONE', #2801, #1203, #659, .T. ) ;
#3093 = CARTESIAN_POINT ( 'NONE',  ( 0.000000000000000000, -4.200000000000001066, 4.500000000000000000 ) ) ;
#3094 = VERTEX_POINT ( 'NONE', #924 ) ;
#3095 = CARTESIAN_POINT ( 'NONE',  ( -27.82842712474620583, -7.000000000000000888, -1.224646799147353207E-16 ) ) ;
#3096 = CARTESIAN_POINT ( 'NONE',  ( -6.708705624009998481, -4.200000000000000178, 5.999999999999782396 ) ) ;
#3097 = CARTESIAN_POINT ( 'NONE',  ( -24.90539299822410158, 18.70408425268896480, 17.84999999999999432 ) ) ;
#3098 = PLANE ( 'NONE',  #650 ) ;
#3099 = AXIS2_PLACEMENT_3D ( 'NONE', #3124, #202, #1881 ) ;
#3100 = ORIENTED_EDGE ( 'NONE', *, *, #1884, .F. ) ;
#3101 = ORIENTED_EDGE ( 'NONE', *, *, #575, .T. ) ;
#3102 = DIRECTION ( 'NONE',  ( -0.9738412097417933344, 0.000000000000000000, -0.2272296156064183281 ) ) ;
#3103 = VECTOR ( 'NONE', #3073, 1000.000000000000000 ) ;
#3104 = CARTESIAN_POINT ( 'NONE',  ( -24.53317101456626403, 19.71410678430331131, 5.250000000000000000 ) ) ;
#3105 = VECTOR ( 'NONE', #2447, 1000.000000000000000 ) ;
#3106 = EDGE_CURVE ( 'NONE', #527, #564, #678, .T. ) ;
#3107 = ORIENTED_EDGE ( 'NONE', *, *, #1331, .T. ) ;
#3108 = ORIENTED_EDGE ( 'NONE', *, *, #2408, .F. ) ;
#3109 = CARTESIAN_POINT ( 'NONE',  ( -17.21095189484531929, 15.79999999999999893, 3.049999999999998490 ) ) ;
#3110 = APPROVAL_PERSON_ORGANIZATION ( #1010, #3147, #2469 ) ;
#3111 = CARTESIAN_POINT ( 'NONE',  ( -6.200000000000007283, 4.199999999999999289, 4.500000000000000000 ) ) ;
#3112 = ADVANCED_FACE ( 'NONE', ( #406 ), #1894, .T. ) ;
#3113 = VERTEX_POINT ( 'NONE', #454 ) ;
#3114 = EDGE_CURVE ( 'NONE', #2456, #2898, #1429, .T. ) ;
#3115 = CARTESIAN_POINT ( 'NONE',  ( -27.99999999999868194, 15.80000000000084803, 15.73743252074669208 ) ) ;
#3116 = DIRECTION ( 'NONE',  ( 0.000000000000000000, -1.000000000000000000, 0.000000000000000000 ) ) ;
#3117 = DIRECTION ( 'NONE',  ( 0.000000000000000000, 0.000000000000000000, -1.000000000000000000 ) ) ;
#3118 = AXIS2_PLACEMENT_3D ( 'NONE', #1869, #1933, #1161 ) ;
#3119 = VERTEX_POINT ( 'NONE', #1187 ) ;
#3120 = CARTESIAN_POINT ( 'NONE',  ( -14.39129437599001626, 4.199999999999999289, 5.799999999999732481 ) ) ;
#3121 = DIRECTION ( 'NONE',  ( -0.000000000000000000, 0.000000000000000000, -1.000000000000000000 ) ) ;
#3122 = ORIENTED_EDGE ( 'NONE', *, *, #2093, .T. ) ;
#3123 = ORIENTED_EDGE ( 'NONE', *, *, #2583, .T. ) ;
#3124 = CARTESIAN_POINT ( 'NONE',  ( 0.8061116965226816644, 7.121320343559641053, -0.1880927291886256292 ) ) ;
#3125 = DIRECTION ( 'NONE',  ( 0.000000000000000000, 0.000000000000000000, -1.000000000000000000 ) ) ;
#3126 = CARTESIAN_POINT ( 'NONE',  ( -28.00000000000134648, 15.79999999999915516, 17.31221907471874744 ) ) ;
#3127 = AXIS2_PLACEMENT_3D ( 'NONE', #253, #1983, #2259 ) ;
#3128 = DIRECTION ( 'NONE',  ( 0.000000000000000000, 1.000000000000000000, -1.376764663473656710E-16 ) ) ;
#3129 = EDGE_CURVE ( 'NONE', #1203, #2308, #623, .T. ) ;
#3130 = EDGE_CURVE ( 'NONE', #2823, #1484, #2374, .T. ) ;
#3131 = VECTOR ( 'NONE', #1625, 1000.000000000000000 ) ;
#3132 = CARTESIAN_POINT ( 'NONE',  ( 0.000000000000000000, 0.000000000000000000, 0.000000000000000000 ) ) ;
#3133 = EDGE_CURVE ( 'NONE', #368, #2983, #1446, .T. ) ;
#3134 = CARTESIAN_POINT ( 'NONE',  ( -26.26747181524341102, 19.68165257854717609, 13.81793441442264481 ) ) ;
#3135 = AXIS2_PLACEMENT_3D ( 'NONE', #3160, #1488, #715 ) ;
#3136 = ORIENTED_EDGE ( 'NONE', *, *, #3000, .F. ) ;
#3137 = LINE ( 'NONE', #151, #951 ) ;
#3138 = CYLINDRICAL_SURFACE ( 'NONE', #1680, 0.1999999999999996503 ) ;
#3139 = ORIENTED_EDGE ( 'NONE', *, *, #1452, .F. ) ;
#3140 = VERTEX_POINT ( 'NONE', #2625 ) ;
#3141 = DIRECTION ( 'NONE',  ( -1.000000000000000000, 0.000000000000000000, 0.000000000000000000 ) ) ;
#3142 = CARTESIAN_POINT ( 'NONE',  ( 1.999999999999991784, -4.200000000000001066, 4.928571428571278723 ) ) ;
#3143 = CARTESIAN_POINT ( 'NONE',  ( -21.10870562400999617, 7.121320343559641053, 5.999999999999682032 ) ) ;
#3144 = ORIENTED_EDGE ( 'NONE', *, *, #917, .F. ) ;
#3145 = CARTESIAN_POINT ( 'NONE',  ( -28.00000000000001421, 15.79999999999999893, 19.17785668327868009 ) ) ;
#3146 = DIRECTION ( 'NONE',  ( 0.000000000000000000, 0.000000000000000000, -1.000000000000000000 ) ) ;
#3147 = APPROVAL ( #2742, 'UNSPECIFIED' ) ;
#3148 = LINE ( 'NONE', #1937, #289 ) ;
#3149 = CARTESIAN_POINT ( 'NONE',  ( -24.69091544854212472, 20.73619350891903323, 5.650891311557012742 ) ) ;
#3150 = ORIENTED_EDGE ( 'NONE', *, *, #651, .F. ) ;
#3151 = ADVANCED_FACE ( 'NONE', ( #2165 ), #3138, .T. ) ;
#3152 = LINE ( 'NONE', #3169, #82 ) ;
#3153 = PERSON_AND_ORGANIZATION_ROLE ( 'design_owner' ) ;
#3154 = AXIS2_PLACEMENT_3D ( 'NONE', #1275, #43, #1031 ) ;
#3155 = EDGE_LOOP ( 'NONE', ( #2222, #1810, #2239, #191 ) ) ;
#3156 = VECTOR ( 'NONE', #607, 1000.000000000000000 ) ;
#3157 = ORIENTED_EDGE ( 'NONE', *, *, #129, .T. ) ;
#3158 = LINE ( 'NONE', #1962, #948 ) ;
#3159 = FACE_OUTER_BOUND ( 'NONE', #1802, .T. ) ;
#3160 = CARTESIAN_POINT ( 'NONE',  ( 0.000000000000000000, 0.000000000000000000, 4.500000000000000000 ) ) ;
#3161 = AXIS2_PLACEMENT_3D ( 'NONE', #1053, #2528, #2483 ) ;
#3162 = ORIENTED_EDGE ( 'NONE', *, *, #34, .T. ) ;
#3163 = DIRECTION ( 'NONE',  ( 0.2272296156064183004, 2.111681510515927313E-16, -0.9738412097417932234 ) ) ;
#3164 = VECTOR ( 'NONE', #2824, 1000.000000000000000 ) ;
#3165 = DIRECTION ( 'NONE',  ( 1.000000000000000000, -0.000000000000000000, -0.000000000000000000 ) ) ;
#3166 = CARTESIAN_POINT ( 'NONE',  ( -21.83095189484631860, 16.79999999999999716, 4.049999999999999822 ) ) ;
#3167 = CARTESIAN_POINT ( 'NONE',  ( -25.52994076456887740, 20.35606520253865881, 7.132893339291617174 ) ) ;
#3168 = VERTEX_POINT ( 'NONE', #2836 ) ;
#3169 = CARTESIAN_POINT ( 'NONE',  ( -17.21095189484531218, 28.89999999999999858, 19.04999999999999361 ) ) ;
#3170 = COORDINATED_UNIVERSAL_TIME_OFFSET ( 5, 0, .BEHIND. ) ;
#3171 = EDGE_CURVE ( 'NONE', #2056, #286, #2251, .T. ) ;
#3172 = EDGE_CURVE ( 'NONE', #2324, #2761, #3087, .T. ) ;
#3173 = ORIENTED_EDGE ( 'NONE', *, *, #1178, .F. ) ;
#3174 = ORIENTED_EDGE ( 'NONE', *, *, #1283, .T. ) ;
#3175 = CARTESIAN_POINT ( 'NONE',  ( 0.6860626179383615408, -4.200000000000001066, 5.845445923121113552 ) ) ;
#3176 = CARTESIAN_POINT ( 'NONE',  ( -23.00000000000001421, -4.200000000000001066, 17.84999999999999787 ) ) ;
#3177 = DIRECTION ( 'NONE',  ( 0.000000000000000000, -1.000000000000000000, 0.000000000000000000 ) ) ;
#3178 = VERTEX_POINT ( 'NONE', #277 ) ;
#3179 = LINE ( 'NONE', #734, #1747 ) ;
#3180 = CARTESIAN_POINT ( 'NONE',  ( -1.400000000000005462, -4.200000000000001066, 4.500000000000000000 ) ) ;
#3181 = CARTESIAN_POINT ( 'NONE',  ( -24.40000000000001279, 15.79999999999999893, 17.84999999999999787 ) ) ;
#3182 = CARTESIAN_POINT ( 'NONE',  ( -26.41786542245079872, 17.27768097015563953, 10.17732298535060131 ) ) ;
ENDSEC;
END-ISO-10303-21;
