ISO-10303-21;
HEADER;
FILE_DESCRIPTION (( 'STEP AP203' ),
    '1' );
FILE_NAME ('gear.STEP',
    '2026-06-17T23:34:57',
    ( '' ),
    ( '' ),
    'SwSTEP 2.0',
    'SolidWorks 2024',
    '' );
FILE_SCHEMA (( 'CONFIG_CONTROL_DESIGN' ));
ENDSEC;

DATA;
#1 = ORIENTED_EDGE ( 'NONE', *, *, #361, .F. ) ;
#2 = EDGE_CURVE ( 'NONE', #1473, #2915, #3104, .T. ) ;
#3 = DIRECTION ( 'NONE',  ( -0.000000000000000000, -0.000000000000000000, -1.000000000000000000 ) ) ;
#4 = ORIENTED_EDGE ( 'NONE', *, *, #3531, .F. ) ;
#5 = AXIS2_PLACEMENT_3D ( 'NONE', #1816, #1068, #3660 ) ;
#6 = DIRECTION ( 'NONE',  ( 0.4246257139295996907, -0.9053689872476181622, 0.000000000000000000 ) ) ;
#7 = CYLINDRICAL_SURFACE ( 'NONE', #206, 0.1999999999999995115 ) ;
#8 = VERTEX_POINT ( 'NONE', #3026 ) ;
#9 = AXIS2_PLACEMENT_3D ( 'NONE', #2621, #374, #3272 ) ;
#10 = CIRCLE ( 'NONE', #1087, 6.250000000000001776 ) ;
#11 = ORIENTED_EDGE ( 'NONE', *, *, #1175, .F. ) ;
#12 = LINE ( 'NONE', #552, #4154 ) ;
#13 = ADVANCED_FACE ( 'NONE', ( #4045 ), #2061, .T. ) ;
#14 = LINE ( 'NONE', #2579, #4149 ) ;
#15 = VECTOR ( 'NONE', #4011, 1000.000000000000000 ) ;
#16 = EDGE_CURVE ( 'NONE', #4077, #1459, #1324, .T. ) ;
#17 = DIRECTION ( 'NONE',  ( -1.000000000000000000, -5.421010862427508365E-16, 0.000000000000000000 ) ) ;
#18 = LINE ( 'NONE', #1296, #154 ) ;
#19 = CC_DESIGN_PERSON_AND_ORGANIZATION_ASSIGNMENT ( #1741, #1815, ( #3693 ) ) ;
#20 = CARTESIAN_POINT ( 'NONE',  ( 0.6446484853151814853, 5.239541876101773354, 7.349860010146585410 ) ) ;
#21 = ORIENTED_EDGE ( 'NONE', *, *, #684, .T. ) ;
#22 = EDGE_LOOP ( 'NONE', ( #1976, #1411, #3137, #3294 ) ) ;
#23 = LINE ( 'NONE', #2926, #2991 ) ;
#24 = ORIENTED_EDGE ( 'NONE', *, *, #668, .T. ) ;
#25 = EDGE_CURVE ( 'NONE', #1495, #452, #179, .T. ) ;
#26 = EDGE_CURVE ( 'NONE', #305, #2445, #2211, .T. ) ;
#27 = EDGE_CURVE ( 'NONE', #4041, #3465, #3661, .T. ) ;
#28 = DIRECTION ( 'NONE',  ( 0.9963853997198273138, 0.08494783826066339139, 0.000000000000000000 ) ) ;
#29 = ORIENTED_EDGE ( 'NONE', *, *, #2444, .T. ) ;
#30 = ADVANCED_FACE ( 'NONE', ( #464 ), #4018, .T. ) ;
#31 = CARTESIAN_POINT ( 'NONE',  ( -3.031208537015749549, -4.961415200871179820, 7.349860010146585410 ) ) ;
#32 = CARTESIAN_POINT ( 'NONE',  ( -2.008487828504709860, 1.001515483983599353, -4.560121934157388424 ) ) ;
#33 = VERTEX_POINT ( 'NONE', #800 ) ;
#34 = CARTESIAN_POINT ( 'NONE',  ( -5.939748884110620075, -3.670755499970916436, -4.560121934157388424 ) ) ;
#35 = CARTESIAN_POINT ( 'NONE',  ( -4.774525311268398298, 6.606115081095452979, -4.560121934157388424 ) ) ;
#36 = FACE_OUTER_BOUND ( 'NONE', #1102, .T. ) ;
#37 = VECTOR ( 'NONE', #476, 1000.000000000000000 ) ;
#38 = VERTEX_POINT ( 'NONE', #2087 ) ;
#39 = DIRECTION ( 'NONE',  ( 0.9135454576426002005, -0.4067366430758018181, 0.000000000000000000 ) ) ;
#40 = AXIS2_PLACEMENT_3D ( 'NONE', #1375, #2677, #3557 ) ;
#41 = DIRECTION ( 'NONE',  ( -1.000000000000000000, 0.000000000000000000, 0.000000000000000000 ) ) ;
#42 = ORIENTED_EDGE ( 'NONE', *, *, #640, .F. ) ;
#43 = ORIENTED_EDGE ( 'NONE', *, *, #3536, .T. ) ;
#44 = AXIS2_PLACEMENT_3D ( 'NONE', #929, #1520, #2531 ) ;
#45 = DIRECTION ( 'NONE',  ( -0.000000000000000000, -0.000000000000000000, -1.000000000000000000 ) ) ;
#46 = EDGE_LOOP ( 'NONE', ( #1291, #3863, #3273, #1378 ) ) ;
#47 = EDGE_CURVE ( 'NONE', #780, #2634, #3374, .T. ) ;
#48 = FACE_OUTER_BOUND ( 'NONE', #1609, .T. ) ;
#49 = EDGE_LOOP ( 'NONE', ( #1108, #2207, #827, #1512 ) ) ;
#50 = AXIS2_PLACEMENT_3D ( 'NONE', #1817, #441, #203 ) ;
#51 = CARTESIAN_POINT ( 'NONE',  ( -0.3174859639028847491, -4.865804375095172496, -4.560121934157388424 ) ) ;
#52 = AXIS2_PLACEMENT_3D ( 'NONE', #166, #3017, #2730 ) ;
#53 = CARTESIAN_POINT ( 'NONE',  ( 0.5736271779456866282, 0.5736271779456839637, -5.450139989853414413 ) ) ;
#54 = ORIENTED_EDGE ( 'NONE', *, *, #1727, .F. ) ;
#55 = CARTESIAN_POINT ( 'NONE',  ( 3.049116642978394687, -2.419824406302239161, -2.650139989853414590 ) ) ;
#56 = AXIS2_PLACEMENT_3D ( 'NONE', #3753, #3732, #844 ) ;
#57 = CARTESIAN_POINT ( 'NONE',  ( -6.645969606891661385, -0.8676454922645622236, -4.560121934157388424 ) ) ;
#58 = VECTOR ( 'NONE', #3881, 1000.000000000000227 ) ;
#59 = AXIS2_PLACEMENT_3D ( 'NONE', #3738, #2074, #3384 ) ;
#60 = ORIENTED_EDGE ( 'NONE', *, *, #274, .T. ) ;
#61 = AXIS2_PLACEMENT_3D ( 'NONE', #311, #1585, #2875 ) ;
#62 = LINE ( 'NONE', #3867, #2564 ) ;
#63 = VERTEX_POINT ( 'NONE', #2741 ) ;
#64 = CIRCLE ( 'NONE', #3615, 0.1999999999999994837 ) ;
#65 = CARTESIAN_POINT ( 'NONE',  ( 0.000000000000000000, 2.524783792058391985, -8.550139989853414946 ) ) ;
#66 = EDGE_CURVE ( 'NONE', #2075, #805, #3707, .T. ) ;
#67 = CARTESIAN_POINT ( 'NONE',  ( -3.731756136579508443, 2.524783792058391985, -5.450139989853414413 ) ) ;
#68 = CARTESIAN_POINT ( 'NONE',  ( 4.094213270341807487, 0.7966522784914739086, 7.349860010146585410 ) ) ;
#69 = ORIENTED_EDGE ( 'NONE', *, *, #2470, .F. ) ;
#70 = ADVANCED_FACE ( 'NONE', ( #507 ), #1787, .T. ) ;
#71 = EDGE_CURVE ( 'NONE', #3101, #1406, #4089, .T. ) ;
#72 = CARTESIAN_POINT ( 'NONE',  ( -7.540560147325380491, -1.906864797090060959, -2.650139989853414590 ) ) ;
#73 = VERTEX_POINT ( 'NONE', #996 ) ;
#74 = CARTESIAN_POINT ( 'NONE',  ( -2.008487828504716965, -1.152711216428904839, -5.450139989853414413 ) ) ;
#75 = CARTESIAN_POINT ( 'NONE',  ( 3.483281667205417875, -1.667828525471670265, 7.349860010146585410 ) ) ;
#76 = DIRECTION ( 'NONE',  ( -1.000000000000000000, 0.000000000000000000, 0.000000000000000000 ) ) ;
#77 = VERTEX_POINT ( 'NONE', #626 ) ;
#78 = DIRECTION ( 'NONE',  ( -0.8204211489869565055, -0.5717596857902123020, 0.000000000000000000 ) ) ;
#79 = DIRECTION ( 'NONE',  ( -0.8090169943749504489, -0.5877852522924689183, 0.000000000000000000 ) ) ;
#80 = AXIS2_PLACEMENT_3D ( 'NONE', #4030, #1797, #3153 ) ;
#81 = ADVANCED_FACE ( 'NONE', ( #3528 ), #1292, .T. ) ;
#82 = LINE ( 'NONE', #1348, #1958 ) ;
#83 = VERTEX_POINT ( 'NONE', #3777 ) ;
#84 = DIRECTION ( 'NONE',  ( 0.000000000000000000, 0.000000000000000000, 1.000000000000000000 ) ) ;
#85 = VECTOR ( 'NONE', #84, 1000.000000000000000 ) ;
#86 = CARTESIAN_POINT ( 'NONE',  ( -6.244234946294866972, 5.399625986115096588, -4.560121934157388424 ) ) ;
#87 = EDGE_CURVE ( 'NONE', #1406, #3997, #12, .T. ) ;
#88 = LINE ( 'NONE', #2600, #2372 ) ;
#89 = DIRECTION ( 'NONE',  ( 0.000000000000000000, -1.000000000000000000, 0.000000000000000000 ) ) ;
#90 = EDGE_LOOP ( 'NONE', ( #1674, #833, #1349, #1807 ) ) ;
#91 = FACE_OUTER_BOUND ( 'NONE', #49, .T. ) ;
#92 = EDGE_CURVE ( 'NONE', #2468, #235, #942, .T. ) ;
#93 = DIRECTION ( 'NONE',  ( 0.000000000000000000, 0.000000000000000000, 1.000000000000000000 ) ) ;
#94 = EDGE_LOOP ( 'NONE', ( #2680, #963, #915, #3501 ) ) ;
#95 = FACE_OUTER_BOUND ( 'NONE', #2191, .T. ) ;
#96 = ORIENTED_EDGE ( 'NONE', *, *, #3995, .F. ) ;
#97 = VERTEX_POINT ( 'NONE', #1591 ) ;
#98 = LINE ( 'NONE', #1058, #3423 ) ;
#99 = DIRECTION ( 'NONE',  ( 0.9053689872476125000, -0.4246257139296117367, 0.000000000000000000 ) ) ;
#100 = CARTESIAN_POINT ( 'NONE',  ( -7.363533833123119265, -1.813796628095703856, -4.560121934157388424 ) ) ;
#101 = ORIENTED_EDGE ( 'NONE', *, *, #3265, .F. ) ;
#102 = CARTESIAN_POINT ( 'NONE',  ( -1.574322804277690446, 7.092199383724657302, 7.349860010146585410 ) ) ;
#103 = DIRECTION ( 'NONE',  ( -0.000000000000000000, -0.000000000000000000, -1.000000000000000000 ) ) ;
#104 = LINE ( 'NONE', #2518, #413 ) ;
#105 = VERTEX_POINT ( 'NONE', #2880 ) ;
#106 = CARTESIAN_POINT ( 'NONE',  ( -3.531756136579508265, 0.000000000000000000, -5.450139989853414413 ) ) ;
#107 = ORIENTED_EDGE ( 'NONE', *, *, #3668, .F. ) ;
#108 = VECTOR ( 'NONE', #3674, 1000.000000000000000 ) ;
#109 = VECTOR ( 'NONE', #2047, 1000.000000000000000 ) ;
#110 = CARTESIAN_POINT ( 'NONE',  ( -4.352158189078055628, -3.415181159546494705, -2.650139989853414590 ) ) ;
#111 = CARTESIAN_POINT ( 'NONE',  ( -2.008487828504709860, 1.001515483983599353, 7.349860010146585410 ) ) ;
#112 = EDGE_LOOP ( 'NONE', ( #193, #2590, #673, #24 ) ) ;
#113 = VECTOR ( 'NONE', #510, 1000.000000000000114 ) ;
#114 = CARTESIAN_POINT ( 'NONE',  ( -2.442652852731729940, 7.092199383724657302, -2.650139989853414590 ) ) ;
#115 = ORIENTED_EDGE ( 'NONE', *, *, #3459, .F. ) ;
#116 = ADVANCED_FACE ( 'NONE', ( #1632 ), #1308, .T. ) ;
#117 = CIRCLE ( 'NONE', #489, 6.250000000000000000 ) ;
#118 = CARTESIAN_POINT ( 'NONE',  ( 0.3351825320685747900, -3.415181159546525791, -4.560121934157388424 ) ) ;
#119 = ORIENTED_EDGE ( 'NONE', *, *, #1245, .T. ) ;
#120 = CYLINDRICAL_SURFACE ( 'NONE', #2939, 6.250000000000000000 ) ;
#121 = CARTESIAN_POINT ( 'NONE',  ( -4.304135885154518171, 0.8600941277462860191, -8.550139989853414946 ) ) ;
#122 = CIRCLE ( 'NONE', #382, 0.1999999999999996503 ) ;
#123 = EDGE_CURVE ( 'NONE', #948, #3840, #2593, .T. ) ;
#124 = ORIENTED_EDGE ( 'NONE', *, *, #2684, .F. ) ;
#125 = CIRCLE ( 'NONE', #1662, 0.1999999999999995393 ) ;
#126 = FACE_OUTER_BOUND ( 'NONE', #4039, .T. ) ;
#127 = ORIENTED_EDGE ( 'NONE', *, *, #3007, .F. ) ;
#128 = VECTOR ( 'NONE', #3130, 999.9999999999998863 ) ;
#129 = DIRECTION ( 'NONE',  ( -0.000000000000000000, -0.000000000000000000, -1.000000000000000000 ) ) ;
#130 = VECTOR ( 'NONE', #3197, 1000.000000000000000 ) ;
#131 = DIRECTION ( 'NONE',  ( 0.000000000000000000, 0.000000000000000000, 1.000000000000000000 ) ) ;
#132 = AXIS2_PLACEMENT_3D ( 'NONE', #1481, #473, #189 ) ;
#133 = CYLINDRICAL_SURFACE ( 'NONE', #2343, 6.250000000000002665 ) ;
#134 = VECTOR ( 'NONE', #1052, 1000.000000000000000 ) ;
#135 = CARTESIAN_POINT ( 'NONE',  ( 1.791512171495293071, 1.001515483983599797, -8.550139989853414946 ) ) ;
#136 = VERTEX_POINT ( 'NONE', #638 ) ;
#137 = PLANE ( 'NONE',  #3489 ) ;
#138 = DIRECTION ( 'NONE',  ( -1.000000000000000000, 0.000000000000000000, 0.000000000000000000 ) ) ;
#139 = CARTESIAN_POINT ( 'NONE',  ( -2.008487828504709860, 1.001515483983599353, -2.650139989853414590 ) ) ;
#140 = EDGE_LOOP ( 'NONE', ( #1298, #1738, #1606, #2543 ) ) ;
#141 = CARTESIAN_POINT ( 'NONE',  ( -4.322676679917931253, 6.807291053190075658, -4.560121934157388424 ) ) ;
#142 = ORIENTED_EDGE ( 'NONE', *, *, #3577, .T. ) ;
#143 = CARTESIAN_POINT ( 'NONE',  ( -0.6343151553844590396, 5.808973176407895345, -2.650139989853414590 ) ) ;
#144 = CARTESIAN_POINT ( 'NONE',  ( -5.945969606891673642, -2.080081057562783275, -2.650139989853414590 ) ) ;
#145 = ORIENTED_EDGE ( 'NONE', *, *, #2662, .T. ) ;
#146 = CYLINDRICAL_SURFACE ( 'NONE', #1384, 0.1999999999999996780 ) ;
#147 = CARTESIAN_POINT ( 'NONE',  ( -3.031208537015749549, -4.961415200871179820, -2.650139989853414590 ) ) ;
#148 = ORIENTED_EDGE ( 'NONE', *, *, #2185, .F. ) ;
#149 = EDGE_CURVE ( 'NONE', #3724, #878, #652, .T. ) ;
#150 = ORIENTED_EDGE ( 'NONE', *, *, #3076, .T. ) ;
#151 = CARTESIAN_POINT ( 'NONE',  ( -2.008487828504709860, 1.001515483983599353, -2.650139989853414590 ) ) ;
#152 = ORIENTED_EDGE ( 'NONE', *, *, #3030, .T. ) ;
#153 = DIRECTION ( 'NONE',  ( -0.000000000000000000, -0.000000000000000000, -1.000000000000000000 ) ) ;
#154 = VECTOR ( 'NONE', #2480, 1000.000000000000000 ) ;
#155 = CARTESIAN_POINT ( 'NONE',  ( -2.008487828504709860, 1.001515483983599353, -8.550139989853414946 ) ) ;
#156 = CIRCLE ( 'NONE', #3905, 0.1999999999999996780 ) ;
#157 = ORIENTED_EDGE ( 'NONE', *, *, #1929, .F. ) ;
#158 = CARTESIAN_POINT ( 'NONE',  ( 3.814873874134053100, 2.641929602503731100, 7.349860010146585410 ) ) ;
#159 = ADVANCED_FACE ( 'NONE', ( #315 ), #2286, .T. ) ;
#160 = VECTOR ( 'NONE', #1761, 1000.000000000000000 ) ;
#161 = DIRECTION ( 'NONE',  ( -0.3886902165834899003, 0.9213685014869347212, 0.000000000000000000 ) ) ;
#162 = DIRECTION ( 'NONE',  ( 0.000000000000000000, 0.000000000000000000, 1.000000000000000000 ) ) ;
#163 = VERTEX_POINT ( 'NONE', #1275 ) ;
#164 = DIRECTION ( 'NONE',  ( 1.000000000000000000, -4.336808689942016947E-15, 0.000000000000000000 ) ) ;
#165 = ORIENTED_EDGE ( 'NONE', *, *, #1629, .F. ) ;
#166 = CARTESIAN_POINT ( 'NONE',  ( -6.244234946294866972, 5.399625986115097476, -4.560121934157388424 ) ) ;
#167 = EDGE_CURVE ( 'NONE', #920, #3723, #2829, .T. ) ;
#168 = CARTESIAN_POINT ( 'NONE',  ( 4.176555728805774415, 0.1027740338589975544, -4.560121934157388424 ) ) ;
#169 = ORIENTED_EDGE ( 'NONE', *, *, #2938, .T. ) ;
#170 = ORIENTED_EDGE ( 'NONE', *, *, #2928, .T. ) ;
#171 = CARTESIAN_POINT ( 'NONE',  ( -6.825261158136543216, 4.754331003799948441, -2.650139989853414590 ) ) ;
#172 = ORIENTED_EDGE ( 'NONE', *, *, #3157, .F. ) ;
#173 = EDGE_CURVE ( 'NONE', #3795, #2122, #2898, .T. ) ;
#174 = LINE ( 'NONE', #2427, #15 ) ;
#175 = VERTEX_POINT ( 'NONE', #2158 ) ;
#176 = DIRECTION ( 'NONE',  ( 0.000000000000000000, 0.000000000000000000, 1.000000000000000000 ) ) ;
#177 = CALENDAR_DATE ( 2026, 17, 6 ) ;
#178 = DIRECTION ( 'NONE',  ( 0.7298405131205425445, -0.6836174554587843843, 0.000000000000000000 ) ) ;
#179 = LINE ( 'NONE', #3684, #1808 ) ;
#180 = ORIENTED_EDGE ( 'NONE', *, *, #3917, .F. ) ;
#181 = EDGE_CURVE ( 'NONE', #2468, #2790, #2934, .T. ) ;
#182 = EDGE_CURVE ( 'NONE', #445, #2619, #2558, .T. ) ;
#183 = DIRECTION ( 'NONE',  ( -0.000000000000000000, -0.000000000000000000, -1.000000000000000000 ) ) ;
#184 = DIRECTION ( 'NONE',  ( -0.000000000000000000, -0.000000000000000000, -1.000000000000000000 ) ) ;
#185 = ORIENTED_EDGE ( 'NONE', *, *, #25, .T. ) ;
#186 = ORIENTED_EDGE ( 'NONE', *, *, #1686, .F. ) ;
#187 = LINE ( 'NONE', #254, #3952 ) ;
#188 = CARTESIAN_POINT ( 'NONE',  ( -0.2852195204299127207, 2.524783792058386656, -5.450139989853414413 ) ) ;
#189 = DIRECTION ( 'NONE',  ( -0.8090169943749513370, -0.5877852522924678080, 0.000000000000000000 ) ) ;
#190 = ORIENTED_EDGE ( 'NONE', *, *, #3377, .F. ) ;
#191 = EDGE_CURVE ( 'NONE', #2312, #948, #335, .T. ) ;
#192 = CIRCLE ( 'NONE', #1040, 6.250000000000000888 ) ;
#193 = ORIENTED_EDGE ( 'NONE', *, *, #908, .T. ) ;
#194 = DIRECTION ( 'NONE',  ( 1.000000000000000000, 0.000000000000000000, 0.000000000000000000 ) ) ;
#195 = ORIENTED_EDGE ( 'NONE', *, *, #2714, .F. ) ;
#196 = EDGE_LOOP ( 'NONE', ( #2162, #859, #1436, #1974 ) ) ;
#197 = LINE ( 'NONE', #3627, #2706 ) ;
#198 = VERTEX_POINT ( 'NONE', #3440 ) ;
#199 = PERSON_AND_ORGANIZATION ( #1616, #1670 ) ;
#200 = AXIS2_PLACEMENT_3D ( 'NONE', #515, #3361, #2395 ) ;
#201 = DIRECTION ( 'NONE',  ( 0.000000000000000000, 0.000000000000000000, 1.000000000000000000 ) ) ;
#202 = AXIS2_PLACEMENT_3D ( 'NONE', #2569, #950, #1901 ) ;
#203 = DIRECTION ( 'NONE',  ( 0.9922736368262302653, -0.1240686489796942737, 0.000000000000000000 ) ) ;
#204 = DIRECTION ( 'NONE',  ( 0.000000000000000000, 0.000000000000000000, 1.000000000000000000 ) ) ;
#205 = CIRCLE ( 'NONE', #984, 0.1999999999999995115 ) ;
#206 = AXIS2_PLACEMENT_3D ( 'NONE', #312, #3861, #938 ) ;
#207 = AXIS2_PLACEMENT_3D ( 'NONE', #378, #724, #1656 ) ;
#208 = CARTESIAN_POINT ( 'NONE',  ( -0.7584878285047096380, 1.001515483983599575, -5.450139989853414413 ) ) ;
#209 = ORIENTED_EDGE ( 'NONE', *, *, #4124, .F. ) ;
#210 = ADVANCED_FACE ( 'NONE', ( #1840 ), #3864, .T. ) ;
#211 = EDGE_CURVE ( 'NONE', #4021, #2317, #2264, .T. ) ;
#212 = CARTESIAN_POINT ( 'NONE',  ( 4.003448064767775705, -0.06692096710226180800, -2.650139989853414590 ) ) ;
#213 = FACE_OUTER_BOUND ( 'NONE', #2442, .T. ) ;
#214 = DIRECTION ( 'NONE',  ( 0.3090169943749564441, 0.9510565162951505336, 0.000000000000000000 ) ) ;
#215 = DIRECTION ( 'NONE',  ( 0.000000000000000000, 0.000000000000000000, 1.000000000000000000 ) ) ;
#216 = EDGE_LOOP ( 'NONE', ( #2575, #974, #3260, #3492 ) ) ;
#217 = ORIENTED_EDGE ( 'NONE', *, *, #1262, .F. ) ;
#218 = LINE ( 'NONE', #2189, #2235 ) ;
#219 = CARTESIAN_POINT ( 'NONE',  ( -7.871514490018615362, 3.166560140884951746, -4.560121934157388424 ) ) ;
#220 = ORIENTED_EDGE ( 'NONE', *, *, #47, .T. ) ;
#221 = ORIENTED_EDGE ( 'NONE', *, *, #1293, .T. ) ;
#222 = DIRECTION ( 'NONE',  ( 0.3090169943749573878, 0.9510565162951504226, 0.000000000000000000 ) ) ;
#223 = ORIENTED_EDGE ( 'NONE', *, *, #1114, .F. ) ;
#224 = APPROVAL_ROLE ( '' ) ;
#225 = DIRECTION ( 'NONE',  ( -0.000000000000000000, -0.000000000000000000, -1.000000000000000000 ) ) ;
#226 = EDGE_LOOP ( 'NONE', ( #3581, #29, #2450, #3955 ) ) ;
#227 = AXIS2_PLACEMENT_3D ( 'NONE', #4116, #2778, #3466 ) ;
#228 = DIRECTION ( 'NONE',  ( -0.000000000000000000, -0.000000000000000000, -1.000000000000000000 ) ) ;
#229 = EDGE_CURVE ( 'NONE', #4021, #1254, #3550, .T. ) ;
#230 = AXIS2_PLACEMENT_3D ( 'NONE', #641, #338, #1614 ) ;
#231 = CARTESIAN_POINT ( 'NONE',  ( 3.649932412188647834, 3.296555791808000624, -4.560121934157388424 ) ) ;
#232 = ORIENTED_EDGE ( 'NONE', *, *, #2919, .T. ) ;
#233 = EDGE_CURVE ( 'NONE', #2622, #1484, #3218, .T. ) ;
#234 = VECTOR ( 'NONE', #2504, 1000.000000000000000 ) ;
#235 = VERTEX_POINT ( 'NONE', #3920 ) ;
#236 = DIRECTION ( 'NONE',  ( 0.000000000000000000, 0.000000000000000000, 1.000000000000000000 ) ) ;
#237 = DIRECTION ( 'NONE',  ( 0.000000000000000000, 0.000000000000000000, 1.000000000000000000 ) ) ;
#238 = EDGE_CURVE ( 'NONE', #3231, #3795, #3275, .T. ) ;
#239 = CARTESIAN_POINT ( 'NONE',  ( -4.322676679917931253, 6.807291053190075658, 7.349860010146585410 ) ) ;
#240 = ORIENTED_EDGE ( 'NONE', *, *, #3868, .T. ) ;
#241 = ORIENTED_EDGE ( 'NONE', *, *, #2812, .T. ) ;
#242 = CARTESIAN_POINT ( 'NONE',  ( -5.237255118184884317, -4.181147096574615141, -2.650139989853414590 ) ) ;
#243 = DIRECTION ( 'NONE',  ( 0.000000000000000000, 0.000000000000000000, -1.000000000000000000 ) ) ;
#244 = VERTEX_POINT ( 'NONE', #2639 ) ;
#245 = ORIENTED_EDGE ( 'NONE', *, *, #903, .T. ) ;
#246 = DIRECTION ( 'NONE',  ( 0.9998065632379337098, -0.01966814954061135712, 0.000000000000000000 ) ) ;
#247 = DATE_AND_TIME ( #2155, #4101 ) ;
#248 = DIRECTION ( 'NONE',  ( 0.000000000000000000, 0.000000000000000000, 1.000000000000000000 ) ) ;
#249 = DIRECTION ( 'NONE',  ( -0.000000000000000000, 0.000000000000000000, -1.000000000000000000 ) ) ;
#250 = CARTESIAN_POINT ( 'NONE',  ( -2.008487828504709860, 1.001515483983599353, -8.550139989853414946 ) ) ;
#251 = DIRECTION ( 'NONE',  ( -1.000000000000000000, 0.000000000000000000, 0.000000000000000000 ) ) ;
#252 = CARTESIAN_POINT ( 'NONE',  ( -0.4852195204299181719, 0.000000000000000000, -5.450139989853414413 ) ) ;
#253 = ORIENTED_EDGE ( 'NONE', *, *, #2919, .F. ) ;
#254 = CARTESIAN_POINT ( 'NONE',  ( -3.531756136579508265, 2.724783792058392162, -5.450139989853414413 ) ) ;
#255 = PLANE ( 'NONE',  #2775 ) ;
#256 = CARTESIAN_POINT ( 'NONE',  ( -6.484026207310941814, 5.364089978457302621, 7.349860010146585410 ) ) ;
#257 = ORIENTED_EDGE ( 'NONE', *, *, #3413, .T. ) ;
#258 = EDGE_LOOP ( 'NONE', ( #2263, #3125, #836, #576 ) ) ;
#259 = AXIS2_PLACEMENT_3D ( 'NONE', #3405, #546, #2424 ) ;
#260 = DIRECTION ( 'NONE',  ( -0.000000000000000000, -0.000000000000000000, -1.000000000000000000 ) ) ;
#261 = CARTESIAN_POINT ( 'NONE',  ( -2.008487828504709860, 1.001515483983599353, 7.349860010146585410 ) ) ;
#262 = EDGE_CURVE ( 'NONE', #2567, #3743, #532, .T. ) ;
#263 = AXIS2_PLACEMENT_3D ( 'NONE', #3618, #93, #347 ) ;
#264 = ORIENTED_EDGE ( 'NONE', *, *, #2620, .F. ) ;
#265 = ADVANCED_FACE ( 'NONE', ( #3314 ), #3041, .T. ) ;
#266 = VECTOR ( 'NONE', #630, 999.9999999999998863 ) ;
#267 = DIRECTION ( 'NONE',  ( 0.8090169943749502268, 0.5877852522924691403, 0.000000000000000000 ) ) ;
#268 = PLANE ( 'NONE',  #716 ) ;
#269 = AXIS2_PLACEMENT_3D ( 'NONE', #31, #1304, #3312 ) ;
#270 = CARTESIAN_POINT ( 'NONE',  ( -2.008487828504709860, 1.001515483983599353, -8.550139989853414946 ) ) ;
#271 = ORIENTED_EDGE ( 'NONE', *, *, #2571, .F. ) ;
#272 = AXIS2_PLACEMENT_3D ( 'NONE', #3003, #1426, #842 ) ;
#273 = CIRCLE ( 'NONE', #1261, 6.250000000000000888 ) ;
#274 = EDGE_CURVE ( 'NONE', #4103, #2727, #1695, .T. ) ;
#275 = DIRECTION ( 'NONE',  ( -0.9781476007338041345, 0.2079116908177665035, 0.000000000000000000 ) ) ;
#276 = CARTESIAN_POINT ( 'NONE',  ( -2.247879022171159313, 7.046777418457155662, -2.650139989853414590 ) ) ;
#277 = VERTEX_POINT ( 'NONE', #1330 ) ;
#278 = ORIENTED_EDGE ( 'NONE', *, *, #954, .T. ) ;
#279 = CARTESIAN_POINT ( 'NONE',  ( -2.008487828504709860, 1.001515483983599353, -5.450139989853414413 ) ) ;
#280 = ORIENTED_EDGE ( 'NONE', *, *, #2384, .F. ) ;
#281 = ORIENTED_EDGE ( 'NONE', *, *, #3849, .T. ) ;
#282 = PLANE ( 'NONE',  #597 ) ;
#283 = ADVANCED_FACE ( 'NONE', ( #1081 ), #120, .T. ) ;
#284 = ORIENTED_EDGE ( 'NONE', *, *, #3048, .T. ) ;
#285 = CARTESIAN_POINT ( 'NONE',  ( -2.008487828504709860, 1.001515483983599353, -2.650139989853414590 ) ) ;
#286 = CARTESIAN_POINT ( 'NONE',  ( -7.935236810896764581, 2.470724840930976551, -4.560121934157388424 ) ) ;
#287 = LINE ( 'NONE', #1861, #4086 ) ;
#288 = ORIENTED_EDGE ( 'NONE', *, *, #797, .T. ) ;
#289 = ADVANCED_FACE ( 'NONE', ( #3601 ), #2375, .T. ) ;
#290 = APPROVAL ( #2126, 'UNSPECIFIED' ) ;
#291 = AXIS2_PLACEMENT_3D ( 'NONE', #2184, #876, #275 ) ;
#292 = CARTESIAN_POINT ( 'NONE',  ( 2.628993949882217684, -0.8676454922646281709, 7.349860010146585410 ) ) ;
#293 = CARTESIAN_POINT ( 'NONE',  ( -5.945969606891673642, -2.080081057562783275, -4.560121934157388424 ) ) ;
#294 = ORIENTED_EDGE ( 'NONE', *, *, #1610, .T. ) ;
#295 = VECTOR ( 'NONE', #4079, 1000.000000000000000 ) ;
#296 = CARTESIAN_POINT ( 'NONE',  ( -2.442652852731729940, 7.092199383724657302, 7.349860010146585410 ) ) ;
#297 = CARTESIAN_POINT ( 'NONE',  ( 1.862366877392460207, -3.905518635098286673, -4.560121934157388424 ) ) ;
#298 = CYLINDRICAL_SURFACE ( 'NONE', #2419, 6.250000000000000000 ) ;
#299 = ORIENTED_EDGE ( 'NONE', *, *, #1435, .F. ) ;
#300 = AXIS2_PLACEMENT_3D ( 'NONE', #3854, #3591, #39 ) ;
#301 = ORIENTED_EDGE ( 'NONE', *, *, #1668, .F. ) ;
#302 = EDGE_CURVE ( 'NONE', #327, #163, #2050, .T. ) ;
#303 = DIRECTION ( 'NONE',  ( -0.000000000000000000, -0.000000000000000000, -1.000000000000000000 ) ) ;
#304 = LINE ( 'NONE', #2818, #3337 ) ;
#305 = VERTEX_POINT ( 'NONE', #2007 ) ;
#306 = ADVANCED_FACE ( 'NONE', ( #414 ), #788, .F. ) ;
#307 = EDGE_CURVE ( 'NONE', #3875, #2790, #1998, .T. ) ;
#308 = CYLINDRICAL_SURFACE ( 'NONE', #389, 0.1999999999999993727 ) ;
#309 = DIRECTION ( 'NONE',  ( -0.8756919574047669075, -0.4828701644713700447, 0.000000000000000000 ) ) ;
#310 = ORIENTED_EDGE ( 'NONE', *, *, #3587, .F. ) ;
#311 = CARTESIAN_POINT ( 'NONE',  ( -2.008487828504709860, 1.001515483983599353, 7.349860010146585410 ) ) ;
#312 = CARTESIAN_POINT ( 'NONE',  ( -5.368132095853513697, -4.029914769619280079, -4.560121934157388424 ) ) ;
#313 = ORIENTED_EDGE ( 'NONE', *, *, #983, .T. ) ;
#314 = ORIENTED_EDGE ( 'NONE', *, *, #3712, .F. ) ;
#315 = FACE_OUTER_BOUND ( 'NONE', #46, .T. ) ;
#316 = VECTOR ( 'NONE', #881, 1000.000000000000000 ) ;
#317 = VECTOR ( 'NONE', #1357, 1000.000000000000114 ) ;
#318 = DIRECTION ( 'NONE',  ( -0.1045284632676584113, -0.9945218953682728458, 0.000000000000000000 ) ) ;
#319 = CIRCLE ( 'NONE', #3537, 2.300000000000006928 ) ;
#320 = CARTESIAN_POINT ( 'NONE',  ( 3.918261153887365733, 2.470724840930899280, 7.349860010146585410 ) ) ;
#321 = DIRECTION ( 'NONE',  ( -0.3090169943749571657, -0.9510565162951504226, 0.000000000000000000 ) ) ;
#322 = VERTEX_POINT ( 'NONE', #1388 ) ;
#323 = VECTOR ( 'NONE', #3737, 1000.000000000000000 ) ;
#324 = ADVANCED_FACE ( 'NONE', ( #1732 ), #146, .T. ) ;
#325 = VECTOR ( 'NONE', #3866, 1000.000000000000000 ) ;
#326 = DIRECTION ( 'NONE',  ( 0.3090169943749441206, -0.9510565162951546414, 0.000000000000000000 ) ) ;
#327 = VERTEX_POINT ( 'NONE', #2713 ) ;
#328 = VECTOR ( 'NONE', #2914, 1000.000000000000000 ) ;
#329 = EDGE_CURVE ( 'NONE', #2357, #3194, #98, .T. ) ;
#330 = CARTESIAN_POINT ( 'NONE',  ( 1.738499526803750861, -3.748493543287665819, -4.560121934157388424 ) ) ;
#331 = AXIS2_PLACEMENT_3D ( 'NONE', #806, #3447, #3426 ) ;
#332 = CARTESIAN_POINT ( 'NONE',  ( -0.4681566797916537070, -5.055701694911700628, -4.560121934157388424 ) ) ;
#333 = AXIS2_PLACEMENT_3D ( 'NONE', #3808, #3770, #497 ) ;
#334 = ORIENTED_EDGE ( 'NONE', *, *, #1668, .T. ) ;
#335 = LINE ( 'NONE', #55, #927 ) ;
#336 = CARTESIAN_POINT ( 'NONE',  ( 2.139033427488879813, 3.794017485967008163, 7.349860010146585410 ) ) ;
#337 = CC_DESIGN_PERSON_AND_ORGANIZATION_ASSIGNMENT ( #199, #3392, ( #1743 ) ) ;
#338 = DIRECTION ( 'NONE',  ( 0.000000000000000000, 0.000000000000000000, 1.000000000000000000 ) ) ;
#339 = AXIS2_PLACEMENT_3D ( 'NONE', #901, #970, #1870 ) ;
#340 = DIRECTION ( 'NONE',  ( 1.000000000000000000, 0.000000000000000000, 0.000000000000000000 ) ) ;
#341 = ADVANCED_FACE ( 'NONE', ( #2956 ), #2076, .T. ) ;
#342 = ADVANCED_FACE ( 'NONE', ( #3624 ), #3673, .T. ) ;
#343 = EDGE_CURVE ( 'NONE', #4065, #1317, #3829, .T. ) ;
#344 = DIRECTION ( 'NONE',  ( 0.000000000000000000, 0.000000000000000000, 1.000000000000000000 ) ) ;
#345 = ORIENTED_EDGE ( 'NONE', *, *, #4064, .T. ) ;
#346 = EDGE_CURVE ( 'NONE', #2536, #469, #4081, .T. ) ;
#347 = DIRECTION ( 'NONE',  ( 1.000000000000000000, 0.000000000000000000, 0.000000000000000000 ) ) ;
#348 = EDGE_LOOP ( 'NONE', ( #1725, #894, #4012, #148 ) ) ;
#349 = VECTOR ( 'NONE', #2014, 1000.000000000000227 ) ;
#350 = CARTESIAN_POINT ( 'NONE',  ( -6.858954654323203393, -0.2121449181199984713, 7.349860010146585410 ) ) ;
#351 = ORIENTED_EDGE ( 'NONE', *, *, #1791, .T. ) ;
#352 = AXIS2_PLACEMENT_3D ( 'NONE', #3887, #696, #396 ) ;
#353 = AXIS2_PLACEMENT_3D ( 'NONE', #100, #815, #1463 ) ;
#354 = DIRECTION ( 'NONE',  ( 0.000000000000000000, 0.000000000000000000, 1.000000000000000000 ) ) ;
#355 = ORIENTED_EDGE ( 'NONE', *, *, #1531, .F. ) ;
#356 = DIRECTION ( 'NONE',  ( 0.000000000000000000, 0.000000000000000000, 1.000000000000000000 ) ) ;
#357 = VECTOR ( 'NONE', #1596, 1000.000000000000000 ) ;
#358 = DIRECTION ( 'NONE',  ( -5.421010862427508365E-16, 1.000000000000000000, 0.000000000000000000 ) ) ;
#359 = DIRECTION ( 'NONE',  ( 1.000000000000000000, 0.000000000000000000, 0.000000000000000000 ) ) ;
#360 = LINE ( 'NONE', #1952, #3980 ) ;
#361 = EDGE_CURVE ( 'NONE', #3523, #469, #718, .T. ) ;
#362 = DIRECTION ( 'NONE',  ( -0.9922736368262318196, -0.1240686489796810066, 0.000000000000000000 ) ) ;
#363 = ORIENTED_EDGE ( 'NONE', *, *, #2812, .F. ) ;
#364 = CARTESIAN_POINT ( 'NONE',  ( -2.008487828504709860, 1.001515483983599353, -2.650139989853414590 ) ) ;
#365 = ORIENTED_EDGE ( 'NONE', *, *, #962, .F. ) ;
#366 = CARTESIAN_POINT ( 'NONE',  ( 3.814873874134053100, 2.641929602503731100, -2.650139989853414590 ) ) ;
#367 = ORIENTED_EDGE ( 'NONE', *, *, #1527, .T. ) ;
#368 = CARTESIAN_POINT ( 'NONE',  ( -6.500626130338020836, 3.197123253418324040, -4.560121934157388424 ) ) ;
#369 = CARTESIAN_POINT ( 'NONE',  ( -7.540560147325379603, -1.906864797090060515, -4.560121934157388424 ) ) ;
#370 = ORIENTED_EDGE ( 'NONE', *, *, #3306, .T. ) ;
#371 = CARTESIAN_POINT ( 'NONE',  ( -8.111188927351228983, 0.7966522784915565092, -4.560121934157388424 ) ) ;
#372 = FACE_OUTER_BOUND ( 'NONE', #2577, .T. ) ;
#373 = EDGE_CURVE ( 'NONE', #2790, #969, #1780, .T. ) ;
#374 = DIRECTION ( 'NONE',  ( 0.000000000000000000, 0.000000000000000000, 1.000000000000000000 ) ) ;
#375 = EDGE_CURVE ( 'NONE', #2606, #878, #3560, .T. ) ;
#376 = EDGE_CURVE ( 'NONE', #878, #1533, #1608, .T. ) ;
#377 = VECTOR ( 'NONE', #834, 1000.000000000000000 ) ;
#378 = CARTESIAN_POINT ( 'NONE',  ( 3.346558176113661354, -1.813796628095778463, -4.560121934157388424 ) ) ;
#379 = LINE ( 'NONE', #3570, #1092 ) ;
#380 = DIRECTION ( 'NONE',  ( -0.9447947545461433672, 0.3276627409121955492, 0.000000000000000000 ) ) ;
#381 = ORIENTED_EDGE ( 'NONE', *, *, #3145, .F. ) ;
#382 = AXIS2_PLACEMENT_3D ( 'NONE', #1109, #129, #3371 ) ;
#383 = DIRECTION ( 'NONE',  ( -0.7071067811865454633, -0.7071067811865496822, 0.000000000000000000 ) ) ;
#384 = ORIENTED_EDGE ( 'NONE', *, *, #2530, .F. ) ;
#385 = EDGE_CURVE ( 'NONE', #1827, #1828, #3613, .T. ) ;
#386 = CIRCLE ( 'NONE', #1128, 4.999999999999999112 ) ;
#387 = CYLINDRICAL_SURFACE ( 'NONE', #3011, 0.1999999999999995115 ) ;
#388 = VECTOR ( 'NONE', #777, 1000.000000000000000 ) ;
#389 = AXIS2_PLACEMENT_3D ( 'NONE', #3786, #896, #2803 ) ;
#390 = EDGE_LOOP ( 'NONE', ( #3175, #2570, #1290, #686 ) ) ;
#392 = ADVANCED_FACE ( 'NONE', ( #1572 ), #1964, .F. ) ;
#391 = DIRECTION ( 'NONE',  ( 0.000000000000000000, 0.000000000000000000, 1.000000000000000000 ) ) ;
#393 = AXIS2_PLACEMENT_3D ( 'NONE', #2265, #3529, #1613 ) ;
#394 = DIRECTION ( 'NONE',  ( 0.4246257139296117367, 0.9053689872476125000, 0.000000000000000000 ) ) ;
#395 = VECTOR ( 'NONE', #3839, 1000.000000000000000 ) ;
#396 = DIRECTION ( 'NONE',  ( -1.000000000000000000, 0.000000000000000000, 0.000000000000000000 ) ) ;
#397 = ORIENTED_EDGE ( 'NONE', *, *, #2324, .T. ) ;
#398 = DIRECTION ( 'NONE',  ( 0.9963853997198263146, -0.08494783826067625609, 0.000000000000000000 ) ) ;
#399 = EDGE_CURVE ( 'NONE', #3223, #3123, #2538, .T. ) ;
#400 = DIRECTION ( 'NONE',  ( 0.000000000000000000, 0.000000000000000000, 1.000000000000000000 ) ) ;
#401 = DIRECTION ( 'NONE',  ( 0.3090169943749441206, -0.9510565162951546414, 0.000000000000000000 ) ) ;
#402 = CARTESIAN_POINT ( 'NONE',  ( -2.008487828504709860, 1.001515483983599353, -8.550139989853414946 ) ) ;
#403 = VERTEX_POINT ( 'NONE', #2894 ) ;
#404 = LINE ( 'NONE', #2341, #3882 ) ;
#405 = EDGE_CURVE ( 'NONE', #2628, #1406, #3953, .T. ) ;
#406 = DIRECTION ( 'NONE',  ( -0.000000000000000000, -0.000000000000000000, 1.000000000000000000 ) ) ;
#407 = PRODUCT_RELATED_PRODUCT_CATEGORY ( 'detail', '', ( #1743 ) ) ;
#408 = CARTESIAN_POINT ( 'NONE',  ( -2.353104874344496000, -3.986594287434493289, 7.349860010146585410 ) ) ;
#409 = EDGE_LOOP ( 'NONE', ( #1767, #1905, #3332, #180 ) ) ;
#410 = CARTESIAN_POINT ( 'NONE',  ( -5.808487828504713235, 1.001515483983599353, -2.650139989853415479 ) ) ;
#411 = DIRECTION ( 'NONE',  ( 0.000000000000000000, 0.000000000000000000, 1.000000000000000000 ) ) ;
#412 = ORIENTED_EDGE ( 'NONE', *, *, #1139, .F. ) ;
#413 = VECTOR ( 'NONE', #2200, 1000.000000000000000 ) ;
#414 = FACE_OUTER_BOUND ( 'NONE', #2130, .T. ) ;
#415 = ADVANCED_FACE ( 'NONE', ( #2574 ), #7, .T. ) ;
#416 = CARTESIAN_POINT ( 'NONE',  ( -2.008487828504709860, 1.001515483983599353, 7.349860010146585410 ) ) ;
#417 = ORIENTED_EDGE ( 'NONE', *, *, #399, .T. ) ;
#418 = CARTESIAN_POINT ( 'NONE',  ( 0.2316469796633628675, 6.621506234975437444, 7.349860010146585410 ) ) ;
#419 = AXIS2_PLACEMENT_3D ( 'NONE', #3631, #1852, #2485 ) ;
#420 = DIRECTION ( 'NONE',  ( -0.1045284632676410502, 0.9945218953682746221, 0.000000000000000000 ) ) ;
#421 = DIRECTION ( 'NONE',  ( 0.000000000000000000, 0.000000000000000000, 1.000000000000000000 ) ) ;
#422 = ORIENTED_EDGE ( 'NONE', *, *, #1341, .T. ) ;
#423 = DIRECTION ( 'NONE',  ( 0.000000000000000000, 0.000000000000000000, 1.000000000000000000 ) ) ;
#424 = VERTEX_POINT ( 'NONE', #1289 ) ;
#425 = ADVANCED_FACE ( 'NONE', ( #1922, #48 ), #3212, .F. ) ;
#426 = DIRECTION ( 'NONE',  ( -0.000000000000000000, -0.000000000000000000, -1.000000000000000000 ) ) ;
#427 = LINE ( 'NONE', #3912, #2474 ) ;
#428 = ORIENTED_EDGE ( 'NONE', *, *, #944, .T. ) ;
#429 = EDGE_CURVE ( 'NONE', #83, #2717, #2224, .T. ) ;
#430 = FACE_OUTER_BOUND ( 'NONE', #3726, .T. ) ;
#431 = CARTESIAN_POINT ( 'NONE',  ( -4.661624142324544806, 5.239541876101811546, -2.650139989853414590 ) ) ;
#432 = ORIENTED_EDGE ( 'NONE', *, *, #2268, .T. ) ;
#433 = DIRECTION ( 'NONE',  ( 0.000000000000000000, 0.000000000000000000, 1.000000000000000000 ) ) ;
#434 = LINE ( 'NONE', #717, #1383 ) ;
#435 = CARTESIAN_POINT ( 'NONE',  ( -2.008487828504709860, 1.001515483983599353, 7.349860010146585410 ) ) ;
#436 = ORIENTED_EDGE ( 'NONE', *, *, #1822, .T. ) ;
#437 = CARTESIAN_POINT ( 'NONE',  ( -6.661176928339151537, 4.868682940957991256, -2.650139989853414590 ) ) ;
#438 = DIRECTION ( 'NONE',  ( 0.9781476007338073542, 0.2079116908177515433, 0.000000000000000000 ) ) ;
#439 = DIRECTION ( 'NONE',  ( -1.000000000000000000, 0.000000000000000000, 0.000000000000000000 ) ) ;
#440 = DIRECTION ( 'NONE',  ( -0.4999999999999924505, -0.8660254037844430375, 0.000000000000000000 ) ) ;
#441 = DIRECTION ( 'NONE',  ( -0.1240686489796942737, -0.9922736368262302653, 0.000000000000000000 ) ) ;
#442 = ADVANCED_FACE ( 'NONE', ( #3509 ), #3193, .T. ) ;
#443 = AXIS2_PLACEMENT_3D ( 'NONE', #1338, #406, #138 ) ;
#444 = CARTESIAN_POINT ( 'NONE',  ( -0.4852195204299181719, -0.5217528240912079340, -5.450139989853414413 ) ) ;
#445 = VERTEX_POINT ( 'NONE', #3228 ) ;
#446 = VECTOR ( 'NONE', #3502, 1000.000000000000000 ) ;
#447 = CYLINDRICAL_SURFACE ( 'NONE', #2003, 0.1999999999999995115 ) ;
#448 = EDGE_CURVE ( 'NONE', #2135, #4006, #2681, .T. ) ;
#449 = FACE_OUTER_BOUND ( 'NONE', #995, .T. ) ;
#450 = CARTESIAN_POINT ( 'NONE',  ( -2.008487828504709860, 1.001515483983599353, 7.349860010146585410 ) ) ;
#451 = CARTESIAN_POINT ( 'NONE',  ( -2.008487828504709860, 1.001515483983599353, -4.560121934157388424 ) ) ;
#452 = VERTEX_POINT ( 'NONE', #350 ) ;
#453 = VECTOR ( 'NONE', #2352, 1000.000000000000114 ) ;
#454 = DIRECTION ( 'NONE',  ( 0.9135454576426059736, 0.4067366430757887730, 0.000000000000000000 ) ) ;
#455 = ORIENTED_EDGE ( 'NONE', *, *, #1838, .F. ) ;
#456 = AXIS2_PLACEMENT_3D ( 'NONE', #875, #2365, #2673 ) ;
#457 = DIRECTION ( 'NONE',  ( 0.6691306063588665642, 0.7431448254773866946, 0.000000000000000000 ) ) ;
#458 = EDGE_CURVE ( 'NONE', #1583, #966, #1326, .T. ) ;
#459 = AXIS2_PLACEMENT_3D ( 'NONE', #1967, #2916, #2814 ) ;
#460 = LINE ( 'NONE', #3341, #234 ) ;
#461 = AXIS2_PLACEMENT_3D ( 'NONE', #4152, #3190, #3468 ) ;
#462 = CIRCLE ( 'NONE', #869, 6.250000000000000888 ) ;
#463 = CARTESIAN_POINT ( 'NONE',  ( -2.708487828504709594, 5.952273001778224604, 7.349860010146585410 ) ) ;
#464 = FACE_OUTER_BOUND ( 'NONE', #760, .T. ) ;
#465 = CARTESIAN_POINT ( 'NONE',  ( 0.000000000000000000, 0.000000000000000000, -5.450139989853414413 ) ) ;
#466 = ADVANCED_FACE ( 'NONE', ( #2589 ), #2860, .T. ) ;
#467 = ADVANCED_FACE ( 'NONE', ( #3491 ), #2208, .F. ) ;
#468 = PLANE ( 'NONE',  #3872 ) ;
#469 = VERTEX_POINT ( 'NONE', #1272 ) ;
#470 = ADVANCED_FACE ( 'NONE', ( #3843 ), #298, .T. ) ;
#471 = CARTESIAN_POINT ( 'NONE',  ( -2.008487828504709860, 1.001515483983599353, -8.550139989853414946 ) ) ;
#472 = DIRECTION ( 'NONE',  ( 0.9569503394580528566, -0.2902516973440763537, 0.000000000000000000 ) ) ;
#473 = DIRECTION ( 'NONE',  ( 0.000000000000000000, 0.000000000000000000, 1.000000000000000000 ) ) ;
#474 = VERTEX_POINT ( 'NONE', #3895 ) ;
#475 = CARTESIAN_POINT ( 'NONE',  ( -5.237255118184884317, -4.181147096574615141, -4.560121934157388424 ) ) ;
#476 = DIRECTION ( 'NONE',  ( 0.000000000000000000, 0.000000000000000000, 1.000000000000000000 ) ) ;
#477 = ORIENTED_EDGE ( 'NONE', *, *, #727, .F. ) ;
#478 = ORIENTED_EDGE ( 'NONE', *, *, #628, .F. ) ;
#479 = DIRECTION ( 'NONE',  ( 0.000000000000000000, 0.000000000000000000, 1.000000000000000000 ) ) ;
#480 = AXIS2_PLACEMENT_3D ( 'NONE', #1257, #3144, #2193 ) ;
#481 = DATE_TIME_ROLE ( 'classification_date' ) ;
#482 = LINE ( 'NONE', #3322, #3901 ) ;
#483 = AXIS2_PLACEMENT_3D ( 'NONE', #1990, #3993, #3024 ) ;
#484 = CARTESIAN_POINT ( 'NONE',  ( -3.531756136579513150, -0.7217528240912032267, -5.450139989853414413 ) ) ;
#485 = DIRECTION ( 'NONE',  ( 0.000000000000000000, 0.000000000000000000, 1.000000000000000000 ) ) ;
#486 = ADVANCED_FACE ( 'NONE', ( #691 ), #447, .T. ) ;
#487 = DIRECTION ( 'NONE',  ( 0.000000000000000000, 0.000000000000000000, -1.000000000000000000 ) ) ;
#488 = ORIENTED_EDGE ( 'NONE', *, *, #725, .F. ) ;
#489 = AXIS2_PLACEMENT_3D ( 'NONE', #3925, #2668, #2980 ) ;
#490 = DIRECTION ( 'NONE',  ( 0.7071067811865481278, 0.7071067811865470176, 0.000000000000000000 ) ) ;
#491 = CYLINDRICAL_SURFACE ( 'NONE', #2506, 0.1999999999999996503 ) ;
#492 = DIRECTION ( 'NONE',  ( 0.8204211489869487339, -0.5717596857902234042, 0.000000000000000000 ) ) ;
#493 = CARTESIAN_POINT ( 'NONE',  ( 1.922773227101137294, -3.670755499970968838, 7.349860010146585410 ) ) ;
#494 = ORIENTED_EDGE ( 'NONE', *, *, #1119, .T. ) ;
#495 = ORIENTED_EDGE ( 'NONE', *, *, #3145, .T. ) ;
#496 = DIRECTION ( 'NONE',  ( 1.000000000000000000, 0.000000000000000000, 0.000000000000000000 ) ) ;
#497 = DIRECTION ( 'NONE',  ( 1.000000000000000000, 0.000000000000000000, 0.000000000000000000 ) ) ;
#498 = VERTEX_POINT ( 'NONE', #74 ) ;
#499 = DIRECTION ( 'NONE',  ( 0.000000000000000000, 0.000000000000000000, 1.000000000000000000 ) ) ;
#500 = ORIENTED_EDGE ( 'NONE', *, *, #2, .T. ) ;
#501 = DIRECTION ( 'NONE',  ( 0.01966814954061135712, 0.9998065632379337098, 0.000000000000000000 ) ) ;
#502 = COORDINATED_UNIVERSAL_TIME_OFFSET ( 5, 0, .BEHIND. ) ;
#503 = ADVANCED_FACE ( 'NONE', ( #95 ), #2635, .T. ) ;
#504 = CARTESIAN_POINT ( 'NONE',  ( 4.094213270341807487, 0.7966522784914739086, -4.560121934157388424 ) ) ;
#505 = LINE ( 'NONE', #368, #2212 ) ;
#506 = EDGE_CURVE ( 'NONE', #235, #768, #2944, .T. ) ;
#507 = FACE_OUTER_BOUND ( 'NONE', #3698, .T. ) ;
#508 = LINE ( 'NONE', #286, #2418 ) ;
#509 = EDGE_CURVE ( 'NONE', #2390, #2225, #1431, .T. ) ;
#510 = DIRECTION ( 'NONE',  ( 0.7561616347766747515, 0.6543848883431422347, 0.000000000000000000 ) ) ;
#511 = ORIENTED_EDGE ( 'NONE', *, *, #2886, .T. ) ;
#512 = AXIS2_PLACEMENT_3D ( 'NONE', #364, #45, #1006 ) ;
#513 = DIRECTION ( 'NONE',  ( -0.000000000000000000, -0.000000000000000000, -1.000000000000000000 ) ) ;
#514 = CARTESIAN_POINT ( 'NONE',  ( -0.4278883060378997905, 0.4278883060379023995, -5.450139989853414413 ) ) ;
#515 = CARTESIAN_POINT ( 'NONE',  ( -6.340808979189143102, 5.224487594634144472, 7.349860010146585410 ) ) ;
#516 = CARTESIAN_POINT ( 'NONE',  ( -3.699489693106614574, -4.865804375095150291, -4.560121934157388424 ) ) ;
#517 = ORIENTED_EDGE ( 'NONE', *, *, #1915, .T. ) ;
#518 = CIRCLE ( 'NONE', #1863, 0.1999999999999995115 ) ;
#519 = ORIENTED_EDGE ( 'NONE', *, *, #1949, .F. ) ;
#520 = FACE_OUTER_BOUND ( 'NONE', #1394, .T. ) ;
#521 = EDGE_LOOP ( 'NONE', ( #2716, #334, #1382, #2250 ) ) ;
#522 = ORIENTED_EDGE ( 'NONE', *, *, #429, .F. ) ;
#523 = FACE_OUTER_BOUND ( 'NONE', #1554, .T. ) ;
#524 = EDGE_CURVE ( 'NONE', #3523, #1642, #759, .T. ) ;
#525 = ORIENTED_EDGE ( 'NONE', *, *, #71, .F. ) ;
#526 = FACE_OUTER_BOUND ( 'NONE', #3803, .T. ) ;
#527 = DATE_AND_TIME ( #1157, #3286 ) ;
#528 = AXIS2_PLACEMENT_3D ( 'NONE', #3382, #4004, #1798 ) ;
#529 = AXIS2_PLACEMENT_3D ( 'NONE', #2977, #99, #394 ) ;
#530 = PLANE ( 'NONE',  #5 ) ;
#531 = EDGE_CURVE ( 'NONE', #1192, #2167, #3328, .T. ) ;
#532 = CIRCLE ( 'NONE', #1542, 0.1999999999999995670 ) ;
#533 = CIRCLE ( 'NONE', #3824, 0.1999999999999997335 ) ;
#534 = ORIENTED_EDGE ( 'NONE', *, *, #2684, .T. ) ;
#535 = CARTESIAN_POINT ( 'NONE',  ( -2.008487828504709860, 1.001515483983599353, 7.349860010146585410 ) ) ;
#536 = CARTESIAN_POINT ( 'NONE',  ( -2.008487828504709860, 1.001515483983599353, 7.349860010146585410 ) ) ;
#537 = CARTESIAN_POINT ( 'NONE',  ( -5.237255118184884317, -4.181147096574615141, 7.349860010146585410 ) ) ;
#538 = ORIENTED_EDGE ( 'NONE', *, *, #1700, .T. ) ;
#539 = LINE ( 'NONE', #1823, #2678 ) ;
#540 = LINE ( 'NONE', #3037, #2878 ) ;
#541 = CARTESIAN_POINT ( 'NONE',  ( 1.928993949882210623, -2.080081057562838787, 7.349860010146585410 ) ) ;
#542 = VERTEX_POINT ( 'NONE', #1381 ) ;
#543 = VERTEX_POINT ( 'NONE', #2974 ) ;
#544 = CIRCLE ( 'NONE', #339, 6.250000000000000888 ) ;
#545 = DIRECTION ( 'NONE',  ( -0.5000000000000059952, -0.8660254037844351549, 0.000000000000000000 ) ) ;
#546 = DIRECTION ( 'NONE',  ( -0.000000000000000000, -0.000000000000000000, 1.000000000000000000 ) ) ;
#547 = ORIENTED_EDGE ( 'NONE', *, *, #2394, .F. ) ;
#548 = ORIENTED_EDGE ( 'NONE', *, *, #1769, .F. ) ;
#549 = ORIENTED_EDGE ( 'NONE', *, *, #233, .T. ) ;
#550 = APPROVAL_ROLE ( '' ) ;
#551 = CARTESIAN_POINT ( 'NONE',  ( -2.008487828504709860, 1.001515483983599353, 7.349860010146585410 ) ) ;
#552 = CARTESIAN_POINT ( 'NONE',  ( -0.4852195204299120657, 2.724783792058387277, -5.450139989853414413 ) ) ;
#553 = CIRCLE ( 'NONE', #1896, 1.250000000000000000 ) ;
#554 = LINE ( 'NONE', #3708, #3607 ) ;
#555 = AXIS2_PLACEMENT_3D ( 'NONE', #279, #260, #2696 ) ;
#556 = CARTESIAN_POINT ( 'NONE',  ( -2.850134739566227093, -5.046340343657101712, -2.650139989853414590 ) ) ;
#557 = VERTEX_POINT ( 'NONE', #1098 ) ;
#558 = EDGE_CURVE ( 'NONE', #3664, #2436, #655, .T. ) ;
#559 = AXIS2_PLACEMENT_3D ( 'NONE', #1697, #1439, #2738 ) ;
#560 = CARTESIAN_POINT ( 'NONE',  ( -2.008487828504709860, 1.001515483983599353, 7.349860010146585410 ) ) ;
#561 = CARTESIAN_POINT ( 'NONE',  ( -2.442652852731729496, 7.092199383724657302, -2.650139989853414590 ) ) ;
#562 = ADVANCED_FACE ( 'NONE', ( #2301 ), #1749, .T. ) ;
#563 = CARTESIAN_POINT ( 'NONE',  ( 0.6446484853151814853, 5.239541876101775131, -2.650139989853414590 ) ) ;
#564 = ORIENTED_EDGE ( 'NONE', *, *, #3321, .T. ) ;
#565 = ORIENTED_EDGE ( 'NONE', *, *, #1778, .T. ) ;
#566 = LINE ( 'NONE', #3949, #820 ) ;
#567 = LINE ( 'NONE', #219, #37 ) ;
#568 = EDGE_LOOP ( 'NONE', ( #3127, #3774, #2787, #2425 ) ) ;
#569 = ORIENTED_EDGE ( 'NONE', *, *, #2384, .T. ) ;
#570 = DESIGN_CONTEXT ( 'detailed design', #1992, 'design' ) ;
#571 = ORIENTED_EDGE ( 'NONE', *, *, #1578, .T. ) ;
#572 = DIRECTION ( 'NONE',  ( -0.000000000000000000, -0.000000000000000000, -1.000000000000000000 ) ) ;
#573 = LINE ( 'NONE', #3778, #3086 ) ;
#574 = CARTESIAN_POINT ( 'NONE',  ( -7.831849531143450172, 2.641929602503807040, -4.560121934157388424 ) ) ;
#575 = CARTESIAN_POINT ( 'NONE',  ( -2.008487828504709860, 1.001515483983599353, -2.650139989853414590 ) ) ;
#576 = ORIENTED_EDGE ( 'NONE', *, *, #373, .F. ) ;
#577 = PLANE ( 'NONE',  #227 ) ;
#578 = DIRECTION ( 'NONE',  ( -0.000000000000000000, -0.000000000000000000, -1.000000000000000000 ) ) ;
#579 = ADVANCED_FACE ( 'NONE', ( #430 ), #387, .T. ) ;
#580 = DIRECTION ( 'NONE',  ( 0.6691306063588572384, 0.7431448254773950213, 0.000000000000000000 ) ) ;
#581 = ORIENTED_EDGE ( 'NONE', *, *, #1295, .T. ) ;
#582 = VERTEX_POINT ( 'NONE', #2392 ) ;
#583 = VECTOR ( 'NONE', #1734, 1000.000000000000000 ) ;
#584 = LINE ( 'NONE', #242, #3514 ) ;
#585 = CARTESIAN_POINT ( 'NONE',  ( -0.4852195204299120657, 2.724783792058387277, -5.450139989853414413 ) ) ;
#586 = VECTOR ( 'NONE', #2001, 1000.000000000000000 ) ;
#587 = EDGE_LOOP ( 'NONE', ( #1084, #3215 ) ) ;
#588 = CARTESIAN_POINT ( 'NONE',  ( 3.483281667205417875, -1.667828525471670265, -4.560121934157388424 ) ) ;
#589 = DIRECTION ( 'NONE',  ( 1.000000000000000000, 0.000000000000000000, 0.000000000000000000 ) ) ;
#590 = CARTESIAN_POINT ( 'NONE',  ( 0.5736271779456866282, 0.5736271779456839637, -5.450139989853414413 ) ) ;
#591 = EDGE_CURVE ( 'NONE', #3351, #1701, #2952, .T. ) ;
#592 = DIRECTION ( 'NONE',  ( 1.000000000000000000, 0.000000000000000000, 0.000000000000000000 ) ) ;
#593 = AXIS2_PLACEMENT_3D ( 'NONE', #1346, #433, #2029 ) ;
#594 = CIRCLE ( 'NONE', #2338, 4.999999999999999112 ) ;
#595 = CARTESIAN_POINT ( 'NONE',  ( 1.351156438844025809, -4.029914769619324488, -4.560121934157388424 ) ) ;
#596 = ORIENTED_EDGE ( 'NONE', *, *, #2362, .F. ) ;
#597 = AXIS2_PLACEMENT_3D ( 'NONE', #1556, #1984, #1414 ) ;
#598 = AXIS2_PLACEMENT_3D ( 'NONE', #3647, #3358, #164 ) ;
#599 = AXIS2_PLACEMENT_3D ( 'NONE', #2780, #4056, #831 ) ;
#600 = EDGE_CURVE ( 'NONE', #969, #235, #2683, .T. ) ;
#601 = VECTOR ( 'NONE', #2205, 1000.000000000000000 ) ;
#602 = DIRECTION ( 'NONE',  ( 1.000000000000000000, 0.000000000000000000, 0.000000000000000000 ) ) ;
#603 = DIRECTION ( 'NONE',  ( 0.000000000000000000, 0.000000000000000000, 1.000000000000000000 ) ) ;
#604 = ORIENTED_EDGE ( 'NONE', *, *, #1702, .T. ) ;
#605 = VERTEX_POINT ( 'NONE', #3669 ) ;
#606 = LINE ( 'NONE', #1889, #1379 ) ;
#607 = CARTESIAN_POINT ( 'NONE',  ( -5.945969606891673642, -2.080081057562783275, 7.349860010146585410 ) ) ;
#608 = ORIENTED_EDGE ( 'NONE', *, *, #2949, .F. ) ;
#609 = CARTESIAN_POINT ( 'NONE',  ( -2.008487828504709860, 1.001515483983599353, -5.450139989853414413 ) ) ;
#610 = ORIENTED_EDGE ( 'NONE', *, *, #1706, .F. ) ;
#611 = ORIENTED_EDGE ( 'NONE', *, *, #3251, .T. ) ;
#612 = LINE ( 'NONE', #2177, #2369 ) ;
#613 = EDGE_CURVE ( 'NONE', #1506, #3795, #2654, .T. ) ;
#614 = ADVANCED_FACE ( 'NONE', ( #1707 ), #2986, .T. ) ;
#615 = DIRECTION ( 'NONE',  ( 0.000000000000000000, 1.000000000000000000, 0.000000000000000000 ) ) ;
#616 = ORIENTED_EDGE ( 'NONE', *, *, #807, .T. ) ;
#617 = VECTOR ( 'NONE', #1773, 1000.000000000000114 ) ;
#618 = FACE_OUTER_BOUND ( 'NONE', #3731, .T. ) ;
#619 = CARTESIAN_POINT ( 'NONE',  ( 2.139033427488880701, 3.794017485967009495, -2.650139989853414590 ) ) ;
#620 = VERTEX_POINT ( 'NONE', #410 ) ;
#621 = AXIS2_PLACEMENT_3D ( 'NONE', #3456, #246, #501 ) ;
#622 = FACE_OUTER_BOUND ( 'NONE', #1698, .T. ) ;
#623 = DIRECTION ( 'NONE',  ( 1.000000000000000000, 0.000000000000000000, -0.000000000000000000 ) ) ;
#624 = ORIENTED_EDGE ( 'NONE', *, *, #708, .F. ) ;
#625 = ORIENTED_EDGE ( 'NONE', *, *, #1509, .T. ) ;
#626 = CARTESIAN_POINT ( 'NONE',  ( -0.6343151553844590396, 5.808973176407895345, 7.349860010146585410 ) ) ;
#627 = LINE ( 'NONE', #1515, #1622 ) ;
#628 = EDGE_CURVE ( 'NONE', #1459, #3810, #3960, .T. ) ;
#629 = EDGE_CURVE ( 'NONE', #2312, #424, #2371, .T. ) ;
#630 = DIRECTION ( 'NONE',  ( -0.7071067811865486830, -0.7071067811865464625, 0.000000000000000000 ) ) ;
#631 = EDGE_LOOP ( 'NONE', ( #3288, #384, #816, #494 ) ) ;
#632 = CARTESIAN_POINT ( 'NONE',  ( 3.483281667205417875, -1.667828525471670265, 7.349860010146585410 ) ) ;
#633 = DIRECTION ( 'NONE',  ( -0.000000000000000000, -0.000000000000000000, -1.000000000000000000 ) ) ;
#634 = ORIENTED_EDGE ( 'NONE', *, *, #3007, .T. ) ;
#635 = CARTESIAN_POINT ( 'NONE',  ( -4.248622636672708452, 6.621506234975468530, 7.349860010146585410 ) ) ;
#636 = CARTESIAN_POINT ( 'NONE',  ( -5.219226235595846752, 4.834420241635406512, -4.560121934157388424 ) ) ;
#637 = ORIENTED_EDGE ( 'NONE', *, *, #1343, .F. ) ;
#638 = CARTESIAN_POINT ( 'NONE',  ( -2.850134739566227093, -5.046340343657101712, 7.349860010146585410 ) ) ;
#639 = VECTOR ( 'NONE', #3932, 1000.000000000000000 ) ;
#640 = EDGE_CURVE ( 'NONE', #2446, #2468, #2345, .T. ) ;
#641 = CARTESIAN_POINT ( 'NONE',  ( -2.008487828504709860, 1.001515483983599353, 7.349860010146585410 ) ) ;
#642 = VECTOR ( 'NONE', #947, 999.9999999999998863 ) ;
#643 = CARTESIAN_POINT ( 'NONE',  ( -2.008487828504709860, 1.001515483983599353, -8.550139989853414946 ) ) ;
#644 = CARTESIAN_POINT ( 'NONE',  ( 0.5736271779456955100, 0.5736271779456990627, -8.550139989853414946 ) ) ;
#645 = ORIENTED_EDGE ( 'NONE', *, *, #1793, .T. ) ;
#646 = EDGE_CURVE ( 'NONE', #2861, #1016, #4157, .T. ) ;
#647 = VECTOR ( 'NONE', #2647, 1000.000000000000114 ) ;
#648 = LINE ( 'NONE', #632, #349 ) ;
#649 = AXIS2_PLACEMENT_3D ( 'NONE', #4110, #228, #1881 ) ;
#650 = DIRECTION ( 'NONE',  ( 0.000000000000000000, 0.000000000000000000, 1.000000000000000000 ) ) ;
#651 = VERTEX_POINT ( 'NONE', #2729 ) ;
#652 = CIRCLE ( 'NONE', #866, 4.999999999999999112 ) ;
#653 = CIRCLE ( 'NONE', #1203, 0.1999999999999996780 ) ;
#654 = CARTESIAN_POINT ( 'NONE',  ( -2.850134739566227537, -5.046340343657101712, -2.650139989853414590 ) ) ;
#655 = CIRCLE ( 'NONE', #2490, 3.800000000000002931 ) ;
#656 = CARTESIAN_POINT ( 'NONE',  ( -2.008487828504709860, 1.001515483983599353, 7.349860010146585410 ) ) ;
#657 = ORIENTED_EDGE ( 'NONE', *, *, #1778, .F. ) ;
#658 = EDGE_LOOP ( 'NONE', ( #783, #790, #4118, #3766 ) ) ;
#659 = CARTESIAN_POINT ( 'NONE',  ( 2.628993949882217684, -0.8676454922646281709, -4.560121934157388424 ) ) ;
#660 = ORIENTED_EDGE ( 'NONE', *, *, #2774, .T. ) ;
#661 = DIRECTION ( 'NONE',  ( -0.9963853997198263146, 0.08494783826067622834, 0.000000000000000000 ) ) ;
#662 = DIRECTION ( 'NONE',  ( -0.5000000000000039968, -0.8660254037844362651, 0.000000000000000000 ) ) ;
#663 = DIRECTION ( 'NONE',  ( 0.000000000000000000, 0.000000000000000000, 1.000000000000000000 ) ) ;
#664 = CARTESIAN_POINT ( 'NONE',  ( 0.1457388719077837846, 1.001515483983588917, -5.450139989853414413 ) ) ;
#665 = EDGE_LOOP ( 'NONE', ( #2725, #1883, #2557, #3641, #1491, #3098, #3597, #2688, #855, #3828, #2768, #2704, #3252, #2222, #2997, #2971, #2895, #3268, #1892, #1323, #2508, #2653, #2093, #2823 ) ) ;
#666 = CYLINDRICAL_SURFACE ( 'NONE', #922, 4.999999999999999112 ) ;
#667 = VECTOR ( 'NONE', #1903, 1000.000000000000000 ) ;
#668 = EDGE_CURVE ( 'NONE', #3013, #2863, #187, .T. ) ;
#669 = PLANE ( 'NONE',  #1986 ) ;
#670 = EDGE_LOOP ( 'NONE', ( #1846, #3043, #217, #581 ) ) ;
#671 = VECTOR ( 'NONE', #3538, 1000.000000000000227 ) ;
#672 = DIRECTION ( 'NONE',  ( 0.3090169943749499493, -0.9510565162951526430, 0.000000000000000000 ) ) ;
#673 = ORIENTED_EDGE ( 'NONE', *, *, #3071, .F. ) ;
#674 = EDGE_CURVE ( 'NONE', #1689, #4077, #3551, .T. ) ;
#675 = CIRCLE ( 'NONE', #3118, 0.1999999999999994282 ) ;
#676 = EDGE_CURVE ( 'NONE', #2025, #3543, #2777, .T. ) ;
#677 = ORIENTED_EDGE ( 'NONE', *, *, #343, .T. ) ;
#678 = DIRECTION ( 'NONE',  ( 0.000000000000000000, 0.000000000000000000, 1.000000000000000000 ) ) ;
#679 = DIRECTION ( 'NONE',  ( 1.000000000000000000, 0.000000000000000000, 0.000000000000000000 ) ) ;
#680 = AXIS2_PLACEMENT_3D ( 'NONE', #838, #2124, #3409 ) ;
#681 = CARTESIAN_POINT ( 'NONE',  ( -7.666908069198036912, 3.296555791808074787, 7.349860010146585410 ) ) ;
#682 = DIRECTION ( 'NONE',  ( 0.000000000000000000, 0.000000000000000000, 1.000000000000000000 ) ) ;
#683 = DIRECTION ( 'NONE',  ( 0.000000000000000000, 0.000000000000000000, 1.000000000000000000 ) ) ;
#684 = EDGE_CURVE ( 'NONE', #3403, #651, #4073, .T. ) ;
#685 = CARTESIAN_POINT ( 'NONE',  ( 3.854538833009225396, 3.166560140884876251, 7.349860010146585410 ) ) ;
#686 = ORIENTED_EDGE ( 'NONE', *, *, #1017, .F. ) ;
#687 = ORIENTED_EDGE ( 'NONE', *, *, #3974, .T. ) ;
#688 = VERTEX_POINT ( 'NONE', #1772 ) ;
#689 = DIRECTION ( 'NONE',  ( 0.000000000000000000, 0.000000000000000000, 1.000000000000000000 ) ) ;
#690 = VERTEX_POINT ( 'NONE', #1188 ) ;
#691 = FACE_OUTER_BOUND ( 'NONE', #2693, .T. ) ;
#692 = EDGE_LOOP ( 'NONE', ( #2237, #1547, #1570, #604 ) ) ;
#693 = EDGE_CURVE ( 'NONE', #452, #1854, #2882, .T. ) ;
#694 = CARTESIAN_POINT ( 'NONE',  ( -2.008487828504709860, 1.001515483983599353, -2.650139989853414590 ) ) ;
#695 = LINE ( 'NONE', #57, #2658 ) ;
#696 = DIRECTION ( 'NONE',  ( 0.000000000000000000, 0.000000000000000000, -1.000000000000000000 ) ) ;
#697 = ORIENTED_EDGE ( 'NONE', *, *, #2362, .T. ) ;
#698 = DIRECTION ( 'NONE',  ( -0.000000000000000000, -0.000000000000000000, -1.000000000000000000 ) ) ;
#699 =( LENGTH_UNIT ( ) NAMED_UNIT ( * ) SI_UNIT ( .MILLI., .METRE. ) );
#700 = DIRECTION ( 'NONE',  ( -0.000000000000000000, -0.000000000000000000, -1.000000000000000000 ) ) ;
#701 = CC_DESIGN_PERSON_AND_ORGANIZATION_ASSIGNMENT ( #3372, #2109, ( #3258 ) ) ;
#702 = DIRECTION ( 'NONE',  ( -0.4999999999999892308, 0.8660254037844448138, 0.000000000000000000 ) ) ;
#703 = ORIENTED_EDGE ( 'NONE', *, *, #797, .F. ) ;
#704 = ORIENTED_EDGE ( 'NONE', *, *, #1523, .T. ) ;
#705 = DIRECTION ( 'NONE',  ( 0.7071067811865464625, -0.7071067811865486830, 0.000000000000000000 ) ) ;
#706 = ORIENTED_EDGE ( 'NONE', *, *, #3497, .F. ) ;
#707 = VECTOR ( 'NONE', #3573, 1000.000000000000114 ) ;
#708 = EDGE_CURVE ( 'NONE', #3013, #2173, #3085, .T. ) ;
#709 = DIRECTION ( 'NONE',  ( -0.7561616347766660917, 0.6543848883431522268, 0.000000000000000000 ) ) ;
#710 = LINE ( 'NONE', #3936, #2866 ) ;
#711 = AXIS2_PLACEMENT_3D ( 'NONE', #535, #2179, #1818 ) ;
#712 = VECTOR ( 'NONE', #958, 1000.000000000000000 ) ;
#713 = AXIS2_PLACEMENT_3D ( 'NONE', #1093, #2036, #3569 ) ;
#714 = LINE ( 'NONE', #53, #3759 ) ;
#715 = CARTESIAN_POINT ( 'NONE',  ( -7.666908069198036912, 3.296555791808073899, -4.560121934157388424 ) ) ;
#716 = AXIS2_PLACEMENT_3D ( 'NONE', #1544, #1518, #2112 ) ;
#717 = CARTESIAN_POINT ( 'NONE',  ( -2.850134739566227093, -5.046340343657101712, 7.349860010146585410 ) ) ;
#718 = CIRCLE ( 'NONE', #333, 4.999999999999999112 ) ;
#719 = VECTOR ( 'NONE', #3238, 1000.000000000000000 ) ;
#720 = CARTESIAN_POINT ( 'NONE',  ( -2.255792780639471751, 7.246620788191818541, 7.349860010146585410 ) ) ;
#721 = ORIENTED_EDGE ( 'NONE', *, *, #3692, .T. ) ;
#722 = FACE_OUTER_BOUND ( 'NONE', #2482, .T. ) ;
#723 = EDGE_CURVE ( 'NONE', #2532, #175, #539, .T. ) ;
#724 = DIRECTION ( 'NONE',  ( 0.000000000000000000, 0.000000000000000000, 1.000000000000000000 ) ) ;
#725 = EDGE_CURVE ( 'NONE', #920, #445, #4001, .T. ) ;
#726 = LINE ( 'NONE', #967, #671 ) ;
#727 = EDGE_CURVE ( 'NONE', #4057, #2861, #462, .T. ) ;
#728 = CARTESIAN_POINT ( 'NONE',  ( -4.089162666171255900, 6.742222919024014161, 7.349860010146585410 ) ) ;
#729 = ORIENTED_EDGE ( 'NONE', *, *, #191, .T. ) ;
#730 = DIRECTION ( 'NONE',  ( -0.6035834202427373674, -0.7972998525072476639, 0.000000000000000000 ) ) ;
#731 = ORIENTED_EDGE ( 'NONE', *, *, #1562, .F. ) ;
#732 = CARTESIAN_POINT ( 'NONE',  ( -7.363533833123119265, -1.813796628095703856, 7.349860010146585410 ) ) ;
#733 = LINE ( 'NONE', #2910, #781 ) ;
#734 = ORIENTED_EDGE ( 'NONE', *, *, #1822, .F. ) ;
#735 = CARTESIAN_POINT ( 'NONE',  ( -1.663870782664991443, -3.986594287434496842, -4.560121934157388424 ) ) ;
#736 = CARTESIAN_POINT ( 'NONE',  ( -6.484026207310941814, 5.364089978457302621, -4.560121934157388424 ) ) ;
#737 = VERTEX_POINT ( 'NONE', #2416 ) ;
#738 = AXIS2_PLACEMENT_3D ( 'NONE', #1211, #895, #1549 ) ;
#739 = DIRECTION ( 'NONE',  ( 0.000000000000000000, 0.000000000000000000, 1.000000000000000000 ) ) ;
#740 = CARTESIAN_POINT ( 'NONE',  ( 2.467050550301582934, 5.364089978457242225, -2.650139989853414590 ) ) ;
#741 = ORIENTED_EDGE ( 'NONE', *, *, #3513, .T. ) ;
#742 = CIRCLE ( 'NONE', #1834, 6.250000000000000888 ) ;
#743 = CARTESIAN_POINT ( 'NONE',  ( -6.500626130338021724, 3.197123253418324040, -2.650139989853414590 ) ) ;
#744 = ADVANCED_FACE ( 'NONE', ( #2457 ), #3398, .T. ) ;
#745 = ORIENTED_EDGE ( 'NONE', *, *, #1894, .T. ) ;
#746 = CARTESIAN_POINT ( 'NONE',  ( -3.065017486057437068, -5.158536876403569948, -2.650139989853414590 ) ) ;
#747 = DIRECTION ( 'NONE',  ( 0.6691306063588665642, 0.7431448254773866946, 0.000000000000000000 ) ) ;
#748 = VECTOR ( 'NONE', #2666, 1000.000000000000114 ) ;
#749 = CARTESIAN_POINT ( 'NONE',  ( 1.462219059252247932, -4.196243042465702011, 7.349860010146585410 ) ) ;
#750 = CYLINDRICAL_SURFACE ( 'NONE', #2099, 6.250000000000000888 ) ;
#751 = VERTEX_POINT ( 'NONE', #212 ) ;
#752 = DIRECTION ( 'NONE',  ( -0.000000000000000000, 0.000000000000000000, -1.000000000000000000 ) ) ;
#753 = EDGE_CURVE ( 'NONE', #4052, #83, #1389, .T. ) ;
#754 = ORIENTED_EDGE ( 'NONE', *, *, #1727, .T. ) ;
#755 = EDGE_CURVE ( 'NONE', #3099, #2734, #3059, .T. ) ;
#756 = DIRECTION ( 'NONE',  ( 1.000000000000000000, 0.000000000000000000, 0.000000000000000000 ) ) ;
#757 = DIRECTION ( 'NONE',  ( -0.8090169943749425663, -0.5877852522924796874, 0.000000000000000000 ) ) ;
#758 = ORIENTED_EDGE ( 'NONE', *, *, #1610, .F. ) ;
#759 = LINE ( 'NONE', #2707, #2215 ) ;
#760 = EDGE_LOOP ( 'NONE', ( #3191, #2858, #2478, #2234 ) ) ;
#761 = DIRECTION ( 'NONE',  ( -0.000000000000000000, -0.000000000000000000, -1.000000000000000000 ) ) ;
#762 = CYLINDRICAL_SURFACE ( 'NONE', #1934, 6.250000000000000000 ) ;
#763 = ORIENTED_EDGE ( 'NONE', *, *, #3008, .T. ) ;
#764 = DIRECTION ( 'NONE',  ( 0.000000000000000000, 0.000000000000000000, 1.000000000000000000 ) ) ;
#765 = DIRECTION ( 'NONE',  ( -0.9781476007338045786, 0.2079116908177640333, 0.000000000000000000 ) ) ;
#766 = EDGE_LOOP ( 'NONE', ( #1524, #1089, #3913, #2672 ) ) ;
#767 = CARTESIAN_POINT ( 'NONE',  ( 1.738499526803750861, -3.748493543287665819, -2.650139989853414590 ) ) ;
#768 = VERTEX_POINT ( 'NONE', #2437 ) ;
#769 = DIRECTION ( 'NONE',  ( -0.8090169943749420112, 0.5877852522924803536, 0.000000000000000000 ) ) ;
#770 = LINE ( 'NONE', #1553, #2026 ) ;
#771 = ADVANCED_FACE ( 'NONE', ( #3716 ), #3760, .T. ) ;
#772 = EDGE_CURVE ( 'NONE', #33, #2018, #205, .T. ) ;
#773 = DATE_AND_TIME ( #1197, #3830 ) ;
#774 = ADVANCED_FACE ( 'NONE', ( #2318 ), #2742, .T. ) ;
#775 = LINE ( 'NONE', #2059, #4115 ) ;
#776 = ADVANCED_FACE ( 'NONE', ( #91 ), #3375, .T. ) ;
#777 = DIRECTION ( 'NONE',  ( 0.000000000000000000, 0.000000000000000000, 1.000000000000000000 ) ) ;
#778 = AXIS2_PLACEMENT_3D ( 'NONE', #3453, #1535, #1830 ) ;
#779 = DIRECTION ( 'NONE',  ( 0.7071067811865481278, 0.7071067811865470176, -0.000000000000000000 ) ) ;
#780 = VERTEX_POINT ( 'NONE', #2700 ) ;
#781 = VECTOR ( 'NONE', #689, 1000.000000000000000 ) ;
#782 = FACE_OUTER_BOUND ( 'NONE', #3687, .T. ) ;
#783 = ORIENTED_EDGE ( 'NONE', *, *, #2201, .F. ) ;
#784 = AXIS2_PLACEMENT_3D ( 'NONE', #595, #2853, #1882 ) ;
#785 = DIRECTION ( 'NONE',  ( 0.000000000000000000, 1.000000000000000000, 0.000000000000000000 ) ) ;
#786 = DIRECTION ( 'NONE',  ( 0.000000000000000000, 0.000000000000000000, 1.000000000000000000 ) ) ;
#787 = ORIENTED_EDGE ( 'NONE', *, *, #2540, .F. ) ;
#788 = CYLINDRICAL_SURFACE ( 'NONE', #1597, 1.250000000000000222 ) ;
#789 = CYLINDRICAL_SURFACE ( 'NONE', #916, 2.300000000000001599 ) ;
#790 = ORIENTED_EDGE ( 'NONE', *, *, #3010, .T. ) ;
#791 = VECTOR ( 'NONE', #1935, 1000.000000000000114 ) ;
#792 = DIRECTION ( 'NONE',  ( 1.000000000000000000, 1.332267629550187849E-14, 0.000000000000000000 ) ) ;
#793 = EDGE_LOOP ( 'NONE', ( #264, #294, #1762, #2323 ) ) ;
#794 = AXIS2_PLACEMENT_3D ( 'NONE', #147, #3584, #1696 ) ;
#795 = CARTESIAN_POINT ( 'NONE',  ( 0.3057010229085880271, 6.807291053190044572, -4.560121934157388424 ) ) ;
#796 = VECTOR ( 'NONE', #1433, 1000.000000000000000 ) ;
#797 = EDGE_CURVE ( 'NONE', #3510, #2410, #1355, .T. ) ;
#798 = PERSON_AND_ORGANIZATION_ROLE ( 'design_supplier' ) ;
#799 = LINE ( 'NONE', #3103, #885 ) ;
#800 = CARTESIAN_POINT ( 'NONE',  ( -3.699489693106614130, -4.865804375095150291, 7.349860010146585410 ) ) ;
#801 = LINE ( 'NONE', #3004, #2000 ) ;
#802 = FACE_OUTER_BOUND ( 'NONE', #2102, .T. ) ;
#803 = FACE_BOUND ( 'NONE', #665, .T. ) ;
#804 = ORIENTED_EDGE ( 'NONE', *, *, #4109, .T. ) ;
#805 = VERTEX_POINT ( 'NONE', #1427 ) ;
#806 = CARTESIAN_POINT ( 'NONE',  ( -2.008487828504709860, 1.001515483983599353, 7.349860010146585410 ) ) ;
#807 = EDGE_CURVE ( 'NONE', #3818, #3194, #404, .T. ) ;
#808 = PLANE ( 'NONE',  #3545 ) ;
#809 = FACE_OUTER_BOUND ( 'NONE', #3107, .T. ) ;
#810 = ORIENTED_EDGE ( 'NONE', *, *, #2581, .T. ) ;
#811 = ORIENTED_EDGE ( 'NONE', *, *, #2749, .F. ) ;
#812 = EDGE_CURVE ( 'NONE', #2245, #1701, #2753, .T. ) ;
#813 = ORIENTED_EDGE ( 'NONE', *, *, #2150, .F. ) ;
#814 = EDGE_CURVE ( 'NONE', #2613, #2584, #2411, .T. ) ;
#815 = DIRECTION ( 'NONE',  ( 0.000000000000000000, 0.000000000000000000, 1.000000000000000000 ) ) ;
#816 = ORIENTED_EDGE ( 'NONE', *, *, #1843, .T. ) ;
#817 = AXIS2_PLACEMENT_3D ( 'NONE', #155, #2723, #1541 ) ;
#818 = PERSON_AND_ORGANIZATION ( #1616, #1670 ) ;
#819 = DIRECTION ( 'NONE',  ( 0.000000000000000000, 0.000000000000000000, 1.000000000000000000 ) ) ;
#820 = VECTOR ( 'NONE', #1395, 1000.000000000000000 ) ;
#821 = DIRECTION ( 'NONE',  ( -0.9738691528028531330, 0.2271098263375084525, 0.000000000000000000 ) ) ;
#822 = CARTESIAN_POINT ( 'NONE',  ( -7.995609991981272202, 0.1315337602630649305, -4.560121934157388424 ) ) ;
#823 = ORIENTED_EDGE ( 'NONE', *, *, #1644, .F. ) ;
#824 = AXIS2_PLACEMENT_3D ( 'NONE', #416, #3316, #2996 ) ;
#825 = ADVANCED_FACE ( 'NONE', ( #3685, #1047 ), #3027, .T. ) ;
#826 = CYLINDRICAL_SURFACE ( 'NONE', #1586, 2.300000000000001599 ) ;
#827 = ORIENTED_EDGE ( 'NONE', *, *, #2409, .F. ) ;
#828 = DIRECTION ( 'NONE',  ( 0.9135454576426080830, 0.4067366430757837215, 0.000000000000000000 ) ) ;
#829 = EDGE_CURVE ( 'NONE', #73, #3244, #801, .T. ) ;
#830 = CARTESIAN_POINT ( 'NONE',  ( 2.808285501127175010, 4.754331003799882716, -4.560121934157388424 ) ) ;
#831 = DIRECTION ( 'NONE',  ( -0.9781476007338073542, -0.2079116908177513767, 0.000000000000000000 ) ) ;
#832 = ORIENTED_EDGE ( 'NONE', *, *, #2744, .T. ) ;
#833 = ORIENTED_EDGE ( 'NONE', *, *, #2304, .T. ) ;
#834 = DIRECTION ( 'NONE',  ( 0.000000000000000000, 0.000000000000000000, 1.000000000000000000 ) ) ;
#835 = EDGE_CURVE ( 'NONE', #2122, #2379, #1879, .T. ) ;
#836 = ORIENTED_EDGE ( 'NONE', *, *, #600, .F. ) ;
#837 = EDGE_LOOP ( 'NONE', ( #1177, #1174, #1415, #2720 ) ) ;
#838 = CARTESIAN_POINT ( 'NONE',  ( -7.683897636850172574, 3.097278711864109191, -4.560121934157388424 ) ) ;
#839 = ORIENTED_EDGE ( 'NONE', *, *, #3611, .T. ) ;
#840 = APPLICATION_PROTOCOL_DEFINITION ( 'international standard', 'config_control_design', 1994, #3634 ) ;
#841 = FACE_OUTER_BOUND ( 'NONE', #2616, .T. ) ;
#842 = DIRECTION ( 'NONE',  ( 0.9135454576426006446, 0.4067366430758009854, 0.000000000000000000 ) ) ;
#843 = ADVANCED_FACE ( 'NONE', ( #1070 ), #137, .T. ) ;
#844 = DIRECTION ( 'NONE',  ( -0.5000000000000043299, -0.8660254037844361541, 0.000000000000000000 ) ) ;
#845 = FACE_OUTER_BOUND ( 'NONE', #3023, .T. ) ;
#846 = CARTESIAN_POINT ( 'NONE',  ( -0.7584878285047098601, 1.001515483983599575, 7.349860010146585410 ) ) ;
#847 = ORIENTED_EDGE ( 'NONE', *, *, #376, .T. ) ;
#848 = CIRCLE ( 'NONE', #778, 0.1999999999999997891 ) ;
#849 = ORIENTED_EDGE ( 'NONE', *, *, #1916, .F. ) ;
#850 = DIRECTION ( 'NONE',  ( 0.000000000000000000, 0.000000000000000000, 1.000000000000000000 ) ) ;
#851 = DIRECTION ( 'NONE',  ( 0.5000000000000043299, 0.8660254037844361541, 0.000000000000000000 ) ) ;
#852 = FACE_OUTER_BOUND ( 'NONE', #2022, .T. ) ;
#853 = VERTEX_POINT ( 'NONE', #2039 ) ;
#854 = AXIS2_PLACEMENT_3D ( 'NONE', #231, #2134, #3420 ) ;
#855 = ORIENTED_EDGE ( 'NONE', *, *, #3931, .T. ) ;
#856 = CARTESIAN_POINT ( 'NONE',  ( -5.939748884110620963, -3.670755499970915547, -4.560121934157388424 ) ) ;
#857 = CARTESIAN_POINT ( 'NONE',  ( 2.644201271329784664, 4.868682940957928196, 7.349860010146585410 ) ) ;
#858 = ORIENTED_EDGE ( 'NONE', *, *, #3064, .F. ) ;
#859 = ORIENTED_EDGE ( 'NONE', *, *, #4124, .T. ) ;
#860 = EDGE_LOOP ( 'NONE', ( #1448, #3436, #956, #310 ) ) ;
#861 = ORIENTED_EDGE ( 'NONE', *, *, #2066, .F. ) ;
#862 = VECTOR ( 'NONE', #578, 1000.000000000000000 ) ;
#863 = AXIS2_PLACEMENT_3D ( 'NONE', #822, #2475, #2132 ) ;
#864 = CARTESIAN_POINT ( 'NONE',  ( 2.828427726900666385E-16, -0.5217528240912077120, -5.450139989853414413 ) ) ;
#865 = ADVANCED_FACE ( 'NONE', ( #3324 ), #3441, .T. ) ;
#866 = AXIS2_PLACEMENT_3D ( 'NONE', #2246, #2578, #3512 ) ;
#867 = DIRECTION ( 'NONE',  ( -0.9447947545461478080, -0.3276627409121829482, 0.000000000000000000 ) ) ;
#868 = DIRECTION ( 'NONE',  ( 0.000000000000000000, 0.000000000000000000, 1.000000000000000000 ) ) ;
#869 = AXIS2_PLACEMENT_3D ( 'NONE', #1166, #850, #2115 ) ;
#870 = EDGE_CURVE ( 'NONE', #1594, #4104, #573, .T. ) ;
#871 = CC_DESIGN_APPROVAL ( #1400, ( #1814 ) ) ;
#872 = LINE ( 'NONE', #1899, #1191 ) ;
#873 = ORIENTED_EDGE ( 'NONE', *, *, #2430, .F. ) ;
#874 = ORIENTED_EDGE ( 'NONE', *, *, #399, .F. ) ;
#875 = CARTESIAN_POINT ( 'NONE',  ( -4.882421637671028769, 6.389041270033980702, -4.560121934157388424 ) ) ;
#876 = DIRECTION ( 'NONE',  ( 0.000000000000000000, 0.000000000000000000, 1.000000000000000000 ) ) ;
#877 = FACE_OUTER_BOUND ( 'NONE', #3831, .T. ) ;
#878 = VERTEX_POINT ( 'NONE', #2835 ) ;
#879 = ORIENTED_EDGE ( 'NONE', *, *, #2561, .T. ) ;
#880 = CARTESIAN_POINT ( 'NONE',  ( 3.649932412188647834, 3.296555791808000624, 7.349860010146585410 ) ) ;
#881 = DIRECTION ( 'NONE',  ( -0.5717596857902234042, -0.8204211489869486229, 0.000000000000000000 ) ) ;
#882 = ORIENTED_EDGE ( 'NONE', *, *, #229, .F. ) ;
#883 = EDGE_LOOP ( 'NONE', ( #2556, #4084, #1918, #2188 ) ) ;
#884 = LINE ( 'NONE', #4108, #3296 ) ;
#885 = VECTOR ( 'NONE', #178, 1000.000000000000227 ) ;
#886 = CARTESIAN_POINT ( 'NONE',  ( -1.580599522466807239, -1.580599522466812124, -5.450139989853414413 ) ) ;
#887 = ADVANCED_FACE ( 'NONE', ( #1789 ), #3797, .T. ) ;
#888 = CIRCLE ( 'NONE', #2902, 0.1999999999999995115 ) ;
#889 = DIRECTION ( 'NONE',  ( -0.000000000000000000, -0.000000000000000000, -1.000000000000000000 ) ) ;
#890 = CIRCLE ( 'NONE', #3038, 0.1999999999999996503 ) ;
#891 = CARTESIAN_POINT ( 'NONE',  ( 2.988318845888487285, 1.180185735395517854, 7.349860010146585410 ) ) ;
#892 = EDGE_LOOP ( 'NONE', ( #2799, #2040, #2933, #2006 ) ) ;
#893 = VECTOR ( 'NONE', #2565, 1000.000000000000000 ) ;
#894 = ORIENTED_EDGE ( 'NONE', *, *, #1118, .T. ) ;
#895 = DIRECTION ( 'NONE',  ( 0.000000000000000000, -1.000000000000000000, 0.000000000000000000 ) ) ;
#896 = DIRECTION ( 'NONE',  ( 0.000000000000000000, 0.000000000000000000, 1.000000000000000000 ) ) ;
#897 = DIRECTION ( 'NONE',  ( -0.000000000000000000, -0.000000000000000000, -1.000000000000000000 ) ) ;
#898 = ORIENTED_EDGE ( 'NONE', *, *, #2774, .F. ) ;
#899 = VERTEX_POINT ( 'NONE', #1858 ) ;
#900 = DIRECTION ( 'NONE',  ( -0.3886902165835021128, -0.9213685014869296142, 0.000000000000000000 ) ) ;
#901 = CARTESIAN_POINT ( 'NONE',  ( -2.008487828504709860, 1.001515483983599353, 7.349860010146585410 ) ) ;
#902 = ORIENTED_EDGE ( 'NONE', *, *, #26, .F. ) ;
#903 = EDGE_CURVE ( 'NONE', #498, #3818, #3395, .T. ) ;
#904 = ORIENTED_EDGE ( 'NONE', *, *, #211, .F. ) ;
#905 = DIRECTION ( 'NONE',  ( 0.000000000000000000, 0.000000000000000000, 1.000000000000000000 ) ) ;
#906 = EDGE_CURVE ( 'NONE', #1965, #2532, #1224, .T. ) ;
#907 = CARTESIAN_POINT ( 'NONE',  ( -2.008487828504709860, 1.001515483983599353, 7.349860010146585410 ) ) ;
#908 = EDGE_CURVE ( 'NONE', #2863, #1621, #1595, .T. ) ;
#909 = ADVANCED_FACE ( 'NONE', ( #3105 ), #268, .T. ) ;
#910 = CARTESIAN_POINT ( 'NONE',  ( -0.4278883060379027881, 0.4278883060379034542, -8.550139989853414946 ) ) ;
#911 = ORIENTED_EDGE ( 'NONE', *, *, #2561, .F. ) ;
#912 = DIRECTION ( 'NONE',  ( 1.000000000000000000, 0.000000000000000000, 0.000000000000000000 ) ) ;
#913 = CARTESIAN_POINT ( 'NONE',  ( -2.008487828504709860, 1.001515483983599353, -2.650139989853414590 ) ) ;
#914 = EDGE_LOOP ( 'NONE', ( #3593, #1906, #2413, #1867 ) ) ;
#915 = ORIENTED_EDGE ( 'NONE', *, *, #1584, .F. ) ;
#916 = AXIS2_PLACEMENT_3D ( 'NONE', #3768, #3365, #3042 ) ;
#917 = LINE ( 'NONE', #3486, #3416 ) ;
#918 = DIRECTION ( 'NONE',  ( 0.000000000000000000, 0.000000000000000000, 1.000000000000000000 ) ) ;
#919 = CARTESIAN_POINT ( 'NONE',  ( 2.644201271329784664, 4.868682940957928196, -4.560121934157388424 ) ) ;
#920 = VERTEX_POINT ( 'NONE', #4090 ) ;
#921 = EDGE_CURVE ( 'NONE', #3853, #3016, #3757, .T. ) ;
#922 = AXIS2_PLACEMENT_3D ( 'NONE', #1319, #2969, #3246 ) ;
#923 = EDGE_LOOP ( 'NONE', ( #3511, #4028 ) ) ;
#924 = DIRECTION ( 'NONE',  ( 0.7071067811865459074, -0.7071067811865491270, 0.000000000000000000 ) ) ;
#925 = EDGE_CURVE ( 'NONE', #2317, #327, #3082, .T. ) ;
#926 = VECTOR ( 'NONE', #2636, 1000.000000000000000 ) ;
#927 = VECTOR ( 'NONE', #1612, 1000.000000000000114 ) ;
#928 = AXIS2_PLACEMENT_3D ( 'NONE', #2731, #215, #4005 ) ;
#929 = CARTESIAN_POINT ( 'NONE',  ( 3.978634334971839159, 0.1315337602629841618, -4.560121934157388424 ) ) ;
#930 = ORIENTED_EDGE ( 'NONE', *, *, #772, .T. ) ;
#931 = VECTOR ( 'NONE', #1627, 1000.000000000000000 ) ;
#932 = CIRCLE ( 'NONE', #3424, 3.800000000000002931 ) ;
#933 = CYLINDRICAL_SURFACE ( 'NONE', #1412, 4.999999999999999112 ) ;
#934 = AXIS2_PLACEMENT_3D ( 'NONE', #3000, #3973, #420 ) ;
#935 = CARTESIAN_POINT ( 'NONE',  ( -0.4852195204299120657, 2.724783792058387277, -8.550139989853414946 ) ) ;
#936 = ORIENTED_EDGE ( 'NONE', *, *, #3014, .T. ) ;
#937 = CARTESIAN_POINT ( 'NONE',  ( -2.008487828504709860, 1.001515483983599353, -5.450139989853414413 ) ) ;
#938 = DIRECTION ( 'NONE',  ( -0.8090169943749420112, 0.5877852522924803536, 0.000000000000000000 ) ) ;
#939 = ORIENTED_EDGE ( 'NONE', *, *, #3445, .F. ) ;
#940 = ORIENTED_EDGE ( 'NONE', *, *, #1063, .F. ) ;
#941 = VECTOR ( 'NONE', #4136, 1000.000000000000114 ) ;
#942 = LINE ( 'NONE', #34, #1876 ) ;
#943 = EDGE_CURVE ( 'NONE', #3576, #1274, #508, .T. ) ;
#944 = EDGE_CURVE ( 'NONE', #97, #244, #2514, .T. ) ;
#945 = DIRECTION ( 'NONE',  ( 1.000000000000000000, 0.000000000000000000, 0.000000000000000000 ) ) ;
#946 = AXIS2_PLACEMENT_3D ( 'NONE', #590, #3796, #924 ) ;
#947 = DIRECTION ( 'NONE',  ( -0.7071067811865486830, -0.7071067811865464625, 0.000000000000000000 ) ) ;
#948 = VERTEX_POINT ( 'NONE', #1496 ) ;
#949 = AXIS2_PLACEMENT_3D ( 'NONE', #1592, #1333, #3851 ) ;
#950 = DIRECTION ( 'NONE',  ( -0.000000000000000000, -0.000000000000000000, -1.000000000000000000 ) ) ;
#951 = ORIENTED_EDGE ( 'NONE', *, *, #3794, .F. ) ;
#952 = AXIS2_PLACEMENT_3D ( 'NONE', #151, #3655, #792 ) ;
#953 = CARTESIAN_POINT ( 'NONE',  ( -1.580599522466810125, -1.580599522466807683, -5.450139989853414413 ) ) ;
#954 = EDGE_CURVE ( 'NONE', #3223, #4027, #3946, .T. ) ;
#955 = DIRECTION ( 'NONE',  ( 0.8756919574047603572, -0.4828701644713819241, 0.000000000000000000 ) ) ;
#956 = ORIENTED_EDGE ( 'NONE', *, *, #1424, .F. ) ;
#957 = ORIENTED_EDGE ( 'NONE', *, *, #2938, .F. ) ;
#958 = DIRECTION ( 'NONE',  ( -0.000000000000000000, -0.000000000000000000, -1.000000000000000000 ) ) ;
#959 = DIRECTION ( 'NONE',  ( -1.000000000000000000, 0.000000000000000000, 0.000000000000000000 ) ) ;
#960 = ADVANCED_FACE ( 'NONE', ( #3169 ), #3078, .T. ) ;
#961 = DIRECTION ( 'NONE',  ( 0.7298405131205520924, 0.6836174554587743923, 0.000000000000000000 ) ) ;
#962 = EDGE_CURVE ( 'NONE', #3543, #2811, #4070, .T. ) ;
#963 = ORIENTED_EDGE ( 'NONE', *, *, #2315, .T. ) ;
#964 = CARTESIAN_POINT ( 'NONE',  ( -7.871514490018615362, 3.166560140884951746, 7.349860010146585410 ) ) ;
#965 = CARTESIAN_POINT ( 'NONE',  ( -0.2852195204299176612, -0.5217528240912078230, -8.550139989853414946 ) ) ;
#966 = VERTEX_POINT ( 'NONE', #2495 ) ;
#967 = CARTESIAN_POINT ( 'NONE',  ( -3.699489693106614574, -4.865804375095150291, 7.349860010146585410 ) ) ;
#968 = DIRECTION ( 'NONE',  ( 0.000000000000000000, 0.000000000000000000, 1.000000000000000000 ) ) ;
#969 = VERTEX_POINT ( 'NONE', #2433 ) ;
#970 = DIRECTION ( 'NONE',  ( 0.000000000000000000, 0.000000000000000000, 1.000000000000000000 ) ) ;
#971 = DIRECTION ( 'NONE',  ( 0.000000000000000000, 0.000000000000000000, 1.000000000000000000 ) ) ;
#972 = ORIENTED_EDGE ( 'NONE', *, *, #92, .F. ) ;
#973 = LINE ( 'NONE', #3195, #317 ) ;
#974 = ORIENTED_EDGE ( 'NONE', *, *, #2559, .T. ) ;
#975 = DIRECTION ( 'NONE',  ( 1.000000000000000000, 0.000000000000000000, -0.000000000000000000 ) ) ;
#976 = AXIS2_PLACEMENT_3D ( 'NONE', #574, #1859, #2817 ) ;
#977 = CYLINDRICAL_SURFACE ( 'NONE', #2509, 0.1999999999999995393 ) ;
#978 = AXIS2_PLACEMENT_3D ( 'NONE', #4145, #1243, #321 ) ;
#979 = EDGE_CURVE ( 'NONE', #1274, #542, #554, .T. ) ;
#980 = CARTESIAN_POINT ( 'NONE',  ( -2.247879022171159313, 7.046777418457155662, -4.560121934157388424 ) ) ;
#981 = DIRECTION ( 'NONE',  ( -0.000000000000000000, -0.000000000000000000, -1.000000000000000000 ) ) ;
#982 = ORIENTED_EDGE ( 'NONE', *, *, #2987, .F. ) ;
#983 = EDGE_CURVE ( 'NONE', #2446, #768, #4046, .T. ) ;
#984 = AXIS2_PLACEMENT_3D ( 'NONE', #2088, #1403, #4019 ) ;
#985 = CARTESIAN_POINT ( 'NONE',  ( -7.124142639456673365, -2.228434338410556936, -2.650139989853414590 ) ) ;
#986 = ORIENTED_EDGE ( 'NONE', *, *, #2270, .F. ) ;
#987 = VECTOR ( 'NONE', #3394, 1000.000000000000000 ) ;
#988 = VECTOR ( 'NONE', #1122, 1000.000000000000114 ) ;
#989 = VECTOR ( 'NONE', #2752, 1000.000000000000000 ) ;
#990 = DIRECTION ( 'NONE',  ( 0.6691306063588573494, -0.7431448254773949103, 0.000000000000000000 ) ) ;
#991 = DIRECTION ( 'NONE',  ( 1.000000000000000000, 0.000000000000000000, 0.000000000000000000 ) ) ;
#992 = EDGE_LOOP ( 'NONE', ( #1458, #2377, #3188, #3473 ) ) ;
#993 = DIRECTION ( 'NONE',  ( 0.000000000000000000, 0.000000000000000000, 1.000000000000000000 ) ) ;
#994 = LINE ( 'NONE', #3267, #453 ) ;
#995 = EDGE_LOOP ( 'NONE', ( #2511, #1555, #1925, #3929 ) ) ;
#996 = CARTESIAN_POINT ( 'NONE',  ( -5.479194716261737597, -4.196243042465656714, -2.650139989853414590 ) ) ;
#997 = DIRECTION ( 'NONE',  ( 0.5717596857902234042, 0.8204211489869486229, 0.000000000000000000 ) ) ;
#998 = EDGE_CURVE ( 'NONE', #424, #403, #2213, .T. ) ;
#999 = CYLINDRICAL_SURFACE ( 'NONE', #4119, 4.999999999999999112 ) ;
#1000 = DIRECTION ( 'NONE',  ( 0.000000000000000000, 0.000000000000000000, 1.000000000000000000 ) ) ;
#1001 = LINE ( 'NONE', #3221, #3571 ) ;
#1002 = DIRECTION ( 'NONE',  ( 0.7071067811865496822, 0.7071067811865453523, 0.000000000000000000 ) ) ;
#1003 = ORIENTED_EDGE ( 'NONE', *, *, #2324, .F. ) ;
#1004 = EDGE_CURVE ( 'NONE', #2390, #2483, #2210, .T. ) ;
#1005 = CARTESIAN_POINT ( 'NONE',  ( -5.484781981202973888, -2.592281806337023209, -2.650139989853414590 ) ) ;
#1006 = DIRECTION ( 'NONE',  ( -0.1045284632676569125, 0.9945218953682729568, 0.000000000000000000 ) ) ;
#1007 = ORIENTED_EDGE ( 'NONE', *, *, #3476, .T. ) ;
#1008 = CIRCLE ( 'NONE', #1342, 3.800000000000002931 ) ;
#1009 = DIRECTION ( 'NONE',  ( 0.2271098263375084247, 0.9738691528028530220, -0.000000000000000000 ) ) ;
#1010 = VERTEX_POINT ( 'NONE', #4140 ) ;
#1011 = VECTOR ( 'NONE', #1064, 1000.000000000000000 ) ;
#1012 = CARTESIAN_POINT ( 'NONE',  ( 2.323833322179781113, 5.224487594634085852, 7.349860010146585410 ) ) ;
#1013 = EDGE_LOOP ( 'NONE', ( #412, #2771, #3163, #611 ) ) ;
#1014 = CARTESIAN_POINT ( 'NONE',  ( -2.247879022171159313, 7.046777418457155662, 7.349860010146585410 ) ) ;
#1015 = CARTESIAN_POINT ( 'NONE',  ( -1.761182876369948858, 7.246620788191817653, -4.560121934157388424 ) ) ;
#1016 = VERTEX_POINT ( 'NONE', #3166 ) ;
#1017 = EDGE_CURVE ( 'NONE', #4077, #3919, #3848, .T. ) ;
#1018 = LINE ( 'NONE', #2331, #3237 ) ;
#1019 = ORIENTED_EDGE ( 'NONE', *, *, #3076, .F. ) ;
#1020 = DIRECTION ( 'NONE',  ( 0.000000000000000000, 0.000000000000000000, 1.000000000000000000 ) ) ;
#1021 = DIRECTION ( 'NONE',  ( 0.1045284632676410919, -0.9945218953682746221, 0.000000000000000000 ) ) ;
#1022 = CARTESIAN_POINT ( 'NONE',  ( -0.7584878285047098601, 1.001515483983599575, 7.349860010146585410 ) ) ;
#1023 = LINE ( 'NONE', #68, #2750 ) ;
#1024 = VERTEX_POINT ( 'NONE', #3233 ) ;
#1025 = ADVANCED_FACE ( 'NONE', ( #2248 ), #1276, .T. ) ;
#1026 = FACE_OUTER_BOUND ( 'NONE', #3535, .T. ) ;
#1027 = ORIENTED_EDGE ( 'NONE', *, *, #1361, .T. ) ;
#1028 = CARTESIAN_POINT ( 'NONE',  ( -5.755475183813234530, -3.748493543287616525, 7.349860010146585410 ) ) ;
#1029 = EDGE_LOOP ( 'NONE', ( #96, #2502, #2340, #2810 ) ) ;
#1030 = DIRECTION ( 'NONE',  ( 0.000000000000000000, 0.000000000000000000, -1.000000000000000000 ) ) ;
#1031 = VERTEX_POINT ( 'NONE', #336 ) ;
#1032 = DIRECTION ( 'NONE',  ( -0.000000000000000000, -0.000000000000000000, -1.000000000000000000 ) ) ;
#1033 = CARTESIAN_POINT ( 'NONE',  ( -1.663870782664991221, -3.986594287434497730, -2.650139989853414590 ) ) ;
#1034 = ADVANCED_FACE ( 'NONE', ( #3883 ), #4126, .T. ) ;
#1035 = EDGE_CURVE ( 'NONE', #605, #1900, #1805, .T. ) ;
#1036 = DIRECTION ( 'NONE',  ( -0.000000000000000000, -0.000000000000000000, -1.000000000000000000 ) ) ;
#1037 = VERTEX_POINT ( 'NONE', #2899 ) ;
#1038 = CARTESIAN_POINT ( 'NONE',  ( 2.139033427488879813, 3.794017485967008163, -4.560121934157388424 ) ) ;
#1039 = VECTOR ( 'NONE', #4038, 1000.000000000000114 ) ;
#1040 = AXIS2_PLACEMENT_3D ( 'NONE', #2113, #184, #757 ) ;
#1041 = CARTESIAN_POINT ( 'NONE',  ( 3.978634334971839159, 0.1315337602629841618, 7.349860010146585410 ) ) ;
#1042 = DIRECTION ( 'NONE',  ( -1.000000000000000000, 0.000000000000000000, 0.000000000000000000 ) ) ;
#1043 = DIRECTION ( 'NONE',  ( 1.000000000000000000, 0.000000000000000000, 0.000000000000000000 ) ) ;
#1044 = AXIS2_PLACEMENT_3D ( 'NONE', #1263, #3817, #2836 ) ;
#1045 = CARTESIAN_POINT ( 'NONE',  ( 4.176555728805775303, 0.1027740338589973462, -2.650139989853414590 ) ) ;
#1046 = ORIENTED_EDGE ( 'NONE', *, *, #2973, .F. ) ;
#1047 = FACE_OUTER_BOUND ( 'NONE', #1552, .T. ) ;
#1048 = DIRECTION ( 'NONE',  ( 0.3090169943749576098, -0.9510565162951502005, 0.000000000000000000 ) ) ;
#1049 = LINE ( 'NONE', #2257, #2588 ) ;
#1050 = ORIENTED_EDGE ( 'NONE', *, *, #903, .F. ) ;
#1051 = VECTOR ( 'NONE', #2583, 1000.000000000000114 ) ;
#1052 = DIRECTION ( 'NONE',  ( 0.000000000000000000, 0.000000000000000000, 1.000000000000000000 ) ) ;
#1053 = ORIENTED_EDGE ( 'NONE', *, *, #2525, .T. ) ;
#1054 = VECTOR ( 'NONE', #3460, 1000.000000000000114 ) ;
#1055 = VECTOR ( 'NONE', #2617, 1000.000000000000227 ) ;
#1056 = CIRCLE ( 'NONE', #132, 0.1999999999999993727 ) ;
#1057 = ORIENTED_EDGE ( 'NONE', *, *, #2359, .T. ) ;
#1058 = CARTESIAN_POINT ( 'NONE',  ( -1.580599522466807239, -1.580599522466812124, -8.550139989853414946 ) ) ;
#1059 = VECTOR ( 'NONE', #1847, 1000.000000000000000 ) ;
#1060 = DIRECTION ( 'NONE',  ( 0.000000000000000000, 0.000000000000000000, 1.000000000000000000 ) ) ;
#1061 = LOCAL_TIME ( 19, 34, 57.00000000000000000, #502 ) ;
#1062 = ORIENTED_EDGE ( 'NONE', *, *, #2430, .T. ) ;
#1063 = EDGE_CURVE ( 'NONE', #1031, #2985, #14, .T. ) ;
#1064 = DIRECTION ( 'NONE',  ( 0.000000000000000000, 0.000000000000000000, 1.000000000000000000 ) ) ;
#1065 = DIRECTION ( 'NONE',  ( -0.000000000000000000, -0.000000000000000000, -1.000000000000000000 ) ) ;
#1066 = EDGE_CURVE ( 'NONE', #1985, #3465, #3217, .T. ) ;
#1067 = DIRECTION ( 'NONE',  ( -0.7071067811865492381, -0.7071067811865457964, 0.000000000000000000 ) ) ;
#1068 = DIRECTION ( 'NONE',  ( 0.3276627409121956047, 0.9447947545461434782, 0.000000000000000000 ) ) ;
#1069 = ORIENTED_EDGE ( 'NONE', *, *, #1941, .T. ) ;
#1070 = FACE_OUTER_BOUND ( 'NONE', #2728, .T. ) ;
#1071 = CARTESIAN_POINT ( 'NONE',  ( 0.8654459806616806583, 6.389041270033941622, -4.560121934157388424 ) ) ;
#1072 = ORIENTED_EDGE ( 'NONE', *, *, #1199, .T. ) ;
#1073 = DIRECTION ( 'NONE',  ( 0.000000000000000000, 0.000000000000000000, 1.000000000000000000 ) ) ;
#1074 = ORIENTED_EDGE ( 'NONE', *, *, #3816, .T. ) ;
#1075 = CARTESIAN_POINT ( 'NONE',  ( 0.2871602281450929550, 0.8600941277462791357, -8.550139989853414946 ) ) ;
#1076 = ADVANCED_FACE ( 'NONE', ( #1875 ), #282, .T. ) ;
#1077 = ADVANCED_FACE ( 'NONE', ( #1105 ), #3602, .F. ) ;
#1078 = DIRECTION ( 'NONE',  ( 0.000000000000000000, 0.000000000000000000, 1.000000000000000000 ) ) ;
#1079 = ORIENTED_EDGE ( 'NONE', *, *, #16, .T. ) ;
#1080 = CIRCLE ( 'NONE', #2701, 4.999999999999999112 ) ;
#1082 = ADVANCED_FACE ( 'NONE', ( #1364 ), #2618, .T. ) ;
#1081 = FACE_OUTER_BOUND ( 'NONE', #226, .T. ) ;
#1083 = CARTESIAN_POINT ( 'NONE',  ( -7.500257324214873123, -1.667828525471593437, -2.650139989853414590 ) ) ;
#1084 = ORIENTED_EDGE ( 'NONE', *, *, #1220, .T. ) ;
#1085 = AXIS2_PLACEMENT_3D ( 'NONE', #2472, #248, #3515 ) ;
#1086 = ADVANCED_FACE ( 'NONE', ( #2715 ), #3270, .T. ) ;
#1087 = AXIS2_PLACEMENT_3D ( 'NONE', #3070, #499, #454 ) ;
#1088 = LINE ( 'NONE', #2378, #748 ) ;
#1089 = ORIENTED_EDGE ( 'NONE', *, *, #629, .T. ) ;
#1090 = LINE ( 'NONE', #2333, #85 ) ;
#1091 = DIRECTION ( 'NONE',  ( 0.000000000000000000, 0.000000000000000000, 1.000000000000000000 ) ) ;
#1092 = VECTOR ( 'NONE', #1971, 1000.000000000000000 ) ;
#1093 = CARTESIAN_POINT ( 'NONE',  ( -4.248622636672708452, 6.621506234975468530, -4.560121934157388424 ) ) ;
#1094 = DIRECTION ( 'NONE',  ( -0.6035834202427373674, -0.7972998525072476639, 0.000000000000000000 ) ) ;
#1095 = CARTESIAN_POINT ( 'NONE',  ( 0.6446484853151814853, 5.239541876101773354, -4.560121934157388424 ) ) ;
#1096 = DIRECTION ( 'NONE',  ( 0.000000000000000000, 0.000000000000000000, 1.000000000000000000 ) ) ;
#1097 = ORIENTED_EDGE ( 'NONE', *, *, #979, .T. ) ;
#1098 = CARTESIAN_POINT ( 'NONE',  ( 0.3057010229085880271, 6.807291053190044572, -2.650139989853414590 ) ) ;
#1099 = ORIENTED_EDGE ( 'NONE', *, *, #2662, .F. ) ;
#1100 = FACE_OUTER_BOUND ( 'NONE', #766, .T. ) ;
#1101 = DIRECTION ( 'NONE',  ( 0.01966814954059799975, -0.9998065632379338208, 0.000000000000000000 ) ) ;
#1102 = EDGE_LOOP ( 'NONE', ( #1354, #3046, #1099, #957 ) ) ;
#1103 = EDGE_CURVE ( 'NONE', #1340, #1575, #2598, .T. ) ;
#1104 = DIRECTION ( 'NONE',  ( 0.7071067811865486830, -0.7071067811865464625, 0.000000000000000000 ) ) ;
#1105 = FACE_OUTER_BOUND ( 'NONE', #3653, .T. ) ;
#1106 = VERTEX_POINT ( 'NONE', #2051 ) ;
#1107 = DIRECTION ( 'NONE',  ( -0.000000000000000000, -0.000000000000000000, -1.000000000000000000 ) ) ;
#1108 = ORIENTED_EDGE ( 'NONE', *, *, #524, .F. ) ;
#1109 = CARTESIAN_POINT ( 'NONE',  ( 0.6690364548106123577, 6.426767893987836544, -2.650139989853414590 ) ) ;
#1110 = DIRECTION ( 'NONE',  ( -0.000000000000000000, -0.000000000000000000, -1.000000000000000000 ) ) ;
#1111 = EDGE_LOOP ( 'NONE', ( #3397, #257, #422, #745, #3823, #1530, #241, #1334, #1888, #3248, #3044, #232, #3992, #1988, #2848, #3809, #2462, #1097, #1148, #428, #2762, #1214, #3765, #1299, #3747, #538, #660, #367, #3284, #2796, #2966, #1923, #1736, #754, #3562, #495, #3518, #432, #930, #3391, #3574, #3385, #1164, #1027, #534, #1182, #436, #288, #3204, #3250, #1460, #677, #2526, #2374, #3054, #2979, #3434, #832, #839, #3959, #3336, #2685, #4078, #1790, #145, #3407, #2456, #1890, #3317, #2879, #3589, #2141, #1776, #3503, #221, #2873, #3799, #2094, #3999, #741, #1053, #2397, #2877, #1510, #3623, #2667, #2258, #1301, #549, #2897 ) ) ;
#1112 = DIRECTION ( 'NONE',  ( -0.7071067811865470176, 0.7071067811865481278, 0.000000000000000000 ) ) ;
#1113 = EDGE_LOOP ( 'NONE', ( #3662, #1057, #4036, #610 ) ) ;
#1114 = EDGE_CURVE ( 'NONE', #136, #2937, #434, .T. ) ;
#1115 = AXIS2_PLACEMENT_3D ( 'NONE', #3056, #487, #2412 ) ;
#1116 = DIRECTION ( 'NONE',  ( 1.000000000000000000, 0.000000000000000000, 0.000000000000000000 ) ) ;
#1117 = ORIENTED_EDGE ( 'NONE', *, *, #2266, .T. ) ;
#1118 = EDGE_CURVE ( 'NONE', #2225, #1484, #3652, .T. ) ;
#1119 = EDGE_CURVE ( 'NONE', #688, #1621, #2009, .T. ) ;
#1120 = DIRECTION ( 'NONE',  ( 0.000000000000000000, 0.000000000000000000, 1.000000000000000000 ) ) ;
#1121 = DIRECTION ( 'NONE',  ( 0.000000000000000000, 0.000000000000000000, 1.000000000000000000 ) ) ;
#1122 = DIRECTION ( 'NONE',  ( -0.3886902165834899003, 0.9213685014869347212, 0.000000000000000000 ) ) ;
#1123 = ORIENTED_EDGE ( 'NONE', *, *, #1878, .F. ) ;
#1124 = ORIENTED_EDGE ( 'NONE', *, *, #2530, .T. ) ;
#1125 = CARTESIAN_POINT ( 'NONE',  ( -2.149909184742025747, -1.294132572666212955, -5.450139989853414413 ) ) ;
#1126 = ORIENTED_EDGE ( 'NONE', *, *, #1017, .T. ) ;
#1127 = AXIS2_PLACEMENT_3D ( 'NONE', #1402, #2699, #2385 ) ;
#1128 = AXIS2_PLACEMENT_3D ( 'NONE', #3300, #2923, #3554 ) ;
#1129 = CARTESIAN_POINT ( 'NONE',  ( -2.008487828504709860, 1.001515483983599353, -2.650139989853414590 ) ) ;
#1130 = VERTEX_POINT ( 'NONE', #2661 ) ;
#1131 = AXIS2_PLACEMENT_3D ( 'NONE', #2797, #3478, #592 ) ;
#1132 = DIRECTION ( 'NONE',  ( 1.000000000000000000, 0.000000000000000000, 0.000000000000000000 ) ) ;
#1133 = AXIS2_PLACEMENT_3D ( 'NONE', #1028, #3935, #1359 ) ;
#1134 = EDGE_CURVE ( 'NONE', #3605, #1783, #3292, .T. ) ;
#1135 = DATE_AND_TIME ( #177, #2607 ) ;
#1136 = CARTESIAN_POINT ( 'NONE',  ( -2.008487828504709860, 1.001515483983599353, -2.650139989853414590 ) ) ;
#1137 = ORIENTED_EDGE ( 'NONE', *, *, #3727, .F. ) ;
#1138 = DIRECTION ( 'NONE',  ( -0.7071067811865457964, 0.7071067811865492381, 0.000000000000000000 ) ) ;
#1139 = EDGE_CURVE ( 'NONE', #542, #97, #1465, .T. ) ;
#1140 = FACE_OUTER_BOUND ( 'NONE', #2708, .T. ) ;
#1141 = VERTEX_POINT ( 'NONE', #740 ) ;
#1142 = EDGE_CURVE ( 'NONE', #3840, #424, #2030, .T. ) ;
#1143 = ORIENTED_EDGE ( 'NONE', *, *, #829, .T. ) ;
#1144 = DIRECTION ( 'NONE',  ( 0.000000000000000000, 0.000000000000000000, 1.000000000000000000 ) ) ;
#1145 = LINE ( 'NONE', #2438, #1753 ) ;
#1146 = CARTESIAN_POINT ( 'NONE',  ( -2.008487828504709860, 1.001515483983599353, -2.650139989853414590 ) ) ;
#1147 = LINE ( 'NONE', #3115, #1598 ) ;
#1148 = ORIENTED_EDGE ( 'NONE', *, *, #1139, .T. ) ;
#1149 = ORIENTED_EDGE ( 'NONE', *, *, #1706, .T. ) ;
#1150 = DIRECTION ( 'NONE',  ( 0.000000000000000000, 0.000000000000000000, 1.000000000000000000 ) ) ;
#1151 = VERTEX_POINT ( 'NONE', #1083 ) ;
#1152 = ORIENTED_EDGE ( 'NONE', *, *, #16, .F. ) ;
#1153 = EDGE_CURVE ( 'NONE', #2410, #1475, #3069, .T. ) ;
#1154 = DIRECTION ( 'NONE',  ( 0.000000000000000000, 0.000000000000000000, 1.000000000000000000 ) ) ;
#1155 = ORIENTED_EDGE ( 'NONE', *, *, #3010, .F. ) ;
#1156 = VECTOR ( 'NONE', #2220, 1000.000000000000000 ) ;
#1157 = CALENDAR_DATE ( 2026, 17, 6 ) ;
#1158 = CARTESIAN_POINT ( 'NONE',  ( -2.008487828504709860, 1.001515483983599353, 7.349860010146585410 ) ) ;
#1159 = AXIS2_PLACEMENT_3D ( 'NONE', #4013, #1538, #1132 ) ;
#1160 = DIRECTION ( 'NONE',  ( 0.9447947545461433672, -0.3276627409121955492, 0.000000000000000000 ) ) ;
#1161 = CARTESIAN_POINT ( 'NONE',  ( -5.879342534401944320, -3.905518635098234714, -4.560121934157388424 ) ) ;
#1162 = EDGE_CURVE ( 'NONE', #737, #1854, #695, .T. ) ;
#1163 = CYLINDRICAL_SURFACE ( 'NONE', #1532, 0.1999999999999996780 ) ;
#1164 = ORIENTED_EDGE ( 'NONE', *, *, #2973, .T. ) ;
#1165 = VERTEX_POINT ( 'NONE', #121 ) ;
#1166 = CARTESIAN_POINT ( 'NONE',  ( -2.008487828504709860, 1.001515483983599353, 7.349860010146585410 ) ) ;
#1167 = CARTESIAN_POINT ( 'NONE',  ( -1.769096634838260629, 7.046777418457155662, -2.650139989853414590 ) ) ;
#1168 = DIRECTION ( 'NONE',  ( -0.000000000000000000, -0.000000000000000000, -1.000000000000000000 ) ) ;
#1169 = FACE_OUTER_BOUND ( 'NONE', #1209, .T. ) ;
#1170 = ORIENTED_EDGE ( 'NONE', *, *, #458, .F. ) ;
#1171 = ORIENTED_EDGE ( 'NONE', *, *, #1894, .F. ) ;
#1172 = DIRECTION ( 'NONE',  ( 0.000000000000000000, 0.000000000000000000, 1.000000000000000000 ) ) ;
#1173 = DIRECTION ( 'NONE',  ( -1.000000000000000000, 0.000000000000000000, 0.000000000000000000 ) ) ;
#1174 = ORIENTED_EDGE ( 'NONE', *, *, #458, .T. ) ;
#1175 = EDGE_CURVE ( 'NONE', #2173, #3859, #1673, .T. ) ;
#1176 = ORIENTED_EDGE ( 'NONE', *, *, #3445, .T. ) ;
#1177 = ORIENTED_EDGE ( 'NONE', *, *, #2581, .F. ) ;
#1178 = VERTEX_POINT ( 'NONE', #1968 ) ;
#1179 = EDGE_CURVE ( 'NONE', #899, #2364, #1788, .T. ) ;
#1180 = ADVANCED_FACE ( 'NONE', ( #372 ), #3335, .T. ) ;
#1181 = LINE ( 'NONE', #1856, #1417 ) ;
#1182 = ORIENTED_EDGE ( 'NONE', *, *, #1949, .T. ) ;
#1183 = CARTESIAN_POINT ( 'NONE',  ( -8.111188927351228983, 0.7966522784915565092, 7.349860010146585410 ) ) ;
#1184 = CYLINDRICAL_SURFACE ( 'NONE', #44, 0.1999999999999996780 ) ;
#1185 = EDGE_LOOP ( 'NONE', ( #186, #2044, #381, #3769 ) ) ;
#1186 = ORIENTED_EDGE ( 'NONE', *, *, #2201, .T. ) ;
#1187 = CIRCLE ( 'NONE', #1115, 2.300000000000001599 ) ;
#1188 = CARTESIAN_POINT ( 'NONE',  ( -7.500257324214873123, -1.667828525471593437, 7.349860010146585410 ) ) ;
#1189 = CARTESIAN_POINT ( 'NONE',  ( -3.531756136579508265, 2.524783792058391985, -8.550139989853414946 ) ) ;
#1190 = ORIENTED_EDGE ( 'NONE', *, *, #674, .T. ) ;
#1191 = VECTOR ( 'NONE', #2217, 1000.000000000000000 ) ;
#1192 = VERTEX_POINT ( 'NONE', #1033 ) ;
#1193 = CARTESIAN_POINT ( 'NONE',  ( -2.255792780639471751, 7.246620788191818541, -2.650139989853414590 ) ) ;
#1194 = FACE_OUTER_BOUND ( 'NONE', #112, .T. ) ;
#1195 = ADVANCED_FACE ( 'NONE', ( #2329 ), #2443, .T. ) ;
#1196 = ORIENTED_EDGE ( 'NONE', *, *, #3772, .T. ) ;
#1197 = CALENDAR_DATE ( 2026, 17, 6 ) ;
#1198 = CIRCLE ( 'NONE', #200, 0.1999999999999996780 ) ;
#1199 = EDGE_CURVE ( 'NONE', #920, #1537, #1803, .T. ) ;
#1200 = VECTOR ( 'NONE', #1238, 1000.000000000000000 ) ;
#1201 = FACE_OUTER_BOUND ( 'NONE', #892, .T. ) ;
#1202 = VECTOR ( 'NONE', #678, 1000.000000000000000 ) ;
#1203 = AXIS2_PLACEMENT_3D ( 'NONE', #1041, #682, #1678 ) ;
#1204 = CARTESIAN_POINT ( 'NONE',  ( 3.918261153887365733, 2.470724840930898836, 7.349860010146585410 ) ) ;
#1205 = DIRECTION ( 'NONE',  ( 0.000000000000000000, 0.000000000000000000, 1.000000000000000000 ) ) ;
#1206 = VECTOR ( 'NONE', #3599, 1000.000000000000000 ) ;
#1207 = CARTESIAN_POINT ( 'NONE',  ( -6.156009084498260897, 3.794017485967066339, -4.560121934157388424 ) ) ;
#1208 = CARTESIAN_POINT ( 'NONE',  ( 3.918261153887365733, 2.470724840930899280, -4.560121934157388424 ) ) ;
#1209 = EDGE_LOOP ( 'NONE', ( #1625, #142, #4153, #4082 ) ) ;
#1210 = EDGE_CURVE ( 'NONE', #2445, #4027, #2808, .T. ) ;
#1211 = CARTESIAN_POINT ( 'NONE',  ( 0.000000000000000000, 2.524783792058391985, -5.450139989853414413 ) ) ;
#1212 = DIRECTION ( 'NONE',  ( 0.000000000000000000, 0.000000000000000000, 1.000000000000000000 ) ) ;
#1213 = EDGE_LOOP ( 'NONE', ( #1252, #2033, #195, #1982 ) ) ;
#1214 = ORIENTED_EDGE ( 'NONE', *, *, #1584, .T. ) ;
#1215 = CARTESIAN_POINT ( 'NONE',  ( -2.008487828504709860, 1.001515483983599353, 7.349860010146585410 ) ) ;
#1216 = DIRECTION ( 'NONE',  ( -0.000000000000000000, -0.000000000000000000, -1.000000000000000000 ) ) ;
#1217 = EDGE_CURVE ( 'NONE', #2727, #2135, #848, .T. ) ;
#1218 = ADVANCED_FACE ( 'NONE', ( #3433 ), #2121, .T. ) ;
#1219 = ORIENTED_EDGE ( 'NONE', *, *, #2507, .T. ) ;
#1220 = EDGE_CURVE ( 'NONE', #3672, #3165, #4141, .T. ) ;
#1221 = DIRECTION ( 'NONE',  ( 0.7071067811865496822, 0.7071067811865453523, 0.000000000000000000 ) ) ;
#1222 = CIRCLE ( 'NONE', #2290, 6.250000000000000888 ) ;
#1223 = CIRCLE ( 'NONE', #1690, 4.999999999999999112 ) ;
#1224 = LINE ( 'NONE', #3415, #1054 ) ;
#1225 = CIRCLE ( 'NONE', #3033, 0.1999999999999995948 ) ;
#1226 = AXIS2_PLACEMENT_3D ( 'NONE', #2082, #153, #769 ) ;
#1227 = DIRECTION ( 'NONE',  ( -0.4246257139296117367, -0.9053689872476125000, 0.000000000000000000 ) ) ;
#1228 = ORIENTED_EDGE ( 'NONE', *, *, #1268, .F. ) ;
#1229 = CIRCLE ( 'NONE', #824, 4.999999999999999112 ) ;
#1230 = PLANE ( 'NONE',  #80 ) ;
#1231 = LINE ( 'NONE', #2519, #2073 ) ;
#1232 = ORIENTED_EDGE ( 'NONE', *, *, #2928, .F. ) ;
#1233 = ORIENTED_EDGE ( 'NONE', *, *, #2305, .T. ) ;
#1234 = CARTESIAN_POINT ( 'NONE',  ( 2.916274265453553394, 1.865644130605049522, -2.650139989853414590 ) ) ;
#1235 = DIRECTION ( 'NONE',  ( 0.7561616347766747515, 0.6543848883431422347, 0.000000000000000000 ) ) ;
#1236 = EDGE_CURVE ( 'NONE', #2908, #2135, #567, .T. ) ;
#1237 = ORIENTED_EDGE ( 'NONE', *, *, #2287, .F. ) ;
#1238 = DIRECTION ( 'NONE',  ( 0.000000000000000000, 0.000000000000000000, 1.000000000000000000 ) ) ;
#1239 = DIRECTION ( 'NONE',  ( 0.6543848883431422347, -0.7561616347766747515, 0.000000000000000000 ) ) ;
#1240 = ORIENTED_EDGE ( 'NONE', *, *, #3282, .T. ) ;
#1241 = LINE ( 'NONE', #1577, #3567 ) ;
#1242 = ORIENTED_EDGE ( 'NONE', *, *, #229, .T. ) ;
#1243 = DIRECTION ( 'NONE',  ( 0.000000000000000000, 0.000000000000000000, 1.000000000000000000 ) ) ;
#1244 = EDGE_LOOP ( 'NONE', ( #823, #152, #4072, #3880 ) ) ;
#1245 = EDGE_CURVE ( 'NONE', #1356, #3421, #3699, .T. ) ;
#1246 = LINE ( 'NONE', #4102, #3885 ) ;
#1247 = VERTEX_POINT ( 'NONE', #1755 ) ;
#1248 = EDGE_CURVE ( 'NONE', #605, #1748, #1853, .T. ) ;
#1249 = AXIS2_PLACEMENT_3D ( 'NONE', #3254, #2957, #765 ) ;
#1250 = DIRECTION ( 'NONE',  ( 0.9135454576426059736, 0.4067366430757890505, 0.000000000000000000 ) ) ;
#1251 = CARTESIAN_POINT ( 'NONE',  ( 3.649932412188647834, 3.296555791808000624, -2.650139989853414590 ) ) ;
#1252 = ORIENTED_EDGE ( 'NONE', *, *, #906, .F. ) ;
#1253 = CIRCLE ( 'NONE', #40, 2.300000000000001599 ) ;
#1254 = VERTEX_POINT ( 'NONE', #2145 ) ;
#1255 = EDGE_CURVE ( 'NONE', #1473, #3231, #3140, .T. ) ;
#1256 = DIRECTION ( 'NONE',  ( -0.5169363987665711591, -0.8560238078641554393, 0.000000000000000000 ) ) ;
#1257 = CARTESIAN_POINT ( 'NONE',  ( 0.6690364548106123577, 6.426767893987836544, 7.349860010146585410 ) ) ;
#1258 = AXIS2_PLACEMENT_3D ( 'NONE', #3855, #1315, #702 ) ;
#1259 = VECTOR ( 'NONE', #2195, 1000.000000000000114 ) ;
#1260 = AXIS2_PLACEMENT_3D ( 'NONE', #1926, #3752, #3253 ) ;
#1261 = AXIS2_PLACEMENT_3D ( 'NONE', #913, #3155, #580 ) ;
#1262 = EDGE_CURVE ( 'NONE', #3065, #780, #2326, .T. ) ;
#1263 = CARTESIAN_POINT ( 'NONE',  ( -2.008487828504709860, 1.001515483983599353, 7.349860010146585410 ) ) ;
#1264 = ORIENTED_EDGE ( 'NONE', *, *, #346, .F. ) ;
#1265 = AXIS2_PLACEMENT_3D ( 'NONE', #1977, #1407, #3266 ) ;
#1266 = VECTOR ( 'NONE', #2786, 1000.000000000000114 ) ;
#1267 = CARTESIAN_POINT ( 'NONE',  ( -2.353104874344496000, -3.986594287434493289, -2.650139989853414590 ) ) ;
#1268 = EDGE_CURVE ( 'NONE', #582, #1031, #1306, .T. ) ;
#1269 = CYLINDRICAL_SURFACE ( 'NONE', #202, 2.300000000000001599 ) ;
#1270 = VERTEX_POINT ( 'NONE', #4106 ) ;
#1271 = CARTESIAN_POINT ( 'NONE',  ( -7.005294502897903897, 1.180185735395585356, -2.650139989853414590 ) ) ;
#1272 = CARTESIAN_POINT ( 'NONE',  ( -1.308487828504709904, 5.952273001778224604, -2.650139989853414590 ) ) ;
#1273 = ORIENTED_EDGE ( 'NONE', *, *, #3531, .T. ) ;
#1274 = VERTEX_POINT ( 'NONE', #2486 ) ;
#1275 = CARTESIAN_POINT ( 'NONE',  ( 4.003448064767775705, -0.06692096710226180800, 7.349860010146585410 ) ) ;
#1276 = PLANE ( 'NONE',  #2828 ) ;
#1277 = FACE_OUTER_BOUND ( 'NONE', #2489, .T. ) ;
#1278 = ORIENTED_EDGE ( 'NONE', *, *, #2, .F. ) ;
#1279 = CYLINDRICAL_SURFACE ( 'NONE', #3642, 4.999999999999999112 ) ;
#1280 = AXIS2_PLACEMENT_3D ( 'NONE', #1158, #2452, #3730 ) ;
#1281 = CARTESIAN_POINT ( 'NONE',  ( -3.531756136579513150, 0.000000000000000000, -8.550139989853414946 ) ) ;
#1282 = ORIENTED_EDGE ( 'NONE', *, *, #1548, .F. ) ;
#1283 = AXIS2_PLACEMENT_3D ( 'NONE', #864, #358, #17 ) ;
#1284 = AXIS2_PLACEMENT_3D ( 'NONE', #435, #3967, #2080 ) ;
#1285 = CARTESIAN_POINT ( 'NONE',  ( -2.008487828504709860, 1.001515483983599353, -4.560121934157388424 ) ) ;
#1286 = ORIENTED_EDGE ( 'NONE', *, *, #26, .T. ) ;
#1287 = CIRCLE ( 'NONE', #952, 6.250000000000000000 ) ;
#1288 = CARTESIAN_POINT ( 'NONE',  ( -2.008487828504709860, 1.001515483983599353, -2.650139989853414590 ) ) ;
#1289 = CARTESIAN_POINT ( 'NONE',  ( 3.049116642978394687, -2.419824406302238717, 7.349860010146585410 ) ) ;
#1290 = ORIENTED_EDGE ( 'NONE', *, *, #2846, .F. ) ;
#1291 = ORIENTED_EDGE ( 'NONE', *, *, #4130, .F. ) ;
#1292 = CYLINDRICAL_SURFACE ( 'NONE', #4095, 4.999999999999999112 ) ;
#1293 = EDGE_CURVE ( 'NONE', #2985, #3790, #3408, .T. ) ;
#1294 = LINE ( 'NONE', #2020, #3637 ) ;
#1295 = EDGE_CURVE ( 'NONE', #3065, #3488, #1508, .T. ) ;
#1296 = CARTESIAN_POINT ( 'NONE',  ( -2.582115006450394823, 2.582115006450407257, -8.550139989853414946 ) ) ;
#1297 = CARTESIAN_POINT ( 'NONE',  ( 1.922773227101137294, -3.670755499970968838, -2.650139989853414590 ) ) ;
#1298 = ORIENTED_EDGE ( 'NONE', *, *, #3816, .F. ) ;
#1299 = ORIENTED_EDGE ( 'NONE', *, *, #1878, .T. ) ;
#1300 = DIRECTION ( 'NONE',  ( 0.000000000000000000, 0.000000000000000000, 1.000000000000000000 ) ) ;
#1301 = ORIENTED_EDGE ( 'NONE', *, *, #3186, .T. ) ;
#1302 = DIRECTION ( 'NONE',  ( 0.000000000000000000, 0.000000000000000000, 1.000000000000000000 ) ) ;
#1303 = ORIENTED_EDGE ( 'NONE', *, *, #2470, .T. ) ;
#1304 = DIRECTION ( 'NONE',  ( 0.000000000000000000, 0.000000000000000000, 1.000000000000000000 ) ) ;
#1305 = DIRECTION ( 'NONE',  ( -0.000000000000000000, -0.000000000000000000, -1.000000000000000000 ) ) ;
#1306 = CIRCLE ( 'NONE', #2925, 4.999999999999999112 ) ;
#1307 = ORIENTED_EDGE ( 'NONE', *, *, #1035, .F. ) ;
#1308 = PLANE ( 'NONE',  #459 ) ;
#1309 = AXIS2_PLACEMENT_3D ( 'NONE', #1519, #889, #251 ) ;
#1310 = LINE ( 'NONE', #3255, #2782 ) ;
#1311 = EDGE_CURVE ( 'NONE', #1537, #2619, #3742, .T. ) ;
#1312 = AXIS2_PLACEMENT_3D ( 'NONE', #2435, #1721, #1794 ) ;
#1313 = CARTESIAN_POINT ( 'NONE',  ( -4.774525311268398298, 6.606115081095452979, -2.650139989853414590 ) ) ;
#1314 = DIRECTION ( 'NONE',  ( -1.000000000000000000, 0.000000000000000000, 0.000000000000000000 ) ) ;
#1315 = DIRECTION ( 'NONE',  ( -0.000000000000000000, -0.000000000000000000, -1.000000000000000000 ) ) ;
#1316 = ORIENTED_EDGE ( 'NONE', *, *, #524, .T. ) ;
#1317 = VERTEX_POINT ( 'NONE', #4080 ) ;
#1318 = CIRCLE ( 'NONE', #3271, 0.1999999999999996503 ) ;
#1319 = CARTESIAN_POINT ( 'NONE',  ( -2.008487828504709860, 1.001515483983599353, 7.349860010146585410 ) ) ;
#1320 = AXIS2_PLACEMENT_3D ( 'NONE', #3811, #2560, #959 ) ;
#1321 = ADVANCED_FACE ( 'NONE', ( #520 ), #3095, .T. ) ;
#1322 = CARTESIAN_POINT ( 'NONE',  ( 0.8654459806616802142, 6.389041270033941622, -4.560121934157388424 ) ) ;
#1323 = ORIENTED_EDGE ( 'NONE', *, *, #3937, .T. ) ;
#1324 = CIRCLE ( 'NONE', #272, 6.250000000000000888 ) ;
#1325 = CIRCLE ( 'NONE', #1386, 0.1999999999999993727 ) ;
#1326 = LINE ( 'NONE', #4158, #931 ) ;
#1327 = ORIENTED_EDGE ( 'NONE', *, *, #3692, .F. ) ;
#1328 = CARTESIAN_POINT ( 'NONE',  ( -0.3174859639028847491, -4.865804375095172496, 7.349860010146585410 ) ) ;
#1329 = ORIENTED_EDGE ( 'NONE', *, *, #3884, .F. ) ;
#1330 = CARTESIAN_POINT ( 'NONE',  ( -0.4852195204299181719, -0.7217528240912077786, -8.550139989853414946 ) ) ;
#1331 = DIRECTION ( 'NONE',  ( 0.000000000000000000, 0.000000000000000000, 1.000000000000000000 ) ) ;
#1332 = ADVANCED_FACE ( 'NONE', ( #1194 ), #789, .F. ) ;
#1333 = DIRECTION ( 'NONE',  ( 0.000000000000000000, 0.000000000000000000, 1.000000000000000000 ) ) ;
#1334 = ORIENTED_EDGE ( 'NONE', *, *, #2319, .T. ) ;
#1335 = DIRECTION ( 'NONE',  ( 0.000000000000000000, 0.000000000000000000, 1.000000000000000000 ) ) ;
#1336 = CARTESIAN_POINT ( 'NONE',  ( -4.162714528917209833, 1.001515483983595800, -5.450139989853414413 ) ) ;
#1337 = ORIENTED_EDGE ( 'NONE', *, *, #944, .F. ) ;
#1338 = CARTESIAN_POINT ( 'NONE',  ( -2.008487828504709860, 1.001515483983599353, -5.450139989853414413 ) ) ;
#1339 = DIRECTION ( 'NONE',  ( -0.01966814954061135365, -0.9998065632379335987, 0.000000000000000000 ) ) ;
#1340 = VERTEX_POINT ( 'NONE', #654 ) ;
#1341 = EDGE_CURVE ( 'NONE', #1771, #3810, #2737, .T. ) ;
#1342 = AXIS2_PLACEMENT_3D ( 'NONE', #1885, #1994, #912 ) ;
#1343 = EDGE_CURVE ( 'NONE', #4104, #3997, #2523, .T. ) ;
#1344 = CARTESIAN_POINT ( 'NONE',  ( -3.031208537015749549, -4.961415200871179820, -4.560121934157388424 ) ) ;
#1345 = AXIS2_PLACEMENT_3D ( 'NONE', #1365, #2356, #3991 ) ;
#1346 = CARTESIAN_POINT ( 'NONE',  ( -2.008487828504709860, 1.001515483983599353, -2.650139989853414590 ) ) ;
#1347 = DIRECTION ( 'NONE',  ( 0.000000000000000000, 0.000000000000000000, 1.000000000000000000 ) ) ;
#1348 = CARTESIAN_POINT ( 'NONE',  ( 2.227259289285507649, 5.399625986115038856, 7.349860010146585410 ) ) ;
#1349 = ORIENTED_EDGE ( 'NONE', *, *, #1972, .T. ) ;
#1350 = LINE ( 'NONE', #795, #3210 ) ;
#1351 = CARTESIAN_POINT ( 'NONE',  ( -4.661624142324544806, 5.239541876101811546, 7.349860010146585410 ) ) ;
#1352 = LINE ( 'NONE', #4148, #1560 ) ;
#1353 = DIRECTION ( 'NONE',  ( 0.08494783826067625609, 0.9963853997198263146, 0.000000000000000000 ) ) ;
#1354 = ORIENTED_EDGE ( 'NONE', *, *, #2838, .F. ) ;
#1355 = LINE ( 'NONE', #2062, #2272 ) ;
#1356 = VERTEX_POINT ( 'NONE', #1942 ) ;
#1357 = DIRECTION ( 'NONE',  ( 0.6035834202427268202, -0.7972998525072556575, 0.000000000000000000 ) ) ;
#1358 = EDGE_LOOP ( 'NONE', ( #3363, #2310, #2764, #873 ) ) ;
#1359 = DIRECTION ( 'NONE',  ( -0.8090169943749420112, 0.5877852522924803536, 0.000000000000000000 ) ) ;
#1360 = ORIENTED_EDGE ( 'NONE', *, *, #628, .T. ) ;
#1361 = EDGE_CURVE ( 'NONE', #2167, #3516, #3177, .T. ) ;
#1362 = EDGE_CURVE ( 'NONE', #445, #780, #2259, .T. ) ;
#1363 = CARTESIAN_POINT ( 'NONE',  ( 4.003448064767775705, -0.06692096710226246026, 7.349860010146585410 ) ) ;
#1364 = FACE_OUTER_BOUND ( 'NONE', #3691, .T. ) ;
#1365 = CARTESIAN_POINT ( 'NONE',  ( -2.008487828504709860, 1.001515483983599353, -8.550139989853414946 ) ) ;
#1366 = EDGE_LOOP ( 'NONE', ( #2845, #11, #351, #3081 ) ) ;
#1367 = LINE ( 'NONE', #2643, #1494 ) ;
#1368 = AXIS2_PLACEMENT_3D ( 'NONE', #2355, #1347, #3626 ) ;
#1369 = CIRCLE ( 'NONE', #263, 4.999999999999999112 ) ;
#1370 = CYLINDRICAL_SURFACE ( 'NONE', #713, 0.1999999999999992617 ) ;
#1371 = CARTESIAN_POINT ( 'NONE',  ( -3.722511515371821567, -3.695517920289619340, -4.560121934157388424 ) ) ;
#1372 = CIRCLE ( 'NONE', #2995, 6.249999999999999112 ) ;
#1373 = ORIENTED_EDGE ( 'NONE', *, *, #3152, .F. ) ;
#1374 = DIRECTION ( 'NONE',  ( 1.000000000000000000, 0.000000000000000000, -0.000000000000000000 ) ) ;
#1375 = CARTESIAN_POINT ( 'NONE',  ( -2.008487828504709860, 1.001515483983599353, -5.450139989853414413 ) ) ;
#1376 = EDGE_CURVE ( 'NONE', #557, #1010, #3028, .T. ) ;
#1377 = CARTESIAN_POINT ( 'NONE',  ( 3.649932412188647834, 3.296555791808000624, -4.560121934157388424 ) ) ;
#1378 = ORIENTED_EDGE ( 'NONE', *, *, #1941, .F. ) ;
#1379 = VECTOR ( 'NONE', #2522, 1000.000000000000000 ) ;
#1380 = VECTOR ( 'NONE', #2779, 1000.000000000000114 ) ;
#1381 = CARTESIAN_POINT ( 'NONE',  ( -6.933249922462962012, 1.865644130605114137, 7.349860010146585410 ) ) ;
#1382 = ORIENTED_EDGE ( 'NONE', *, *, #2744, .F. ) ;
#1383 = VECTOR ( 'NONE', #3315, 1000.000000000000114 ) ;
#1384 = AXIS2_PLACEMENT_3D ( 'NONE', #1983, #739, #3269 ) ;
#1385 = CARTESIAN_POINT ( 'NONE',  ( -7.935236810896764581, 2.470724840930976551, -2.650139989853414590 ) ) ;
#1386 = AXIS2_PLACEMENT_3D ( 'NONE', #2240, #3, #326 ) ;
#1387 = EDGE_LOOP ( 'NONE', ( #911, #1143, #54, #3058 ) ) ;
#1388 = CARTESIAN_POINT ( 'NONE',  ( -4.162714528917209833, 1.001515483983595800, -8.550139989853414946 ) ) ;
#1389 = CIRCLE ( 'NONE', #1937, 0.1999999999999994837 ) ;
#1390 = DIRECTION ( 'NONE',  ( -0.000000000000000000, -0.000000000000000000, -1.000000000000000000 ) ) ;
#1391 = VECTOR ( 'NONE', #1302, 1000.000000000000000 ) ;
#1392 = EDGE_CURVE ( 'NONE', #1141, #305, #1222, .T. ) ;
#1393 = CC_DESIGN_SECURITY_CLASSIFICATION ( #1814, ( #3693 ) ) ;
#1394 = EDGE_LOOP ( 'NONE', ( #1455, #4062, #2642, #861 ) ) ;
#1395 = DIRECTION ( 'NONE',  ( 0.000000000000000000, 0.000000000000000000, 1.000000000000000000 ) ) ;
#1396 = ORIENTED_EDGE ( 'NONE', *, *, #3775, .T. ) ;
#1397 = CYLINDRICAL_SURFACE ( 'NONE', #3977, 6.250000000000000888 ) ;
#1398 = LINE ( 'NONE', #2807, #2295 ) ;
#1399 = CARTESIAN_POINT ( 'NONE',  ( -7.666908069198036912, 3.296555791808073899, -2.650139989853414590 ) ) ;
#1400 = APPROVAL ( #1765, 'UNSPECIFIED' ) ;
#1401 = CARTESIAN_POINT ( 'NONE',  ( -2.008487828504709860, 1.001515483983599353, -4.560121934157388424 ) ) ;
#1402 = CARTESIAN_POINT ( 'NONE',  ( 2.644201271329784664, 4.868682940957928196, -2.650139989853414590 ) ) ;
#1403 = DIRECTION ( 'NONE',  ( 0.000000000000000000, 0.000000000000000000, 1.000000000000000000 ) ) ;
#1404 = CYLINDRICAL_SURFACE ( 'NONE', #3814, 4.999999999999999112 ) ;
#1405 = FACE_OUTER_BOUND ( 'NONE', #2204, .T. ) ;
#1406 = VERTEX_POINT ( 'NONE', #585 ) ;
#1407 = DIRECTION ( 'NONE',  ( 0.000000000000000000, 0.000000000000000000, 1.000000000000000000 ) ) ;
#1408 = ORIENTED_EDGE ( 'NONE', *, *, #1757, .F. ) ;
#1409 = PLANE ( 'NONE',  #1539 ) ;
#1410 = CARTESIAN_POINT ( 'NONE',  ( 1.791512171495293071, 1.001515483983599797, -2.650139989853415479 ) ) ;
#1411 = ORIENTED_EDGE ( 'NONE', *, *, #1898, .T. ) ;
#1412 = AXIS2_PLACEMENT_3D ( 'NONE', #2889, #2534, #3520 ) ;
#1413 = CARTESIAN_POINT ( 'NONE',  ( -2.008487828504709860, 1.001515483983599353, -4.560121934157388424 ) ) ;
#1414 = DIRECTION ( 'NONE',  ( 0.9569503394580568534, 0.2902516973440631420, 0.000000000000000000 ) ) ;
#1415 = ORIENTED_EDGE ( 'NONE', *, *, #4162, .F. ) ;
#1416 = VERTEX_POINT ( 'NONE', #3842 ) ;
#1417 = VECTOR ( 'NONE', #2795, 1000.000000000000000 ) ;
#1418 = VECTOR ( 'NONE', #1873, 1000.000000000000000 ) ;
#1419 = CARTESIAN_POINT ( 'NONE',  ( -6.645969606891661385, -0.8676454922645622236, 7.349860010146585410 ) ) ;
#1420 = ORIENTED_EDGE ( 'NONE', *, *, #1179, .T. ) ;
#1421 = DIRECTION ( 'NONE',  ( -0.1045284632676436731, 0.9945218953682742891, 0.000000000000000000 ) ) ;
#1422 = ADVANCED_FACE ( 'NONE', ( #3227 ), #2505, .T. ) ;
#1423 = AXIS2_PLACEMENT_3D ( 'NONE', #2402, #3369, #2032 ) ;
#1424 = EDGE_CURVE ( 'NONE', #2379, #3406, #544, .T. ) ;
#1425 = CARTESIAN_POINT ( 'NONE',  ( -5.879342534401945208, -3.905518635098235602, -2.650139989853414590 ) ) ;
#1426 = DIRECTION ( 'NONE',  ( -0.000000000000000000, -0.000000000000000000, -1.000000000000000000 ) ) ;
#1427 = CARTESIAN_POINT ( 'NONE',  ( -5.237255118184884317, -4.181147096574615141, 7.349860010146585410 ) ) ;
#1428 = CYLINDRICAL_SURFACE ( 'NONE', #1716, 2.300000000000012257 ) ;
#1429 = FACE_OUTER_BOUND ( 'NONE', #4058, .T. ) ;
#1430 = ORIENTED_EDGE ( 'NONE', *, *, #3773, .T. ) ;
#1431 = LINE ( 'NONE', #114, #4022 ) ;
#1432 = CARTESIAN_POINT ( 'NONE',  ( 0.2871602281450928440, 1.142936840220897921, -8.550139989853414946 ) ) ;
#1433 = DIRECTION ( 'NONE',  ( 0.000000000000000000, 0.000000000000000000, 1.000000000000000000 ) ) ;
#1434 = ORIENTED_EDGE ( 'NONE', *, *, #1916, .T. ) ;
#1435 = EDGE_CURVE ( 'NONE', #3586, #1317, #3807, .T. ) ;
#1436 = ORIENTED_EDGE ( 'NONE', *, *, #2319, .F. ) ;
#1437 = CARTESIAN_POINT ( 'NONE',  ( 2.988318845888487285, 1.180185735395517854, -4.560121934157388424 ) ) ;
#1438 = VERTEX_POINT ( 'NONE', #2206 ) ;
#1439 = DIRECTION ( 'NONE',  ( 0.000000000000000000, 0.000000000000000000, 1.000000000000000000 ) ) ;
#1440 = ORIENTED_EDGE ( 'NONE', *, *, #1686, .T. ) ;
#1441 = COORDINATED_UNIVERSAL_TIME_OFFSET ( 5, 0, .BEHIND. ) ;
#1442 = CARTESIAN_POINT ( 'NONE',  ( -3.699489693106614130, -4.865804375095150291, -2.650139989853414590 ) ) ;
#1443 = EDGE_CURVE ( 'NONE', #498, #2357, #3507, .T. ) ;
#1444 = DIRECTION ( 'NONE',  ( -0.000000000000000000, -0.000000000000000000, -1.000000000000000000 ) ) ;
#1445 = ORIENTED_EDGE ( 'NONE', *, *, #262, .F. ) ;
#1446 = AXIS2_PLACEMENT_3D ( 'NONE', #111, #2652, #3225 ) ;
#1447 = DIRECTION ( 'NONE',  ( 0.6691306063588665642, 0.7431448254773866946, 0.000000000000000000 ) ) ;
#1448 = ORIENTED_EDGE ( 'NONE', *, *, #2751, .F. ) ;
#1449 = ORIENTED_EDGE ( 'NONE', *, *, #3995, .T. ) ;
#1450 = CARTESIAN_POINT ( 'NONE',  ( -3.531756136579508265, 0.000000000000000000, -5.450139989853414413 ) ) ;
#1451 = CARTESIAN_POINT ( 'NONE',  ( 4.003448064767775705, -0.06692096710226180800, -4.560121934157388424 ) ) ;
#1452 = FACE_OUTER_BOUND ( 'NONE', #2975, .T. ) ;
#1453 = CYLINDRICAL_SURFACE ( 'NONE', #928, 0.1999999999999997058 ) ;
#1454 = ORIENTED_EDGE ( 'NONE', *, *, #3366, .F. ) ;
#1455 = ORIENTED_EDGE ( 'NONE', *, *, #2917, .F. ) ;
#1456 = VECTOR ( 'NONE', #2687, 1000.000000000000000 ) ;
#1457 = DIRECTION ( 'NONE',  ( 0.1240686489796810205, -0.9922736368262319306, 0.000000000000000000 ) ) ;
#1458 = ORIENTED_EDGE ( 'NONE', *, *, #1839, .F. ) ;
#1459 = VERTEX_POINT ( 'NONE', #1571 ) ;
#1460 = ORIENTED_EDGE ( 'NONE', *, *, #3835, .T. ) ;
#1461 = VECTOR ( 'NONE', #1160, 1000.000000000000114 ) ;
#1462 = VECTOR ( 'NONE', #1067, 1000.000000000000000 ) ;
#1463 = DIRECTION ( 'NONE',  ( -0.4999999999999930056, 0.8660254037844427044, 0.000000000000000000 ) ) ;
#1464 = VERTEX_POINT ( 'NONE', #607 ) ;
#1465 = CIRCLE ( 'NONE', #1368, 4.999999999999999112 ) ;
#1466 = CARTESIAN_POINT ( 'NONE',  ( 3.523584490315921247, -1.906864797090138008, -4.560121934157388424 ) ) ;
#1467 = VECTOR ( 'NONE', #955, 999.9999999999998863 ) ;
#1468 =( GEOMETRIC_REPRESENTATION_CONTEXT ( 3 ) GLOBAL_UNCERTAINTY_ASSIGNED_CONTEXT ( ( #3922 ) ) GLOBAL_UNIT_ASSIGNED_CONTEXT ( ( #699, #3297, #4043 ) ) REPRESENTATION_CONTEXT ( 'NONE', 'WORKASPACE' ) );
#1469 = EDGE_CURVE ( 'NONE', #1475, #2520, #2537, .T. ) ;
#1470 = CARTESIAN_POINT ( 'NONE',  ( 2.808285501127174122, 4.754331003799882716, -2.650139989853414590 ) ) ;
#1471 = ORIENTED_EDGE ( 'NONE', *, *, #1175, .T. ) ;
#1472 = CARTESIAN_POINT ( 'NONE',  ( 0.5736271779456866282, 0.5736271779456839637, -8.550139989853414946 ) ) ;
#1473 = VERTEX_POINT ( 'NONE', #3825 ) ;
#1474 = CARTESIAN_POINT ( 'NONE',  ( -8.193531385815207457, 0.1027740338590803909, 7.349860010146585410 ) ) ;
#1475 = VERTEX_POINT ( 'NONE', #3211 ) ;
#1476 = EDGE_CURVE ( 'NONE', #38, #3818, #3496, .T. ) ;
#1477 = DIRECTION ( 'NONE',  ( -0.9781476007338073542, -0.2079116908177514877, 0.000000000000000000 ) ) ;
#1478 = DIRECTION ( 'NONE',  ( 0.000000000000000000, 0.000000000000000000, 1.000000000000000000 ) ) ;
#1479 = ADVANCED_FACE ( 'NONE', ( #622 ), #3192, .T. ) ;
#1480 = CARTESIAN_POINT ( 'NONE',  ( 3.346558176113661354, -1.813796628095778463, 7.349860010146585410 ) ) ;
#1481 = CARTESIAN_POINT ( 'NONE',  ( 1.351156438844025809, -4.029914769619324488, 7.349860010146585410 ) ) ;
#1482 = VERTEX_POINT ( 'NONE', #1271 ) ;
#1483 = EDGE_CURVE ( 'NONE', #1356, #3720, #2554, .T. ) ;
#1484 = VERTEX_POINT ( 'NONE', #296 ) ;
#1485 = CARTESIAN_POINT ( 'NONE',  ( -1.761182876369948858, 7.246620788191817653, 7.349860010146585410 ) ) ;
#1486 = DIRECTION ( 'NONE',  ( 0.7972998525072557685, 0.6035834202427268202, 0.000000000000000000 ) ) ;
#1487 = DIRECTION ( 'NONE',  ( -0.8090169943749504489, -0.5877852522924689183, 0.000000000000000000 ) ) ;
#1488 = ORIENTED_EDGE ( 'NONE', *, *, #361, .T. ) ;
#1489 = CIRCLE ( 'NONE', #291, 6.249999999999999112 ) ;
#1490 = CARTESIAN_POINT ( 'NONE',  ( -2.008487828504709860, 1.001515483983599353, -4.560121934157388424 ) ) ;
#1491 = ORIENTED_EDGE ( 'NONE', *, *, #3388, .T. ) ;
#1492 = AXIS2_PLACEMENT_3D ( 'NONE', #3604, #3588, #1927 ) ;
#1493 = FACE_OUTER_BOUND ( 'NONE', #883, .T. ) ;
#1494 = VECTOR ( 'NONE', #398, 1000.000000000000000 ) ;
#1495 = VERTEX_POINT ( 'NONE', #2843 ) ;
#1496 = CARTESIAN_POINT ( 'NONE',  ( 1.928993949882211512, -2.080081057562839231, -2.650139989853414590 ) ) ;
#1497 = DIRECTION ( 'NONE',  ( -0.000000000000000000, -0.000000000000000000, -1.000000000000000000 ) ) ;
#1498 = EDGE_CURVE ( 'NONE', #3099, #2285, #3176, .T. ) ;
#1499 = FACE_OUTER_BOUND ( 'NONE', #658, .T. ) ;
#1500 = ORIENTED_EDGE ( 'NONE', *, *, #448, .F. ) ;
#1501 = ORIENTED_EDGE ( 'NONE', *, *, #1509, .F. ) ;
#1502 = DIRECTION ( 'NONE',  ( 1.000000000000000000, 0.000000000000000000, 0.000000000000000000 ) ) ;
#1503 = DIRECTION ( 'NONE',  ( -0.7071067811865496822, -0.7071067811865453523, 0.000000000000000000 ) ) ;
#1504 = DIRECTION ( 'NONE',  ( -0.1045284632676583281, -0.9945218953682728458, 0.000000000000000000 ) ) ;
#1505 = ORIENTED_EDGE ( 'NONE', *, *, #2183, .F. ) ;
#1506 = VERTEX_POINT ( 'NONE', #1234 ) ;
#1507 = DIRECTION ( 'NONE',  ( 0.9447947545461478080, 0.3276627409121829482, 0.000000000000000000 ) ) ;
#1508 = LINE ( 'NONE', #1125, #108 ) ;
#1509 = EDGE_CURVE ( 'NONE', #3555, #3101, #606, .T. ) ;
#1510 = ORIENTED_EDGE ( 'NONE', *, *, #2409, .T. ) ;
#1511 = EDGE_CURVE ( 'NONE', #2781, #105, #917, .T. ) ;
#1512 = ORIENTED_EDGE ( 'NONE', *, *, #3970, .F. ) ;
#1513 = DIRECTION ( 'NONE',  ( -0.7298405131205424334, 0.6836174554587843843, 0.000000000000000000 ) ) ;
#1514 = COORDINATED_UNIVERSAL_TIME_OFFSET ( 5, 0, .BEHIND. ) ;
#1515 = CARTESIAN_POINT ( 'NONE',  ( -4.089162666171256788, 6.742222919024014161, -4.560121934157388424 ) ) ;
#1516 = CC_DESIGN_PERSON_AND_ORGANIZATION_ASSIGNMENT ( #4087, #798, ( #3693 ) ) ;
#1517 = DIRECTION ( 'NONE',  ( 3.523657060577896116E-15, 1.000000000000000000, 0.000000000000000000 ) ) ;
#1518 = DIRECTION ( 'NONE',  ( 0.7071067811865464625, 0.7071067811865486830, -0.000000000000000000 ) ) ;
#1519 = CARTESIAN_POINT ( 'NONE',  ( -2.008487828504709860, 1.001515483983599353, 7.349860010146585410 ) ) ;
#1520 = DIRECTION ( 'NONE',  ( 0.000000000000000000, 0.000000000000000000, 1.000000000000000000 ) ) ;
#1521 = ORIENTED_EDGE ( 'NONE', *, *, #3198, .F. ) ;
#1522 = EDGE_CURVE ( 'NONE', #1010, #3966, #122, .T. ) ;
#1523 = EDGE_CURVE ( 'NONE', #557, #2517, #1350, .T. ) ;
#1524 = ORIENTED_EDGE ( 'NONE', *, *, #191, .F. ) ;
#1525 = AXIS2_PLACEMENT_3D ( 'NONE', #3957, #3643, #756 ) ;
#1526 = CARTESIAN_POINT ( 'NONE',  ( -5.755475183813234530, -3.748493543287616525, -2.650139989853414590 ) ) ;
#1527 = EDGE_CURVE ( 'NONE', #1580, #2748, #117, .T. ) ;
#1528 = FACE_OUTER_BOUND ( 'NONE', #1366, .T. ) ;
#1529 = FACE_OUTER_BOUND ( 'NONE', #521, .T. ) ;
#1530 = ORIENTED_EDGE ( 'NONE', *, *, #3625, .T. ) ;
#1531 = EDGE_CURVE ( 'NONE', #2445, #2985, #3947, .T. ) ;
#1532 = AXIS2_PLACEMENT_3D ( 'NONE', #3690, #1096, #1447 ) ;
#1533 = VERTEX_POINT ( 'NONE', #2721 ) ;
#1534 = CARTESIAN_POINT ( 'NONE',  ( 1.220279461175395541, -4.181147096574657773, -4.560121934157388424 ) ) ;
#1535 = DIRECTION ( 'NONE',  ( 0.000000000000000000, 0.000000000000000000, 1.000000000000000000 ) ) ;
#1536 = EDGE_LOOP ( 'NONE', ( #637, #3339, #2079, #3414 ) ) ;
#1537 = VERTEX_POINT ( 'NONE', #2313 ) ;
#1538 = DIRECTION ( 'NONE',  ( 0.000000000000000000, 0.000000000000000000, 1.000000000000000000 ) ) ;
#1539 = AXIS2_PLACEMENT_3D ( 'NONE', #4055, #3428, #472 ) ;
#1540 = VECTOR ( 'NONE', #1138, 1000.000000000000000 ) ;
#1541 = DIRECTION ( 'NONE',  ( -1.000000000000000000, 0.000000000000000000, 0.000000000000000000 ) ) ;
#1542 = AXIS2_PLACEMENT_3D ( 'NONE', #3940, #1032, #3364 ) ;
#1543 = VECTOR ( 'NONE', #3062, 1000.000000000000227 ) ;
#1544 = CARTESIAN_POINT ( 'NONE',  ( -1.580599522466807239, -1.580599522466812124, -5.450139989853414413 ) ) ;
#1545 = VECTOR ( 'NONE', #709, 1000.000000000000114 ) ;
#1546 = LINE ( 'NONE', #910, #1718 ) ;
#1547 = ORIENTED_EDGE ( 'NONE', *, *, #87, .F. ) ;
#1548 = EDGE_CURVE ( 'NONE', #4027, #1031, #3047, .T. ) ;
#1549 = DIRECTION ( 'NONE',  ( 0.000000000000000000, -0.000000000000000000, -1.000000000000000000 ) ) ;
#1550 = DIRECTION ( 'NONE',  ( -0.4828701644713700447, 0.8756919574047669075, 0.000000000000000000 ) ) ;
#1551 = VERTEX_POINT ( 'NONE', #3590 ) ;
#1552 = EDGE_LOOP ( 'NONE', ( #488, #3263, #3053, #1930, #370, #2209, #624, #4146, #2218, #4097, #3961, #525, #1501, #3892, #2069, #2691, #3784, #3506, #1590, #1639, #1050, #3734, #3963, #2931 ) ) ;
#1553 = CARTESIAN_POINT ( 'NONE',  ( -2.353104874344496000, -3.986594287434493289, -4.560121934157388424 ) ) ;
#1554 = EDGE_LOOP ( 'NONE', ( #1003, #2120, #1500, #2960 ) ) ;
#1555 = ORIENTED_EDGE ( 'NONE', *, *, #2587, .F. ) ;
#1556 = CARTESIAN_POINT ( 'NONE',  ( -7.066092299987860592, -2.419824406302168107, -4.560121934157388424 ) ) ;
#1557 = DIRECTION ( 'NONE',  ( 0.000000000000000000, 0.000000000000000000, 1.000000000000000000 ) ) ;
#1558 = AXIS2_PLACEMENT_3D ( 'NONE', #1288, #1216, #3860 ) ;
#1559 = ADVANCED_FACE ( 'NONE', ( #2358 ), #1397, .T. ) ;
#1560 = VECTOR ( 'NONE', #421, 1000.000000000000000 ) ;
#1561 = DIRECTION ( 'NONE',  ( 0.9135454576426005335, -0.4067366430758010409, 0.000000000000000000 ) ) ;
#1562 = EDGE_CURVE ( 'NONE', #1748, #2739, #2447, .T. ) ;
#1563 = CIRCLE ( 'NONE', #1760, 4.999999999999999112 ) ;
#1564 = EDGE_CURVE ( 'NONE', #4103, #1900, #1367, .T. ) ;
#1565 = DIRECTION ( 'NONE',  ( 0.000000000000000000, 0.000000000000000000, -1.000000000000000000 ) ) ;
#1566 = ORIENTED_EDGE ( 'NONE', *, *, #1293, .F. ) ;
#1567 = CIRCLE ( 'NONE', #559, 4.999999999999999112 ) ;
#1568 = LINE ( 'NONE', #4133, #2964 ) ;
#1569 = CYLINDRICAL_SURFACE ( 'NONE', #1667, 6.250000000000001776 ) ;
#1570 = ORIENTED_EDGE ( 'NONE', *, *, #405, .F. ) ;
#1571 = CARTESIAN_POINT ( 'NONE',  ( -4.322676679917931253, 6.807291053190076546, -2.650139989853414590 ) ) ;
#1572 = FACE_OUTER_BOUND ( 'NONE', #670, .T. ) ;
#1573 = ORIENTED_EDGE ( 'NONE', *, *, #640, .T. ) ;
#1574 = ADVANCED_FACE ( 'NONE', ( #3629 ), #3318, .T. ) ;
#1575 = VERTEX_POINT ( 'NONE', #746 ) ;
#1576 = EDGE_CURVE ( 'NONE', #2517, #3359, #3715, .T. ) ;
#1577 = CARTESIAN_POINT ( 'NONE',  ( -0.2944641416376616028, -3.695517920289643765, -4.560121934157388424 ) ) ;
#1578 = EDGE_CURVE ( 'NONE', #2075, #73, #2903, .T. ) ;
#1579 = DIRECTION ( 'NONE',  ( 0.000000000000000000, 0.000000000000000000, 1.000000000000000000 ) ) ;
#1580 = VERTEX_POINT ( 'NONE', #3295 ) ;
#1581 = DIRECTION ( 'NONE',  ( 0.3090169943749447312, 0.9510565162951545304, 0.000000000000000000 ) ) ;
#1582 = LINE ( 'NONE', #3448, #3009 ) ;
#1583 = VERTEX_POINT ( 'NONE', #3969 ) ;
#1584 = EDGE_CURVE ( 'NONE', #2584, #3171, #1897, .T. ) ;
#1585 = DIRECTION ( 'NONE',  ( -0.000000000000000000, -0.000000000000000000, -1.000000000000000000 ) ) ;
#1586 = AXIS2_PLACEMENT_3D ( 'NONE', #2747, #4049, #2043 ) ;
#1587 = DIRECTION ( 'NONE',  ( 0.000000000000000000, 0.000000000000000000, 1.000000000000000000 ) ) ;
#1588 = VERTEX_POINT ( 'NONE', #102 ) ;
#1589 = CIRCLE ( 'NONE', #978, 0.1999999999999993450 ) ;
#1590 = ORIENTED_EDGE ( 'NONE', *, *, #3200, .F. ) ;
#1591 = CARTESIAN_POINT ( 'NONE',  ( -7.005294502897903897, 1.180185735395585800, 7.349860010146585410 ) ) ;
#1592 = CARTESIAN_POINT ( 'NONE',  ( 3.666921979840779944, 3.097278711864035472, 7.349860010146585410 ) ) ;
#1593 = CIRCLE ( 'NONE', #3079, 0.1999999999999994837 ) ;
#1594 = VERTEX_POINT ( 'NONE', #2623 ) ;
#1595 = CIRCLE ( 'NONE', #2487, 2.300000000000001599 ) ;
#1596 = DIRECTION ( 'NONE',  ( 0.000000000000000000, 0.000000000000000000, 1.000000000000000000 ) ) ;
#1597 = AXIS2_PLACEMENT_3D ( 'NONE', #3019, #3899, #3987 ) ;
#1598 = VECTOR ( 'NONE', #786, 1000.000000000000000 ) ;
#1599 = LINE ( 'NONE', #1297, #647 ) ;
#1600 = ORIENTED_EDGE ( 'NONE', *, *, #708, .T. ) ;
#1601 = AXIS2_PLACEMENT_3D ( 'NONE', #2004, #785, #3289 ) ;
#1602 = AXIS2_PLACEMENT_3D ( 'NONE', #1645, #2912, #3827 ) ;
#1603 = CARTESIAN_POINT ( 'NONE',  ( -7.293255195190622153, -2.335209539150859381, -4.560121934157388424 ) ) ;
#1604 = ADVANCED_FACE ( 'NONE', ( #2404 ), #2961, .T. ) ;
#1605 = FACE_OUTER_BOUND ( 'NONE', #4050, .T. ) ;
#1606 = ORIENTED_EDGE ( 'NONE', *, *, #173, .F. ) ;
#1607 = DIRECTION ( 'NONE',  ( 0.000000000000000000, 0.000000000000000000, 1.000000000000000000 ) ) ;
#1608 = LINE ( 'NONE', #636, #4160 ) ;
#1609 = EDGE_LOOP ( 'NONE', ( #2125, #3036, #3989, #3096, #2400, #4034, #1, #1316, #1902, #2280, #2528, #1186, #858, #3815, #645, #3158, #1286, #3329, #1893, #417, #1449, #2203, #2276, #1074, #2283, #500, #4165, #281, #2888, #3559, #882, #697, #1176, #3431, #2521, #729, #3878, #3034, #2841, #150, #804, #2114, #1997, #170, #3939, #1240, #2190, #3182, #3063, #1620, #2255, #3483, #1420, #240, #1758, #1440, #571, #879, #1573, #2065, #1940, #4132, #936, #2736, #2837, #1631, #3245, #3301, #810, #284, #3132, #565, #1661, #3526, #564, #397, #1273, #3703, #1307, #2262, #3068, #687, #3443, #2428, #3904, #2105, #1190, #1079, #43, #3781 ) ) ;
#1610 = EDGE_CURVE ( 'NONE', #1151, #690, #1090, .T. ) ;
#1611 = ORIENTED_EDGE ( 'NONE', *, *, #3508, .F. ) ;
#1612 = DIRECTION ( 'NONE',  ( -0.9569503394580528566, 0.2902516973440763537, 0.000000000000000000 ) ) ;
#1613 = DIRECTION ( 'NONE',  ( 1.000000000000000000, 0.000000000000000000, 0.000000000000000000 ) ) ;
#1614 = DIRECTION ( 'NONE',  ( -0.5000000000000039968, -0.8660254037844362651, 0.000000000000000000 ) ) ;
#1615 = ORIENTED_EDGE ( 'NONE', *, *, #1004, .F. ) ;
#1616 = PERSON ( 'UNSPECIFIED', 'UNSPECIFIED', 'UNSPECIFIED', ('UNSPECIFIED'), ('UNSPECIFIED'), ('UNSPECIFIED') ) ;
#1617 = LINE ( 'NONE', #3869, #3383 ) ;
#1618 = AXIS2_PLACEMENT_3D ( 'NONE', #1136, #2363, #440 ) ;
#1619 = LINE ( 'NONE', #728, #791 ) ;
#1620 = ORIENTED_EDGE ( 'NONE', *, *, #3230, .T. ) ;
#1621 = VERTEX_POINT ( 'NONE', #2380 ) ;
#1622 = VECTOR ( 'NONE', #1557, 1000.000000000000000 ) ;
#1623 = AXIS2_PLACEMENT_3D ( 'NONE', #1699, #176, #1421 ) ;
#1624 = DIRECTION ( 'NONE',  ( 0.000000000000000000, 0.000000000000000000, 1.000000000000000000 ) ) ;
#1625 = ORIENTED_EDGE ( 'NONE', *, *, #3014, .F. ) ;
#1626 = AXIS2_PLACEMENT_3D ( 'NONE', #2314, #663, #2336 ) ;
#1627 = DIRECTION ( 'NONE',  ( 0.000000000000000000, 0.000000000000000000, 1.000000000000000000 ) ) ;
#1628 = ORIENTED_EDGE ( 'NONE', *, *, #1531, .T. ) ;
#1629 = EDGE_CURVE ( 'NONE', #105, #3138, #1563, .T. ) ;
#1630 = CARTESIAN_POINT ( 'NONE',  ( -0.4852195204299181719, -0.7217528240912077786, -5.450139989853414413 ) ) ;
#1631 = ORIENTED_EDGE ( 'NONE', *, *, #2620, .T. ) ;
#1632 = FACE_OUTER_BOUND ( 'NONE', #793, .T. ) ;
#1633 = FACE_OUTER_BOUND ( 'NONE', #22, .T. ) ;
#1634 = CARTESIAN_POINT ( 'NONE',  ( -7.995609991981272202, 0.1315337602630649305, 7.349860010146585410 ) ) ;
#1635 = EDGE_LOOP ( 'NONE', ( #3675, #190, #2947, #3313 ) ) ;
#1636 = CYLINDRICAL_SURFACE ( 'NONE', #3908, 0.1999999999999999278 ) ;
#1637 = ADVANCED_FACE ( 'NONE', ( #722 ), #2174, .T. ) ;
#1638 = FACE_OUTER_BOUND ( 'NONE', #2953, .T. ) ;
#1639 = ORIENTED_EDGE ( 'NONE', *, *, #1476, .T. ) ;
#1640 = DIRECTION ( 'NONE',  ( -0.1886331197694629258, 0.9820476292553429465, 0.000000000000000000 ) ) ;
#1641 = CARTESIAN_POINT ( 'NONE',  ( -2.582115006450396155, 2.582115006450403261, -5.450139989853414413 ) ) ;
#1642 = VERTEX_POINT ( 'NONE', #2153 ) ;
#1643 = ADVANCED_FACE ( 'NONE', ( #526 ), #2791, .T. ) ;
#1644 = EDGE_CURVE ( 'NONE', #2168, #3576, #3142, .T. ) ;
#1645 = CARTESIAN_POINT ( 'NONE',  ( -2.008487828504709860, 1.001515483983599353, -5.450139989853414413 ) ) ;
#1646 = CARTESIAN_POINT ( 'NONE',  ( -3.258487828504710304, 1.001515483983599353, 7.349860010146585410 ) ) ;
#1647 = ORIENTED_EDGE ( 'NONE', *, *, #3606, .F. ) ;
#1648 = EDGE_CURVE ( 'NONE', #2483, #2831, #2370, .T. ) ;
#1649 = LINE ( 'NONE', #51, #926 ) ;
#1650 = AXIS2_PLACEMENT_3D ( 'NONE', #1779, #1486, #2785 ) ;
#1651 = ORIENTED_EDGE ( 'NONE', *, *, #3937, .F. ) ;
#1652 = CARTESIAN_POINT ( 'NONE',  ( -0.4852195204299216691, 1.709747189093114201E-15, -5.450139989853414413 ) ) ;
#1653 = CARTESIAN_POINT ( 'NONE',  ( 3.049116642978394687, -2.419824406302239161, 7.349860010146585410 ) ) ;
#1654 = CIRCLE ( 'NONE', #1792, 0.1999999999999996503 ) ;
#1655 = CYLINDRICAL_SURFACE ( 'NONE', #352, 3.800000000000002931 ) ;
#1656 = DIRECTION ( 'NONE',  ( -0.5000000000000043299, -0.8660254037844361541, 0.000000000000000000 ) ) ;
#1657 = DIRECTION ( 'NONE',  ( 0.3090169943749454529, -0.9510565162951541973, 0.000000000000000000 ) ) ;
#1658 = CARTESIAN_POINT ( 'NONE',  ( -2.442652852731729940, 7.092199383724657302, 7.349860010146585410 ) ) ;
#1659 = EDGE_LOOP ( 'NONE', ( #1705, #511, #253, #3402 ) ) ;
#1660 = VECTOR ( 'NONE', #2328, 1000.000000000000000 ) ;
#1661 = ORIENTED_EDGE ( 'NONE', *, *, #3565, .F. ) ;
#1662 = AXIS2_PLACEMENT_3D ( 'NONE', #1012, #411, #1671 ) ;
#1663 = LINE ( 'NONE', #2344, #2260 ) ;
#1664 = CARTESIAN_POINT ( 'NONE',  ( -2.008487828504709860, 1.001515483983599353, 7.349860010146585410 ) ) ;
#1665 = ORIENTED_EDGE ( 'NONE', *, *, #1648, .F. ) ;
#1666 = VECTOR ( 'NONE', #28, 1000.000000000000114 ) ;
#1667 = AXIS2_PLACEMENT_3D ( 'NONE', #1285, #2221, #2857 ) ;
#1668 = EDGE_CURVE ( 'NONE', #1270, #2539, #2429, .T. ) ;
#1669 = DIRECTION ( 'NONE',  ( 0.000000000000000000, 0.000000000000000000, 1.000000000000000000 ) ) ;
#1670 = ORGANIZATION ( 'UNSPECIFIED', 'UNSPECIFIED', '' ) ;
#1671 = DIRECTION ( 'NONE',  ( -0.6691306063588562392, 0.7431448254773959095, 0.000000000000000000 ) ) ;
#1672 = DIRECTION ( 'NONE',  ( 0.6691306063588569053, -0.7431448254773954654, 0.000000000000000000 ) ) ;
#1673 = LINE ( 'NONE', #3020, #1860 ) ;
#1674 = ORIENTED_EDGE ( 'NONE', *, *, #1898, .F. ) ;
#1675 = CARTESIAN_POINT ( 'NONE',  ( -8.245232199025457120, 0.5946744133211270267, -2.650139989853414590 ) ) ;
#1676 = ORIENTED_EDGE ( 'NONE', *, *, #3868, .F. ) ;
#1677 = DIRECTION ( 'NONE',  ( -1.000000000000000000, 0.000000000000000000, 0.000000000000000000 ) ) ;
#1678 = DIRECTION ( 'NONE',  ( -0.1045284632676583420, -0.9945218953682728458, 0.000000000000000000 ) ) ;
#1679 = LINE ( 'NONE', #2582, #893 ) ;
#1680 = DIRECTION ( 'NONE',  ( 0.000000000000000000, 0.000000000000000000, 1.000000000000000000 ) ) ;
#1681 = CARTESIAN_POINT ( 'NONE',  ( 1.220279461175395541, -4.181147096574657773, -2.650139989853414590 ) ) ;
#1682 = EDGE_LOOP ( 'NONE', ( #3430, #1862, #3495, #1850 ) ) ;
#1683 = DIRECTION ( 'NONE',  ( 0.000000000000000000, 0.000000000000000000, 1.000000000000000000 ) ) ;
#1684 = ADVANCED_FACE ( 'NONE', ( #4042 ), #3971, .T. ) ;
#1685 = ORIENTED_EDGE ( 'NONE', *, *, #2525, .F. ) ;
#1686 = EDGE_CURVE ( 'NONE', #2781, #2075, #584, .T. ) ;
#1687 = CARTESIAN_POINT ( 'NONE',  ( 0.1457388719077837846, 1.001515483983588917, -8.550139989853414946 ) ) ;
#1688 = CYLINDRICAL_SURFACE ( 'NONE', #2327, 6.250000000000000000 ) ;
#1689 = VERTEX_POINT ( 'NONE', #4105 ) ;
#1690 = AXIS2_PLACEMENT_3D ( 'NONE', #2834, #4142, #2865 ) ;
#1691 = DIRECTION ( 'NONE',  ( -0.8090169943749425663, 0.5877852522924797984, 0.000000000000000000 ) ) ;
#1692 = AXIS2_PLACEMENT_3D ( 'NONE', #1740, #1091, #3791 ) ;
#1693 = DIRECTION ( 'NONE',  ( -0.9569503394580568534, -0.2902516973440631420, 0.000000000000000000 ) ) ;
#1694 = EDGE_LOOP ( 'NONE', ( #2990, #1360, #3449, #2011 ) ) ;
#1695 = LINE ( 'NONE', #715, #1660 ) ;
#1696 = DIRECTION ( 'NONE',  ( -0.9781476007338035794, 0.2079116908177686407, 0.000000000000000000 ) ) ;
#1697 = CARTESIAN_POINT ( 'NONE',  ( -2.008487828504709860, 1.001515483983599353, 7.349860010146585410 ) ) ;
#1698 = EDGE_LOOP ( 'NONE', ( #1804, #2824, #1914, #1936 ) ) ;
#1699 = CARTESIAN_POINT ( 'NONE',  ( -2.008487828504709860, 1.001515483983599353, 7.349860010146585410 ) ) ;
#1700 = EDGE_CURVE ( 'NONE', #1854, #690, #460, .T. ) ;
#1701 = VERTEX_POINT ( 'NONE', #2035 ) ;
#1702 = EDGE_CURVE ( 'NONE', #2628, #3454, #3658, .T. ) ;
#1703 = DIRECTION ( 'NONE',  ( -0.000000000000000000, -0.000000000000000000, -1.000000000000000000 ) ) ;
#1704 = DIRECTION ( 'NONE',  ( 0.000000000000000000, 0.000000000000000000, 1.000000000000000000 ) ) ;
#1705 = ORIENTED_EDGE ( 'NONE', *, *, #1248, .F. ) ;
#1706 = EDGE_CURVE ( 'NONE', #3351, #2520, #1829, .T. ) ;
#1707 = FACE_OUTER_BOUND ( 'NONE', #568, .T. ) ;
#1708 = CARTESIAN_POINT ( 'NONE',  ( -3.699489693106614130, -4.865804375095150291, -4.560121934157388424 ) ) ;
#1709 = CARTESIAN_POINT ( 'NONE',  ( -2.008487828504709860, 1.001515483983599353, 7.349860010146585410 ) ) ;
#1710 = DIRECTION ( 'NONE',  ( -0.000000000000000000, -0.000000000000000000, -1.000000000000000000 ) ) ;
#1711 = ORIENTED_EDGE ( 'NONE', *, *, #1295, .F. ) ;
#1712 = DIRECTION ( 'NONE',  ( -0.9781476007338069101, -0.2079116908177532919, 0.000000000000000000 ) ) ;
#1713 = EDGE_LOOP ( 'NONE', ( #2226, #3945, #787, #2417 ) ) ;
#1714 = DIRECTION ( 'NONE',  ( 0.000000000000000000, 0.000000000000000000, 1.000000000000000000 ) ) ;
#1715 = FACE_OUTER_BOUND ( 'NONE', #2586, .T. ) ;
#1716 = AXIS2_PLACEMENT_3D ( 'NONE', #2090, #183, #2745 ) ;
#1717 = CARTESIAN_POINT ( 'NONE',  ( 3.854538833009225396, 3.166560140884876251, -2.650139989853414590 ) ) ;
#1718 = VECTOR ( 'NONE', #3780, 1000.000000000000000 ) ;
#1719 = ORIENTED_EDGE ( 'NONE', *, *, #1907, .F. ) ;
#1720 = DIRECTION ( 'NONE',  ( 0.000000000000000000, 0.000000000000000000, 1.000000000000000000 ) ) ;
#1721 = DIRECTION ( 'NONE',  ( -0.9053689872476181622, -0.4246257139295996907, 0.000000000000000000 ) ) ;
#1722 = ORIENTED_EDGE ( 'NONE', *, *, #3833, .F. ) ;
#1723 = CIRCLE ( 'NONE', #528, 2.300000000000012257 ) ;
#1724 = DIRECTION ( 'NONE',  ( 0.000000000000000000, 0.000000000000000000, 1.000000000000000000 ) ) ;
#1725 = ORIENTED_EDGE ( 'NONE', *, *, #4002, .F. ) ;
#1726 = VECTOR ( 'NONE', #1060, 1000.000000000000000 ) ;
#1727 = EDGE_CURVE ( 'NONE', #768, #3244, #2510, .T. ) ;
#1728 = VECTOR ( 'NONE', #1444, 1000.000000000000000 ) ;
#1729 = DIRECTION ( 'NONE',  ( 0.000000000000000000, 0.000000000000000000, 1.000000000000000000 ) ) ;
#1730 = VECTOR ( 'NONE', #2140, 1000.000000000000114 ) ;
#1731 = CYLINDRICAL_SURFACE ( 'NONE', #2601, 2.300000000000006928 ) ;
#1732 = FACE_OUTER_BOUND ( 'NONE', #3309, .T. ) ;
#1733 = VECTOR ( 'NONE', #1073, 1000.000000000000000 ) ;
#1734 = DIRECTION ( 'NONE',  ( 0.9569503394580528566, -0.2902516973440763537, 0.000000000000000000 ) ) ;
#1735 = ADVANCED_FACE ( 'NONE', ( #1715 ), #2999, .F. ) ;
#1736 = ORIENTED_EDGE ( 'NONE', *, *, #506, .T. ) ;
#1737 = LINE ( 'NONE', #3338, #3183 ) ;
#1738 = ORIENTED_EDGE ( 'NONE', *, *, #3198, .T. ) ;
#1739 = DIRECTION ( 'NONE',  ( -0.9135454576426004225, 0.4067366430758013740, 0.000000000000000000 ) ) ;
#1740 = CARTESIAN_POINT ( 'NONE',  ( -2.008487828504709860, 1.001515483983599353, 7.349860010146585410 ) ) ;
#1741 = PERSON_AND_ORGANIZATION ( #1616, #1670 ) ;
#1742 = CARTESIAN_POINT ( 'NONE',  ( -3.065017486057437068, -5.158536876403569948, -4.560121934157388424 ) ) ;
#1743 = PRODUCT ( 'gear', 'gear', '', ( #2085 ) ) ;
#1744 = CARTESIAN_POINT ( 'NONE',  ( -2.442652852731729940, 7.092199383724657302, -4.560121934157388424 ) ) ;
#1745 = CARTESIAN_POINT ( 'NONE',  ( -1.580599522466810125, -1.580599522466807683, -5.450139989853414413 ) ) ;
#1746 = EDGE_CURVE ( 'NONE', #2332, #2937, #770, .T. ) ;
#1747 = DIRECTION ( 'NONE',  ( -0.000000000000000000, -0.000000000000000000, -1.000000000000000000 ) ) ;
#1748 = VERTEX_POINT ( 'NONE', #2056 ) ;
#1749 = CYLINDRICAL_SURFACE ( 'NONE', #1265, 0.1999999999999996503 ) ;
#1750 = CARTESIAN_POINT ( 'NONE',  ( -2.008487828504709860, 1.001515483983599353, -2.650139989853414590 ) ) ;
#1751 = DIRECTION ( 'NONE',  ( 0.9135454576426004225, -0.4067366430758014295, 0.000000000000000000 ) ) ;
#1752 = EDGE_LOOP ( 'NONE', ( #1722, #3740, #2465, #1505 ) ) ;
#1753 = VECTOR ( 'NONE', #1478, 1000.000000000000000 ) ;
#1754 = DIRECTION ( 'NONE',  ( 1.000000000000000000, 0.000000000000000000, 0.000000000000000000 ) ) ;
#1755 = CARTESIAN_POINT ( 'NONE',  ( 4.094213270341807487, 0.7966522784914739086, 7.349860010146585410 ) ) ;
#1756 = ORIENTED_EDGE ( 'NONE', *, *, #1245, .F. ) ;
#1757 = EDGE_CURVE ( 'NONE', #2393, #2312, #4051, .T. ) ;
#1758 = ORIENTED_EDGE ( 'NONE', *, *, #3572, .F. ) ;
#1759 = CIRCLE ( 'NONE', #949, 0.1999999999999993727 ) ;
#1760 = AXIS2_PLACEMENT_3D ( 'NONE', #3657, #2055, #3608 ) ;
#1761 = DIRECTION ( 'NONE',  ( 0.000000000000000000, 0.000000000000000000, 1.000000000000000000 ) ) ;
#1762 = ORIENTED_EDGE ( 'NONE', *, *, #1700, .F. ) ;
#1763 = DIRECTION ( 'NONE',  ( 0.000000000000000000, 0.000000000000000000, 1.000000000000000000 ) ) ;
#1764 = CIRCLE ( 'NONE', #2513, 6.249999999999999112 ) ;
#1765 = APPROVAL_STATUS ( 'not_yet_approved' ) ;
#1766 = CARTESIAN_POINT ( 'NONE',  ( 1.462219059252247932, -4.196243042465702011, -4.560121934157388424 ) ) ;
#1767 = ORIENTED_EDGE ( 'NONE', *, *, #3321, .F. ) ;
#1768 = ORIENTED_EDGE ( 'NONE', *, *, #1871, .T. ) ;
#1769 = EDGE_CURVE ( 'NONE', #2182, #2606, #156, .T. ) ;
#1770 = DIRECTION ( 'NONE',  ( -0.000000000000000000, -0.000000000000000000, -1.000000000000000000 ) ) ;
#1771 = VERTEX_POINT ( 'NONE', #4059 ) ;
#1772 = CARTESIAN_POINT ( 'NONE',  ( -2.149909184742019530, 3.297163540633398338, -5.450139989853414413 ) ) ;
#1773 = DIRECTION ( 'NONE',  ( -0.1886331197694759432, -0.9820476292553403930, 0.000000000000000000 ) ) ;
#1774 = DIRECTION ( 'NONE',  ( -1.000000000000000000, 0.000000000000000000, 0.000000000000000000 ) ) ;
#1775 = CYLINDRICAL_SURFACE ( 'NONE', #2274, 0.1999999999999995393 ) ;
#1776 = ORIENTED_EDGE ( 'NONE', *, *, #1268, .T. ) ;
#1777 = VERTEX_POINT ( 'NONE', #1193 ) ;
#1778 = EDGE_CURVE ( 'NONE', #3656, #1482, #218, .T. ) ;
#1779 = CARTESIAN_POINT ( 'NONE',  ( -4.089162666171255900, 6.742222919024014161, -4.560121934157388424 ) ) ;
#1780 = LINE ( 'NONE', #3067, #2154 ) ;
#1781 = ORIENTED_EDGE ( 'NONE', *, *, #3587, .T. ) ;
#1782 = DIRECTION ( 'NONE',  ( -0.7071067811865496822, 0.7071067811865454633, 0.000000000000000000 ) ) ;
#1783 = VERTEX_POINT ( 'NONE', #1485 ) ;
#1784 = DIRECTION ( 'NONE',  ( 0.6836174554587844954, 0.7298405131205425445, 0.000000000000000000 ) ) ;
#1785 = DIRECTION ( 'NONE',  ( 0.000000000000000000, 0.000000000000000000, 1.000000000000000000 ) ) ;
#1786 = DIRECTION ( 'NONE',  ( 0.000000000000000000, 0.000000000000000000, 1.000000000000000000 ) ) ;
#1787 = PLANE ( 'NONE',  #2675 ) ;
#1788 = CIRCLE ( 'NONE', #1249, 0.1999999999999999278 ) ;
#1789 = FACE_OUTER_BOUND ( 'NONE', #837, .T. ) ;
#1790 = ORIENTED_EDGE ( 'NONE', *, *, #2649, .T. ) ;
#1791 = EDGE_CURVE ( 'NONE', #2173, #1966, #1398, .T. ) ;
#1792 = AXIS2_PLACEMENT_3D ( 'NONE', #3621, #3290, #991 ) ;
#1793 = EDGE_CURVE ( 'NONE', #2532, #1141, #2103, .T. ) ;
#1794 = DIRECTION ( 'NONE',  ( 0.4246257139295996907, -0.9053689872476181622, 0.000000000000000000 ) ) ;
#1795 = EDGE_LOOP ( 'NONE', ( #157, #2299, #3156, #4114 ) ) ;
#1796 = DIRECTION ( 'NONE',  ( -0.6691306063588665642, -0.7431448254773866946, 0.000000000000000000 ) ) ;
#1797 = DIRECTION ( 'NONE',  ( -1.000000000000000000, 3.523657060577896510E-15, 0.000000000000000000 ) ) ;
#1798 = DIRECTION ( 'NONE',  ( -1.000000000000000000, 0.000000000000000000, 0.000000000000000000 ) ) ;
#1799 = LINE ( 'NONE', #3362, #1730 ) ;
#1800 = ORIENTED_EDGE ( 'NONE', *, *, #1220, .F. ) ;
#1801 = VECTOR ( 'NONE', #1714, 1000.000000000000000 ) ;
#1802 = EDGE_LOOP ( 'NONE', ( #3032, #101, #3709, #2052 ) ) ;
#1803 = LINE ( 'NONE', #2170, #3595 ) ;
#1804 = ORIENTED_EDGE ( 'NONE', *, *, #238, .F. ) ;
#1805 = CIRCLE ( 'NONE', #393, 4.999999999999999112 ) ;
#1806 = ORIENTED_EDGE ( 'NONE', *, *, #1702, .F. ) ;
#1807 = ORIENTED_EDGE ( 'NONE', *, *, #3476, .F. ) ;
#1808 = VECTOR ( 'NONE', #2432, 1000.000000000000000 ) ;
#1809 = VECTOR ( 'NONE', #3918, 1000.000000000000000 ) ;
#1810 = CYLINDRICAL_SURFACE ( 'NONE', #1963, 6.250000000000000000 ) ;
#1811 = ORIENTED_EDGE ( 'NONE', *, *, #1842, .F. ) ;
#1812 = AXIS2_PLACEMENT_3D ( 'NONE', #2163, #236, #1796 ) ;
#1813 = AXIS2_PLACEMENT_3D ( 'NONE', #2467, #3097, #1487 ) ;
#1814 = SECURITY_CLASSIFICATION ( '', '', #2451 ) ;
#1815 = PERSON_AND_ORGANIZATION_ROLE ( 'creator' ) ;
#1816 = CARTESIAN_POINT ( 'NONE',  ( 4.094213270341807487, 0.7966522784914739086, -4.560121934157388424 ) ) ;
#1817 = CARTESIAN_POINT ( 'NONE',  ( -8.020423721777209636, -0.06692096710218115030, -4.560121934157388424 ) ) ;
#1818 = DIRECTION ( 'NONE',  ( -1.000000000000000000, 0.000000000000000000, 0.000000000000000000 ) ) ;
#1819 = LINE ( 'NONE', #846, #3930 ) ;
#1820 = ORIENTED_EDGE ( 'NONE', *, *, #3508, .T. ) ;
#1821 = EDGE_CURVE ( 'NONE', #1340, #136, #2784, .T. ) ;
#1822 = EDGE_CURVE ( 'NONE', #2717, #3510, #675, .T. ) ;
#1823 = CARTESIAN_POINT ( 'NONE',  ( 2.227259289285507649, 5.399625986115038856, -4.560121934157388424 ) ) ;
#1824 = DIRECTION ( 'NONE',  ( 0.9135454576426004225, -0.4067366430758012075, 0.000000000000000000 ) ) ;
#1825 = FACE_OUTER_BOUND ( 'NONE', #196, .T. ) ;
#1826 = CARTESIAN_POINT ( 'NONE',  ( -2.008487828504709860, 1.001515483983599353, -2.650139989853414590 ) ) ;
#1827 = VERTEX_POINT ( 'NONE', #3139 ) ;
#1828 = VERTEX_POINT ( 'NONE', #2169 ) ;
#1829 = LINE ( 'NONE', #1534, #1960 ) ;
#1830 = DIRECTION ( 'NONE',  ( 0.3090169943749564441, 0.9510565162951505336, 0.000000000000000000 ) ) ;
#1831 = ORIENTED_EDGE ( 'NONE', *, *, #2083, .F. ) ;
#1832 = VECTOR ( 'NONE', #819, 1000.000000000000000 ) ;
#1833 = ORIENTED_EDGE ( 'NONE', *, *, #3327, .F. ) ;
#1834 = AXIS2_PLACEMENT_3D ( 'NONE', #3307, #1703, #1048 ) ;
#1835 = CARTESIAN_POINT ( 'NONE',  ( 0.000000000000000000, 0.000000000000000000, 0.000000000000000000 ) ) ;
#1836 = CARTESIAN_POINT ( 'NONE',  ( 1.738499526803750861, -3.748493543287665819, 7.349860010146585410 ) ) ;
#1837 = AXIS2_PLACEMENT_3D ( 'NONE', #643, #3890, #1314 ) ;
#1838 = EDGE_CURVE ( 'NONE', #3678, #582, #2826, .T. ) ;
#1839 = EDGE_CURVE ( 'NONE', #1464, #969, #2631, .T. ) ;
#1840 = FACE_OUTER_BOUND ( 'NONE', #4063, .T. ) ;
#1841 = CARTESIAN_POINT ( 'NONE',  ( -2.008487828504709860, 1.001515483983599353, -4.560121934157388424 ) ) ;
#1842 = EDGE_CURVE ( 'NONE', #3523, #77, #566, .T. ) ;
#1843 = EDGE_CURVE ( 'NONE', #4121, #688, #1737, .T. ) ;
#1844 = DIRECTION ( 'NONE',  ( -0.9135454576426059736, -0.4067366430757890505, 0.000000000000000000 ) ) ;
#1845 = DIRECTION ( 'NONE',  ( -1.000000000000000000, 0.000000000000000000, 0.000000000000000000 ) ) ;
#1846 = ORIENTED_EDGE ( 'NONE', *, *, #2493, .T. ) ;
#1847 = DIRECTION ( 'NONE',  ( -0.000000000000000000, -0.000000000000000000, -1.000000000000000000 ) ) ;
#1848 = LINE ( 'NONE', #3717, #2229 ) ;
#1849 = FACE_OUTER_BOUND ( 'NONE', #1213, .T. ) ;
#1850 = ORIENTED_EDGE ( 'NONE', *, *, #27, .T. ) ;
#1851 = EDGE_LOOP ( 'NONE', ( #314, #2842, #3425, #2854 ) ) ;
#1852 = DIRECTION ( 'NONE',  ( -0.000000000000000000, -0.000000000000000000, -1.000000000000000000 ) ) ;
#1853 = LINE ( 'NONE', #171, #1039 ) ;
#1854 = VERTEX_POINT ( 'NONE', #1419 ) ;
#1855 = ORIENTED_EDGE ( 'NONE', *, *, #998, .F. ) ;
#1856 = CARTESIAN_POINT ( 'NONE',  ( -1.580599522466810125, -1.580599522466807683, -8.550139989853414946 ) ) ;
#1857 = ADVANCED_FACE ( 'NONE', ( #3045 ), #2692, .T. ) ;
#1858 = CARTESIAN_POINT ( 'NONE',  ( -3.548818977217847337, -5.055701694911679311, -2.650139989853414590 ) ) ;
#1859 = DIRECTION ( 'NONE',  ( 0.000000000000000000, 0.000000000000000000, 1.000000000000000000 ) ) ;
#1860 = VECTOR ( 'NONE', #1390, 1000.000000000000000 ) ;
#1861 = CARTESIAN_POINT ( 'NONE',  ( -3.258487828504710304, 1.001515483983599353, 7.349860010146585410 ) ) ;
#1862 = ORIENTED_EDGE ( 'NONE', *, *, #1989, .F. ) ;
#1863 = AXIS2_PLACEMENT_3D ( 'NONE', #2296, #3911, #4048 ) ;
#1864 = FACE_OUTER_BOUND ( 'NONE', #1536, .T. ) ;
#1865 = FACE_OUTER_BOUND ( 'NONE', #3379, .T. ) ;
#1866 = DIRECTION ( 'NONE',  ( 0.000000000000000000, 0.000000000000000000, 1.000000000000000000 ) ) ;
#1867 = ORIENTED_EDGE ( 'NONE', *, *, #2711, .F. ) ;
#1868 = VERTEX_POINT ( 'NONE', #3944 ) ;
#1869 = CARTESIAN_POINT ( 'NONE',  ( -1.867066472267399968, 3.297163540633398782, -5.450139989853414413 ) ) ;
#1870 = DIRECTION ( 'NONE',  ( 0.3090169943749448977, -0.9510565162951543083, 0.000000000000000000 ) ) ;
#1871 = EDGE_CURVE ( 'NONE', #3421, #198, #2788, .T. ) ;
#1872 = EDGE_LOOP ( 'NONE', ( #1046, #3519, #3894, #3700 ) ) ;
#1873 = DIRECTION ( 'NONE',  ( -0.8560238078641554393, 0.5169363987665711591, 0.000000000000000000 ) ) ;
#1874 = EDGE_CURVE ( 'NONE', #1777, #3605, #1287, .T. ) ;
#1875 = FACE_OUTER_BOUND ( 'NONE', #1851, .T. ) ;
#1876 = VECTOR ( 'NONE', #356, 1000.000000000000000 ) ;
#1877 = AXIS2_PLACEMENT_3D ( 'NONE', #402, #2965, #1973 ) ;
#1878 = EDGE_CURVE ( 'NONE', #966, #452, #1088, .T. ) ;
#1879 = CIRCLE ( 'NONE', #2881, 0.1999999999999999278 ) ;
#1880 = CARTESIAN_POINT ( 'NONE',  ( -2.008487828504709860, 3.155742184396089112, -5.450139989853414413 ) ) ;
#1881 = DIRECTION ( 'NONE',  ( -0.5000000000000034417, 0.8660254037844365982, 0.000000000000000000 ) ) ;
#1882 = DIRECTION ( 'NONE',  ( -0.8090169943749513370, -0.5877852522924678080, 0.000000000000000000 ) ) ;
#1883 = ORIENTED_EDGE ( 'NONE', *, *, #1311, .T. ) ;
#1884 = EDGE_CURVE ( 'NONE', #3790, #474, #3124, .T. ) ;
#1885 = CARTESIAN_POINT ( 'NONE',  ( -2.008487828504709860, 1.001515483983599353, -2.650139989853415479 ) ) ;
#1886 = CARTESIAN_POINT ( 'NONE',  ( 3.649932412188647834, 3.296555791808000624, 7.349860010146585410 ) ) ;
#1887 = CYLINDRICAL_SURFACE ( 'NONE', #461, 6.249999999999999112 ) ;
#1888 = ORIENTED_EDGE ( 'NONE', *, *, #3606, .T. ) ;
#1889 = CARTESIAN_POINT ( 'NONE',  ( 1.094950428962356440E-14, 2.524783792058385323, -5.450139989853414413 ) ) ;
#1890 = ORIENTED_EDGE ( 'NONE', *, *, #173, .T. ) ;
#1891 = DIRECTION ( 'NONE',  ( -0.000000000000000000, -0.000000000000000000, -1.000000000000000000 ) ) ;
#1892 = ORIENTED_EDGE ( 'NONE', *, *, #908, .F. ) ;
#1893 = ORIENTED_EDGE ( 'NONE', *, *, #954, .F. ) ;
#1894 = EDGE_CURVE ( 'NONE', #3810, #3919, #10, .T. ) ;
#1895 = CARTESIAN_POINT ( 'NONE',  ( 2.227259289285507649, 5.399625986115038856, -2.650139989853414590 ) ) ;
#1896 = AXIS2_PLACEMENT_3D ( 'NONE', #551, #905, #945 ) ;
#1897 = CIRCLE ( 'NONE', #1623, 6.250000000000000000 ) ;
#1898 = EDGE_CURVE ( 'NONE', #3871, #2436, #197, .T. ) ;
#1899 = CARTESIAN_POINT ( 'NONE',  ( -7.005294502897903897, 1.180185735395585800, -4.560121934157388424 ) ) ;
#1900 = VERTEX_POINT ( 'NONE', #743 ) ;
#1901 = DIRECTION ( 'NONE',  ( -1.000000000000000000, 0.000000000000000000, 0.000000000000000000 ) ) ;
#1902 = ORIENTED_EDGE ( 'NONE', *, *, #2106, .T. ) ;
#1903 = DIRECTION ( 'NONE',  ( 3.523657060577896116E-15, 1.000000000000000000, 0.000000000000000000 ) ) ;
#1904 = DIRECTION ( 'NONE',  ( -1.000000000000000000, 0.000000000000000000, 0.000000000000000000 ) ) ;
#1905 = ORIENTED_EDGE ( 'NONE', *, *, #943, .T. ) ;
#1906 = ORIENTED_EDGE ( 'NONE', *, *, #2183, .T. ) ;
#1907 = EDGE_CURVE ( 'NONE', #3122, #3586, #890, .T. ) ;
#1908 = DIRECTION ( 'NONE',  ( -0.000000000000000000, -0.000000000000000000, -1.000000000000000000 ) ) ;
#1909 = DIRECTION ( 'NONE',  ( 0.000000000000000000, 0.000000000000000000, 1.000000000000000000 ) ) ;
#1910 = ORIENTED_EDGE ( 'NONE', *, *, #1511, .F. ) ;
#1911 = ADVANCED_FACE ( 'NONE', ( #2010 ), #2719, .T. ) ;
#1912 = DIRECTION ( 'NONE',  ( 0.000000000000000000, 0.000000000000000000, 1.000000000000000000 ) ) ;
#1913 = FACE_OUTER_BOUND ( 'NONE', #1752, .T. ) ;
#1914 = ORIENTED_EDGE ( 'NONE', *, *, #3368, .T. ) ;
#1915 = EDGE_CURVE ( 'NONE', #2739, #2861, #4040, .T. ) ;
#1916 = EDGE_CURVE ( 'NONE', #1551, #2904, #174, .T. ) ;
#1917 = CARTESIAN_POINT ( 'NONE',  ( -2.008487828504709860, 1.001515483983599353, -2.650139989853415479 ) ) ;
#1918 = ORIENTED_EDGE ( 'NONE', *, *, #1498, .T. ) ;
#1919 = AXIS2_PLACEMENT_3D ( 'NONE', #3121, #243, #1173 ) ;
#1920 = DIRECTION ( 'NONE',  ( 0.000000000000000000, -1.000000000000000000, 0.000000000000000000 ) ) ;
#1921 = AXIS2_PLACEMENT_3D ( 'NONE', #3262, #383, #2950 ) ;
#1922 = FACE_BOUND ( 'NONE', #3862, .T. ) ;
#1923 = ORIENTED_EDGE ( 'NONE', *, *, #600, .T. ) ;
#1924 = CIRCLE ( 'NONE', #2869, 6.249999999999999112 ) ;
#1925 = ORIENTED_EDGE ( 'NONE', *, *, #3417, .F. ) ;
#1926 = CARTESIAN_POINT ( 'NONE',  ( -2.008487828504709860, 1.001515483983599353, -5.450139989853414413 ) ) ;
#1927 = DIRECTION ( 'NONE',  ( -0.9781476007338073542, -0.2079116908177513767, 0.000000000000000000 ) ) ;
#1928 = VECTOR ( 'NONE', #1305, 1000.000000000000000 ) ;
#1929 = EDGE_CURVE ( 'NONE', #1438, #543, #1567, .T. ) ;
#1930 = ORIENTED_EDGE ( 'NONE', *, *, #1483, .F. ) ;
#1931 = AXIS2_PLACEMENT_3D ( 'NONE', #3921, #2640, #3900 ) ;
#1932 = CARTESIAN_POINT ( 'NONE',  ( 3.814873874134053100, 2.641929602503731100, -4.560121934157388424 ) ) ;
#1933 = AXIS2_PLACEMENT_3D ( 'NONE', #475, #1239, #1235 ) ;
#1934 = AXIS2_PLACEMENT_3D ( 'NONE', #32, #2118, #3401 ) ;
#1935 = DIRECTION ( 'NONE',  ( -0.6035834202427268202, 0.7972998525072556575, 0.000000000000000000 ) ) ;
#1936 = ORIENTED_EDGE ( 'NONE', *, *, #613, .T. ) ;
#1937 = AXIS2_PLACEMENT_3D ( 'NONE', #3381, #4029, #1477 ) ;
#1938 = EDGE_CURVE ( 'NONE', #3220, #948, #3240, .T. ) ;
#1939 = LINE ( 'NONE', #3596, #639 ) ;
#1940 = ORIENTED_EDGE ( 'NONE', *, *, #307, .F. ) ;
#1941 = EDGE_CURVE ( 'NONE', #3656, #244, #2449, .T. ) ;
#1942 = CARTESIAN_POINT ( 'NONE',  ( -4.304135885154518171, 1.142936840220904582, -5.450139989853414413 ) ) ;
#1943 = DIRECTION ( 'NONE',  ( 0.000000000000000000, 0.000000000000000000, 1.000000000000000000 ) ) ;
#1944 = ORIENTED_EDGE ( 'NONE', *, *, #3251, .F. ) ;
#1945 = VERTEX_POINT ( 'NONE', #2763 ) ;
#1946 = VECTOR ( 'NONE', #918, 1000.000000000000000 ) ;
#1947 = CARTESIAN_POINT ( 'NONE',  ( -5.939748884110620963, -3.670755499970915547, -2.650139989853414590 ) ) ;
#1948 = DIRECTION ( 'NONE',  ( 0.000000000000000000, 0.000000000000000000, 1.000000000000000000 ) ) ;
#1949 = EDGE_CURVE ( 'NONE', #1106, #2717, #1764, .T. ) ;
#1950 = DIRECTION ( 'NONE',  ( 0.000000000000000000, 0.000000000000000000, 1.000000000000000000 ) ) ;
#1951 = CARTESIAN_POINT ( 'NONE',  ( -3.548818977217846893, -5.055701694911678423, -4.560121934157388424 ) ) ;
#1952 = CARTESIAN_POINT ( 'NONE',  ( 1.202250578586480545, 4.834420241635363880, -4.560121934157388424 ) ) ;
#1953 = EDGE_CURVE ( 'NONE', #1037, #3840, #1229, .T. ) ;
#1954 = VECTOR ( 'NONE', #4015, 1000.000000000000000 ) ;
#1955 = ADVANCED_FACE ( 'NONE', ( #126 ), #2978, .T. ) ;
#1956 = DIRECTION ( 'NONE',  ( 0.000000000000000000, 0.000000000000000000, -1.000000000000000000 ) ) ;
#1957 = ORIENTED_EDGE ( 'NONE', *, *, #149, .T. ) ;
#1958 = VECTOR ( 'NONE', #2269, 1000.000000000000114 ) ;
#1959 = ADVANCED_FACE ( 'NONE', ( #523 ), #1810, .T. ) ;
#1960 = VECTOR ( 'NONE', #131, 1000.000000000000000 ) ;
#1961 = DIRECTION ( 'NONE',  ( -0.4999999999999933942, 0.8660254037844423713, 0.000000000000000000 ) ) ;
#1962 = ORIENTED_EDGE ( 'NONE', *, *, #3498, .F. ) ;
#1963 = AXIS2_PLACEMENT_3D ( 'NONE', #1490, #3100, #222 ) ;
#1964 = CYLINDRICAL_SURFACE ( 'NONE', #2754, 2.300000000000014033 ) ;
#1965 = VERTEX_POINT ( 'NONE', #2789 ) ;
#1966 = VERTEX_POINT ( 'NONE', #67 ) ;
#1967 = CARTESIAN_POINT ( 'NONE',  ( -7.500257324214873123, -1.667828525471592993, -4.560121934157388424 ) ) ;
#1968 = CARTESIAN_POINT ( 'NONE',  ( -4.089162666171256788, 6.742222919024014161, -2.650139989853414590 ) ) ;
#1969 = DIRECTION ( 'NONE',  ( 0.000000000000000000, 0.000000000000000000, 1.000000000000000000 ) ) ;
#1970 = CYLINDRICAL_SURFACE ( 'NONE', #207, 0.1999999999999996503 ) ;
#1971 = DIRECTION ( 'NONE',  ( -0.4246257139295996907, 0.9053689872476181622, 0.000000000000000000 ) ) ;
#1972 = EDGE_CURVE ( 'NONE', #620, #3664, #88, .T. ) ;
#1973 = DIRECTION ( 'NONE',  ( -1.000000000000000000, 0.000000000000000000, 0.000000000000000000 ) ) ;
#1974 = ORIENTED_EDGE ( 'NONE', *, *, #376, .F. ) ;
#1975 = PLANE ( 'NONE',  #1921 ) ;
#1976 = ORIENTED_EDGE ( 'NONE', *, *, #4035, .T. ) ;
#1977 = CARTESIAN_POINT ( 'NONE',  ( -1.769096634838260629, 7.046777418457155662, -4.560121934157388424 ) ) ;
#1978 = VERTEX_POINT ( 'NONE', #3553 ) ;
#1979 = DIRECTION ( 'NONE',  ( 0.1886331197694759432, 0.9820476292553403930, 0.000000000000000000 ) ) ;
#1980 = LINE ( 'NONE', #3938, #2484 ) ;
#1981 = AXIS2_PLACEMENT_3D ( 'NONE', #451, #1331, #79 ) ;
#1982 = ORIENTED_EDGE ( 'NONE', *, *, #723, .F. ) ;
#1983 = CARTESIAN_POINT ( 'NONE',  ( -6.661176928339151537, 4.868682940957991256, -4.560121934157388424 ) ) ;
#1984 = DIRECTION ( 'NONE',  ( 0.2902516973440631975, -0.9569503394580569644, 0.000000000000000000 ) ) ;
#1985 = VERTEX_POINT ( 'NONE', #2645 ) ;
#1986 = AXIS2_PLACEMENT_3D ( 'NONE', #1641, #705, #2298 ) ;
#1987 = CARTESIAN_POINT ( 'NONE',  ( 2.323833322179781113, 5.224487594634085852, -4.560121934157388424 ) ) ;
#1988 = ORIENTED_EDGE ( 'NONE', *, *, #2630, .T. ) ;
#1989 = EDGE_CURVE ( 'NONE', #1965, #1985, #360, .T. ) ;
#1990 = CARTESIAN_POINT ( 'NONE',  ( -2.008487828504709860, 1.001515483983599353, -4.560121934157388424 ) ) ;
#1991 = EDGE_CURVE ( 'NONE', #3543, #3480, #2300, .T. ) ;
#1992 = APPLICATION_CONTEXT ( 'configuration controlled 3d designs of mechanical parts and assemblies' ) ;
#1993 = CARTESIAN_POINT ( 'NONE',  ( 2.798009175456543929, 4.996523187469475324, -4.560121934157388424 ) ) ;
#1994 = DIRECTION ( 'NONE',  ( -0.000000000000000000, -0.000000000000000000, -1.000000000000000000 ) ) ;
#1995 = CIRCLE ( 'NONE', #2143, 4.999999999999999112 ) ;
#1996 = LINE ( 'NONE', #1281, #2596 ) ;
#1997 = ORIENTED_EDGE ( 'NONE', *, *, #812, .F. ) ;
#1998 = CIRCLE ( 'NONE', #2544, 4.999999999999999112 ) ;
#1999 = VECTOR ( 'NONE', #439, 1000.000000000000000 ) ;
#2000 = VECTOR ( 'NONE', #423, 1000.000000000000000 ) ;
#2001 = DIRECTION ( 'NONE',  ( 0.000000000000000000, 0.000000000000000000, 1.000000000000000000 ) ) ;
#2002 = ORIENTED_EDGE ( 'NONE', *, *, #646, .F. ) ;
#2003 = AXIS2_PLACEMENT_3D ( 'NONE', #2046, #3035, #3015 ) ;
#2004 = CARTESIAN_POINT ( 'NONE',  ( 0.000000000000000000, -0.5217528240912031601, -5.450139989853414413 ) ) ;
#2005 = DIRECTION ( 'NONE',  ( -0.7071067811865457964, 0.7071067811865492381, 0.000000000000000000 ) ) ;
#2006 = ORIENTED_EDGE ( 'NONE', *, *, #3775, .F. ) ;
#2008 = EDGE_CURVE ( 'NONE', #3714, #1588, #1001, .T. ) ;
#2007 = CARTESIAN_POINT ( 'NONE',  ( 2.798009175456544817, 4.996523187469477101, -2.650139989853414590 ) ) ;
#2009 = LINE ( 'NONE', #3941, #3548 ) ;
#2010 = FACE_OUTER_BOUND ( 'NONE', #2994, .T. ) ;
#2011 = ORIENTED_EDGE ( 'NONE', *, *, #2576, .F. ) ;
#2012 = ADVANCED_FACE ( 'NONE', ( #2922 ), #4166, .T. ) ;
#2013 = DIRECTION ( 'NONE',  ( -0.8090169943749553338, -0.5877852522924623679, 0.000000000000000000 ) ) ;
#2014 = DIRECTION ( 'NONE',  ( -0.7298405131205425445, 0.6836174554587843843, 0.000000000000000000 ) ) ;
#2015 = DIRECTION ( 'NONE',  ( -0.000000000000000000, -0.000000000000000000, -1.000000000000000000 ) ) ;
#2016 = EDGE_LOOP ( 'NONE', ( #271, #1756, #3311, #2123 ) ) ;
#2017 = DIRECTION ( 'NONE',  ( 1.000000000000000000, 0.000000000000000000, 0.000000000000000000 ) ) ;
#2018 = VERTEX_POINT ( 'NONE', #2291 ) ;
#2019 = AXIS2_PLACEMENT_3D ( 'NONE', #3439, #4088, #3168 ) ;
#2020 = CARTESIAN_POINT ( 'NONE',  ( 0.1457388719077837846, 1.001515483983588917, -5.450139989853414413 ) ) ;
#2021 = CARTESIAN_POINT ( 'NONE',  ( -0.3174859639028847491, -4.865804375095172496, -2.650139989853414590 ) ) ;
#2022 = EDGE_LOOP ( 'NONE', ( #1445, #1303, #124, #3837 ) ) ;
#2023 = CIRCLE ( 'NONE', #1492, 0.1999999999999995948 ) ;
#2024 = DIRECTION ( 'NONE',  ( -1.000000000000000000, 0.000000000000000000, 0.000000000000000000 ) ) ;
#2025 = VERTEX_POINT ( 'NONE', #3927 ) ;
#2026 = VECTOR ( 'NONE', #3471, 1000.000000000000000 ) ;
#2027 = LINE ( 'NONE', #1708, #328 ) ;
#2028 = EDGE_LOOP ( 'NONE', ( #939, #1434, #2553, #301 ) ) ;
#2029 = DIRECTION ( 'NONE',  ( 1.000000000000000000, 0.000000000000000000, 0.000000000000000000 ) ) ;
#2030 = LINE ( 'NONE', #1653, #583 ) ;
#2031 = EDGE_LOOP ( 'NONE', ( #3229, #3470, #245, #616 ) ) ;
#2032 = DIRECTION ( 'NONE',  ( 0.7561616347766660917, -0.6543848883431522268, 0.000000000000000000 ) ) ;
#2033 = ORIENTED_EDGE ( 'NONE', *, *, #1989, .T. ) ;
#2034 = CARTESIAN_POINT ( 'NONE',  ( -2.008487828504709860, 1.001515483983599353, -4.560121934157388424 ) ) ;
#2035 = CARTESIAN_POINT ( 'NONE',  ( 0.3351825320685752341, -3.415181159546526679, -2.650139989853414590 ) ) ;
#2036 = DIRECTION ( 'NONE',  ( 0.000000000000000000, 0.000000000000000000, 1.000000000000000000 ) ) ;
#2037 = DIRECTION ( 'NONE',  ( 0.000000000000000000, 0.000000000000000000, 1.000000000000000000 ) ) ;
#2038 = EDGE_LOOP ( 'NONE', ( #2423, #1811, #1488, #3141 ) ) ;
#2039 = CARTESIAN_POINT ( 'NONE',  ( 0.7575496542590520743, 6.606115081095413899, 7.349860010146585410 ) ) ;
#2040 = ORIENTED_EDGE ( 'NONE', *, *, #4144, .T. ) ;
#2041 = EDGE_CURVE ( 'NONE', #3743, #1192, #379, .T. ) ;
#2042 = CARTESIAN_POINT ( 'NONE',  ( -3.382660501624896288, 5.808973176407914885, 7.349860010146585410 ) ) ;
#2043 = DIRECTION ( 'NONE',  ( -1.000000000000000000, 0.000000000000000000, 0.000000000000000000 ) ) ;
#2044 = ORIENTED_EDGE ( 'NONE', *, *, #1511, .T. ) ;
#2045 = ADVANCED_FACE ( 'NONE', ( #3532 ), #1636, .T. ) ;
#2046 = CARTESIAN_POINT ( 'NONE',  ( -5.755475183813234530, -3.748493543287616525, -4.560121934157388424 ) ) ;
#2047 = DIRECTION ( 'NONE',  ( 0.000000000000000000, 0.000000000000000000, 1.000000000000000000 ) ) ;
#2048 = DIRECTION ( 'NONE',  ( 1.000000000000000000, 0.000000000000000000, 0.000000000000000000 ) ) ;
#2049 = ORIENTED_EDGE ( 'NONE', *, *, #1361, .F. ) ;
#2050 = LINE ( 'NONE', #1363, #1055 ) ;
#2051 = CARTESIAN_POINT ( 'NONE',  ( -0.9519581709520655854, -5.158536876403582383, 7.349860010146585410 ) ) ;
#2052 = ORIENTED_EDGE ( 'NONE', *, *, #123, .T. ) ;
#2053 = DIRECTION ( 'NONE',  ( -0.8090169943749502268, -0.5877852522924691403, 0.000000000000000000 ) ) ;
#2054 = ORIENTED_EDGE ( 'NONE', *, *, #1522, .F. ) ;
#2055 = DIRECTION ( 'NONE',  ( 0.000000000000000000, 0.000000000000000000, 1.000000000000000000 ) ) ;
#2056 = CARTESIAN_POINT ( 'NONE',  ( -6.825261158136543216, 4.754331003799949329, -2.650139989853414590 ) ) ;
#2057 = AXIS2_PLACEMENT_3D ( 'NONE', #3998, #1770, #3106 ) ;
#2058 = APPROVAL_DATE_TIME ( #773, #1400 ) ;
#2059 = CARTESIAN_POINT ( 'NONE',  ( -0.9519581709520655854, -5.158536876403582383, -4.560121934157388424 ) ) ;
#2060 = AXIS2_PLACEMENT_3D ( 'NONE', #1071, #2367, #3187 ) ;
#2061 = PLANE ( 'NONE',  #50 ) ;
#2062 = CARTESIAN_POINT ( 'NONE',  ( -0.3174859639028847491, -4.865804375095172496, 7.349860010146585410 ) ) ;
#2063 = CARTESIAN_POINT ( 'NONE',  ( 1.922773227101137294, -3.670755499970968838, -4.560121934157388424 ) ) ;
#2064 = CARTESIAN_POINT ( 'NONE',  ( -4.661624142324544806, 5.239541876101811546, -4.560121934157388424 ) ) ;
#2065 = ORIENTED_EDGE ( 'NONE', *, *, #181, .T. ) ;
#2066 = EDGE_CURVE ( 'NONE', #63, #2831, #1617, .T. ) ;
#2067 = CIRCLE ( 'NONE', #269, 0.1999999999999995115 ) ;
#2068 = CARTESIAN_POINT ( 'NONE',  ( 3.049116642978394687, -2.419824406302238717, -4.560121934157388424 ) ) ;
#2069 = ORIENTED_EDGE ( 'NONE', *, *, #684, .F. ) ;
#2070 = AXIS2_PLACEMENT_3D ( 'NONE', #3549, #1948, #589 ) ;
#2071 = AXIS2_PLACEMENT_3D ( 'NONE', #1709, #3964, #3291 ) ;
#2072 = CARTESIAN_POINT ( 'NONE',  ( -7.683897636850172574, 3.097278711864109191, -2.650139989853414590 ) ) ;
#2073 = VECTOR ( 'NONE', #2822, 1000.000000000000000 ) ;
#2074 = DIRECTION ( 'NONE',  ( -0.000000000000000000, -0.000000000000000000, -1.000000000000000000 ) ) ;
#2075 = VERTEX_POINT ( 'NONE', #2273 ) ;
#2076 = PLANE ( 'NONE',  #3758 ) ;
#2077 = VECTOR ( 'NONE', #1120, 1000.000000000000000 ) ;
#2078 = CARTESIAN_POINT ( 'NONE',  ( 2.808285501127175010, 4.754331003799882716, -2.650139989853414590 ) ) ;
#2079 = ORIENTED_EDGE ( 'NONE', *, *, #71, .T. ) ;
#2080 = DIRECTION ( 'NONE',  ( 0.6691306063588569053, -0.7431448254773954654, 0.000000000000000000 ) ) ;
#2081 = EDGE_LOOP ( 'NONE', ( #3804, #3648, #2550, #2608 ) ) ;
#2082 = CARTESIAN_POINT ( 'NONE',  ( -5.368132095853513697, -4.029914769619280079, -2.650139989853414590 ) ) ;
#2083 = EDGE_CURVE ( 'NONE', #3223, #582, #2943, .T. ) ;
#2084 = CC_DESIGN_DATE_AND_TIME_ASSIGNMENT ( #3705, #2431, ( #3258 ) ) ;
#2085 = MECHANICAL_CONTEXT ( 'NONE', #3634, 'mechanical' ) ;
#2086 = LINE ( 'NONE', #3954, #1954 ) ;
#2087 = CARTESIAN_POINT ( 'NONE',  ( -0.4852195204299181719, -0.7217528240912077786, -5.450139989853414413 ) ) ;
#2088 = CARTESIAN_POINT ( 'NONE',  ( -3.499528380459027144, -4.861870745187029996, 7.349860010146585410 ) ) ;
#2089 = VERTEX_POINT ( 'NONE', #1351 ) ;
#2090 = CARTESIAN_POINT ( 'NONE',  ( -2.008487828504709860, 1.001515483983599353, -5.450139989853414413 ) ) ;
#2091 = ADVANCED_FACE ( 'NONE', ( #2625 ), #3907, .T. ) ;
#2092 = CARTESIAN_POINT ( 'NONE',  ( -3.722511515371821567, -3.695517920289619340, 7.349860010146585410 ) ) ;
#2093 = ORIENTED_EDGE ( 'NONE', *, *, #2571, .T. ) ;
#2094 = ORIENTED_EDGE ( 'NONE', *, *, #2714, .T. ) ;
#2095 = CARTESIAN_POINT ( 'NONE',  ( 0.000000000000000000, -0.5217528240912031601, -5.450139989853414413 ) ) ;
#2096 = DIRECTION ( 'NONE',  ( 0.000000000000000000, 0.000000000000000000, 1.000000000000000000 ) ) ;
#2097 = CARTESIAN_POINT ( 'NONE',  ( -7.293255195190622153, -2.335209539150859381, -2.650139989853414590 ) ) ;
#2098 = ORIENTED_EDGE ( 'NONE', *, *, #2605, .T. ) ;
#2099 = AXIS2_PLACEMENT_3D ( 'NONE', #1401, #2698, #3975 ) ;
#2100 = VERTEX_POINT ( 'NONE', #1022 ) ;
#2101 = DIRECTION ( 'NONE',  ( -0.000000000000000000, -0.000000000000000000, -1.000000000000000000 ) ) ;
#2102 = EDGE_LOOP ( 'NONE', ( #3116, #107, #3469, #1072 ) ) ;
#2103 = CIRCLE ( 'NONE', #419, 0.1999999999999998723 ) ;
#2104 = CARTESIAN_POINT ( 'NONE',  ( -8.111188927351228983, 0.7966522784915558431, -4.560121934157388424 ) ) ;
#2105 = ORIENTED_EDGE ( 'NONE', *, *, #2770, .T. ) ;
#2106 = EDGE_CURVE ( 'NONE', #1642, #557, #2178, .T. ) ;
#2107 = VECTOR ( 'NONE', #1335, 1000.000000000000000 ) ;
#2108 = ADVANCED_FACE ( 'NONE', ( #3239 ), #1279, .T. ) ;
#2109 = PERSON_AND_ORGANIZATION_ROLE ( 'creator' ) ;
#2110 = LINE ( 'NONE', #1371, #3783 ) ;
#2111 = CARTESIAN_POINT ( 'NONE',  ( -5.237255118184884317, -4.181147096574615141, -4.560121934157388424 ) ) ;
#2112 = DIRECTION ( 'NONE',  ( -0.7071067811865486830, 0.7071067811865464625, 0.000000000000000000 ) ) ;
#2113 = CARTESIAN_POINT ( 'NONE',  ( -2.008487828504709860, 1.001515483983599353, -2.650139989853414590 ) ) ;
#2114 = ORIENTED_EDGE ( 'NONE', *, *, #591, .T. ) ;
#2115 = DIRECTION ( 'NONE',  ( 0.6691306063588670083, 0.7431448254773862505, 0.000000000000000000 ) ) ;
#2116 = LINE ( 'NONE', #3785, #617 ) ;
#2117 = CARTESIAN_POINT ( 'NONE',  ( -1.761182876369948858, 7.246620788191818541, -2.650139989853414590 ) ) ;
#2118 = DIRECTION ( 'NONE',  ( 0.000000000000000000, 0.000000000000000000, 1.000000000000000000 ) ) ;
#2119 = ORIENTED_EDGE ( 'NONE', *, *, #1821, .T. ) ;
#2120 = ORIENTED_EDGE ( 'NONE', *, *, #3917, .T. ) ;
#2121 = CYLINDRICAL_SURFACE ( 'NONE', #3143, 4.999999999999999112 ) ;
#2122 = VERTEX_POINT ( 'NONE', #320 ) ;
#2123 = ORIENTED_EDGE ( 'NONE', *, *, #3377, .T. ) ;
#2124 = DIRECTION ( 'NONE',  ( 0.000000000000000000, 0.000000000000000000, 1.000000000000000000 ) ) ;
#2125 = ORIENTED_EDGE ( 'NONE', *, *, #2305, .F. ) ;
#2126 = APPROVAL_STATUS ( 'not_yet_approved' ) ;
#2127 = EDGE_CURVE ( 'NONE', #305, #3790, #2905, .T. ) ;
#2128 = CARTESIAN_POINT ( 'NONE',  ( 4.007381699014672449, 2.696158168405223599, 7.349860010146585410 ) ) ;
#2129 = EDGE_CURVE ( 'NONE', #1010, #853, #1679, .T. ) ;
#2130 = EDGE_LOOP ( 'NONE', ( #345, #4008, #1800, #3304 ) ) ;
#2131 = AXIS2_PLACEMENT_3D ( 'NONE', #2993, #2935, #679 ) ;
#2132 = DIRECTION ( 'NONE',  ( -0.1045284632676411057, 0.9945218953682746221, 0.000000000000000000 ) ) ;
#2133 = CIRCLE ( 'NONE', #3748, 0.1999999999999995948 ) ;
#2134 = DIRECTION ( 'NONE',  ( -0.08494783826066340526, 0.9963853997198274248, 0.000000000000000000 ) ) ;
#2135 = VERTEX_POINT ( 'NONE', #964 ) ;
#2136 = ORIENTED_EDGE ( 'NONE', *, *, #2749, .T. ) ;
#2137 = DIRECTION ( 'NONE',  ( -0.8090169943749411230, 0.5877852522924819079, 0.000000000000000000 ) ) ;
#2138 = CARTESIAN_POINT ( 'NONE',  ( 0.6690364548106123577, 6.426767893987836544, -4.560121934157388424 ) ) ;
#2139 = LINE ( 'NONE', #2686, #1380 ) ;
#2140 = DIRECTION ( 'NONE',  ( -0.8560238078641621007, -0.5169363987665600568, 0.000000000000000000 ) ) ;
#2141 = ORIENTED_EDGE ( 'NONE', *, *, #1838, .T. ) ;
#2142 = EDGE_LOOP ( 'NONE', ( #902, #3021, #1566, #355 ) ) ;
#2143 = AXIS2_PLACEMENT_3D ( 'NONE', #1750, #2755, #2048 ) ;
#2144 = CARTESIAN_POINT ( 'NONE',  ( -6.340808979189143102, 5.224487594634144472, -2.650139989853414590 ) ) ;
#2145 = CARTESIAN_POINT ( 'NONE',  ( 2.841978997313767241, -0.2121449181200643908, -2.650139989853414590 ) ) ;
#2146 = AXIS2_PLACEMENT_3D ( 'NONE', #465, #3302, #3640 ) ;
#2147 = ORIENTED_EDGE ( 'NONE', *, *, #3794, .T. ) ;
#2148 = VECTOR ( 'NONE', #764, 1000.000000000000000 ) ;
#2149 = AXIS2_PLACEMENT_3D ( 'NONE', #516, #2712, #1101 ) ;
#2150 = EDGE_CURVE ( 'NONE', #3454, #1416, #18, .T. ) ;
#2151 = ORIENTED_EDGE ( 'NONE', *, *, #2541, .F. ) ;
#2152 = AXIS2_PLACEMENT_3D ( 'NONE', #3735, #2820, #828 ) ;
#2153 = CARTESIAN_POINT ( 'NONE',  ( 0.07218700916191345129, 6.742222919023984851, -2.650139989853414590 ) ) ;
#2154 = VECTOR ( 'NONE', #1943, 1000.000000000000000 ) ;
#2155 = CALENDAR_DATE ( 2026, 17, 6 ) ;
#2156 = ORIENTED_EDGE ( 'NONE', *, *, #835, .F. ) ;
#2157 = CARTESIAN_POINT ( 'NONE',  ( 1.220279461175395541, -4.181147096574657773, 7.349860010146585410 ) ) ;
#2158 = CARTESIAN_POINT ( 'NONE',  ( 2.227259289285507649, 5.399625986115038856, 7.349860010146585410 ) ) ;
#2159 = DIRECTION ( 'NONE',  ( 0.000000000000000000, 0.000000000000000000, -1.000000000000000000 ) ) ;
#2160 = ADVANCED_FACE ( 'NONE', ( #4054 ), #491, .T. ) ;
#2161 = DIRECTION ( 'NONE',  ( 0.000000000000000000, 0.000000000000000000, -1.000000000000000000 ) ) ;
#2162 = ORIENTED_EDGE ( 'NONE', *, *, #375, .F. ) ;
#2163 = CARTESIAN_POINT ( 'NONE',  ( -6.661176928339151537, 4.868682940957991256, 7.349860010146585410 ) ) ;
#2164 = DIRECTION ( 'NONE',  ( -0.7071067811865453523, 0.7071067811865496822, 0.000000000000000000 ) ) ;
#2165 = LINE ( 'NONE', #3763, #862 ) ;
#2166 = DIRECTION ( 'NONE',  ( 0.000000000000000000, 0.000000000000000000, 1.000000000000000000 ) ) ;
#2167 = VERTEX_POINT ( 'NONE', #3087 ) ;
#2168 = VERTEX_POINT ( 'NONE', #3112 ) ;
#2169 = CARTESIAN_POINT ( 'NONE',  ( 3.918261153887365733, 2.470724840930899280, -2.650139989853414590 ) ) ;
#2170 = CARTESIAN_POINT ( 'NONE',  ( -3.731756136579512440, -0.5217528240912031601, -5.450139989853414413 ) ) ;
#2171 = ORIENTED_EDGE ( 'NONE', *, *, #2129, .T. ) ;
#2172 = AXIS2_PLACEMENT_3D ( 'NONE', #2568, #3857, #401 ) ;
#2173 = VERTEX_POINT ( 'NONE', #3762 ) ;
#2174 = PLANE ( 'NONE',  #621 ) ;
#2175 = CIRCLE ( 'NONE', #9, 6.250000000000000888 ) ;
#2176 = AXIS2_PLACEMENT_3D ( 'NONE', #588, #1784, #1513 ) ;
#2177 = CARTESIAN_POINT ( 'NONE',  ( -0.2852195204299176612, -0.5217528240912078230, -5.450139989853414413 ) ) ;
#2178 = CIRCLE ( 'NONE', #300, 0.1999999999999993450 ) ;
#2179 = DIRECTION ( 'NONE',  ( -0.000000000000000000, -0.000000000000000000, -1.000000000000000000 ) ) ;
#2180 = FACE_OUTER_BOUND ( 'NONE', #409, .T. ) ;
#2181 = CARTESIAN_POINT ( 'NONE',  ( 2.483650473328630426, 3.197123253418264976, -2.650139989853414590 ) ) ;
#2182 = VERTEX_POINT ( 'NONE', #3134 ) ;
#2183 = EDGE_CURVE ( 'NONE', #751, #163, #2802, .T. ) ;
#2184 = CARTESIAN_POINT ( 'NONE',  ( -2.008487828504709860, 1.001515483983599353, 7.349860010146585410 ) ) ;
#2185 = EDGE_CURVE ( 'NONE', #1777, #2622, #1848, .T. ) ;
#2186 = CARTESIAN_POINT ( 'NONE',  ( -8.024357356024070853, 2.696158168405301758, 7.349860010146585410 ) ) ;
#2187 = ORIENTED_EDGE ( 'NONE', *, *, #2896, .F. ) ;
#2188 = ORIENTED_EDGE ( 'NONE', *, *, #2587, .T. ) ;
#2189 = CARTESIAN_POINT ( 'NONE',  ( -8.111188927351228983, 0.7966522784915565092, -2.650139989853414590 ) ) ;
#2190 = ORIENTED_EDGE ( 'NONE', *, *, #262, .T. ) ;
#2191 = EDGE_LOOP ( 'NONE', ( #2603, #1327, #625, #2773 ) ) ;
#2192 = MANIFOLD_SOLID_BREP ( 'Boss-Extrude1', #3948 ) ;
#2193 = DIRECTION ( 'NONE',  ( 0.9135454576426004225, -0.4067366430758012075, 0.000000000000000000 ) ) ;
#2194 = EDGE_CURVE ( 'NONE', #2018, #2663, #1489, .T. ) ;
#2195 = DIRECTION ( 'NONE',  ( -0.9447947545461476970, -0.3276627409121828927, 0.000000000000000000 ) ) ;
#2196 = AXIS2_PLACEMENT_3D ( 'NONE', #2760, #1457, #2735 ) ;
#2197 = FACE_OUTER_BOUND ( 'NONE', #1113, .T. ) ;
#2198 = ORIENTED_EDGE ( 'NONE', *, *, #668, .F. ) ;
#2199 = AXIS2_PLACEMENT_3D ( 'NONE', #4024, #3689, #1844 ) ;
#2200 = DIRECTION ( 'NONE',  ( 0.000000000000000000, 0.000000000000000000, 1.000000000000000000 ) ) ;
#2201 = EDGE_CURVE ( 'NONE', #3966, #4041, #2116, .T. ) ;
#2202 = CARTESIAN_POINT ( 'NONE',  ( 0.8654459806616802142, 6.389041270033941622, -2.650139989853414590 ) ) ;
#2203 = ORIENTED_EDGE ( 'NONE', *, *, #2751, .T. ) ;
#2204 = EDGE_LOOP ( 'NONE', ( #2611, #547, #3697, #721 ) ) ;
#2205 = DIRECTION ( 'NONE',  ( 0.7071067811865470176, -0.7071067811865481278, 0.000000000000000000 ) ) ;
#2206 = CARTESIAN_POINT ( 'NONE',  ( -6.156009084498260897, 3.794017485967066339, 7.349860010146585410 ) ) ;
#2207 = ORIENTED_EDGE ( 'NONE', *, *, #1842, .T. ) ;
#2208 = CYLINDRICAL_SURFACE ( 'NONE', #2884, 1.250000000000000222 ) ;
#2209 = ORIENTED_EDGE ( 'NONE', *, *, #1791, .F. ) ;
#2210 = LINE ( 'NONE', #2864, #325 ) ;
#2211 = CIRCLE ( 'NONE', #1127, 0.1999999999999994282 ) ;
#2212 = VECTOR ( 'NONE', #993, 1000.000000000000000 ) ;
#2213 = CIRCLE ( 'NONE', #56, 0.1999999999999996503 ) ;
#2214 = FACE_OUTER_BOUND ( 'NONE', #2776, .T. ) ;
#2215 = VECTOR ( 'NONE', #3310, 1000.000000000000114 ) ;
#2216 = CIRCLE ( 'NONE', #4155, 6.250000000000000000 ) ;
#2217 = DIRECTION ( 'NONE',  ( 0.000000000000000000, 0.000000000000000000, 1.000000000000000000 ) ) ;
#2218 = ORIENTED_EDGE ( 'NONE', *, *, #1843, .F. ) ;
#2219 = ADVANCED_FACE ( 'NONE', ( #213 ), #255, .T. ) ;
#2220 = DIRECTION ( 'NONE',  ( 0.000000000000000000, 1.000000000000000000, 0.000000000000000000 ) ) ;
#2221 = DIRECTION ( 'NONE',  ( 0.000000000000000000, 0.000000000000000000, 1.000000000000000000 ) ) ;
#2222 = ORIENTED_EDGE ( 'NONE', *, *, #870, .T. ) ;
#2223 = DIRECTION ( 'NONE',  ( -1.000000000000000000, 0.000000000000000000, 0.000000000000000000 ) ) ;
#2224 = LINE ( 'NONE', #332, #1391 ) ;
#2225 = VERTEX_POINT ( 'NONE', #561 ) ;
#2226 = ORIENTED_EDGE ( 'NONE', *, *, #1578, .F. ) ;
#2227 = CARTESIAN_POINT ( 'NONE',  ( -2.008487828504709860, 1.001515483983599353, 7.349860010146585410 ) ) ;
#2228 = ADVANCED_FACE ( 'NONE', ( #1528 ), #4099, .T. ) ;
#2229 = VECTOR ( 'NONE', #2821, 1000.000000000000000 ) ;
#2230 = DIRECTION ( 'NONE',  ( -0.000000000000000000, -0.000000000000000000, -1.000000000000000000 ) ) ;
#2231 = ADVANCED_FACE ( 'NONE', ( #2500 ), #577, .T. ) ;
#2232 = CIRCLE ( 'NONE', #2019, 0.1999999999999995115 ) ;
#2233 = ADVANCED_FACE ( 'NONE', ( #1864 ), #1230, .T. ) ;
#2234 = ORIENTED_EDGE ( 'NONE', *, *, #1118, .F. ) ;
#2235 = VECTOR ( 'NONE', #1507, 1000.000000000000114 ) ;
#2236 = LINE ( 'NONE', #3517, #266 ) ;
#2237 = ORIENTED_EDGE ( 'NONE', *, *, #3320, .T. ) ;
#2238 = DIRECTION ( 'NONE',  ( -0.8756919574047602461, 0.4828701644713819241, 0.000000000000000000 ) ) ;
#2239 = DIRECTION ( 'NONE',  ( -0.7071067811865481278, -0.7071067811865470176, 0.000000000000000000 ) ) ;
#2240 = CARTESIAN_POINT ( 'NONE',  ( 3.666921979840779944, 3.097278711864035472, -2.650139989853414590 ) ) ;
#2241 = EDGE_LOOP ( 'NONE', ( #3213, #60, #3072, #706 ) ) ;
#2242 = CARTESIAN_POINT ( 'NONE',  ( -0.4852195204299216691, 1.709747189093114201E-15, -8.550139989853414946 ) ) ;
#2243 = CARTESIAN_POINT ( 'NONE',  ( -6.244234946294866972, 5.399625986115097476, -2.650139989853414590 ) ) ;
#2244 = ORIENTED_EDGE ( 'NONE', *, *, #1469, .F. ) ;
#2245 = VERTEX_POINT ( 'NONE', #3060 ) ;
#2246 = CARTESIAN_POINT ( 'NONE',  ( -2.008487828504709860, 1.001515483983599353, -2.650139989853414590 ) ) ;
#2247 = EDGE_CURVE ( 'NONE', #469, #3714, #1145, .T. ) ;
#2248 = FACE_OUTER_BOUND ( 'NONE', #1244, .T. ) ;
#2249 = CARTESIAN_POINT ( 'NONE',  ( 4.028680722159367456, 0.6076933275822452574, 7.349860010146585410 ) ) ;
#2250 = ORIENTED_EDGE ( 'NONE', *, *, #3852, .F. ) ;
#2251 = EDGE_CURVE ( 'NONE', #3605, #2536, #2441, .T. ) ;
#2252 = DIRECTION ( 'NONE',  ( -0.2271098263375085913, 0.9738691528028530220, -0.000000000000000000 ) ) ;
#2253 = ADVANCED_FACE ( 'NONE', ( #2256 ), #3189, .T. ) ;
#2254 = CARTESIAN_POINT ( 'NONE',  ( -4.304135885154518171, 1.142936840220904582, -8.550139989853414946 ) ) ;
#2255 = ORIENTED_EDGE ( 'NONE', *, *, #1103, .T. ) ;
#2256 = FACE_OUTER_BOUND ( 'NONE', #1029, .T. ) ;
#2257 = CARTESIAN_POINT ( 'NONE',  ( -6.825261158136543216, 4.754331003799948441, -4.560121934157388424 ) ) ;
#2258 = ORIENTED_EDGE ( 'NONE', *, *, #2896, .T. ) ;
#2259 = LINE ( 'NONE', #3472, #3782 ) ;
#2260 = VECTOR ( 'NONE', #1640, 1000.000000000000114 ) ;
#2261 = CARTESIAN_POINT ( 'NONE',  ( 3.107166982447210124, -2.228434338410628435, -4.560121934157388424 ) ) ;
#2262 = ORIENTED_EDGE ( 'NONE', *, *, #1248, .T. ) ;
#2263 = ORIENTED_EDGE ( 'NONE', *, *, #181, .F. ) ;
#2264 = LINE ( 'NONE', #659, #2148 ) ;
#2265 = CARTESIAN_POINT ( 'NONE',  ( -2.008487828504709860, 1.001515483983599353, -2.650139989853414590 ) ) ;
#2266 = EDGE_CURVE ( 'NONE', #3853, #2748, #3173, .T. ) ;
#2267 = ADVANCED_FACE ( 'NONE', ( #3481 ), #933, .T. ) ;
#2268 = EDGE_CURVE ( 'NONE', #3138, #33, #726, .T. ) ;
#2269 = DIRECTION ( 'NONE',  ( -0.8756919574047669075, -0.4828701644713700447, 0.000000000000000000 ) ) ;
#2270 = EDGE_CURVE ( 'NONE', #2904, #2317, #648, .T. ) ;
#2271 = AXIS2_PLACEMENT_3D ( 'NONE', #2657, #354, #2306 ) ;
#2272 = VECTOR ( 'NONE', #3285, 1000.000000000000227 ) ;
#2273 = CARTESIAN_POINT ( 'NONE',  ( -5.237255118184885205, -4.181147096574615141, -2.650139989853414590 ) ) ;
#2274 = AXIS2_PLACEMENT_3D ( 'NONE', #2804, #4076, #1751 ) ;
#2275 = LINE ( 'NONE', #2339, #4017 ) ;
#2276 = ORIENTED_EDGE ( 'NONE', *, *, #385, .T. ) ;
#2277 = VECTOR ( 'NONE', #1502, 1000.000000000000000 ) ;
#2278 = DIRECTION ( 'NONE',  ( 0.000000000000000000, 0.000000000000000000, 1.000000000000000000 ) ) ;
#2279 = DIRECTION ( 'NONE',  ( -0.000000000000000000, -0.000000000000000000, -1.000000000000000000 ) ) ;
#2280 = ORIENTED_EDGE ( 'NONE', *, *, #1376, .T. ) ;
#2281 = DIRECTION ( 'NONE',  ( 0.000000000000000000, 0.000000000000000000, 1.000000000000000000 ) ) ;
#2282 = CARTESIAN_POINT ( 'NONE',  ( -7.871514490018617138, 3.166560140884952190, -2.650139989853414590 ) ) ;
#2283 = ORIENTED_EDGE ( 'NONE', *, *, #3368, .F. ) ;
#2284 = LINE ( 'NONE', #369, #1456 ) ;
#2285 = VERTEX_POINT ( 'NONE', #2870 ) ;
#2286 = CYLINDRICAL_SURFACE ( 'NONE', #2414, 0.1999999999999995670 ) ;
#2287 = EDGE_CURVE ( 'NONE', #277, #2734, #2963, .T. ) ;
#2288 = DIRECTION ( 'NONE',  ( 0.000000000000000000, 0.000000000000000000, 1.000000000000000000 ) ) ;
#2289 = LINE ( 'NONE', #86, #2545 ) ;
#2290 = AXIS2_PLACEMENT_3D ( 'NONE', #3792, #3541, #3161 ) ;
#2291 = CARTESIAN_POINT ( 'NONE',  ( -3.548818977217846893, -5.055701694911678423, 7.349860010146585410 ) ) ;
#2292 = VECTOR ( 'NONE', #2037, 1000.000000000000000 ) ;
#2293 = FACE_OUTER_BOUND ( 'NONE', #2241, .T. ) ;
#2294 = ORIENTED_EDGE ( 'NONE', *, *, #1210, .F. ) ;
#2295 = VECTOR ( 'NONE', #2360, 1000.000000000000000 ) ;
#2296 = CARTESIAN_POINT ( 'NONE',  ( 4.028680722159367456, 0.6076933275822452574, -2.650139989853414590 ) ) ;
#2297 = EDGE_CURVE ( 'NONE', #1689, #4139, #1352, .T. ) ;
#2298 = DIRECTION ( 'NONE',  ( 0.7071067811865486830, 0.7071067811865464625, 0.000000000000000000 ) ) ;
#2299 = ORIENTED_EDGE ( 'NONE', *, *, #2886, .F. ) ;
#2300 = CIRCLE ( 'NONE', #1837, 2.300000000000006928 ) ;
#2301 = FACE_OUTER_BOUND ( 'NONE', #3846, .T. ) ;
#2302 = CARTESIAN_POINT ( 'NONE',  ( 4.176555728805774415, 0.1027740338589975544, 7.349860010146585410 ) ) ;
#2303 = EDGE_LOOP ( 'NONE', ( #2294, #1628, #940, #1282 ) ) ;
#2304 = EDGE_CURVE ( 'NONE', #3871, #620, #1008, .T. ) ;
#2305 = EDGE_CURVE ( 'NONE', #2390, #63, #1080, .T. ) ;
#2306 = DIRECTION ( 'NONE',  ( 0.4999999999999933942, -0.8660254037844423713, 0.000000000000000000 ) ) ;
#2307 = VERTEX_POINT ( 'NONE', #3614 ) ;
#2308 = DIRECTION ( 'NONE',  ( 1.000000000000000000, 0.000000000000000000, 0.000000000000000000 ) ) ;
#2309 = DIRECTION ( 'NONE',  ( -0.2271098263375085913, 0.9738691528028530220, 0.000000000000000000 ) ) ;
#2310 = ORIENTED_EDGE ( 'NONE', *, *, #3265, .T. ) ;
#2311 = DIRECTION ( 'NONE',  ( 0.6691306063588562392, -0.7431448254773959095, 0.000000000000000000 ) ) ;
#2312 = VERTEX_POINT ( 'NONE', #3298 ) ;
#2313 = CARTESIAN_POINT ( 'NONE',  ( -3.731756136579511107, -0.5217528240912020498, -8.550139989853414946 ) ) ;
#2314 = CARTESIAN_POINT ( 'NONE',  ( -4.686012111819960246, 6.426767893987872959, -4.560121934157388424 ) ) ;
#2315 = EDGE_CURVE ( 'NONE', #8, #3171, #104, .T. ) ;
#2316 = DIRECTION ( 'NONE',  ( -0.5000000000000069944, -0.8660254037844345998, 0.000000000000000000 ) ) ;
#2317 = VERTEX_POINT ( 'NONE', #292 ) ;
#2318 = FACE_OUTER_BOUND ( 'NONE', #2016, .T. ) ;
#2319 = EDGE_CURVE ( 'NONE', #1533, #1945, #1568, .T. ) ;
#2320 = CARTESIAN_POINT ( 'NONE',  ( -2.008487828504709860, 1.001515483983599353, -4.560121934157388424 ) ) ;
#2321 = ORIENTED_EDGE ( 'NONE', *, *, #3751, .T. ) ;
#2322 = CARTESIAN_POINT ( 'NONE',  ( -5.939748884110620963, -3.670755499970915547, 7.349860010146585410 ) ) ;
#2323 = ORIENTED_EDGE ( 'NONE', *, *, #1162, .F. ) ;
#2324 = EDGE_CURVE ( 'NONE', #2911, #2908, #3446, .T. ) ;
#2325 = CARTESIAN_POINT ( 'NONE',  ( -4.162714528917209833, 1.001515483983595800, -5.450139989853414413 ) ) ;
#2326 = CIRCLE ( 'NONE', #1919, 2.300000000000014033 ) ;
#2327 = AXIS2_PLACEMENT_3D ( 'NONE', #2320, #1624, #2679 ) ;
#2328 = DIRECTION ( 'NONE',  ( 0.000000000000000000, 0.000000000000000000, 1.000000000000000000 ) ) ;
#2329 = FACE_OUTER_BOUND ( 'NONE', #914, .T. ) ;
#2330 = CIRCLE ( 'NONE', #512, 6.250000000000000888 ) ;
#2331 = CARTESIAN_POINT ( 'NONE',  ( -7.500257324214873123, -1.667828525471592993, -2.650139989853414590 ) ) ;
#2332 = VERTEX_POINT ( 'NONE', #1267 ) ;
#2333 = CARTESIAN_POINT ( 'NONE',  ( -7.500257324214873123, -1.667828525471593437, -4.560121934157388424 ) ) ;
#2334 = EDGE_CURVE ( 'NONE', #1575, #2663, #2551, .T. ) ;
#2335 = CARTESIAN_POINT ( 'NONE',  ( 1.351156438844025809, -4.029914769619324488, -2.650139989853414590 ) ) ;
#2336 = DIRECTION ( 'NONE',  ( 0.9135454576426059736, 0.4067366430757890505, 0.000000000000000000 ) ) ;
#2337 = APPROVAL ( #3074, 'UNSPECIFIED' ) ;
#2338 = AXIS2_PLACEMENT_3D ( 'NONE', #1146, #1121, #3061 ) ;
#2339 = CARTESIAN_POINT ( 'NONE',  ( -0.4278883060378997905, 0.4278883060379023995, -8.550139989853414946 ) ) ;
#2340 = ORIENTED_EDGE ( 'NONE', *, *, #2733, .F. ) ;
#2341 = CARTESIAN_POINT ( 'NONE',  ( -1.867066472267406629, -1.294132572666213399, -5.450139989853414413 ) ) ;
#2342 = AXIS2_PLACEMENT_3D ( 'NONE', #3988, #3965, #2309 ) ;
#2343 = AXIS2_PLACEMENT_3D ( 'NONE', #2669, #1000, #662 ) ;
#2344 = CARTESIAN_POINT ( 'NONE',  ( -4.882421637671028769, 6.389041270033980702, -2.650139989853414590 ) ) ;
#2345 = CIRCLE ( 'NONE', #2832, 0.1999999999999997335 ) ;
#2346 = CARTESIAN_POINT ( 'NONE',  ( -6.933249922462962012, 1.865644130605114137, -4.560121934157388424 ) ) ;
#2347 = ORIENTED_EDGE ( 'NONE', *, *, #3282, .F. ) ;
#2348 = AXIS2_PLACEMENT_3D ( 'NONE', #919, #3876, #990 ) ;
#2349 = APPROVAL_PERSON_ORGANIZATION ( #3437, #1400, #550 ) ;
#2350 = DIRECTION ( 'NONE',  ( -0.9781476007338044676, 0.2079116908177644774, 0.000000000000000000 ) ) ;
#2351 = VERTEX_POINT ( 'NONE', #1717 ) ;
#2352 = DIRECTION ( 'NONE',  ( 0.9569503394580568534, 0.2902516973440631420, 0.000000000000000000 ) ) ;
#2353 = ORIENTED_EDGE ( 'NONE', *, *, #2605, .F. ) ;
#2354 = DIRECTION ( 'NONE',  ( 0.5717596857902121910, -0.8204211489869563945, 0.000000000000000000 ) ) ;
#2355 = CARTESIAN_POINT ( 'NONE',  ( -2.008487828504709860, 1.001515483983599353, 7.349860010146585410 ) ) ;
#2356 = DIRECTION ( 'NONE',  ( 0.000000000000000000, 0.000000000000000000, -1.000000000000000000 ) ) ;
#2357 = VERTEX_POINT ( 'NONE', #3051 ) ;
#2358 = FACE_OUTER_BOUND ( 'NONE', #2724, .T. ) ;
#2359 = EDGE_CURVE ( 'NONE', #1130, #4065, #3994, .T. ) ;
#2360 = DIRECTION ( 'NONE',  ( -1.000000000000000000, 0.000000000000000000, 0.000000000000000000 ) ) ;
#2361 = CARTESIAN_POINT ( 'NONE',  ( -2.008487828504709860, 1.001515483983599353, 7.349860010146585410 ) ) ;
#2362 = EDGE_CURVE ( 'NONE', #4021, #1551, #799, .T. ) ;
#2363 = DIRECTION ( 'NONE',  ( -0.000000000000000000, -0.000000000000000000, -1.000000000000000000 ) ) ;
#2364 = VERTEX_POINT ( 'NONE', #1442 ) ;
#2365 = DIRECTION ( 'NONE',  ( -0.9820476292553429465, -0.1886331197694629536, 0.000000000000000000 ) ) ;
#2366 = CIRCLE ( 'NONE', #817, 2.300000000000014033 ) ;
#2367 = DIRECTION ( 'NONE',  ( 0.9820476292553405040, -0.1886331197694759709, 0.000000000000000000 ) ) ;
#2368 = ORIENTED_EDGE ( 'NONE', *, *, #3849, .F. ) ;
#2369 = VECTOR ( 'NONE', #303, 1000.000000000000000 ) ;
#2370 = CIRCLE ( 'NONE', #1159, 4.999999999999999112 ) ;
#2371 = LINE ( 'NONE', #2068, #2077 ) ;
#2372 = VECTOR ( 'NONE', #2885, 1000.000000000000000 ) ;
#2373 = CARTESIAN_POINT ( 'NONE',  ( 2.916274265453552506, 1.865644130605049078, 7.349860010146585410 ) ) ;
#2374 = ORIENTED_EDGE ( 'NONE', *, *, #3886, .T. ) ;
#2375 = CYLINDRICAL_SURFACE ( 'NONE', #4016, 6.250000000000000000 ) ;
#2376 = DIRECTION ( 'NONE',  ( 0.000000000000000000, 0.000000000000000000, 1.000000000000000000 ) ) ;
#2377 = ORIENTED_EDGE ( 'NONE', *, *, #3888, .F. ) ;
#2378 = CARTESIAN_POINT ( 'NONE',  ( -8.020423721777209636, -0.06692096710218115030, 7.349860010146585410 ) ) ;
#2379 = VERTEX_POINT ( 'NONE', #2128 ) ;
#2380 = CARTESIAN_POINT ( 'NONE',  ( -2.149909184742019530, 3.297163540633398338, -8.550139989853414946 ) ) ;
#2381 = DIRECTION ( 'NONE',  ( -0.9213685014869296142, 0.3886902165835021128, 0.000000000000000000 ) ) ;
#2382 = CARTESIAN_POINT ( 'NONE',  ( -4.882421637671028769, 6.389041270033980702, 7.349860010146585410 ) ) ;
#2383 = CARTESIAN_POINT ( 'NONE',  ( -5.939748884110620075, -3.670755499970916436, -2.650139989853414590 ) ) ;
#2384 = EDGE_CURVE ( 'NONE', #1868, #3138, #2110, .T. ) ;
#2385 = DIRECTION ( 'NONE',  ( 0.6691306063588609021, -0.7431448254773919126, 0.000000000000000000 ) ) ;
#2386 = DIRECTION ( 'NONE',  ( -0.7972998525072477749, 0.6035834202427374784, 0.000000000000000000 ) ) ;
#2387 = EDGE_LOOP ( 'NONE', ( #3243, #185, #1123, #1170 ) ) ;
#2388 = ORIENTED_EDGE ( 'NONE', *, *, #385, .F. ) ;
#2389 = CARTESIAN_POINT ( 'NONE',  ( 1.922773227101137294, -3.670755499970968838, -2.650139989853414590 ) ) ;
#2390 = VERTEX_POINT ( 'NONE', #2740 ) ;
#2391 = PRODUCT_DEFINITION_SHAPE ( 'NONE', 'NONE',  #3258 ) ;
#2392 = CARTESIAN_POINT ( 'NONE',  ( 2.483650473328630426, 3.197123253418264976, 7.349860010146585410 ) ) ;
#2393 = VERTEX_POINT ( 'NONE', #3393 ) ;
#2394 = EDGE_CURVE ( 'NONE', #651, #3646, #482, .T. ) ;
#2395 = DIRECTION ( 'NONE',  ( 0.6691306063588665642, 0.7431448254773866946, 0.000000000000000000 ) ) ;
#2396 = CARTESIAN_POINT ( 'NONE',  ( -3.699489693106614574, -4.865804375095150291, -2.650139989853414590 ) ) ;
#2397 = ORIENTED_EDGE ( 'NONE', *, *, #2949, .T. ) ;
#2398 = CARTESIAN_POINT ( 'NONE',  ( -6.825261158136543216, 4.754331003799948441, -4.560121934157388424 ) ) ;
#2399 = DIRECTION ( 'NONE',  ( 0.6691306063588573494, -0.7431448254773949103, 0.000000000000000000 ) ) ;
#2400 = ORIENTED_EDGE ( 'NONE', *, *, #2251, .T. ) ;
#2401 = VECTOR ( 'NONE', #496, 1000.000000000000000 ) ;
#2402 = CARTESIAN_POINT ( 'NONE',  ( 1.220279461175395097, -4.181147096574657773, -4.560121934157388424 ) ) ;
#2403 = ORIENTED_EDGE ( 'NONE', *, *, #1134, .T. ) ;
#2404 = FACE_OUTER_BOUND ( 'NONE', #90, .T. ) ;
#2405 = EDGE_CURVE ( 'NONE', #2915, #1247, #3412, .T. ) ;
#2406 = CIRCLE ( 'NONE', #2929, 4.999999999999999112 ) ;
#2407 = EDGE_CURVE ( 'NONE', #1270, #2393, #2626, .T. ) ;
#2408 = CARTESIAN_POINT ( 'NONE',  ( -0.2944641416376616028, -3.695517920289643765, 7.349860010146585410 ) ) ;
#2409 = EDGE_CURVE ( 'NONE', #3359, #77, #2670, .T. ) ;
#2410 = VERTEX_POINT ( 'NONE', #2408 ) ;
#2411 = LINE ( 'NONE', #3347, #3422 ) ;
#2412 = DIRECTION ( 'NONE',  ( -1.000000000000000000, 0.000000000000000000, 0.000000000000000000 ) ) ;
#2413 = ORIENTED_EDGE ( 'NONE', *, *, #302, .F. ) ;
#2414 = AXIS2_PLACEMENT_3D ( 'NONE', #3563, #3847, #4163 ) ;
#2415 = CIRCLE ( 'NONE', #1258, 0.1999999999999996225 ) ;
#2416 = CARTESIAN_POINT ( 'NONE',  ( -6.645969606891662274, -0.8676454922645626677, -2.650139989853414590 ) ) ;
#2417 = ORIENTED_EDGE ( 'NONE', *, *, #829, .F. ) ;
#2418 = VECTOR ( 'NONE', #868, 1000.000000000000000 ) ;
#2419 = AXIS2_PLACEMENT_3D ( 'NONE', #4137, #3580, #1691 ) ;
#2420 = LINE ( 'NONE', #3330, #323 ) ;
#2421 = LINE ( 'NONE', #493, #988 ) ;
#2422 = ORIENTED_EDGE ( 'NONE', *, *, #506, .F. ) ;
#2423 = ORIENTED_EDGE ( 'NONE', *, *, #2958, .F. ) ;
#2424 = DIRECTION ( 'NONE',  ( -1.000000000000000000, 0.000000000000000000, 0.000000000000000000 ) ) ;
#2425 = ORIENTED_EDGE ( 'NONE', *, *, #182, .T. ) ;
#2426 = ORIENTED_EDGE ( 'NONE', *, *, #1435, .T. ) ;
#2427 = CARTESIAN_POINT ( 'NONE',  ( 3.483281667205417875, -1.667828525471670265, -4.560121934157388424 ) ) ;
#2428 = ORIENTED_EDGE ( 'NONE', *, *, #375, .T. ) ;
#2429 = LINE ( 'NONE', #1466, #2968 ) ;
#2430 = EDGE_CURVE ( 'NONE', #3122, #2927, #2086, .T. ) ;
#2431 = DATE_TIME_ROLE ( 'creation_date' ) ;
#2432 = DIRECTION ( 'NONE',  ( 0.000000000000000000, 0.000000000000000000, 1.000000000000000000 ) ) ;
#2433 = CARTESIAN_POINT ( 'NONE',  ( -5.484781981202973888, -2.592281806337022321, 7.349860010146585410 ) ) ;
#2434 = CARTESIAN_POINT ( 'NONE',  ( -6.814984832465910358, 4.996523187469541938, 7.349860010146585410 ) ) ;
#2435 = CARTESIAN_POINT ( 'NONE',  ( -1.166840917443274339, -5.046340343657114147, -4.560121934157388424 ) ) ;
#2436 = VERTEX_POINT ( 'NONE', #135 ) ;
#2437 = CARTESIAN_POINT ( 'NONE',  ( -5.879342534401944320, -3.905518635098234714, 7.349860010146585410 ) ) ;
#2438 = CARTESIAN_POINT ( 'NONE',  ( -1.308487828504709904, 5.952273001778223716, -4.560121934157388424 ) ) ;
#2439 = CYLINDRICAL_SURFACE ( 'NONE', #599, 0.1999999999999995948 ) ;
#2440 = ORIENTED_EDGE ( 'NONE', *, *, #4085, .T. ) ;
#2441 = CIRCLE ( 'NONE', #3235, 0.1999999999999996503 ) ;
#2442 = EDGE_LOOP ( 'NONE', ( #3924, #1711, #2461, #2805 ) ) ;
#2443 = PLANE ( 'NONE',  #2196 ) ;
#2444 = EDGE_CURVE ( 'NONE', #1141, #474, #3373, .T. ) ;
#2445 = VERTEX_POINT ( 'NONE', #1470 ) ;
#2446 = VERTEX_POINT ( 'NONE', #1425 ) ;
#2447 = CIRCLE ( 'NONE', #3850, 0.1999999999999996780 ) ;
#2448 = ADVANCED_FACE ( 'NONE', ( #3025, #2767 ), #4044, .T. ) ;
#2449 = LINE ( 'NONE', #2104, #3793 ) ;
#2450 = ORIENTED_EDGE ( 'NONE', *, *, #1884, .F. ) ;
#2451 = SECURITY_CLASSIFICATION_LEVEL ( 'unclassified' ) ;
#2452 = DIRECTION ( 'NONE',  ( 0.000000000000000000, 0.000000000000000000, 1.000000000000000000 ) ) ;
#2453 = EDGE_LOOP ( 'NONE', ( #4135, #3093, #223, #3077 ) ) ;
#2454 = DIRECTION ( 'NONE',  ( 0.000000000000000000, 0.000000000000000000, 1.000000000000000000 ) ) ;
#2455 = PLANE ( 'NONE',  #854 ) ;
#2456 = ORIENTED_EDGE ( 'NONE', *, *, #238, .T. ) ;
#2457 = FACE_OUTER_BOUND ( 'NONE', #992, .T. ) ;
#2458 = ADVANCED_FACE ( 'NONE', ( #841 ), #530, .T. ) ;
#2459 = CARTESIAN_POINT ( 'NONE',  ( -7.066092299987860592, -2.419824406302168107, 7.349860010146585410 ) ) ;
#2460 = FACE_OUTER_BOUND ( 'NONE', #4010, .T. ) ;
#2461 = ORIENTED_EDGE ( 'NONE', *, *, #2515, .T. ) ;
#2462 = ORIENTED_EDGE ( 'NONE', *, *, #3205, .T. ) ;
#2463 = DIRECTION ( 'NONE',  ( -0.7561616347766747515, -0.6543848883431422347, 0.000000000000000000 ) ) ;
#2464 = CARTESIAN_POINT ( 'NONE',  ( 0.000000000000000000, -0.5217528240912031601, -8.550139989853414946 ) ) ;
#2465 = ORIENTED_EDGE ( 'NONE', *, *, #4074, .F. ) ;
#2466 = ADVANCED_FACE ( 'NONE', ( #3635 ), #750, .T. ) ;
#2467 = CARTESIAN_POINT ( 'NONE',  ( -2.008487828504709860, 1.001515483983599353, 7.349860010146585410 ) ) ;
#2468 = VERTEX_POINT ( 'NONE', #2383 ) ;
#2469 = EDGE_LOOP ( 'NONE', ( #3701, #2806, #1219, #3933 ) ) ;
#2470 = EDGE_CURVE ( 'NONE', #2567, #1106, #775, .T. ) ;
#2471 = COORDINATED_UNIVERSAL_TIME_OFFSET ( 5, 0, .BEHIND. ) ;
#2472 = CARTESIAN_POINT ( 'NONE',  ( -3.499528380459027144, -4.861870745187029996, -4.560121934157388424 ) ) ;
#2473 = DIRECTION ( 'NONE',  ( -1.000000000000000000, 0.000000000000000000, 0.000000000000000000 ) ) ;
#2474 = VECTOR ( 'NONE', #3287, 1000.000000000000114 ) ;
#2475 = DIRECTION ( 'NONE',  ( 0.000000000000000000, 0.000000000000000000, 1.000000000000000000 ) ) ;
#2476 = VECTOR ( 'NONE', #1227, 1000.000000000000114 ) ;
#2477 = LINE ( 'NONE', #1208, #446 ) ;
#2478 = ORIENTED_EDGE ( 'NONE', *, *, #3444, .F. ) ;
#2479 = CARTESIAN_POINT ( 'NONE',  ( -0.4852195204299181719, -0.5217528240912079340, -5.450139989853414413 ) ) ;
#2480 = DIRECTION ( 'NONE',  ( -0.7071067811865492381, -0.7071067811865457964, 0.000000000000000000 ) ) ;
#2481 = LINE ( 'NONE', #2396, #1543 ) ;
#2482 = EDGE_LOOP ( 'NONE', ( #1232, #2098, #703, #1611 ) ) ;
#2483 = VERTEX_POINT ( 'NONE', #463 ) ;
#2484 = VECTOR ( 'NONE', #1693, 1000.000000000000114 ) ;
#2485 = DIRECTION ( 'NONE',  ( 0.6691306063588529085, -0.7431448254773990181, 0.000000000000000000 ) ) ;
#2486 = CARTESIAN_POINT ( 'NONE',  ( -7.935236810896764581, 2.470724840930976551, 7.349860010146585410 ) ) ;
#2487 = AXIS2_PLACEMENT_3D ( 'NONE', #250, #2159, #3147 ) ;
#2488 = CARTESIAN_POINT ( 'NONE',  ( -1.574322804277689780, 7.092199383724657302, -2.650139989853414590 ) ) ;
#2489 = EDGE_LOOP ( 'NONE', ( #3457, #3856, #3386, #4127 ) ) ;
#2490 = AXIS2_PLACEMENT_3D ( 'NONE', #471, #3914, #2024 ) ;
#2491 = AXIS2_PLACEMENT_3D ( 'NONE', #1835, #1785, #3049 ) ;
#2492 = DIRECTION ( 'NONE',  ( -0.000000000000000000, -0.000000000000000000, -1.000000000000000000 ) ) ;
#2493 = EDGE_CURVE ( 'NONE', #3488, #2634, #2366, .T. ) ;
#2494 = DIRECTION ( 'NONE',  ( -0.000000000000000000, -0.000000000000000000, -1.000000000000000000 ) ) ;
#2495 = CARTESIAN_POINT ( 'NONE',  ( -8.020423721777209636, -0.06692096710218115030, 7.349860010146585410 ) ) ;
#2496 = ADVANCED_FACE ( 'NONE', ( #2214 ), #2813, .T. ) ;
#2497 = FACE_OUTER_BOUND ( 'NONE', #1802, .T. ) ;
#2498 = DIRECTION ( 'NONE',  ( -1.000000000000000000, 0.000000000000000000, 0.000000000000000000 ) ) ;
#2499 = ORIENTED_EDGE ( 'NONE', *, *, #812, .T. ) ;
#2500 = FACE_OUTER_BOUND ( 'NONE', #2892, .T. ) ;
#2501 = CARTESIAN_POINT ( 'NONE',  ( -4.774525311268398298, 6.606115081095452979, 7.349860010146585410 ) ) ;
#2502 = ORIENTED_EDGE ( 'NONE', *, *, #2967, .T. ) ;
#2503 = ORIENTED_EDGE ( 'NONE', *, *, #3772, .F. ) ;
#2504 = DIRECTION ( 'NONE',  ( -0.7298405131205519814, -0.6836174554587743923, 0.000000000000000000 ) ) ;
#2505 = CYLINDRICAL_SURFACE ( 'NONE', #3500, 0.1999999999999996503 ) ;
#2506 = AXIS2_PLACEMENT_3D ( 'NONE', #2138, #3399, #1824 ) ;
#2507 = EDGE_CURVE ( 'NONE', #1495, #737, #1223, .T. ) ;
#2508 = ORIENTED_EDGE ( 'NONE', *, *, #4111, .T. ) ;
#2509 = AXIS2_PLACEMENT_3D ( 'NONE', #1987, #1950, #2311 ) ;
#2510 = CIRCLE ( 'NONE', #1692, 6.250000000000000000 ) ;
#2511 = ORIENTED_EDGE ( 'NONE', *, *, #1991, .T. ) ;
#2512 = CARTESIAN_POINT ( 'NONE',  ( 3.523584490315921247, -1.906864797090138008, 7.349860010146585410 ) ) ;
#2513 = AXIS2_PLACEMENT_3D ( 'NONE', #3725, #3293, #1712 ) ;
#2514 = LINE ( 'NONE', #1183, #1259 ) ;
#2515 = EDGE_CURVE ( 'NONE', #3065, #498, #884, .T. ) ;
#2516 = LINE ( 'NONE', #4113, #642 ) ;
#2517 = VERTEX_POINT ( 'NONE', #3812 ) ;
#2518 = CARTESIAN_POINT ( 'NONE',  ( -8.193531385815207457, 0.1027740338590803909, -4.560121934157388424 ) ) ;
#2519 = CARTESIAN_POINT ( 'NONE',  ( -3.531756136579508265, 0.000000000000000000, -8.550139989853414946 ) ) ;
#2520 = VERTEX_POINT ( 'NONE', #2157 ) ;
#2521 = ORIENTED_EDGE ( 'NONE', *, *, #1757, .T. ) ;
#2522 = DIRECTION ( 'NONE',  ( -1.000000000000000000, 4.336808689942016947E-15, 0.000000000000000000 ) ) ;
#2523 = LINE ( 'NONE', #2242, #667 ) ;
#2524 = ORIENTED_EDGE ( 'NONE', *, *, #182, .F. ) ;
#2525 = EDGE_CURVE ( 'NONE', #2982, #853, #3841, .T. ) ;
#2526 = ORIENTED_EDGE ( 'NONE', *, *, #2541, .T. ) ;
#2527 = CC_DESIGN_PERSON_AND_ORGANIZATION_ASSIGNMENT ( #3102, #4067, ( #1814 ) ) ;
#2528 = ORIENTED_EDGE ( 'NONE', *, *, #1522, .T. ) ;
#2529 = DIRECTION ( 'NONE',  ( 0.000000000000000000, 0.000000000000000000, 1.000000000000000000 ) ) ;
#2530 = EDGE_CURVE ( 'NONE', #4121, #1416, #3499, .T. ) ;
#2531 = DIRECTION ( 'NONE',  ( -0.1045284632676583420, -0.9945218953682728458, 0.000000000000000000 ) ) ;
#2532 = VERTEX_POINT ( 'NONE', #1895 ) ;
#2533 = CIRCLE ( 'NONE', #443, 1.250000000000000222 ) ;
#2534 = DIRECTION ( 'NONE',  ( -0.000000000000000000, -0.000000000000000000, -1.000000000000000000 ) ) ;
#2535 = CARTESIAN_POINT ( 'NONE',  ( 2.628993949882217684, -0.8676454922646281709, -2.650139989853414590 ) ) ;
#2536 = VERTEX_POINT ( 'NONE', #3834 ) ;
#2537 = LINE ( 'NONE', #2859, #941 ) ;
#2538 = LINE ( 'NONE', #1251, #1666 ) ;
#2539 = VERTEX_POINT ( 'NONE', #2512 ) ;
#2540 = EDGE_CURVE ( 'NONE', #3244, #805, #2232, .T. ) ;
#2541 = EDGE_CURVE ( 'NONE', #1317, #2927, #2562, .T. ) ;
#2542 = AXIS2_PLACEMENT_3D ( 'NONE', #3616, #1956, #41 ) ;
#2543 = ORIENTED_EDGE ( 'NONE', *, *, #613, .F. ) ;
#2544 = AXIS2_PLACEMENT_3D ( 'NONE', #694, #2660, #2976 ) ;
#2545 = VECTOR ( 'NONE', #3951, 1000.000000000000000 ) ;
#2546 = CARTESIAN_POINT ( 'NONE',  ( -0.9519581709520655854, -5.158536876403583271, -2.650139989853414590 ) ) ;
#2547 = AXIS2_PLACEMENT_3D ( 'NONE', #2261, #1587, #3542 ) ;
#2548 = CARTESIAN_POINT ( 'NONE',  ( 1.467806324193505763, -2.592281806337070726, -2.650139989853414590 ) ) ;
#2549 = ORIENTED_EDGE ( 'NONE', *, *, #1217, .F. ) ;
#2550 = ORIENTED_EDGE ( 'NONE', *, *, #3186, .F. ) ;
#2551 = LINE ( 'NONE', #1742, #2292 ) ;
#2552 = LINE ( 'NONE', #2840, #3352 ) ;
#2553 = ORIENTED_EDGE ( 'NONE', *, *, #3611, .F. ) ;
#2554 = LINE ( 'NONE', #953, #601 ) ;
#2555 = CARTESIAN_POINT ( 'NONE',  ( -2.008487828504709860, 1.001515483983599353, -2.650139989853414590 ) ) ;
#2556 = ORIENTED_EDGE ( 'NONE', *, *, #3931, .F. ) ;
#2557 = ORIENTED_EDGE ( 'NONE', *, *, #3418, .T. ) ;
#2558 = LINE ( 'NONE', #3216, #712 ) ;
#2559 = EDGE_CURVE ( 'NONE', #2100, #2913, #553, .T. ) ;
#2560 = DIRECTION ( 'NONE',  ( -0.000000000000000000, -0.000000000000000000, -1.000000000000000000 ) ) ;
#2561 = EDGE_CURVE ( 'NONE', #73, #2446, #2900, .T. ) ;
#2562 = CIRCLE ( 'NONE', #3181, 0.1999999999999996503 ) ;
#2563 = DIRECTION ( 'NONE',  ( 0.000000000000000000, 0.000000000000000000, 1.000000000000000000 ) ) ;
#2564 = VECTOR ( 'NONE', #3923, 1000.000000000000000 ) ;
#2565 = DIRECTION ( 'NONE',  ( 0.000000000000000000, 0.000000000000000000, 1.000000000000000000 ) ) ;
#2566 = DIRECTION ( 'NONE',  ( -0.9963853997198263146, 0.08494783826067625609, 0.000000000000000000 ) ) ;
#2567 = VERTEX_POINT ( 'NONE', #2546 ) ;
#2568 = CARTESIAN_POINT ( 'NONE',  ( 3.666921979840779944, 3.097278711864035472, -4.560121934157388424 ) ) ;
#2569 = CARTESIAN_POINT ( 'NONE',  ( -2.008487828504709860, 1.001515483983599353, -5.450139989853414413 ) ) ;
#2570 = ORIENTED_EDGE ( 'NONE', *, *, #2297, .T. ) ;
#2571 = EDGE_CURVE ( 'NONE', #3421, #322, #1181, .T. ) ;
#2572 = DIRECTION ( 'NONE',  ( -0.8090169943749502268, -0.5877852522924691403, 0.000000000000000000 ) ) ;
#2573 = ADVANCED_FACE ( 'NONE', ( #1201 ), #3475, .T. ) ;
#2574 = FACE_OUTER_BOUND ( 'NONE', #1713, .T. ) ;
#2575 = ORIENTED_EDGE ( 'NONE', *, *, #3113, .F. ) ;
#2576 = EDGE_CURVE ( 'NONE', #1178, #1771, #627, .T. ) ;
#2577 = EDGE_LOOP ( 'NONE', ( #1019, #2426, #3092, #4138 ) ) ;
#2578 = DIRECTION ( 'NONE',  ( 0.000000000000000000, 0.000000000000000000, 1.000000000000000000 ) ) ;
#2579 = CARTESIAN_POINT ( 'NONE',  ( 2.808285501127175010, 4.754331003799882716, 7.349860010146585410 ) ) ;
#2580 = CARTESIAN_POINT ( 'NONE',  ( -0.4852195204299181719, -0.5217528240912079340, -8.550139989853414946 ) ) ;
#2581 = EDGE_CURVE ( 'NONE', #1583, #8, #888, .T. ) ;
#2582 = CARTESIAN_POINT ( 'NONE',  ( 0.7575496542590520743, 6.606115081095413899, -4.560121934157388424 ) ) ;
#2583 = DIRECTION ( 'NONE',  ( -0.7071067811865496822, 0.7071067811865454633, 0.000000000000000000 ) ) ;
#2584 = VERTEX_POINT ( 'NONE', #3776 ) ;
#2585 = LINE ( 'NONE', #1322, #3746 ) ;
#2586 = EDGE_LOOP ( 'NONE', ( #2868, #3180, #3744, #1196 ) ) ;
#2587 = EDGE_CURVE ( 'NONE', #2285, #3480, #612, .T. ) ;
#2588 = VECTOR ( 'NONE', #1300, 1000.000000000000000 ) ;
#2589 = FACE_OUTER_BOUND ( 'NONE', #2142, .T. ) ;
#2590 = ORIENTED_EDGE ( 'NONE', *, *, #1119, .F. ) ;
#2591 = CIRCLE ( 'NONE', #3603, 0.1999999999999995670 ) ;
#2592 = ORIENTED_EDGE ( 'NONE', *, *, #2008, .F. ) ;
#2593 = LINE ( 'NONE', #3547, #1202 ) ;
#2594 = DIRECTION ( 'NONE',  ( 0.8560238078641554393, -0.5169363987665711591, 0.000000000000000000 ) ) ;
#2595 = CARTESIAN_POINT ( 'NONE',  ( -0.4681566797916537070, -5.055701694911700628, 7.349860010146585410 ) ) ;
#2596 = VECTOR ( 'NONE', #89, 1000.000000000000000 ) ;
#2597 = FACE_OUTER_BOUND ( 'NONE', #1694, .T. ) ;
#2598 = CIRCLE ( 'NONE', #794, 0.1999999999999996780 ) ;
#2599 = EDGE_CURVE ( 'NONE', #3101, #4104, #4128, .T. ) ;
#2600 = CARTESIAN_POINT ( 'NONE',  ( -5.808487828504713235, 1.001515483983599353, 8.097883084182114999 ) ) ;
#2601 = AXIS2_PLACEMENT_3D ( 'NONE', #2757, #3039, #3018 ) ;
#2602 = CARTESIAN_POINT ( 'NONE',  ( -2.149909184742025747, -1.294132572666212955, -8.550139989853414946 ) ) ;
#2603 = ORIENTED_EDGE ( 'NONE', *, *, #870, .F. ) ;
#2604 = VECTOR ( 'NONE', #1724, 1000.000000000000000 ) ;
#2605 = EDGE_CURVE ( 'NONE', #2245, #2410, #1241, .T. ) ;
#2606 = VERTEX_POINT ( 'NONE', #3184 ) ;
#2607 = LOCAL_TIME ( 19, 34, 57.00000000000000000, #1441 ) ;
#2608 = ORIENTED_EDGE ( 'NONE', *, *, #1134, .F. ) ;
#2609 = ADVANCED_FACE ( 'NONE', ( #1493 ), #3750, .T. ) ;
#2610 = CARTESIAN_POINT ( 'NONE',  ( 0.8654459806616802142, 6.389041270033941622, 7.349860010146585410 ) ) ;
#2611 = ORIENTED_EDGE ( 'NONE', *, *, #3771, .T. ) ;
#2612 = DIRECTION ( 'NONE',  ( 0.000000000000000000, 0.000000000000000000, 1.000000000000000000 ) ) ;
#2613 = VERTEX_POINT ( 'NONE', #1675 ) ;
#2614 = LINE ( 'NONE', #3897, #3819 ) ;
#2615 = LINE ( 'NONE', #118, #3950 ) ;
#2616 = EDGE_LOOP ( 'NONE', ( #1278, #3110, #1454, #4129 ) ) ;
#2617 = DIRECTION ( 'NONE',  ( 0.9922736368262318196, 0.1240686489796810066, 0.000000000000000000 ) ) ;
#2618 = PLANE ( 'NONE',  #2342 ) ;
#2619 = VERTEX_POINT ( 'NONE', #3219 ) ;
#2620 = EDGE_CURVE ( 'NONE', #1151, #737, #1018, .T. ) ;
#2621 = CARTESIAN_POINT ( 'NONE',  ( -2.008487828504709860, 1.001515483983599353, 7.349860010146585410 ) ) ;
#2622 = VERTEX_POINT ( 'NONE', #720 ) ;
#2623 = CARTESIAN_POINT ( 'NONE',  ( -0.2852195204299127207, 2.524783792058386656, -8.550139989853414946 ) ) ;
#2624 = LINE ( 'NONE', #65, #1999 ) ;
#2625 = FACE_OUTER_BOUND ( 'NONE', #390, .T. ) ;
#2626 = CIRCLE ( 'NONE', #1618, 6.250000000000000888 ) ;
#2627 = DIRECTION ( 'NONE',  ( -0.1045284632676410502, 0.9945218953682746221, 0.000000000000000000 ) ) ;
#2628 = VERTEX_POINT ( 'NONE', #3566 ) ;
#2629 = ORIENTED_EDGE ( 'NONE', *, *, #3157, .T. ) ;
#2630 = EDGE_CURVE ( 'NONE', #543, #2727, #3199, .T. ) ;
#2631 = CIRCLE ( 'NONE', #4120, 4.999999999999999112 ) ;
#2632 = FACE_OUTER_BOUND ( 'NONE', #2469, .T. ) ;
#2633 = CARTESIAN_POINT ( 'NONE',  ( 1.922773227101137294, -3.670755499970968838, 7.349860010146585410 ) ) ;
#2634 = VERTEX_POINT ( 'NONE', #4164 ) ;
#2635 = PLANE ( 'NONE',  #598 ) ;
#2636 = DIRECTION ( 'NONE',  ( 0.000000000000000000, 0.000000000000000000, 1.000000000000000000 ) ) ;
#2637 = CARTESIAN_POINT ( 'NONE',  ( -2.008487828504709860, 1.001515483983599353, -8.550139989853414946 ) ) ;
#2638 = EDGE_LOOP ( 'NONE', ( #1665, #1615, #1233, #3057 ) ) ;
#2639 = CARTESIAN_POINT ( 'NONE',  ( -8.111188927351228983, 0.7966522784915558431, 7.349860010146585410 ) ) ;
#2640 = DIRECTION ( 'NONE',  ( -0.000000000000000000, -0.000000000000000000, -1.000000000000000000 ) ) ;
#2641 = CARTESIAN_POINT ( 'NONE',  ( -2.008487828504709860, 1.001515483983599353, 7.349860010146585410 ) ) ;
#2642 = ORIENTED_EDGE ( 'NONE', *, *, #3413, .F. ) ;
#2643 = CARTESIAN_POINT ( 'NONE',  ( -7.666908069198036912, 3.296555791808074787, -2.650139989853414590 ) ) ;
#2644 = CARTESIAN_POINT ( 'NONE',  ( -2.008487828504709860, 3.155742184396089112, -5.450139989853414413 ) ) ;
#2645 = CARTESIAN_POINT ( 'NONE',  ( 1.202250578586480545, 4.834420241635363880, 7.349860010146585410 ) ) ;
#2646 = DIRECTION ( 'NONE',  ( 0.000000000000000000, 0.000000000000000000, 1.000000000000000000 ) ) ;
#2647 = DIRECTION ( 'NONE',  ( 0.3886902165834899003, -0.9213685014869347212, 0.000000000000000000 ) ) ;
#2648 = ORIENTED_EDGE ( 'NONE', *, *, #1523, .F. ) ;
#2649 = EDGE_CURVE ( 'NONE', #2909, #1978, #2175, .T. ) ;
#2650 = DIRECTION ( 'NONE',  ( -0.000000000000000000, -0.000000000000000000, -1.000000000000000000 ) ) ;
#2651 = ORIENTED_EDGE ( 'NONE', *, *, #1362, .T. ) ;
#2652 = DIRECTION ( 'NONE',  ( 0.000000000000000000, 0.000000000000000000, 1.000000000000000000 ) ) ;
#2653 = ORIENTED_EDGE ( 'NONE', *, *, #1871, .F. ) ;
#2654 = LINE ( 'NONE', #3983, #2604 ) ;
#2655 = ORIENTED_EDGE ( 'NONE', *, *, #4144, .F. ) ;
#2656 = ADVANCED_FACE ( 'NONE', ( #1633 ), #1655, .T. ) ;
#2657 = CARTESIAN_POINT ( 'NONE',  ( -7.124142639456673365, -2.228434338410556936, 7.349860010146585410 ) ) ;
#2658 = VECTOR ( 'NONE', #2376, 1000.000000000000000 ) ;
#2659 = CIRCLE ( 'NONE', #3264, 6.250000000000000000 ) ;
#2660 = DIRECTION ( 'NONE',  ( 0.000000000000000000, 0.000000000000000000, 1.000000000000000000 ) ) ;
#2661 = CARTESIAN_POINT ( 'NONE',  ( 1.462219059252248821, -4.196243042465702899, -2.650139989853414590 ) ) ;
#2662 = EDGE_CURVE ( 'NONE', #1978, #1247, #1225, .T. ) ;
#2663 = VERTEX_POINT ( 'NONE', #2918 ) ;
#2664 = CIRCLE ( 'NONE', #3934, 2.300000000000001599 ) ;
#2665 = EDGE_CURVE ( 'NONE', #2351, #3406, #62, .T. ) ;
#2666 = DIRECTION ( 'NONE',  ( 0.9922736368262302653, -0.1240686489796942737, 0.000000000000000000 ) ) ;
#2667 = ORIENTED_EDGE ( 'NONE', *, *, #2008, .T. ) ;
#2668 = DIRECTION ( 'NONE',  ( 0.000000000000000000, 0.000000000000000000, 1.000000000000000000 ) ) ;
#2669 = CARTESIAN_POINT ( 'NONE',  ( -2.008487828504709860, 1.001515483983599353, -4.560121934157388424 ) ) ;
#2670 = LINE ( 'NONE', #3682, #3109 ) ;
#2671 = CIRCLE ( 'NONE', #1877, 3.800000000000002931 ) ;
#2672 = ORIENTED_EDGE ( 'NONE', *, *, #123, .F. ) ;
#2673 = DIRECTION ( 'NONE',  ( 0.1886331197694629536, -0.9820476292553429465, 0.000000000000000000 ) ) ;
#2674 = EDGE_LOOP ( 'NONE', ( #1228, #1831, #278, #3209 ) ) ;
#2675 = AXIS2_PLACEMENT_3D ( 'NONE', #371, #3232, #867 ) ;
#2676 = CIRCLE ( 'NONE', #4023, 0.1999999999999997058 ) ;
#2677 = DIRECTION ( 'NONE',  ( 0.000000000000000000, 0.000000000000000000, -1.000000000000000000 ) ) ;
#2678 = VECTOR ( 'NONE', #1144, 1000.000000000000000 ) ;
#2679 = DIRECTION ( 'NONE',  ( -0.4999999999999919509, 0.8660254037844432595, 0.000000000000000000 ) ) ;
#2680 = ORIENTED_EDGE ( 'NONE', *, *, #3048, .F. ) ;
#2681 = CIRCLE ( 'NONE', #3088, 6.250000000000000000 ) ;
#2682 = APPROVAL_PERSON_ORGANIZATION ( #3126, #290, #3659 ) ;
#2683 = LINE ( 'NONE', #2322, #1206 ) ;
#2684 = EDGE_CURVE ( 'NONE', #3516, #1106, #2023, .T. ) ;
#2685 = ORIENTED_EDGE ( 'NONE', *, *, #302, .T. ) ;
#2686 = CARTESIAN_POINT ( 'NONE',  ( -4.882421637671028769, 6.389041270033980702, 7.349860010146585410 ) ) ;
#2687 = DIRECTION ( 'NONE',  ( 0.000000000000000000, 0.000000000000000000, 1.000000000000000000 ) ) ;
#2688 = ORIENTED_EDGE ( 'NONE', *, *, #2287, .T. ) ;
#2689 = DIRECTION ( 'NONE',  ( -1.000000000000000000, 0.000000000000000000, 0.000000000000000000 ) ) ;
#2690 = DIRECTION ( 'NONE',  ( 0.000000000000000000, 0.000000000000000000, 1.000000000000000000 ) ) ;
#2691 = ORIENTED_EDGE ( 'NONE', *, *, #3773, .F. ) ;
#2692 = CYLINDRICAL_SURFACE ( 'NONE', #353, 0.1999999999999998723 ) ;
#2693 = EDGE_LOOP ( 'NONE', ( #42, #313, #2422, #972 ) ) ;
#2694 = ADVANCED_FACE ( 'NONE', ( #1277 ), #977, .T. ) ;
#2695 = DIRECTION ( 'NONE',  ( -0.1045284632676571207, -0.9945218953682729568, 0.000000000000000000 ) ) ;
#2696 = DIRECTION ( 'NONE',  ( -1.000000000000000000, 0.000000000000000000, 0.000000000000000000 ) ) ;
#2697 = ADVANCED_FACE ( 'NONE', ( #36 ), #3236, .T. ) ;
#2698 = DIRECTION ( 'NONE',  ( 0.000000000000000000, 0.000000000000000000, 1.000000000000000000 ) ) ;
#2699 = DIRECTION ( 'NONE',  ( -0.000000000000000000, -0.000000000000000000, -1.000000000000000000 ) ) ;
#2700 = CARTESIAN_POINT ( 'NONE',  ( -3.531756136579513150, -0.7217528240912032267, -5.450139989853414413 ) ) ;
#2701 = AXIS2_PLACEMENT_3D ( 'NONE', #3281, #2646, #1043 ) ;
#2702 = FACE_OUTER_BOUND ( 'NONE', #1358, .T. ) ;
#2703 = DIRECTION ( 'NONE',  ( -1.000000000000000000, 0.000000000000000000, -0.000000000000000000 ) ) ;
#2704 = ORIENTED_EDGE ( 'NONE', *, *, #3327, .T. ) ;
#2705 = AXIS2_PLACEMENT_3D ( 'NONE', #285, #2230, #3128 ) ;
#2706 = VECTOR ( 'NONE', #3022, 1000.000000000000000 ) ;
#2707 = CARTESIAN_POINT ( 'NONE',  ( 0.07218700916191300720, 6.742222919023984851, -2.650139989853414590 ) ) ;
#2708 = EDGE_LOOP ( 'NONE', ( #3376, #3896, #2049, #3756 ) ) ;
#2709 = DIRECTION ( 'NONE',  ( 0.9135454576426066398, 0.4067366430757873852, 0.000000000000000000 ) ) ;
#2710 = AXIS2_PLACEMENT_3D ( 'NONE', #980, #683, #340 ) ;
#2711 = EDGE_CURVE ( 'NONE', #1254, #327, #1310, .T. ) ;
#2712 = DIRECTION ( 'NONE',  ( -0.9998065632379339318, -0.01966814954059800322, 0.000000000000000000 ) ) ;
#2714 = EDGE_CURVE ( 'NONE', #175, #1985, #82, .T. ) ;
#2713 = CARTESIAN_POINT ( 'NONE',  ( 2.841978997313766353, -0.2121449181200643908, 7.349860010146585410 ) ) ;
#2715 = FACE_OUTER_BOUND ( 'NONE', #2453, .T. ) ;
#2716 = ORIENTED_EDGE ( 'NONE', *, *, #2407, .F. ) ;
#2717 = VERTEX_POINT ( 'NONE', #2595 ) ;
#2718 = ADVANCED_FACE ( 'NONE', ( #3530 ), #999, .T. ) ;
#2719 = PLANE ( 'NONE',  #1423 ) ;
#2720 = ORIENTED_EDGE ( 'NONE', *, *, #2315, .F. ) ;
#2721 = CARTESIAN_POINT ( 'NONE',  ( -5.219226235595846752, 4.834420241635406512, 7.349860010146585410 ) ) ;
#2722 = APPROVAL_DATE_TIME ( #527, #2337 ) ;
#2723 = DIRECTION ( 'NONE',  ( 0.000000000000000000, 0.000000000000000000, -1.000000000000000000 ) ) ;
#2724 = EDGE_LOOP ( 'NONE', ( #2368, #169, #3455, #1329 ) ) ;
#2725 = ORIENTED_EDGE ( 'NONE', *, *, #3257, .F. ) ;
#2726 = FACE_OUTER_BOUND ( 'NONE', #2674, .T. ) ;
#2727 = VERTEX_POINT ( 'NONE', #2936 ) ;
#2728 = EDGE_LOOP ( 'NONE', ( #1651, #2198, #1600, #1471 ) ) ;
#2729 = CARTESIAN_POINT ( 'NONE',  ( 0.2871602281450928440, 1.142936840220897921, -5.450139989853414413 ) ) ;
#2730 = DIRECTION ( 'NONE',  ( -0.8756919574047603572, 0.4828701644713818686, 0.000000000000000000 ) ) ;
#2731 = CARTESIAN_POINT ( 'NONE',  ( -7.124142639456673365, -2.228434338410556936, -4.560121934157388424 ) ) ;
#2732 = ORIENTED_EDGE ( 'NONE', *, *, #1576, .F. ) ;
#2733 = EDGE_CURVE ( 'NONE', #3406, #3678, #1759, .T. ) ;
#2734 = VERTEX_POINT ( 'NONE', #2580 ) ;
#2735 = DIRECTION ( 'NONE',  ( 0.9922736368262318196, 0.1240686489796810066, 0.000000000000000000 ) ) ;
#2736 = ORIENTED_EDGE ( 'NONE', *, *, #921, .T. ) ;
#2737 = CIRCLE ( 'NONE', #3261, 0.1999999999999992617 ) ;
#2738 = DIRECTION ( 'NONE',  ( 1.000000000000000000, 0.000000000000000000, 0.000000000000000000 ) ) ;
#2739 = VERTEX_POINT ( 'NONE', #2883 ) ;
#2740 = CARTESIAN_POINT ( 'NONE',  ( -2.708487828504709594, 5.952273001778224604, -2.650139989853414590 ) ) ;
#2741 = CARTESIAN_POINT ( 'NONE',  ( -3.382660501624896732, 5.808973176407915773, -2.650139989853414590 ) ) ;
#2742 = PLANE ( 'NONE',  #4020 ) ;
#2743 = EDGE_LOOP ( 'NONE', ( #115, #2921, #898, #758 ) ) ;
#2744 = EDGE_CURVE ( 'NONE', #403, #2539, #3299, .T. ) ;
#2745 = DIRECTION ( 'NONE',  ( -1.000000000000000000, 0.000000000000000000, 0.000000000000000000 ) ) ;
#2746 = VECTOR ( 'NONE', #981, 1000.000000000000000 ) ;
#2747 = CARTESIAN_POINT ( 'NONE',  ( -2.008487828504709860, 1.001515483983599353, -5.450139989853414413 ) ) ;
#2748 = VERTEX_POINT ( 'NONE', #2901 ) ;
#2749 = EDGE_CURVE ( 'NONE', #3403, #2811, #1294, .T. ) ;
#2750 = VECTOR ( 'NONE', #380, 1000.000000000000114 ) ;
#2751 = EDGE_CURVE ( 'NONE', #2351, #1827, #742, .T. ) ;
#2752 = DIRECTION ( 'NONE',  ( -0.000000000000000000, -0.000000000000000000, -1.000000000000000000 ) ) ;
#2753 = CIRCLE ( 'NONE', #3162, 4.999999999999999112 ) ;
#2754 = AXIS2_PLACEMENT_3D ( 'NONE', #609, #3525, #1904 ) ;
#2755 = DIRECTION ( 'NONE',  ( 0.000000000000000000, 0.000000000000000000, 1.000000000000000000 ) ) ;
#2756 = AXIS2_PLACEMENT_3D ( 'NONE', #4134, #1550, #309 ) ;
#2757 = CARTESIAN_POINT ( 'NONE',  ( -2.008487828504709860, 1.001515483983599353, -5.450139989853414413 ) ) ;
#2758 = ORIENTED_EDGE ( 'NONE', *, *, #3572, .T. ) ;
#2759 = EDGE_LOOP ( 'NONE', ( #3788, #704, #608, #3451 ) ) ;
#2760 = CARTESIAN_POINT ( 'NONE',  ( 4.003448064767775705, -0.06692096710226246026, -4.560121934157388424 ) ) ;
#2761 = CC_DESIGN_APPROVAL ( #290, ( #3258 ) ) ;
#2762 = ORIENTED_EDGE ( 'NONE', *, *, #3360, .T. ) ;
#2763 = CARTESIAN_POINT ( 'NONE',  ( -6.244234946294866972, 5.399625986115096588, 7.349860010146585410 ) ) ;
#2764 = ORIENTED_EDGE ( 'NONE', *, *, #3886, .F. ) ;
#2765 = DIRECTION ( 'NONE',  ( 0.000000000000000000, 0.000000000000000000, 1.000000000000000000 ) ) ;
#2766 = CALENDAR_DATE ( 2026, 17, 6 ) ;
#2767 = FACE_BOUND ( 'NONE', #923, .T. ) ;
#2768 = ORIENTED_EDGE ( 'NONE', *, *, #962, .T. ) ;
#2769 = DIRECTION ( 'NONE',  ( 0.8560238078641554393, -0.5169363987665711591, 0.000000000000000000 ) ) ;
#2770 = EDGE_CURVE ( 'NONE', #3724, #1689, #1663, .T. ) ;
#2771 = ORIENTED_EDGE ( 'NONE', *, *, #3030, .F. ) ;
#2772 = FACE_OUTER_BOUND ( 'NONE', #2783, .T. ) ;
#2773 = ORIENTED_EDGE ( 'NONE', *, *, #2599, .T. ) ;
#2774 = EDGE_CURVE ( 'NONE', #690, #1580, #3333, .T. ) ;
#2775 = AXIS2_PLACEMENT_3D ( 'NONE', #514, #2164, #1503 ) ;
#2776 = EDGE_LOOP ( 'NONE', ( #365, #3654, #1430, #2136 ) ) ;
#2777 = LINE ( 'NONE', #4053, #1059 ) ;
#2778 = DIRECTION ( 'NONE',  ( 0.7071067811865459074, -0.7071067811865491270, 0.000000000000000000 ) ) ;
#2779 = DIRECTION ( 'NONE',  ( 0.1886331197694629258, -0.9820476292553429465, 0.000000000000000000 ) ) ;
#2780 = CARTESIAN_POINT ( 'NONE',  ( -0.9857671199937504403, -4.961415200871193143, -4.560121934157388424 ) ) ;
#2781 = VERTEX_POINT ( 'NONE', #110 ) ;
#2782 = VECTOR ( 'NONE', #2288, 1000.000000000000000 ) ;
#2783 = EDGE_LOOP ( 'NONE', ( #548, #2321, #1647, #209 ) ) ;
#2784 = LINE ( 'NONE', #3319, #295 ) ;
#2785 = DIRECTION ( 'NONE',  ( -0.6035834202427268202, 0.7972998525072557685, 0.000000000000000000 ) ) ;
#2786 = DIRECTION ( 'NONE',  ( 0.2271098263375085913, -0.9738691528028530220, 0.000000000000000000 ) ) ;
#2787 = ORIENTED_EDGE ( 'NONE', *, *, #725, .T. ) ;
#2788 = CIRCLE ( 'NONE', #1345, 2.300000000000006928 ) ;
#2789 = CARTESIAN_POINT ( 'NONE',  ( 1.202250578586480545, 4.834420241635362991, -2.650139989853414590 ) ) ;
#2790 = VERTEX_POINT ( 'NONE', #1005 ) ;
#2791 = PLANE ( 'NONE',  #2176 ) ;
#2792 = EDGE_CURVE ( 'NONE', #3165, #3672, #2533, .T. ) ;
#2793 = COORDINATED_UNIVERSAL_TIME_OFFSET ( 5, 0, .BEHIND. ) ;
#2794 = ADVANCED_BREP_SHAPE_REPRESENTATION ( 'gear', ( #2192, #2491 ), #1468 ) ;
#2795 = DIRECTION ( 'NONE',  ( 0.7071067811865470176, -0.7071067811865481278, 0.000000000000000000 ) ) ;
#2796 = ORIENTED_EDGE ( 'NONE', *, *, #3749, .T. ) ;
#2797 = CARTESIAN_POINT ( 'NONE',  ( -2.008487828504709860, 1.001515483983599353, -2.650139989853414590 ) ) ;
#2798 = DIRECTION ( 'NONE',  ( 0.000000000000000000, 0.000000000000000000, -1.000000000000000000 ) ) ;
#2799 = ORIENTED_EDGE ( 'NONE', *, *, #1179, .F. ) ;
#2800 = ORIENTED_EDGE ( 'NONE', *, *, #3852, .T. ) ;
#2801 = DIRECTION ( 'NONE',  ( -1.000000000000000000, 0.000000000000000000, 0.000000000000000000 ) ) ;
#2802 = LINE ( 'NONE', #1451, #2847 ) ;
#2803 = DIRECTION ( 'NONE',  ( -0.9781476007338073542, -0.2079116908177515988, 0.000000000000000000 ) ) ;
#2804 = CARTESIAN_POINT ( 'NONE',  ( 0.2316469796633628675, 6.621506234975437444, -4.560121934157388424 ) ) ;
#2805 = ORIENTED_EDGE ( 'NONE', *, *, #1443, .T. ) ;
#2806 = ORIENTED_EDGE ( 'NONE', *, *, #25, .F. ) ;
#2807 = CARTESIAN_POINT ( 'NONE',  ( 0.000000000000000000, 2.524783792058391985, -5.450139989853414413 ) ) ;
#2808 = LINE ( 'NONE', #2078, #316 ) ;
#2809 = EDGE_CURVE ( 'NONE', #3555, #651, #1253, .T. ) ;
#2810 = ORIENTED_EDGE ( 'NONE', *, *, #2665, .F. ) ;
#2811 = VERTEX_POINT ( 'NONE', #1687 ) ;
#2812 = EDGE_CURVE ( 'NONE', #2089, #1533, #4007, .T. ) ;
#2813 = PLANE ( 'NONE',  #946 ) ;
#2814 = DIRECTION ( 'NONE',  ( -0.7298405131205520924, -0.6836174554587743923, 0.000000000000000000 ) ) ;
#2815 = DIRECTION ( 'NONE',  ( -1.000000000000000000, 4.336808689942016947E-15, 0.000000000000000000 ) ) ;
#2816 = CIRCLE ( 'NONE', #3206, 2.300000000000012257 ) ;
#2817 = DIRECTION ( 'NONE',  ( 0.3090169943749571657, 0.9510565162951504226, 0.000000000000000000 ) ) ;
#2818 = CARTESIAN_POINT ( 'NONE',  ( 1.467806324193505763, -2.592281806337070282, -4.560121934157388424 ) ) ;
#2819 = ORIENTED_EDGE ( 'NONE', *, *, #3200, .T. ) ;
#2820 = DIRECTION ( 'NONE',  ( -0.000000000000000000, -0.000000000000000000, -1.000000000000000000 ) ) ;
#2821 = DIRECTION ( 'NONE',  ( 0.000000000000000000, 0.000000000000000000, 1.000000000000000000 ) ) ;
#2822 = DIRECTION ( 'NONE',  ( 0.000000000000000000, -1.000000000000000000, 0.000000000000000000 ) ) ;
#2823 = ORIENTED_EDGE ( 'NONE', *, *, #3280, .T. ) ;
#2824 = ORIENTED_EDGE ( 'NONE', *, *, #1255, .F. ) ;
#2825 = VECTOR ( 'NONE', #2955, 1000.000000000000000 ) ;
#2826 = LINE ( 'NONE', #880, #3568 ) ;
#2827 = CARTESIAN_POINT ( 'NONE',  ( -4.304135885154518171, 1.142936840220904582, -5.450139989853414413 ) ) ;
#2828 = AXIS2_PLACEMENT_3D ( 'NONE', #2850, #1256, #2594 ) ;
#2829 = CIRCLE ( 'NONE', #1260, 2.300000000000012257 ) ;
#2830 = CIRCLE ( 'NONE', #934, 0.1999999999999995670 ) ;
#2831 = VERTEX_POINT ( 'NONE', #2042 ) ;
#2832 = AXIS2_PLACEMENT_3D ( 'NONE', #1526, #3111, #2137 ) ;
#2833 = ADVANCED_FACE ( 'NONE', ( #2632 ), #666, .T. ) ;
#2834 = CARTESIAN_POINT ( 'NONE',  ( -2.008487828504709860, 1.001515483983599353, -2.650139989853414590 ) ) ;
#2835 = CARTESIAN_POINT ( 'NONE',  ( -5.219226235595846752, 4.834420241635406512, -2.650139989853414590 ) ) ;
#2836 = DIRECTION ( 'NONE',  ( 1.000000000000000000, 0.000000000000000000, 0.000000000000000000 ) ) ;
#2837 = ORIENTED_EDGE ( 'NONE', *, *, #3459, .T. ) ;
#2838 = EDGE_CURVE ( 'NONE', #2915, #2307, #518, .T. ) ;
#2839 = CARTESIAN_POINT ( 'NONE',  ( -0.2852195204299127207, 2.524783792058386656, -5.450139989853414413 ) ) ;
#2840 = CARTESIAN_POINT ( 'NONE',  ( -1.166840917443273895, -5.046340343657114147, -4.560121934157388424 ) ) ;
#2841 = ORIENTED_EDGE ( 'NONE', *, *, #1907, .T. ) ;
#2842 = ORIENTED_EDGE ( 'NONE', *, *, #3888, .T. ) ;
#2843 = CARTESIAN_POINT ( 'NONE',  ( -6.858954654323203393, -0.2121449181199984713, -2.650139989853414590 ) ) ;
#2844 = CARTESIAN_POINT ( 'NONE',  ( -1.166840917443274339, -5.046340343657114147, 7.349860010146585410 ) ) ;
#2845 = ORIENTED_EDGE ( 'NONE', *, *, #4111, .F. ) ;
#2846 = EDGE_CURVE ( 'NONE', #3919, #4139, #4083, .T. ) ;
#2847 = VECTOR ( 'NONE', #237, 1000.000000000000000 ) ;
#2848 = ORIENTED_EDGE ( 'NONE', *, *, #1217, .T. ) ;
#2849 = ADVANCED_FACE ( 'NONE', ( #845 ), #1404, .T. ) ;
#2850 = CARTESIAN_POINT ( 'NONE',  ( -7.935236810896764581, 2.470724840930976551, -4.560121934157388424 ) ) ;
#2851 = DIRECTION ( 'NONE',  ( -0.1045284632676410780, 0.9945218953682746221, 0.000000000000000000 ) ) ;
#2852 = DIRECTION ( 'NONE',  ( 1.000000000000000000, 0.000000000000000000, 0.000000000000000000 ) ) ;
#2853 = DIRECTION ( 'NONE',  ( 0.000000000000000000, 0.000000000000000000, 1.000000000000000000 ) ) ;
#2854 = ORIENTED_EDGE ( 'NONE', *, *, #3577, .F. ) ;
#2855 = ADVANCED_FACE ( 'NONE', ( #2702 ), #3665, .T. ) ;
#2856 = ADVANCED_FACE ( 'NONE', ( #802 ), #1428, .F. ) ;
#2857 = DIRECTION ( 'NONE',  ( 0.9135454576426059736, 0.4067366430757887730, 0.000000000000000000 ) ) ;
#2858 = ORIENTED_EDGE ( 'NONE', *, *, #1004, .T. ) ;
#2859 = CARTESIAN_POINT ( 'NONE',  ( 1.220279461175395097, -4.181147096574657773, 7.349860010146585410 ) ) ;
#2860 = CYLINDRICAL_SURFACE ( 'NONE', #2348, 0.1999999999999998168 ) ;
#2861 = VERTEX_POINT ( 'NONE', #2434 ) ;
#2862 = CARTESIAN_POINT ( 'NONE',  ( 4.094213270341807487, 0.7966522784914734645, -2.650139989853414590 ) ) ;
#2863 = VERTEX_POINT ( 'NONE', #3711 ) ;
#2864 = CARTESIAN_POINT ( 'NONE',  ( -2.708487828504709594, 5.952273001778224604, -4.560121934157388424 ) ) ;
#2865 = DIRECTION ( 'NONE',  ( 1.000000000000000000, 0.000000000000000000, 0.000000000000000000 ) ) ;
#2866 = VECTOR ( 'NONE', #3877, 1000.000000000000114 ) ;
#2867 = CARTESIAN_POINT ( 'NONE',  ( -1.867066472267406629, -1.294132572666213399, -8.550139989853414946 ) ) ;
#2868 = ORIENTED_EDGE ( 'NONE', *, *, #3575, .T. ) ;
#2869 = AXIS2_PLACEMENT_3D ( 'NONE', #3031, #3713, #3666 ) ;
#2870 = CARTESIAN_POINT ( 'NONE',  ( -0.2852195204299176612, -0.5217528240912078230, -5.450139989853414413 ) ) ;
#2871 = ADVANCED_FACE ( 'NONE', ( #2497 ), #3779, .T. ) ;
#2872 = FACE_OUTER_BOUND ( 'NONE', #140, .T. ) ;
#2873 = ORIENTED_EDGE ( 'NONE', *, *, #1884, .T. ) ;
#2874 = ADVANCED_FACE ( 'NONE', ( #2180 ), #3463, .T. ) ;
#2875 = DIRECTION ( 'NONE',  ( -1.000000000000000000, 0.000000000000000000, 0.000000000000000000 ) ) ;
#2876 = DIRECTION ( 'NONE',  ( 0.3090169943749573878, 0.9510565162951504226, 0.000000000000000000 ) ) ;
#2877 = ORIENTED_EDGE ( 'NONE', *, *, #1576, .T. ) ;
#2878 = VECTOR ( 'NONE', #4032, 1000.000000000000000 ) ;
#2879 = ORIENTED_EDGE ( 'NONE', *, *, #1424, .T. ) ;
#2880 = CARTESIAN_POINT ( 'NONE',  ( -4.352158189078055628, -3.415181159546495593, 7.349860010146585410 ) ) ;
#2881 = AXIS2_PLACEMENT_3D ( 'NONE', #158, #485, #2983 ) ;
#2882 = CIRCLE ( 'NONE', #331, 4.999999999999999112 ) ;
#2883 = CARTESIAN_POINT ( 'NONE',  ( -6.814984832465910358, 4.996523187469541938, -2.650139989853414590 ) ) ;
#2884 = AXIS2_PLACEMENT_3D ( 'NONE', #3249, #1891, #3179 ) ;
#2885 = DIRECTION ( 'NONE',  ( 0.000000000000000000, 0.000000000000000000, -1.000000000000000000 ) ) ;
#2886 = EDGE_CURVE ( 'NONE', #605, #1438, #4091, .T. ) ;
#2887 = LINE ( 'NONE', #3283, #3159 ) ;
#2888 = ORIENTED_EDGE ( 'NONE', *, *, #3833, .T. ) ;
#2889 = CARTESIAN_POINT ( 'NONE',  ( -2.008487828504709860, 1.001515483983599353, 7.349860010146585410 ) ) ;
#2890 = EDGE_CURVE ( 'NONE', #1495, #1583, #710, .T. ) ;
#2891 = PLANE ( 'NONE',  #2756 ) ;
#2892 = EDGE_LOOP ( 'NONE', ( #813, #1806, #2440, #1124 ) ) ;
#2893 = DIRECTION ( 'NONE',  ( 0.000000000000000000, 0.000000000000000000, 1.000000000000000000 ) ) ;
#2894 = CARTESIAN_POINT ( 'NONE',  ( 3.276279538181156692, -2.335209539150932656, 7.349860010146585410 ) ) ;
#2895 = ORIENTED_EDGE ( 'NONE', *, *, #2150, .T. ) ;
#2896 = EDGE_CURVE ( 'NONE', #1588, #1783, #1654, .T. ) ;
#2897 = ORIENTED_EDGE ( 'NONE', *, *, #3444, .T. ) ;
#2898 = LINE ( 'NONE', #1204, #58 ) ;
#2899 = CARTESIAN_POINT ( 'NONE',  ( 1.467806324193505763, -2.592281806337070282, 7.349860010146585410 ) ) ;
#2900 = CIRCLE ( 'NONE', #2705, 6.250000000000000888 ) ;
#2901 = CARTESIAN_POINT ( 'NONE',  ( -7.293255195190622153, -2.335209539150859381, 7.349860010146585410 ) ) ;
#2902 = AXIS2_PLACEMENT_3D ( 'NONE', #4068, #2492, #2851 ) ;
#2903 = CIRCLE ( 'NONE', #1226, 0.1999999999999995115 ) ;
#2904 = VERTEX_POINT ( 'NONE', #75 ) ;
#2905 = LINE ( 'NONE', #1993, #357 ) ;
#2906 = AXIS2_PLACEMENT_3D ( 'NONE', #1129, #1154, #3702 ) ;
#2907 = CARTESIAN_POINT ( 'NONE',  ( -7.666908069198036912, 3.296555791808074787, -4.560121934157388424 ) ) ;
#2908 = VERTEX_POINT ( 'NONE', #2282 ) ;
#2909 = VERTEX_POINT ( 'NONE', #2302 ) ;
#2910 = CARTESIAN_POINT ( 'NONE',  ( 4.228256542016031183, 0.5946744133210435379, -4.560121934157388424 ) ) ;
#2911 = VERTEX_POINT ( 'NONE', #3915 ) ;
#2912 = DIRECTION ( 'NONE',  ( 0.000000000000000000, 0.000000000000000000, -1.000000000000000000 ) ) ;
#2913 = VERTEX_POINT ( 'NONE', #1646 ) ;
#2914 = DIRECTION ( 'NONE',  ( 0.000000000000000000, 0.000000000000000000, 1.000000000000000000 ) ) ;
#2915 = VERTEX_POINT ( 'NONE', #2862 ) ;
#2916 = DIRECTION ( 'NONE',  ( -0.6836174554587743923, 0.7298405131205520924, 0.000000000000000000 ) ) ;
#2917 = EDGE_CURVE ( 'NONE', #1178, #63, #973, .T. ) ;
#2918 = CARTESIAN_POINT ( 'NONE',  ( -3.065017486057437068, -5.158536876403569948, 7.349860010146585410 ) ) ;
#2919 = EDGE_CURVE ( 'NONE', #1016, #1438, #427, .T. ) ;
#2920 = CARTESIAN_POINT ( 'NONE',  ( -2.582115006450394823, 2.582115006450407257, -5.450139989853414413 ) ) ;
#2921 = ORIENTED_EDGE ( 'NONE', *, *, #3727, .T. ) ;
#2922 = FACE_OUTER_BOUND ( 'NONE', #348, .T. ) ;
#2923 = DIRECTION ( 'NONE',  ( 0.000000000000000000, 0.000000000000000000, 1.000000000000000000 ) ) ;
#2924 = ORIENTED_EDGE ( 'NONE', *, *, #753, .F. ) ;
#2925 = AXIS2_PLACEMENT_3D ( 'NONE', #261, #3722, #194 ) ;
#2926 = CARTESIAN_POINT ( 'NONE',  ( -1.574322804277690446, 7.092199383724657302, -4.560121934157388424 ) ) ;
#2927 = VERTEX_POINT ( 'NONE', #2633 ) ;
#2928 = EDGE_CURVE ( 'NONE', #2245, #4052, #3308, .T. ) ;
#2929 = AXIS2_PLACEMENT_3D ( 'NONE', #139, #3645, #1116 ) ;
#2930 = DIRECTION ( 'NONE',  ( -0.000000000000000000, -0.000000000000000000, -1.000000000000000000 ) ) ;
#2931 = ORIENTED_EDGE ( 'NONE', *, *, #1362, .F. ) ;
#2932 = LINE ( 'NONE', #1630, #1809 ) ;
#2933 = ORIENTED_EDGE ( 'NONE', *, *, #772, .F. ) ;
#2934 = LINE ( 'NONE', #1947, #130 ) ;
#2935 = DIRECTION ( 'NONE',  ( 0.000000000000000000, 0.000000000000000000, 1.000000000000000000 ) ) ;
#2936 = CARTESIAN_POINT ( 'NONE',  ( -7.666908069198036912, 3.296555791808073899, 7.349860010146585410 ) ) ;
#2937 = VERTEX_POINT ( 'NONE', #408 ) ;
#2938 = EDGE_CURVE ( 'NONE', #2307, #1978, #733, .T. ) ;
#2939 = AXIS2_PLACEMENT_3D ( 'NONE', #1413, #3583, #1672 ) ;
#2940 = CIRCLE ( 'NONE', #2542, 2.300000000000006928 ) ;
#2941 = DIRECTION ( 'NONE',  ( 0.000000000000000000, 0.000000000000000000, 1.000000000000000000 ) ) ;
#2942 = VECTOR ( 'NONE', #2454, 1000.000000000000000 ) ;
#2943 = LINE ( 'NONE', #3201, #2107 ) ;
#2944 = CIRCLE ( 'NONE', #1133, 0.1999999999999995115 ) ;
#2945 = AXIS2_PLACEMENT_3D ( 'NONE', #3482, #4117, #3174 ) ;
#2946 = CARTESIAN_POINT ( 'NONE',  ( -8.045656379168791617, 0.6076933275823266367, 7.349860010146585410 ) ) ;
#2947 = ORIENTED_EDGE ( 'NONE', *, *, #3303, .T. ) ;
#2948 = DIRECTION ( 'NONE',  ( -0.4999999999999930056, 0.8660254037844427044, 0.000000000000000000 ) ) ;
#2949 = EDGE_CURVE ( 'NONE', #853, #2517, #2659, .T. ) ;
#2950 = DIRECTION ( 'NONE',  ( 0.7071067811865496822, -0.7071067811865454633, 0.000000000000000000 ) ) ;
#2951 = EDGE_LOOP ( 'NONE', ( #3844, #904, #1242, #3484 ) ) ;
#2952 = LINE ( 'NONE', #3620, #1545 ) ;
#2953 = EDGE_LOOP ( 'NONE', ( #3639, #517, #477, #3650 ) ) ;
#2954 = CARTESIAN_POINT ( 'NONE',  ( -1.166840917443273895, -5.046340343657114147, 7.349860010146585410 ) ) ;
#2955 = DIRECTION ( 'NONE',  ( 0.000000000000000000, 0.000000000000000000, 1.000000000000000000 ) ) ;
#2956 = FACE_OUTER_BOUND ( 'NONE', #1659, .T. ) ;
#2957 = DIRECTION ( 'NONE',  ( -0.000000000000000000, -0.000000000000000000, -1.000000000000000000 ) ) ;
#2958 = EDGE_CURVE ( 'NONE', #77, #3714, #4143, .T. ) ;
#2959 = CARTESIAN_POINT ( 'NONE',  ( 4.028680722159367456, 0.6076933275822452574, -4.560121934157388424 ) ) ;
#2960 = ORIENTED_EDGE ( 'NONE', *, *, #1236, .F. ) ;
#2961 = CYLINDRICAL_SURFACE ( 'NONE', #3380, 3.800000000000002931 ) ;
#2962 = DIRECTION ( 'NONE',  ( 1.000000000000000000, 0.000000000000000000, 0.000000000000000000 ) ) ;
#2963 = LINE ( 'NONE', #3207, #1156 ) ;
#2964 = VECTOR ( 'NONE', #2238, 1000.000000000000114 ) ;
#2965 = DIRECTION ( 'NONE',  ( 0.000000000000000000, 0.000000000000000000, -1.000000000000000000 ) ) ;
#2966 = ORIENTED_EDGE ( 'NONE', *, *, #1839, .T. ) ;
#2967 = EDGE_CURVE ( 'NONE', #3123, #3678, #3558, .T. ) ;
#2968 = VECTOR ( 'NONE', #2765, 1000.000000000000000 ) ;
#2969 = DIRECTION ( 'NONE',  ( -0.000000000000000000, -0.000000000000000000, -1.000000000000000000 ) ) ;
#2970 = FACE_OUTER_BOUND ( 'NONE', #1635, .T. ) ;
#2971 = ORIENTED_EDGE ( 'NONE', *, *, #3320, .F. ) ;
#2972 = ADVANCED_FACE ( 'NONE', ( #1026 ), #1688, .T. ) ;
#2973 = EDGE_CURVE ( 'NONE', #2937, #2167, #1369, .T. ) ;
#2974 = CARTESIAN_POINT ( 'NONE',  ( -6.500626130338020836, 3.197123253418324040, 7.349860010146585410 ) ) ;
#2975 = EDGE_LOOP ( 'NONE', ( #1237, #2503, #2819, #3739 ) ) ;
#2976 = DIRECTION ( 'NONE',  ( 1.000000000000000000, 0.000000000000000000, 0.000000000000000000 ) ) ;
#2977 = CARTESIAN_POINT ( 'NONE',  ( -2.850134739566227093, -5.046340343657101712, -4.560121934157388424 ) ) ;
#2978 = CYLINDRICAL_SURFACE ( 'NONE', #680, 0.1999999999999997891 ) ;
#2979 = ORIENTED_EDGE ( 'NONE', *, *, #1142, .T. ) ;
#2980 = DIRECTION ( 'NONE',  ( -0.4999999999999919509, 0.8660254037844432595, 0.000000000000000000 ) ) ;
#2981 = LINE ( 'NONE', #2920, #1462 ) ;
#2982 = VERTEX_POINT ( 'NONE', #2610 ) ;
#2983 = DIRECTION ( 'NONE',  ( 0.3090169943749454529, -0.9510565162951541973, 0.000000000000000000 ) ) ;
#2984 = DIRECTION ( 'NONE',  ( 0.9135454576426005335, -0.4067366430758010409, 0.000000000000000000 ) ) ;
#2985 = VERTEX_POINT ( 'NONE', #3874 ) ;
#2986 = PLANE ( 'NONE',  #1601 ) ;
#2987 = EDGE_CURVE ( 'NONE', #1966, #198, #1939, .T. ) ;
#2988 = ADVANCED_FACE ( 'NONE', ( #2970 ), #669, .T. ) ;
#2989 = CARTESIAN_POINT ( 'NONE',  ( 2.798009175456543929, 4.996523187469475324, 7.349860010146585410 ) ) ;
#2990 = ORIENTED_EDGE ( 'NONE', *, *, #3536, .F. ) ;
#2991 = VECTOR ( 'NONE', #968, 1000.000000000000000 ) ;
#2992 = DIRECTION ( 'NONE',  ( 0.000000000000000000, 0.000000000000000000, 1.000000000000000000 ) ) ;
#2993 = CARTESIAN_POINT ( 'NONE',  ( -2.008487828504709860, 1.001515483983599353, 7.349860010146585410 ) ) ;
#2994 = EDGE_LOOP ( 'NONE', ( #4069, #1149, #2244, #951 ) ) ;
#2995 = AXIS2_PLACEMENT_3D ( 'NONE', #575, #3203, #3442 ) ;
#2996 = DIRECTION ( 'NONE',  ( 1.000000000000000000, 0.000000000000000000, 0.000000000000000000 ) ) ;
#2997 = ORIENTED_EDGE ( 'NONE', *, *, #1343, .T. ) ;
#2998 = CARTESIAN_POINT ( 'NONE',  ( 2.808285501127174122, 4.754331003799882716, -4.560121934157388424 ) ) ;
#2999 = CYLINDRICAL_SURFACE ( 'NONE', #555, 2.300000000000012257 ) ;
#3000 = CARTESIAN_POINT ( 'NONE',  ( -8.045656379168791617, 0.6076933275823266367, -2.650139989853414590 ) ) ;
#3001 = DIRECTION ( 'NONE',  ( 0.000000000000000000, 0.000000000000000000, 1.000000000000000000 ) ) ;
#3002 = AXIS2_PLACEMENT_3D ( 'NONE', #2072, #761, #214 ) ;
#3003 = CARTESIAN_POINT ( 'NONE',  ( -2.008487828504709860, 1.001515483983599353, -2.650139989853414590 ) ) ;
#3004 = CARTESIAN_POINT ( 'NONE',  ( -5.479194716261737597, -4.196243042465656714, -4.560121934157388424 ) ) ;
#3005 = VECTOR ( 'NONE', #2690, 1000.000000000000000 ) ;
#3006 = AXIS2_PLACEMENT_3D ( 'NONE', #3129, #975, #249 ) ;
#3007 = EDGE_CURVE ( 'NONE', #2536, #1588, #23, .T. ) ;
#3008 = EDGE_CURVE ( 'NONE', #1748, #1016, #1049, .T. ) ;
#3009 = VECTOR ( 'NONE', #1212, 1000.000000000000000 ) ;
#3010 = EDGE_CURVE ( 'NONE', #3966, #2982, #2585, .T. ) ;
#3011 = AXIS2_PLACEMENT_3D ( 'NONE', #1344, #1669, #2350 ) ;
#3012 = LINE ( 'NONE', #537, #113 ) ;
#3013 = VERTEX_POINT ( 'NONE', #3893 ) ;
#3014 = EDGE_CURVE ( 'NONE', #1024, #3853, #3146, .T. ) ;
#3015 = DIRECTION ( 'NONE',  ( -0.8090169943749420112, 0.5877852522924803536, 0.000000000000000000 ) ) ;
#3016 = VERTEX_POINT ( 'NONE', #72 ) ;
#3017 = DIRECTION ( 'NONE',  ( 0.4828701644713818686, 0.8756919574047603572, 0.000000000000000000 ) ) ;
#3018 = DIRECTION ( 'NONE',  ( -1.000000000000000000, 0.000000000000000000, 0.000000000000000000 ) ) ;
#3019 = CARTESIAN_POINT ( 'NONE',  ( -2.008487828504709860, 1.001515483983599353, 7.349860010146585410 ) ) ;
#3020 = CARTESIAN_POINT ( 'NONE',  ( -3.531756136579508265, 2.524783792058391985, -5.450139989853414413 ) ) ;
#3021 = ORIENTED_EDGE ( 'NONE', *, *, #2127, .T. ) ;
#3022 = DIRECTION ( 'NONE',  ( 0.000000000000000000, 0.000000000000000000, -1.000000000000000000 ) ) ;
#3023 = EDGE_LOOP ( 'NONE', ( #165, #1910, #2758, #569 ) ) ;
#3024 = DIRECTION ( 'NONE',  ( -0.9781476007338041345, 0.2079116908177665035, 0.000000000000000000 ) ) ;
#3025 = FACE_OUTER_BOUND ( 'NONE', #1111, .T. ) ;
#3026 = CARTESIAN_POINT ( 'NONE',  ( -8.193531385815207457, 0.1027740338590803909, -2.650139989853414590 ) ) ;
#3027 = PLANE ( 'NONE',  #2146 ) ;
#3028 = CIRCLE ( 'NONE', #1558, 6.250000000000000000 ) ;
#3029 = VECTOR ( 'NONE', #1786, 1000.000000000000000 ) ;
#3030 = EDGE_CURVE ( 'NONE', #2168, #542, #3247, .T. ) ;
#3031 = CARTESIAN_POINT ( 'NONE',  ( -2.008487828504709860, 1.001515483983599353, -2.650139989853414590 ) ) ;
#3032 = ORIENTED_EDGE ( 'NONE', *, *, #1953, .F. ) ;
#3033 = AXIS2_PLACEMENT_3D ( 'NONE', #2249, #1969, #3903 ) ;
#3034 = ORIENTED_EDGE ( 'NONE', *, *, #3461, .T. ) ;
#3035 = DIRECTION ( 'NONE',  ( 0.000000000000000000, 0.000000000000000000, 1.000000000000000000 ) ) ;
#3036 = ORIENTED_EDGE ( 'NONE', *, *, #509, .T. ) ;
#3037 = CARTESIAN_POINT ( 'NONE',  ( -7.066092299987860592, -2.419824406302168107, -4.560121934157388424 ) ) ;
#3038 = AXIS2_PLACEMENT_3D ( 'NONE', #767, #1107, #2053 ) ;
#3039 = DIRECTION ( 'NONE',  ( -0.000000000000000000, -0.000000000000000000, -1.000000000000000000 ) ) ;
#3040 = ORIENTED_EDGE ( 'NONE', *, *, #2394, .T. ) ;
#3041 = CYLINDRICAL_SURFACE ( 'NONE', #2071, 4.999999999999999112 ) ;
#3042 = DIRECTION ( 'NONE',  ( -1.000000000000000000, 0.000000000000000000, 0.000000000000000000 ) ) ;
#3043 = ORIENTED_EDGE ( 'NONE', *, *, #47, .F. ) ;
#3044 = ORIENTED_EDGE ( 'NONE', *, *, #646, .T. ) ;
#3045 = FACE_OUTER_BOUND ( 'NONE', #2743, .T. ) ;
#3046 = ORIENTED_EDGE ( 'NONE', *, *, #2405, .T. ) ;
#3047 = LINE ( 'NONE', #1038, #1011 ) ;
#3048 = EDGE_CURVE ( 'NONE', #8, #2613, #2330, .T. ) ;
#3049 = DIRECTION ( 'NONE',  ( 1.000000000000000000, 0.000000000000000000, 0.000000000000000000 ) ) ;
#3050 = ADVANCED_FACE ( 'NONE', ( #3578 ), #1975, .T. ) ;
#3051 = CARTESIAN_POINT ( 'NONE',  ( -2.008487828504716965, -1.152711216428904839, -8.550139989853414946 ) ) ;
#3052 = ADVANCED_FACE ( 'NONE', ( #2726 ), #3733, .T. ) ;
#3053 = ORIENTED_EDGE ( 'NONE', *, *, #3303, .F. ) ;
#3054 = ORIENTED_EDGE ( 'NONE', *, *, #1953, .T. ) ;
#3055 = DIRECTION ( 'NONE',  ( -1.000000000000000000, 0.000000000000000000, 0.000000000000000000 ) ) ;
#3056 = CARTESIAN_POINT ( 'NONE',  ( -2.008487828504709860, 1.001515483983599353, -5.450139989853414413 ) ) ;
#3057 = ORIENTED_EDGE ( 'NONE', *, *, #2066, .T. ) ;
#3058 = ORIENTED_EDGE ( 'NONE', *, *, #983, .F. ) ;
#3059 = LINE ( 'NONE', #2479, #989 ) ;
#3060 = CARTESIAN_POINT ( 'NONE',  ( -0.2944641416376618248, -3.695517920289643765, -2.650139989853414590 ) ) ;
#3061 = DIRECTION ( 'NONE',  ( 1.000000000000000000, 0.000000000000000000, 0.000000000000000000 ) ) ;
#3062 = DIRECTION ( 'NONE',  ( -0.01966814954059799975, 0.9998065632379338208, 0.000000000000000000 ) ) ;
#3063 = ORIENTED_EDGE ( 'NONE', *, *, #4151, .F. ) ;
#3064 = EDGE_CURVE ( 'NONE', #1965, #4041, #2406, .T. ) ;
#3065 = VERTEX_POINT ( 'NONE', #3981 ) ;
#3066 = DIRECTION ( 'NONE',  ( -1.000000000000000000, 0.000000000000000000, 0.000000000000000000 ) ) ;
#3067 = CARTESIAN_POINT ( 'NONE',  ( -5.484781981202973888, -2.592281806337022321, -4.560121934157388424 ) ) ;
#3068 = ORIENTED_EDGE ( 'NONE', *, *, #1562, .T. ) ;
#3069 = CIRCLE ( 'NONE', #2131, 4.999999999999999112 ) ;
#3070 = CARTESIAN_POINT ( 'NONE',  ( -2.008487828504709860, 1.001515483983599353, 7.349860010146585410 ) ) ;
#3071 = EDGE_CURVE ( 'NONE', #3013, #688, #1187, .T. ) ;
#3072 = ORIENTED_EDGE ( 'NONE', *, *, #2630, .F. ) ;
#3073 = AXIS2_PLACEMENT_3D ( 'NONE', #732, #2278, #2948 ) ;
#3074 = APPROVAL_STATUS ( 'not_yet_approved' ) ;
#3075 = CARTESIAN_POINT ( 'NONE',  ( 2.467050550301582934, 5.364089978457242225, -4.560121934157388424 ) ) ;
#3076 = EDGE_CURVE ( 'NONE', #3586, #1130, #192, .T. ) ;
#3077 = ORIENTED_EDGE ( 'NONE', *, *, #1821, .F. ) ;
#3078 = CYLINDRICAL_SURFACE ( 'NONE', #3686, 6.250000000000000000 ) ;
#3079 = AXIS2_PLACEMENT_3D ( 'NONE', #3891, #2015, #2316 ) ;
#3080 = DIRECTION ( 'NONE',  ( 0.000000000000000000, 0.000000000000000000, -1.000000000000000000 ) ) ;
#3081 = ORIENTED_EDGE ( 'NONE', *, *, #2987, .T. ) ;
#3082 = CIRCLE ( 'NONE', #3348, 4.999999999999999112 ) ;
#3083 = VECTOR ( 'NONE', #1517, 1000.000000000000000 ) ;
#3084 = ADVANCED_FACE ( 'NONE', ( #1405 ), #826, .F. ) ;
#3085 = LINE ( 'NONE', #1450, #3427 ) ;
#3086 = VECTOR ( 'NONE', #2815, 1000.000000000000000 ) ;
#3087 = CARTESIAN_POINT ( 'NONE',  ( -1.663870782664991443, -3.986594287434496842, 7.349860010146585410 ) ) ;
#3088 = AXIS2_PLACEMENT_3D ( 'NONE', #656, #2612, #2876 ) ;
#3089 = DIRECTION ( 'NONE',  ( 0.5717596857902234042, 0.8204211489869487339, 0.000000000000000000 ) ) ;
#3090 = APPROVAL_PERSON_ORGANIZATION ( #818, #2337, #224 ) ;
#3091 = CARTESIAN_POINT ( 'NONE',  ( 3.978634334971839159, 0.1315337602629841618, -2.650139989853414590 ) ) ;
#3092 = ORIENTED_EDGE ( 'NONE', *, *, #343, .F. ) ;
#3093 = ORIENTED_EDGE ( 'NONE', *, *, #1746, .T. ) ;
#3094 = CARTESIAN_POINT ( 'NONE',  ( 3.107166982447210124, -2.228434338410628435, -2.650139989853414590 ) ) ;
#3095 = PLANE ( 'NONE',  #1650 ) ;
#3096 = ORIENTED_EDGE ( 'NONE', *, *, #1874, .T. ) ;
#3097 = DIRECTION ( 'NONE',  ( 0.000000000000000000, 0.000000000000000000, 1.000000000000000000 ) ) ;
#3098 = ORIENTED_EDGE ( 'NONE', *, *, #329, .T. ) ;
#3099 = VERTEX_POINT ( 'NONE', #444 ) ;
#3100 = DIRECTION ( 'NONE',  ( 0.000000000000000000, 0.000000000000000000, 1.000000000000000000 ) ) ;
#3101 = VERTEX_POINT ( 'NONE', #3325 ) ;
#3102 = PERSON_AND_ORGANIZATION ( #1616, #1670 ) ;
#3103 = CARTESIAN_POINT ( 'NONE',  ( 3.483281667205417875, -1.667828525471670265, -2.650139989853414590 ) ) ;
#3104 = LINE ( 'NONE', #3323, #1461 ) ;
#3105 = FACE_OUTER_BOUND ( 'NONE', #2031, .T. ) ;
#3106 = DIRECTION ( 'NONE',  ( -1.000000000000000000, 0.000000000000000000, 0.000000000000000000 ) ) ;
#3107 = EDGE_LOOP ( 'NONE', ( #3119, #3356, #2732, #2648 ) ) ;
#3108 = ADVANCED_FACE ( 'NONE', ( #2772 ), #1163, .T. ) ;
#3109 = VECTOR ( 'NONE', #1094, 1000.000000000000114 ) ;
#3110 = ORIENTED_EDGE ( 'NONE', *, *, #1255, .T. ) ;
#3111 = DIRECTION ( 'NONE',  ( -0.000000000000000000, -0.000000000000000000, -1.000000000000000000 ) ) ;
#3112 = CARTESIAN_POINT ( 'NONE',  ( -6.933249922462962012, 1.865644130605114137, -2.650139989853414590 ) ) ;
#3113 = EDGE_CURVE ( 'NONE', #2100, #3165, #1819, .T. ) ;
#3114 = CARTESIAN_POINT ( 'NONE',  ( -4.248622636672708452, 6.621506234975468530, -2.650139989853414590 ) ) ;
#3115 = CARTESIAN_POINT ( 'NONE',  ( 3.276279538181156692, -2.335209539150932656, -4.560121934157388424 ) ) ;
#3116 = ORIENTED_EDGE ( 'NONE', *, *, #3257, .T. ) ;
#3117 = VECTOR ( 'NONE', #225, 1000.000000000000000 ) ;
#3118 = AXIS2_PLACEMENT_3D ( 'NONE', #3767, #1172, #438 ) ;
#3119 = ORIENTED_EDGE ( 'NONE', *, *, #2106, .F. ) ;
#3120 = DIRECTION ( 'NONE',  ( -0.000000000000000000, -0.000000000000000000, -1.000000000000000000 ) ) ;
#3121 = CARTESIAN_POINT ( 'NONE',  ( -2.008487828504709860, 1.001515483983599353, -5.450139989853414413 ) ) ;
#3122 = VERTEX_POINT ( 'NONE', #2389 ) ;
#3123 = VERTEX_POINT ( 'NONE', #4026 ) ;
#3124 = CIRCLE ( 'NONE', #1284, 6.250000000000000000 ) ;
#3125 = ORIENTED_EDGE ( 'NONE', *, *, #92, .T. ) ;
#3126 = PERSON_AND_ORGANIZATION ( #1616, #1670 ) ;
#3127 = ORIENTED_EDGE ( 'NONE', *, *, #1311, .F. ) ;
#3128 = DIRECTION ( 'NONE',  ( -0.8090169943749268011, 0.5877852522925013368, 0.000000000000000000 ) ) ;
#3129 = CARTESIAN_POINT ( 'NONE',  ( -3.531756136579513150, 0.000000000000000000, -5.450139989853414413 ) ) ;
#3130 = DIRECTION ( 'NONE',  ( 0.7071067811865486830, -0.7071067811865464625, 0.000000000000000000 ) ) ;
#3131 = CARTESIAN_POINT ( 'NONE',  ( -7.831849531143450172, 2.641929602503807040, -2.650139989853414590 ) ) ;
#3132 = ORIENTED_EDGE ( 'NONE', *, *, #4130, .T. ) ;
#3133 = DIRECTION ( 'NONE',  ( 0.000000000000000000, -1.000000000000000000, 0.000000000000000000 ) ) ;
#3134 = CARTESIAN_POINT ( 'NONE',  ( -6.484026207310942702, 5.364089978457302621, -2.650139989853414590 ) ) ;
#3135 = ADVANCED_FACE ( 'NONE', ( #1140 ), #3396, .T. ) ;
#3136 = CARTESIAN_POINT ( 'NONE',  ( -0.3174859639028851932, -4.865804375095172496, -2.650139989853414590 ) ) ;
#3137 = ORIENTED_EDGE ( 'NONE', *, *, #558, .F. ) ;
#3138 = VERTEX_POINT ( 'NONE', #2092 ) ;
#3139 = CARTESIAN_POINT ( 'NONE',  ( 4.007381699014672449, 2.696158168405224043, -2.650139989853414590 ) ) ;
#3140 = LINE ( 'NONE', #1437, #377 ) ;
#3141 = ORIENTED_EDGE ( 'NONE', *, *, #2247, .T. ) ;
#3142 = LINE ( 'NONE', #4066, #1418 ) ;
#3143 = AXIS2_PLACEMENT_3D ( 'NONE', #4060, #3387, #3066 ) ;
#3144 = DIRECTION ( 'NONE',  ( 0.000000000000000000, 0.000000000000000000, 1.000000000000000000 ) ) ;
#3145 = EDGE_CURVE ( 'NONE', #805, #105, #3012, .T. ) ;
#3146 = CIRCLE ( 'NONE', #3533, 0.1999999999999997058 ) ;
#3147 = DIRECTION ( 'NONE',  ( -1.000000000000000000, 0.000000000000000000, 0.000000000000000000 ) ) ;
#3148 = VECTOR ( 'NONE', #162, 1000.000000000000000 ) ;
#3149 = DIRECTION ( 'NONE',  ( 0.3090169943749611070, 0.9510565162951492013, 0.000000000000000000 ) ) ;
#3150 = EDGE_LOOP ( 'NONE', ( #2347, #3579, #519, #69 ) ) ;
#3151 = ADVANCED_FACE ( 'NONE', ( #803, #782 ), #468, .T. ) ;
#3152 = EDGE_CURVE ( 'NONE', #1575, #899, #1924, .T. ) ;
#3153 = DIRECTION ( 'NONE',  ( -3.523657060577896510E-15, -1.000000000000000000, 0.000000000000000000 ) ) ;
#3154 = PLANE ( 'NONE',  #3754 ) ;
#3155 = DIRECTION ( 'NONE',  ( -0.000000000000000000, -0.000000000000000000, -1.000000000000000000 ) ) ;
#3156 = ORIENTED_EDGE ( 'NONE', *, *, #1035, .T. ) ;
#3157 = EDGE_CURVE ( 'NONE', #3724, #2089, #3355, .T. ) ;
#3158 = ORIENTED_EDGE ( 'NONE', *, *, #1392, .T. ) ;
#3159 = VECTOR ( 'NONE', #362, 1000.000000000000114 ) ;
#3160 = DIRECTION ( 'NONE',  ( 0.000000000000000000, 0.000000000000000000, 1.000000000000000000 ) ) ;
#3161 = DIRECTION ( 'NONE',  ( 0.6691306063588666753, -0.7431448254773864726, 0.000000000000000000 ) ) ;
#3162 = AXIS2_PLACEMENT_3D ( 'NONE', #3979, #1683, #2017 ) ;
#3163 = ORIENTED_EDGE ( 'NONE', *, *, #3565, .T. ) ;
#3164 = AXIS2_PLACEMENT_3D ( 'NONE', #276, #897, #3522 ) ;
#3165 = VERTEX_POINT ( 'NONE', #208 ) ;
#3166 = CARTESIAN_POINT ( 'NONE',  ( -6.825261158136543216, 4.754331003799948441, 7.349860010146585410 ) ) ;
#3167 = CIRCLE ( 'NONE', #3832, 4.999999999999999112 ) ;
#3168 = DIRECTION ( 'NONE',  ( 0.8090169943749420112, -0.5877852522924803536, 0.000000000000000000 ) ) ;
#3169 = FACE_OUTER_BOUND ( 'NONE', #2759, .T. ) ;
#3170 = LINE ( 'NONE', #252, #3411 ) ;
#3171 = VERTEX_POINT ( 'NONE', #1474 ) ;
#3172 = ADVANCED_FACE ( 'NONE', ( #1429 ), #2455, .T. ) ;
#3173 = LINE ( 'NONE', #1603, #4047 ) ;
#3174 = DIRECTION ( 'NONE',  ( 0.8560238078641621007, 0.5169363987665600568, 0.000000000000000000 ) ) ;
#3175 = ORIENTED_EDGE ( 'NONE', *, *, #674, .F. ) ;
#3176 = LINE ( 'NONE', #3806, #3544 ) ;
#3177 = LINE ( 'NONE', #2844, #3234 ) ;
#3178 = ORIENTED_EDGE ( 'NONE', *, *, #2770, .F. ) ;
#3179 = DIRECTION ( 'NONE',  ( -1.000000000000000000, 0.000000000000000000, 0.000000000000000000 ) ) ;
#3180 = ORIENTED_EDGE ( 'NONE', *, *, #807, .F. ) ;
#3181 = AXIS2_PLACEMENT_3D ( 'NONE', #1836, #1909, #267 ) ;
#3182 = ORIENTED_EDGE ( 'NONE', *, *, #2041, .T. ) ;
#3183 = VECTOR ( 'NONE', #1782, 1000.000000000000114 ) ;
#3184 = CARTESIAN_POINT ( 'NONE',  ( -6.244234946294866972, 5.399625986115096588, -2.650139989853414590 ) ) ;
#3185 = ADVANCED_FACE ( 'NONE', ( #1499 ), #3958, .T. ) ;
#3186 = EDGE_CURVE ( 'NONE', #1783, #2622, #3676, .T. ) ;
#3187 = DIRECTION ( 'NONE',  ( 0.1886331197694759432, 0.9820476292553403930, 0.000000000000000000 ) ) ;
#3188 = ORIENTED_EDGE ( 'NONE', *, *, #307, .T. ) ;
#3189 = CYLINDRICAL_SURFACE ( 'NONE', #2172, 0.1999999999999993727 ) ;
#3190 = DIRECTION ( 'NONE',  ( 0.000000000000000000, 0.000000000000000000, 1.000000000000000000 ) ) ;
#3191 = ORIENTED_EDGE ( 'NONE', *, *, #509, .F. ) ;
#3192 = CYLINDRICAL_SURFACE ( 'NONE', #61, 4.999999999999999112 ) ;
#3193 = CYLINDRICAL_SURFACE ( 'NONE', #2547, 0.1999999999999996503 ) ;
#3194 = VERTEX_POINT ( 'NONE', #2867 ) ;
#3195 = CARTESIAN_POINT ( 'NONE',  ( -4.089162666171255900, 6.742222919024014161, -2.650139989853414590 ) ) ;
#3196 = ORIENTED_EDGE ( 'NONE', *, *, #2334, .T. ) ;
#3197 = DIRECTION ( 'NONE',  ( 0.3886902165835021128, 0.9213685014869296142, 0.000000000000000000 ) ) ;
#3198 = EDGE_CURVE ( 'NONE', #1828, #2122, #2477, .T. ) ;
#3199 = LINE ( 'NONE', #681, #3845 ) ;
#3200 = EDGE_CURVE ( 'NONE', #38, #3099, #3170, .T. ) ;
#3201 = CARTESIAN_POINT ( 'NONE',  ( 2.483650473328630426, 3.197123253418264976, -4.560121934157388424 ) ) ;
#3202 = VECTOR ( 'NONE', #650, 1000.000000000000000 ) ;
#3203 = DIRECTION ( 'NONE',  ( -0.000000000000000000, -0.000000000000000000, -1.000000000000000000 ) ) ;
#3204 = ORIENTED_EDGE ( 'NONE', *, *, #1153, .T. ) ;
#3205 = EDGE_CURVE ( 'NONE', #4006, #1274, #1589, .T. ) ;
#3206 = AXIS2_PLACEMENT_3D ( 'NONE', #270, #1565, #2498 ) ;
#3207 = CARTESIAN_POINT ( 'NONE',  ( -0.4852195204299181719, 0.000000000000000000, -8.550139989853414946 ) ) ;
#3208 = DIRECTION ( 'NONE',  ( 1.000000000000000000, 0.000000000000000000, 0.000000000000000000 ) ) ;
#3209 = ORIENTED_EDGE ( 'NONE', *, *, #1548, .T. ) ;
#3210 = VECTOR ( 'NONE', #479, 1000.000000000000000 ) ;
#3211 = CARTESIAN_POINT ( 'NONE',  ( 0.3351825320685747900, -3.415181159546525791, 7.349860010146585410 ) ) ;
#3212 = PLANE ( 'NONE',  #3493 ) ;
#3213 = ORIENTED_EDGE ( 'NONE', *, *, #1564, .F. ) ;
#3214 = CIRCLE ( 'NONE', #4147, 0.2000000000000000666 ) ;
#3215 = ORIENTED_EDGE ( 'NONE', *, *, #2792, .T. ) ;
#3216 = CARTESIAN_POINT ( 'NONE',  ( -3.531756136579513150, -0.5217528240912031601, -5.450139989853414413 ) ) ;
#3217 = CIRCLE ( 'NONE', #2070, 4.999999999999999112 ) ;
#3218 = CIRCLE ( 'NONE', #3350, 0.1999999999999996503 ) ;
#3219 = CARTESIAN_POINT ( 'NONE',  ( -3.531756136579513150, -0.5217528240912031601, -8.550139989853414946 ) ) ;
#3220 = VERTEX_POINT ( 'NONE', #2548 ) ;
#3221 = CARTESIAN_POINT ( 'NONE',  ( -1.574322804277689780, 7.092199383724657302, 7.349860010146585410 ) ) ;
#3222 = LINE ( 'NONE', #1658, #707 ) ;
#3223 = VERTEX_POINT ( 'NONE', #2181 ) ;
#3224 = EDGE_CURVE ( 'NONE', #2913, #3672, #287, .T. ) ;
#3225 = DIRECTION ( 'NONE',  ( 1.000000000000000000, 0.000000000000000000, 0.000000000000000000 ) ) ;
#3226 = ORIENTED_EDGE ( 'NONE', *, *, #3418, .F. ) ;
#3227 = FACE_OUTER_BOUND ( 'NONE', #3582, .T. ) ;
#3228 = CARTESIAN_POINT ( 'NONE',  ( -3.531756136579513150, -0.5217528240912031601, -5.450139989853414413 ) ) ;
#3229 = ORIENTED_EDGE ( 'NONE', *, *, #329, .F. ) ;
#3230 = EDGE_CURVE ( 'NONE', #2332, #1340, #3836, .T. ) ;
#3231 = VERTEX_POINT ( 'NONE', #891 ) ;
#3232 = DIRECTION ( 'NONE',  ( -0.3276627409121829482, 0.9447947545461478080, 0.000000000000000000 ) ) ;
#3233 = CARTESIAN_POINT ( 'NONE',  ( -7.066092299987860592, -2.419824406302167663, -2.650139989853414590 ) ) ;
#3234 = VECTOR ( 'NONE', #6, 1000.000000000000114 ) ;
#3235 = AXIS2_PLACEMENT_3D ( 'NONE', #1167, #3736, #602 ) ;
#3236 = CYLINDRICAL_SURFACE ( 'NONE', #3976, 0.1999999999999995393 ) ;
#3237 = VECTOR ( 'NONE', #961, 1000.000000000000114 ) ;
#3238 = DIRECTION ( 'NONE',  ( 0.000000000000000000, 0.000000000000000000, 1.000000000000000000 ) ) ;
#3239 = FACE_OUTER_BOUND ( 'NONE', #1795, .T. ) ;
#3240 = CIRCLE ( 'NONE', #2906, 4.999999999999999112 ) ;
#3241 = ADVANCED_FACE ( 'NONE', ( #1913 ), #1184, .T. ) ;
#3242 = PLANE ( 'NONE',  #3419 ) ;
#3243 = ORIENTED_EDGE ( 'NONE', *, *, #2890, .F. ) ;
#3244 = VERTEX_POINT ( 'NONE', #3464 ) ;
#3245 = ORIENTED_EDGE ( 'NONE', *, *, #2507, .F. ) ;
#3246 = DIRECTION ( 'NONE',  ( -1.000000000000000000, 0.000000000000000000, 0.000000000000000000 ) ) ;
#3247 = LINE ( 'NONE', #2346, #586 ) ;
#3248 = ORIENTED_EDGE ( 'NONE', *, *, #727, .T. ) ;
#3249 = CARTESIAN_POINT ( 'NONE',  ( -2.008487828504709860, 1.001515483983599353, 7.349860010146585410 ) ) ;
#3250 = ORIENTED_EDGE ( 'NONE', *, *, #1469, .T. ) ;
#3251 = EDGE_CURVE ( 'NONE', #1482, #97, #872, .T. ) ;
#3252 = ORIENTED_EDGE ( 'NONE', *, *, #3771, .F. ) ;
#3253 = DIRECTION ( 'NONE',  ( -1.000000000000000000, 0.000000000000000000, 0.000000000000000000 ) ) ;
#3254 = CARTESIAN_POINT ( 'NONE',  ( -3.499528380459027144, -4.861870745187029996, -2.650139989853414590 ) ) ;
#3255 = CARTESIAN_POINT ( 'NONE',  ( 2.841978997313766353, -0.2121449181200643908, -4.560121934157388424 ) ) ;
#3256 = DIRECTION ( 'NONE',  ( 0.000000000000000000, 0.000000000000000000, 1.000000000000000000 ) ) ;
#3257 = EDGE_CURVE ( 'NONE', #1537, #1165, #2816, .T. ) ;
#3258 = PRODUCT_DEFINITION ( 'UNKNOWN', '', #3693, #570 ) ;
#3259 = CARTESIAN_POINT ( 'NONE',  ( 0.07218700916191300720, 6.742222919023984851, 7.349860010146585410 ) ) ;
#3260 = ORIENTED_EDGE ( 'NONE', *, *, #3224, .T. ) ;
#3261 = AXIS2_PLACEMENT_3D ( 'NONE', #635, #2893, #1250 ) ;
#3262 = CARTESIAN_POINT ( 'NONE',  ( 0.5736271779456955100, 0.5736271779456990627, -5.450139989853414413 ) ) ;
#3263 = ORIENTED_EDGE ( 'NONE', *, *, #167, .T. ) ;
#3264 = AXIS2_PLACEMENT_3D ( 'NONE', #1664, #1704, #2984 ) ;
#3265 = EDGE_CURVE ( 'NONE', #3220, #1037, #304, .T. ) ;
#3266 = DIRECTION ( 'NONE',  ( 1.000000000000000000, 0.000000000000000000, 0.000000000000000000 ) ) ;
#3267 = CARTESIAN_POINT ( 'NONE',  ( -7.066092299987860592, -2.419824406302168107, 7.349860010146585410 ) ) ;
#3268 = ORIENTED_EDGE ( 'NONE', *, *, #3404, .T. ) ;
#3269 = DIRECTION ( 'NONE',  ( 0.6691306063588665642, 0.7431448254773866946, 0.000000000000000000 ) ) ;
#3270 = PLANE ( 'NONE',  #529 ) ;
#3271 = AXIS2_PLACEMENT_3D ( 'NONE', #1480, #1729, #851 ) ;
#3272 = DIRECTION ( 'NONE',  ( -0.1045284632676571207, -0.9945218953682729568, 0.000000000000000000 ) ) ;
#3273 = ORIENTED_EDGE ( 'NONE', *, *, #3360, .F. ) ;
#3274 = DIRECTION ( 'NONE',  ( 0.000000000000000000, 0.000000000000000000, -1.000000000000000000 ) ) ;
#3275 = CIRCLE ( 'NONE', #3688, 4.999999999999999112 ) ;
#3276 = CIRCLE ( 'NONE', #4096, 1.250000000000000000 ) ;
#3277 = LINE ( 'NONE', #1951, #719 ) ;
#3278 = CARTESIAN_POINT ( 'NONE',  ( -2.008487828504709860, 1.001515483983599353, 7.349860010146585410 ) ) ;
#3279 = AXIS2_PLACEMENT_3D ( 'NONE', #366, #2930, #672 ) ;
#3280 = EDGE_CURVE ( 'NONE', #322, #1165, #2516, .T. ) ;
#3281 = CARTESIAN_POINT ( 'NONE',  ( -2.008487828504709860, 1.001515483983599353, -2.650139989853414590 ) ) ;
#3282 = EDGE_CURVE ( 'NONE', #83, #2567, #1372, .T. ) ;
#3283 = CARTESIAN_POINT ( 'NONE',  ( 4.003448064767775705, -0.06692096710226246026, -2.650139989853414590 ) ) ;
#3284 = ORIENTED_EDGE ( 'NONE', *, *, #3728, .T. ) ;
#3285 = DIRECTION ( 'NONE',  ( 0.01966814954061135365, 0.9998065632379335987, 0.000000000000000000 ) ) ;
#3286 = LOCAL_TIME ( 19, 34, 57.00000000000000000, #2793 ) ;
#3287 = DIRECTION ( 'NONE',  ( 0.5717596857902121910, -0.8204211489869563945, 0.000000000000000000 ) ) ;
#3288 = ORIENTED_EDGE ( 'NONE', *, *, #3404, .F. ) ;
#3289 = DIRECTION ( 'NONE',  ( 0.000000000000000000, -0.000000000000000000, 1.000000000000000000 ) ) ;
#3290 = DIRECTION ( 'NONE',  ( 0.000000000000000000, 0.000000000000000000, 1.000000000000000000 ) ) ;
#3291 = DIRECTION ( 'NONE',  ( -1.000000000000000000, 0.000000000000000000, 0.000000000000000000 ) ) ;
#3292 = LINE ( 'NONE', #1015, #1726 ) ;
#3293 = DIRECTION ( 'NONE',  ( 0.000000000000000000, 0.000000000000000000, 1.000000000000000000 ) ) ;
#3294 = ORIENTED_EDGE ( 'NONE', *, *, #1972, .F. ) ;
#3295 = CARTESIAN_POINT ( 'NONE',  ( -7.540560147325379603, -1.906864797090060515, 7.349860010146585410 ) ) ;
#3296 = VECTOR ( 'NONE', #1221, 1000.000000000000000 ) ;
#3297 =( NAMED_UNIT ( * ) PLANE_ANGLE_UNIT ( ) SI_UNIT ( $, .RADIAN. ) );
#3298 = CARTESIAN_POINT ( 'NONE',  ( 3.049116642978394687, -2.419824406302238717, -2.650139989853414590 ) ) ;
#3299 = CIRCLE ( 'NONE', #230, 6.250000000000002665 ) ;
#3300 = CARTESIAN_POINT ( 'NONE',  ( -2.008487828504709860, 1.001515483983599353, -2.650139989853414590 ) ) ;
#3301 = ORIENTED_EDGE ( 'NONE', *, *, #2890, .T. ) ;
#3302 = DIRECTION ( 'NONE',  ( 0.000000000000000000, 0.000000000000000000, -1.000000000000000000 ) ) ;
#3303 = EDGE_CURVE ( 'NONE', #3720, #3723, #2236, .T. ) ;
#3304 = ORIENTED_EDGE ( 'NONE', *, *, #3224, .F. ) ;
#3305 = VECTOR ( 'NONE', #3432, 1000.000000000000000 ) ;
#3306 = EDGE_CURVE ( 'NONE', #1356, #1966, #319, .T. ) ;
#3307 = CARTESIAN_POINT ( 'NONE',  ( -2.008487828504709860, 1.001515483983599353, -2.650139989853414590 ) ) ;
#3308 = LINE ( 'NONE', #2021, #3598 ) ;
#3309 = EDGE_LOOP ( 'NONE', ( #731, #763, #2002, #4123 ) ) ;
#3310 = DIRECTION ( 'NONE',  ( 0.6035834202427373674, 0.7972998525072476639, 0.000000000000000000 ) ) ;
#3311 = ORIENTED_EDGE ( 'NONE', *, *, #1483, .T. ) ;
#3312 = DIRECTION ( 'NONE',  ( 0.9781476007338044676, -0.2079116908177644774, 0.000000000000000000 ) ) ;
#3313 = ORIENTED_EDGE ( 'NONE', *, *, #3668, .T. ) ;
#3314 = FACE_OUTER_BOUND ( 'NONE', #3986, .T. ) ;
#3315 = DIRECTION ( 'NONE',  ( 0.4246257139296117367, 0.9053689872476125000, 0.000000000000000000 ) ) ;
#3316 = DIRECTION ( 'NONE',  ( 0.000000000000000000, 0.000000000000000000, 1.000000000000000000 ) ) ;
#3317 = ORIENTED_EDGE ( 'NONE', *, *, #835, .T. ) ;
#3318 = CYLINDRICAL_SURFACE ( 'NONE', #483, 6.249999999999999112 ) ;
#3319 = CARTESIAN_POINT ( 'NONE',  ( -2.850134739566227093, -5.046340343657101712, -4.560121934157388424 ) ) ;
#3320 = EDGE_CURVE ( 'NONE', #3454, #3997, #2664, .T. ) ;
#3321 = EDGE_CURVE ( 'NONE', #3576, #2911, #2133, .T. ) ;
#3322 = CARTESIAN_POINT ( 'NONE',  ( 0.2871602281450928440, 1.142936840220897921, -5.450139989853414413 ) ) ;
#3323 = CARTESIAN_POINT ( 'NONE',  ( 4.094213270341807487, 0.7966522784914739086, -2.650139989853414590 ) ) ;
#3324 = FACE_OUTER_BOUND ( 'NONE', #2638, .T. ) ;
#3325 = CARTESIAN_POINT ( 'NONE',  ( -0.4852195204299127873, 2.524783792058387544, -5.450139989853414413 ) ) ;
#3326 = ORIENTED_EDGE ( 'NONE', *, *, #2268, .F. ) ;
#3327 = EDGE_CURVE ( 'NONE', #2811, #3646, #1546, .T. ) ;
#3328 = LINE ( 'NONE', #735, #134 ) ;
#3329 = ORIENTED_EDGE ( 'NONE', *, *, #1210, .T. ) ;
#3330 = CARTESIAN_POINT ( 'NONE',  ( 4.007381699014672449, 2.696158168405223599, -4.560121934157388424 ) ) ;
#3331 = DIRECTION ( 'NONE',  ( -0.1045284632676438119, -0.9945218953682742891, 0.000000000000000000 ) ) ;
#3332 = ORIENTED_EDGE ( 'NONE', *, *, #3205, .F. ) ;
#3333 = CIRCLE ( 'NONE', #3073, 0.1999999999999998723 ) ;
#3334 = DIRECTION ( 'NONE',  ( 0.000000000000000000, 0.000000000000000000, 1.000000000000000000 ) ) ;
#3335 = CYLINDRICAL_SURFACE ( 'NONE', #1981, 6.250000000000000888 ) ;
#3336 = ORIENTED_EDGE ( 'NONE', *, *, #925, .T. ) ;
#3337 = VECTOR ( 'NONE', #1579, 1000.000000000000000 ) ;
#3338 = CARTESIAN_POINT ( 'NONE',  ( 0.5736271779456955100, 0.5736271779456990627, -5.450139989853414413 ) ) ;
#3339 = ORIENTED_EDGE ( 'NONE', *, *, #2599, .F. ) ;
#3340 = DIRECTION ( 'NONE',  ( 0.000000000000000000, 0.000000000000000000, 1.000000000000000000 ) ) ;
#3341 = CARTESIAN_POINT ( 'NONE',  ( -7.500257324214873123, -1.667828525471592993, 7.349860010146585410 ) ) ;
#3342 = ADVANCED_FACE ( 'NONE', ( #2197 ), #3479, .T. ) ;
#3343 = SHAPE_DEFINITION_REPRESENTATION ( #2391, #2794 ) ;
#3344 = DIRECTION ( 'NONE',  ( 0.000000000000000000, 0.000000000000000000, 1.000000000000000000 ) ) ;
#3345 = CIRCLE ( 'NONE', #3879, 2.300000000000001599 ) ;
#3346 = ORIENTED_EDGE ( 'NONE', *, *, #211, .T. ) ;
#3347 = CARTESIAN_POINT ( 'NONE',  ( -8.245232199025455344, 0.5946744133211272487, -4.560121934157388424 ) ) ;
#3348 = AXIS2_PLACEMENT_3D ( 'NONE', #907, #1205, #2852 ) ;
#3349 = EDGE_LOOP ( 'NONE', ( #1373, #3196, #3721, #2655 ) ) ;
#3350 = AXIS2_PLACEMENT_3D ( 'NONE', #1014, #3334, #2689 ) ;
#3351 = VERTEX_POINT ( 'NONE', #1681 ) ;
#3352 = VECTOR ( 'NONE', #2166, 1000.000000000000000 ) ;
#3353 = DIRECTION ( 'NONE',  ( 0.9213685014869348322, 0.3886902165834899558, 0.000000000000000000 ) ) ;
#3354 = VECTOR ( 'NONE', #490, 1000.000000000000000 ) ;
#3355 = LINE ( 'NONE', #2064, #3148 ) ;
#3356 = ORIENTED_EDGE ( 'NONE', *, *, #3970, .T. ) ;
#3357 = CC_DESIGN_APPROVAL ( #2337, ( #3693 ) ) ;
#3358 = DIRECTION ( 'NONE',  ( -4.336808689942016947E-15, -1.000000000000000000, 0.000000000000000000 ) ) ;
#3359 = VERTEX_POINT ( 'NONE', #3259 ) ;
#3360 = EDGE_CURVE ( 'NONE', #244, #2584, #2591, .T. ) ;
#3361 = DIRECTION ( 'NONE',  ( 0.000000000000000000, 0.000000000000000000, 1.000000000000000000 ) ) ;
#3362 = CARTESIAN_POINT ( 'NONE',  ( 3.918261153887365733, 2.470724840930898836, -2.650139989853414590 ) ) ;
#3363 = ORIENTED_EDGE ( 'NONE', *, *, #3461, .F. ) ;
#3364 = DIRECTION ( 'NONE',  ( -0.9781476007338063550, -0.2079116908177557344, 0.000000000000000000 ) ) ;
#3365 = DIRECTION ( 'NONE',  ( -0.000000000000000000, -0.000000000000000000, -1.000000000000000000 ) ) ;
#3366 = EDGE_CURVE ( 'NONE', #1247, #3231, #1023, .T. ) ;
#3367 = ORIENTED_EDGE ( 'NONE', *, *, #1103, .F. ) ;
#3368 = EDGE_CURVE ( 'NONE', #1473, #1506, #386, .T. ) ;
#3369 = DIRECTION ( 'NONE',  ( -0.6543848883431522268, -0.7561616347766660917, 0.000000000000000000 ) ) ;
#3370 = VERTEX_POINT ( 'NONE', #1045 ) ;
#3371 = DIRECTION ( 'NONE',  ( 0.9135454576425965367, -0.4067366430758098672, 0.000000000000000000 ) ) ;
#3372 = PERSON_AND_ORGANIZATION ( #1616, #1670 ) ;
#3373 = LINE ( 'NONE', #3075, #3710 ) ;
#3374 = LINE ( 'NONE', #484, #1728 ) ;
#3375 = PLANE ( 'NONE',  #3826 ) ;
#3376 = ORIENTED_EDGE ( 'NONE', *, *, #2041, .F. ) ;
#3377 = EDGE_CURVE ( 'NONE', #3720, #322, #3928, .T. ) ;
#3378 = CARTESIAN_POINT ( 'NONE',  ( -2.008487828504709860, 1.001515483983599353, -8.550139989853414946 ) ) ;
#3379 = EDGE_LOOP ( 'NONE', ( #1833, #811, #21, #3040 ) ) ;
#3380 = AXIS2_PLACEMENT_3D ( 'NONE', #3679, #3274, #1677 ) ;
#3381 = CARTESIAN_POINT ( 'NONE',  ( -0.5174472765504714022, -4.861870745187050424, -2.650139989853414590 ) ) ;
#3382 = CARTESIAN_POINT ( 'NONE',  ( -2.008487828504709860, 1.001515483983599353, -8.550139989853414946 ) ) ;
#3383 = VECTOR ( 'NONE', #1912, 1000.000000000000000 ) ;
#3384 = DIRECTION ( 'NONE',  ( -1.000000000000000000, 0.000000000000000000, 0.000000000000000000 ) ) ;
#3385 = ORIENTED_EDGE ( 'NONE', *, *, #1114, .T. ) ;
#3386 = ORIENTED_EDGE ( 'NONE', *, *, #3704, .F. ) ;
#3387 = DIRECTION ( 'NONE',  ( -0.000000000000000000, -0.000000000000000000, -1.000000000000000000 ) ) ;
#3388 = EDGE_CURVE ( 'NONE', #3488, #2357, #2275, .T. ) ;
#3389 = ORIENTED_EDGE ( 'NONE', *, *, #2967, .F. ) ;
#3390 = DIRECTION ( 'NONE',  ( 0.000000000000000000, 0.000000000000000000, 1.000000000000000000 ) ) ;
#3391 = ORIENTED_EDGE ( 'NONE', *, *, #2194, .T. ) ;
#3392 = PERSON_AND_ORGANIZATION_ROLE ( 'design_owner' ) ;
#3393 = CARTESIAN_POINT ( 'NONE',  ( 3.276279538181157580, -2.335209539150933100, -2.650139989853414590 ) ) ;
#3394 = DIRECTION ( 'NONE',  ( 0.000000000000000000, 0.000000000000000000, 1.000000000000000000 ) ) ;
#3395 = LINE ( 'NONE', #886, #128 ) ;
#3396 = PLANE ( 'NONE',  #1312 ) ;
#3397 = ORIENTED_EDGE ( 'NONE', *, *, #1648, .T. ) ;
#3398 = CYLINDRICAL_SURFACE ( 'NONE', #3761, 4.999999999999999112 ) ;
#3399 = DIRECTION ( 'NONE',  ( 0.000000000000000000, 0.000000000000000000, 1.000000000000000000 ) ) ;
#3400 = PLANE ( 'NONE',  #3485 ) ;
#3401 = DIRECTION ( 'NONE',  ( -0.1045284632676436731, 0.9945218953682742891, 0.000000000000000000 ) ) ;
#3402 = ORIENTED_EDGE ( 'NONE', *, *, #3008, .F. ) ;
#3403 = VERTEX_POINT ( 'NONE', #664 ) ;
#3404 = EDGE_CURVE ( 'NONE', #1416, #1621, #3909, .T. ) ;
#3405 = CARTESIAN_POINT ( 'NONE',  ( -2.008487828504709860, 1.001515483983599353, -5.450139989853414413 ) ) ;
#3406 = VERTEX_POINT ( 'NONE', #685 ) ;
#3407 = ORIENTED_EDGE ( 'NONE', *, *, #3366, .T. ) ;
#3408 = CIRCLE ( 'NONE', #3474, 0.1999999999999998168 ) ;
#3409 = DIRECTION ( 'NONE',  ( 0.3090169943749564441, 0.9510565162951505336, 0.000000000000000000 ) ) ;
#3410 = ORIENTED_EDGE ( 'NONE', *, *, #274, .F. ) ;
#3411 = VECTOR ( 'NONE', #615, 1000.000000000000000 ) ;
#3412 = LINE ( 'NONE', #504, #3029 ) ;
#3413 = EDGE_CURVE ( 'NONE', #2831, #1771, #1619, .T. ) ;
#3414 = ORIENTED_EDGE ( 'NONE', *, *, #87, .T. ) ;
#3415 = CARTESIAN_POINT ( 'NONE',  ( 2.227259289285507649, 5.399625986115038856, -2.650139989853414590 ) ) ;
#3416 = VECTOR ( 'NONE', #1020, 1000.000000000000000 ) ;
#3417 = EDGE_CURVE ( 'NONE', #2025, #2285, #2940, .T. ) ;
#3418 = EDGE_CURVE ( 'NONE', #2619, #2634, #1996, .T. ) ;
#3419 = AXIS2_PLACEMENT_3D ( 'NONE', #2907, #1353, #2566 ) ;
#3420 = DIRECTION ( 'NONE',  ( -0.9963853997198273138, -0.08494783826066339139, 0.000000000000000000 ) ) ;
#3421 = VERTEX_POINT ( 'NONE', #2254 ) ;
#3422 = VECTOR ( 'NONE', #1720, 1000.000000000000000 ) ;
#3423 = VECTOR ( 'NONE', #1104, 999.9999999999998863 ) ;
#3424 = AXIS2_PLACEMENT_3D ( 'NONE', #1917, #633, #3208 ) ;
#3425 = ORIENTED_EDGE ( 'NONE', *, *, #3749, .F. ) ;
#3426 = DIRECTION ( 'NONE',  ( 1.000000000000000000, 0.000000000000000000, 0.000000000000000000 ) ) ;
#3427 = VECTOR ( 'NONE', #3133, 1000.000000000000000 ) ;
#3428 = DIRECTION ( 'NONE',  ( -0.2902516973440764092, -0.9569503394580529676, 0.000000000000000000 ) ) ;
#3429 = DIRECTION ( 'NONE',  ( -0.000000000000000000, -0.000000000000000000, -1.000000000000000000 ) ) ;
#3430 = ORIENTED_EDGE ( 'NONE', *, *, #1066, .F. ) ;
#3431 = ORIENTED_EDGE ( 'NONE', *, *, #2407, .T. ) ;
#3432 = DIRECTION ( 'NONE',  ( -0.000000000000000000, -0.000000000000000000, -1.000000000000000000 ) ) ;
#3433 = FACE_OUTER_BOUND ( 'NONE', #2951, .T. ) ;
#3434 = ORIENTED_EDGE ( 'NONE', *, *, #998, .T. ) ;
#3435 = ORIENTED_EDGE ( 'NONE', *, *, #1153, .F. ) ;
#3436 = ORIENTED_EDGE ( 'NONE', *, *, #2665, .T. ) ;
#3437 = PERSON_AND_ORGANIZATION ( #1616, #1670 ) ;
#3438 = ADVANCED_FACE ( 'NONE', ( #2293 ), #3242, .T. ) ;
#3439 = CARTESIAN_POINT ( 'NONE',  ( -5.368132095853513697, -4.029914769619280079, 7.349860010146585410 ) ) ;
#3440 = CARTESIAN_POINT ( 'NONE',  ( -3.731756136579508443, 2.524783792058391985, -8.550139989853414946 ) ) ;
#3441 = CYLINDRICAL_SURFACE ( 'NONE', #711, 4.999999999999999112 ) ;
#3442 = DIRECTION ( 'NONE',  ( -0.9781476007338041345, -0.2079116908177663370, 0.000000000000000000 ) ) ;
#3443 = ORIENTED_EDGE ( 'NONE', *, *, #1769, .T. ) ;
#3444 = EDGE_CURVE ( 'NONE', #1484, #2483, #3222, .T. ) ;
#3445 = EDGE_CURVE ( 'NONE', #1551, #1270, #1593, .T. ) ;
#3446 = CIRCLE ( 'NONE', #3632, 6.250000000000000000 ) ;
#3447 = DIRECTION ( 'NONE',  ( 0.000000000000000000, 0.000000000000000000, 1.000000000000000000 ) ) ;
#3448 = CARTESIAN_POINT ( 'NONE',  ( 0.07218700916191300720, 6.742222919023984851, -4.560121934157388424 ) ) ;
#3449 = ORIENTED_EDGE ( 'NONE', *, *, #1341, .F. ) ;
#3450 = AXIS2_PLACEMENT_3D ( 'NONE', #418, #1763, #1739 ) ;
#3451 = ORIENTED_EDGE ( 'NONE', *, *, #2129, .F. ) ;
#3452 = DIRECTION ( 'NONE',  ( 1.000000000000000000, 0.000000000000000000, 0.000000000000000000 ) ) ;
#3453 = CARTESIAN_POINT ( 'NONE',  ( -7.683897636850172574, 3.097278711864109191, 7.349860010146585410 ) ) ;
#3454 = VERTEX_POINT ( 'NONE', #3592 ) ;
#3455 = ORIENTED_EDGE ( 'NONE', *, *, #2649, .F. ) ;
#3456 = CARTESIAN_POINT ( 'NONE',  ( -0.3174859639028847491, -4.865804375095172496, -4.560121934157388424 ) ) ;
#3457 = ORIENTED_EDGE ( 'NONE', *, *, #1793, .F. ) ;
#3458 = CARTESIAN_POINT ( 'NONE',  ( -0.4852195204299127873, 2.524783792058387544, -5.450139989853414413 ) ) ;
#3459 = EDGE_CURVE ( 'NONE', #3016, #1151, #2415, .T. ) ;
#3460 = DIRECTION ( 'NONE',  ( 0.8756919574047669075, 0.4828701644713700447, 0.000000000000000000 ) ) ;
#3461 = EDGE_CURVE ( 'NONE', #3220, #3122, #1599, .T. ) ;
#3462 = EDGE_CURVE ( 'NONE', #751, #1254, #2887, .T. ) ;
#3463 = CYLINDRICAL_SURFACE ( 'NONE', #976, 0.1999999999999993450 ) ;
#3464 = CARTESIAN_POINT ( 'NONE',  ( -5.479194716261737597, -4.196243042465656714, 7.349860010146585410 ) ) ;
#3465 = VERTEX_POINT ( 'NONE', #20 ) ;
#3466 = DIRECTION ( 'NONE',  ( 0.7071067811865491270, 0.7071067811865459074, 0.000000000000000000 ) ) ;
#3467 = CARTESIAN_POINT ( 'NONE',  ( -5.808487828504713235, 1.001515483983599353, -8.550139989853414946 ) ) ;
#3468 = DIRECTION ( 'NONE',  ( -0.9781476007338069101, -0.2079116908177532919, 0.000000000000000000 ) ) ;
#3469 = ORIENTED_EDGE ( 'NONE', *, *, #167, .F. ) ;
#3470 = ORIENTED_EDGE ( 'NONE', *, *, #1443, .F. ) ;
#3471 = DIRECTION ( 'NONE',  ( 0.000000000000000000, 0.000000000000000000, 1.000000000000000000 ) ) ;
#3472 = CARTESIAN_POINT ( 'NONE',  ( -3.531756136579513150, 0.000000000000000000, -5.450139989853414413 ) ) ;
#3473 = ORIENTED_EDGE ( 'NONE', *, *, #373, .T. ) ;
#3474 = AXIS2_PLACEMENT_3D ( 'NONE', #857, #1150, #2399 ) ;
#3475 = CYLINDRICAL_SURFACE ( 'NONE', #1085, 0.1999999999999995115 ) ;
#3476 = EDGE_CURVE ( 'NONE', #2436, #3664, #2671, .T. ) ;
#3477 = AXIS2_PLACEMENT_3D ( 'NONE', #2063, #3353, #161 ) ;
#3478 = DIRECTION ( 'NONE',  ( 0.000000000000000000, 0.000000000000000000, 1.000000000000000000 ) ) ;
#3479 = CYLINDRICAL_SURFACE ( 'NONE', #784, 0.1999999999999993727 ) ;
#3480 = VERTEX_POINT ( 'NONE', #965 ) ;
#3481 = FACE_OUTER_BOUND ( 'NONE', #1013, .T. ) ;
#3482 = CARTESIAN_POINT ( 'NONE',  ( 3.918261153887365733, 2.470724840930898836, -4.560121934157388424 ) ) ;
#3483 = ORIENTED_EDGE ( 'NONE', *, *, #3152, .T. ) ;
#3484 = ORIENTED_EDGE ( 'NONE', *, *, #2711, .T. ) ;
#3485 = AXIS2_PLACEMENT_3D ( 'NONE', #830, #492, #3089 ) ;
#3486 = CARTESIAN_POINT ( 'NONE',  ( -4.352158189078055628, -3.415181159546495593, -4.560121934157388424 ) ) ;
#3487 = CARTESIAN_POINT ( 'NONE',  ( -2.008487828504716965, -1.152711216428904839, -5.450139989853414413 ) ) ;
#3488 = VERTEX_POINT ( 'NONE', #2602 ) ;
#3489 = AXIS2_PLACEMENT_3D ( 'NONE', #106, #1374, #752 ) ;
#3490 = ADVANCED_FACE ( 'NONE', ( #1638 ), #4167, .T. ) ;
#3491 = FACE_OUTER_BOUND ( 'NONE', #216, .T. ) ;
#3492 = ORIENTED_EDGE ( 'NONE', *, *, #2792, .F. ) ;
#3493 = AXIS2_PLACEMENT_3D ( 'NONE', #2555, #971, #623 ) ;
#3494 = CIRCLE ( 'NONE', #3164, 0.1999999999999996503 ) ;
#3495 = ORIENTED_EDGE ( 'NONE', *, *, #3064, .T. ) ;
#3496 = CIRCLE ( 'NONE', #4025, 2.300000000000012257 ) ;
#3497 = EDGE_CURVE ( 'NONE', #1900, #543, #505, .T. ) ;
#3498 = EDGE_CURVE ( 'NONE', #2663, #136, #2067, .T. ) ;
#3499 = LINE ( 'NONE', #1880, #3972 ) ;
#3500 = AXIS2_PLACEMENT_3D ( 'NONE', #330, #1607, #2572 ) ;
#3501 = ORIENTED_EDGE ( 'NONE', *, *, #814, .F. ) ;
#3502 = DIRECTION ( 'NONE',  ( 0.000000000000000000, 0.000000000000000000, 1.000000000000000000 ) ) ;
#3503 = ORIENTED_EDGE ( 'NONE', *, *, #1063, .T. ) ;
#3504 = DIRECTION ( 'NONE',  ( -0.000000000000000000, -0.000000000000000000, -1.000000000000000000 ) ) ;
#3505 = LINE ( 'NONE', #3822, #395 ) ;
#3506 = ORIENTED_EDGE ( 'NONE', *, *, #1498, .F. ) ;
#3507 = LINE ( 'NONE', #3487, #4037 ) ;
#3508 = EDGE_CURVE ( 'NONE', #4052, #3510, #1649, .T. ) ;
#3509 = FACE_OUTER_BOUND ( 'NONE', #3982, .T. ) ;
#3510 = VERTEX_POINT ( 'NONE', #1328 ) ;
#3511 = ORIENTED_EDGE ( 'NONE', *, *, #4064, .F. ) ;
#3512 = DIRECTION ( 'NONE',  ( 1.000000000000000000, 0.000000000000000000, 0.000000000000000000 ) ) ;
#3513 = EDGE_CURVE ( 'NONE', #3465, #2982, #2614, .T. ) ;
#3514 = VECTOR ( 'NONE', #2463, 1000.000000000000114 ) ;
#3515 = DIRECTION ( 'NONE',  ( -0.9781476007338044676, 0.2079116908177644774, 0.000000000000000000 ) ) ;
#3516 = VERTEX_POINT ( 'NONE', #2954 ) ;
#3517 = CARTESIAN_POINT ( 'NONE',  ( -2.582115006450396155, 2.582115006450403261, -5.450139989853414413 ) ) ;
#3518 = ORIENTED_EDGE ( 'NONE', *, *, #1629, .T. ) ;
#3519 = ORIENTED_EDGE ( 'NONE', *, *, #1746, .F. ) ;
#3520 = DIRECTION ( 'NONE',  ( -1.000000000000000000, 0.000000000000000000, 0.000000000000000000 ) ) ;
#3521 = LINE ( 'NONE', #2839, #1928 ) ;
#3522 = DIRECTION ( 'NONE',  ( 1.000000000000000000, 0.000000000000000000, 0.000000000000000000 ) ) ;
#3523 = VERTEX_POINT ( 'NONE', #143 ) ;
#3524 = DIRECTION ( 'NONE',  ( 0.000000000000000000, 0.000000000000000000, -1.000000000000000000 ) ) ;
#3525 = DIRECTION ( 'NONE',  ( -0.000000000000000000, -0.000000000000000000, -1.000000000000000000 ) ) ;
#3526 = ORIENTED_EDGE ( 'NONE', *, *, #1644, .T. ) ;
#3527 = ORIENTED_EDGE ( 'NONE', *, *, #921, .F. ) ;
#3528 = FACE_OUTER_BOUND ( 'NONE', #1682, .T. ) ;
#3529 = DIRECTION ( 'NONE',  ( 0.000000000000000000, 0.000000000000000000, 1.000000000000000000 ) ) ;
#3530 = FACE_OUTER_BOUND ( 'NONE', #2038, .T. ) ;
#3531 = EDGE_CURVE ( 'NONE', #2908, #4103, #3683, .T. ) ;
#3532 = FACE_OUTER_BOUND ( 'NONE', #3990, .T. ) ;
#3533 = AXIS2_PLACEMENT_3D ( 'NONE', #985, #2279, #1961 ) ;
#3534 = CARTESIAN_POINT ( 'NONE',  ( -2.008487828504709860, 1.001515483983599353, -4.560121934157388424 ) ) ;
#3535 = EDGE_LOOP ( 'NONE', ( #3527, #1117, #4000, #1137 ) ) ;
#3536 = EDGE_CURVE ( 'NONE', #1459, #1178, #3214, .T. ) ;
#3537 = AXIS2_PLACEMENT_3D ( 'NONE', #3798, #2798, #4071 ) ;
#3538 = DIRECTION ( 'NONE',  ( 0.01966814954059800322, -0.9998065632379338208, 0.000000000000000000 ) ) ;
#3539 = DIRECTION ( 'NONE',  ( 0.000000000000000000, 0.000000000000000000, 1.000000000000000000 ) ) ;
#3540 = ORIENTED_EDGE ( 'NONE', *, *, #4035, .F. ) ;
#3541 = DIRECTION ( 'NONE',  ( -0.000000000000000000, -0.000000000000000000, -1.000000000000000000 ) ) ;
#3542 = DIRECTION ( 'NONE',  ( -0.5000000000000043299, -0.8660254037844361541, 0.000000000000000000 ) ) ;
#3543 = VERTEX_POINT ( 'NONE', #1075 ) ;
#3544 = VECTOR ( 'NONE', #4122, 1000.000000000000000 ) ;
#3545 = AXIS2_PLACEMENT_3D ( 'NONE', #3984, #1774, #2096 ) ;
#3546 = ORIENTED_EDGE ( 'NONE', *, *, #558, .T. ) ;
#3547 = CARTESIAN_POINT ( 'NONE',  ( 1.928993949882210623, -2.080081057562838787, -4.560121934157388424 ) ) ;
#3548 = VECTOR ( 'NONE', #1710, 1000.000000000000000 ) ;
#3549 = CARTESIAN_POINT ( 'NONE',  ( -2.008487828504709860, 1.001515483983599353, 7.349860010146585410 ) ) ;
#3550 = CIRCLE ( 'NONE', #593, 4.999999999999999112 ) ;
#3551 = CIRCLE ( 'NONE', #2152, 0.1999999999999997335 ) ;
#3552 = DIRECTION ( 'NONE',  ( -1.000000000000000000, 0.000000000000000000, 0.000000000000000000 ) ) ;
#3553 = CARTESIAN_POINT ( 'NONE',  ( 4.228256542016031183, 0.5946744133210435379, 7.349860010146585410 ) ) ;
#3554 = DIRECTION ( 'NONE',  ( 1.000000000000000000, 0.000000000000000000, 0.000000000000000000 ) ) ;
#3555 = VERTEX_POINT ( 'NONE', #188 ) ;
#3556 = ADVANCED_FACE ( 'NONE', ( #1452 ), #808, .T. ) ;
#3557 = DIRECTION ( 'NONE',  ( -1.000000000000000000, 0.000000000000000000, 0.000000000000000000 ) ) ;
#3558 = LINE ( 'NONE', #1377, #3202 ) ;
#3559 = ORIENTED_EDGE ( 'NONE', *, *, #3462, .T. ) ;
#3560 = LINE ( 'NONE', #2243, #1467 ) ;
#3561 = ORIENTED_EDGE ( 'NONE', *, *, #3306, .F. ) ;
#3562 = ORIENTED_EDGE ( 'NONE', *, *, #2540, .T. ) ;
#3563 = CARTESIAN_POINT ( 'NONE',  ( -8.045656379168791617, 0.6076933275823266367, -4.560121934157388424 ) ) ;
#3564 = CARTESIAN_POINT ( 'NONE',  ( -2.442652852731729940, 7.092199383724657302, -4.560121934157388424 ) ) ;
#3565 = EDGE_CURVE ( 'NONE', #2168, #1482, #1995, .T. ) ;
#3566 = CARTESIAN_POINT ( 'NONE',  ( -1.867066472267399968, 3.297163540633398782, -5.450139989853414413 ) ) ;
#3567 = VECTOR ( 'NONE', #2529, 1000.000000000000000 ) ;
#3568 = VECTOR ( 'NONE', #3741, 1000.000000000000114 ) ;
#3569 = DIRECTION ( 'NONE',  ( 0.9135454576426059736, 0.4067366430757890505, 0.000000000000000000 ) ) ;
#3570 = CARTESIAN_POINT ( 'NONE',  ( -1.166840917443274339, -5.046340343657114147, -2.650139989853414590 ) ) ;
#3571 = VECTOR ( 'NONE', #2252, 1000.000000000000000 ) ;
#3572 = EDGE_CURVE ( 'NONE', #2781, #1868, #594, .T. ) ;
#3573 = DIRECTION ( 'NONE',  ( -0.2271098263375084247, -0.9738691528028530220, 0.000000000000000000 ) ) ;
#3574 = ORIENTED_EDGE ( 'NONE', *, *, #3498, .T. ) ;
#3575 = EDGE_CURVE ( 'NONE', #277, #3194, #1723, .T. ) ;
#3576 = VERTEX_POINT ( 'NONE', #1385 ) ;
#3577 = EDGE_CURVE ( 'NONE', #1024, #3628, #540, .T. ) ;
#3578 = FACE_OUTER_BOUND ( 'NONE', #631, .T. ) ;
#3579 = ORIENTED_EDGE ( 'NONE', *, *, #429, .T. ) ;
#3580 = DIRECTION ( 'NONE',  ( 0.000000000000000000, 0.000000000000000000, 1.000000000000000000 ) ) ;
#3581 = ORIENTED_EDGE ( 'NONE', *, *, #1392, .F. ) ;
#3582 = EDGE_LOOP ( 'NONE', ( #1719, #1062, #2151, #299 ) ) ;
#3583 = DIRECTION ( 'NONE',  ( 0.000000000000000000, 0.000000000000000000, 1.000000000000000000 ) ) ;
#3584 = DIRECTION ( 'NONE',  ( -0.000000000000000000, -0.000000000000000000, -1.000000000000000000 ) ) ;
#3585 = ADVANCED_FACE ( 'NONE', ( #3718 ), #3400, .T. ) ;
#3586 = VERTEX_POINT ( 'NONE', #3695 ) ;
#3587 = EDGE_CURVE ( 'NONE', #1827, #2379, #2420, .T. ) ;
#3588 = DIRECTION ( 'NONE',  ( 0.000000000000000000, 0.000000000000000000, 1.000000000000000000 ) ) ;
#3589 = ORIENTED_EDGE ( 'NONE', *, *, #2733, .T. ) ;
#3590 = CARTESIAN_POINT ( 'NONE',  ( 3.483281667205417875, -1.667828525471670709, -2.650139989853414590 ) ) ;
#3591 = DIRECTION ( 'NONE',  ( -0.000000000000000000, -0.000000000000000000, -1.000000000000000000 ) ) ;
#3592 = CARTESIAN_POINT ( 'NONE',  ( -1.867066472267399968, 3.297163540633398782, -8.550139989853414946 ) ) ;
#3593 = ORIENTED_EDGE ( 'NONE', *, *, #3462, .F. ) ;
#3594 = CARTESIAN_POINT ( 'NONE',  ( 0.07218700916191300720, 6.742222919023984851, -4.560121934157388424 ) ) ;
#3595 = VECTOR ( 'NONE', #2101, 1000.000000000000000 ) ;
#3596 = CARTESIAN_POINT ( 'NONE',  ( -3.731756136579508443, 2.524783792058391985, -5.450139989853414413 ) ) ;
#3597 = ORIENTED_EDGE ( 'NONE', *, *, #3575, .F. ) ;
#3598 = VECTOR ( 'NONE', #1339, 1000.000000000000227 ) ;
#3599 = DIRECTION ( 'NONE',  ( -0.3886902165835021683, -0.9213685014869296142, 0.000000000000000000 ) ) ;
#3600 = CARTESIAN_POINT ( 'NONE',  ( -1.166840917443273895, -5.046340343657114147, -2.650139989853414590 ) ) ;
#3601 = FACE_OUTER_BOUND ( 'NONE', #2081, .T. ) ;
#3602 = CYLINDRICAL_SURFACE ( 'NONE', #1931, 2.300000000000006928 ) ;
#3603 = AXIS2_PLACEMENT_3D ( 'NONE', #2946, #344, #2627 ) ;
#3604 = CARTESIAN_POINT ( 'NONE',  ( -0.9857671199937504403, -4.961415200871193143, 7.349860010146585410 ) ) ;
#3605 = VERTEX_POINT ( 'NONE', #2117 ) ;
#3606 = EDGE_CURVE ( 'NONE', #1945, #4057, #1198, .T. ) ;
#3607 = VECTOR ( 'NONE', #2769, 1000.000000000000000 ) ;
#3608 = DIRECTION ( 'NONE',  ( 1.000000000000000000, 0.000000000000000000, 0.000000000000000000 ) ) ;
#3609 = AXIS2_PLACEMENT_3D ( 'NONE', #1744, #821, #3996 ) ;
#3610 = VECTOR ( 'NONE', #1866, 1000.000000000000000 ) ;
#3611 = EDGE_CURVE ( 'NONE', #2539, #2904, #1318, .T. ) ;
#3612 = CARTESIAN_POINT ( 'NONE',  ( -2.008487828504709860, 1.001515483983599353, -2.650139989853414590 ) ) ;
#3613 = CIRCLE ( 'NONE', #3279, 0.1999999999999997891 ) ;
#3614 = CARTESIAN_POINT ( 'NONE',  ( 4.228256542016031183, 0.5946744133210435379, -2.650139989853414590 ) ) ;
#3615 = AXIS2_PLACEMENT_3D ( 'NONE', #1634, #3906, #1021 ) ;
#3616 = CARTESIAN_POINT ( 'NONE',  ( -2.008487828504709860, 1.001515483983599353, -5.450139989853414413 ) ) ;
#3617 = EDGE_LOOP ( 'NONE', ( #2054, #2171, #1685, #1155 ) ) ;
#3618 = CARTESIAN_POINT ( 'NONE',  ( -2.008487828504709860, 1.001515483983599353, 7.349860010146585410 ) ) ;
#3619 = ORIENTED_EDGE ( 'NONE', *, *, #2083, .T. ) ;
#3620 = CARTESIAN_POINT ( 'NONE',  ( 1.220279461175395097, -4.181147096574657773, -2.650139989853414590 ) ) ;
#3621 = CARTESIAN_POINT ( 'NONE',  ( -1.769096634838260629, 7.046777418457155662, 7.349860010146585410 ) ) ;
#3622 = CARTESIAN_POINT ( 'NONE',  ( -1.308487828504709904, 5.952273001778223716, 7.349860010146585410 ) ) ;
#3623 = ORIENTED_EDGE ( 'NONE', *, *, #2958, .T. ) ;
#3625 = EDGE_CURVE ( 'NONE', #4139, #2089, #2139, .T. ) ;
#3624 = FACE_OUTER_BOUND ( 'NONE', #1185, .T. ) ;
#3626 = DIRECTION ( 'NONE',  ( 1.000000000000000000, 0.000000000000000000, 0.000000000000000000 ) ) ;
#3627 = CARTESIAN_POINT ( 'NONE',  ( 1.791512171495293071, 1.001515483983599797, 8.097883084182114999 ) ) ;
#3628 = VERTEX_POINT ( 'NONE', #2459 ) ;
#3629 = FACE_OUTER_BOUND ( 'NONE', #3349, .T. ) ;
#3630 = ADVANCED_FACE ( 'NONE', ( #1100 ), #1409, .T. ) ;
#3631 = CARTESIAN_POINT ( 'NONE',  ( 2.323833322179781113, 5.224487594634085852, -2.650139989853414590 ) ) ;
#3632 = AXIS2_PLACEMENT_3D ( 'NONE', #3820, #3504, #1581 ) ;
#3633 = CARTESIAN_POINT ( 'NONE',  ( -0.4852195204299127873, 2.524783792058387544, -8.550139989853414946 ) ) ;
#3634 = APPLICATION_CONTEXT ( 'configuration controlled 3d designs of mechanical parts and assemblies' ) ;
#3635 = FACE_OUTER_BOUND ( 'NONE', #860, .T. ) ;
#3636 = ADVANCED_FACE ( 'NONE', ( #1825 ), #3670, .T. ) ;
#3637 = VECTOR ( 'NONE', #426, 1000.000000000000000 ) ;
#3638 = AXIS2_PLACEMENT_3D ( 'NONE', #3094, #3120, #545 ) ;
#3639 = ORIENTED_EDGE ( 'NONE', *, *, #3974, .F. ) ;
#3640 = DIRECTION ( 'NONE',  ( -1.000000000000000000, 0.000000000000000000, -0.000000000000000000 ) ) ;
#3641 = ORIENTED_EDGE ( 'NONE', *, *, #2493, .F. ) ;
#3642 = AXIS2_PLACEMENT_3D ( 'NONE', #3278, #700, #1042 ) ;
#3643 = DIRECTION ( 'NONE',  ( 0.000000000000000000, 0.000000000000000000, 1.000000000000000000 ) ) ;
#3644 = CC_DESIGN_DATE_AND_TIME_ASSIGNMENT ( #247, #481, ( #1814 ) ) ;
#3645 = DIRECTION ( 'NONE',  ( 0.000000000000000000, 0.000000000000000000, 1.000000000000000000 ) ) ;
#3646 = VERTEX_POINT ( 'NONE', #1432 ) ;
#3647 = CARTESIAN_POINT ( 'NONE',  ( 1.094950428962356440E-14, 2.524783792058385323, -5.450139989853414413 ) ) ;
#3648 = ORIENTED_EDGE ( 'NONE', *, *, #2185, .T. ) ;
#3649 = FACE_OUTER_BOUND ( 'NONE', #94, .T. ) ;
#3650 = ORIENTED_EDGE ( 'NONE', *, *, #3751, .F. ) ;
#3651 = CARTESIAN_POINT ( 'NONE',  ( -2.008487828504709860, 1.001515483983599353, -4.560121934157388424 ) ) ;
#3652 = LINE ( 'NONE', #3564, #3005 ) ;
#3653 = EDGE_LOOP ( 'NONE', ( #1768, #982, #3561, #119 ) ) ;
#3654 = ORIENTED_EDGE ( 'NONE', *, *, #676, .F. ) ;
#3655 = DIRECTION ( 'NONE',  ( -0.000000000000000000, -0.000000000000000000, -1.000000000000000000 ) ) ;
#3656 = VERTEX_POINT ( 'NONE', #4100 ) ;
#3657 = CARTESIAN_POINT ( 'NONE',  ( -2.008487828504709860, 1.001515483983599353, 7.349860010146585410 ) ) ;
#3658 = LINE ( 'NONE', #1869, #3305 ) ;
#3659 = APPROVAL_ROLE ( '' ) ;
#3660 = DIRECTION ( 'NONE',  ( -0.9447947545461433672, 0.3276627409121955492, 0.000000000000000000 ) ) ;
#3661 = LINE ( 'NONE', #1095, #388 ) ;
#3662 = ORIENTED_EDGE ( 'NONE', *, *, #4109, .F. ) ;
#3663 = ADVANCED_FACE ( 'NONE', ( #618 ), #308, .T. ) ;
#3664 = VERTEX_POINT ( 'NONE', #3467 ) ;
#3665 = PLANE ( 'NONE',  #3477 ) ;
#3666 = DIRECTION ( 'NONE',  ( -0.9781476007338069101, 0.2079116908177534306, 0.000000000000000000 ) ) ;
#3667 = ORIENTED_EDGE ( 'NONE', *, *, #2247, .F. ) ;
#3668 = EDGE_CURVE ( 'NONE', #3723, #1165, #2165, .T. ) ;
#3669 = CARTESIAN_POINT ( 'NONE',  ( -6.156009084498260897, 3.794017485967066339, -2.650139989853414590 ) ) ;
#3670 = PLANE ( 'NONE',  #52 ) ;
#3671 = DIRECTION ( 'NONE',  ( -0.000000000000000000, -0.000000000000000000, -1.000000000000000000 ) ) ;
#3672 = VERTEX_POINT ( 'NONE', #4150 ) ;
#3673 = PLANE ( 'NONE',  #1933 ) ;
#3674 = DIRECTION ( 'NONE',  ( -0.000000000000000000, -0.000000000000000000, -1.000000000000000000 ) ) ;
#3675 = ORIENTED_EDGE ( 'NONE', *, *, #3280, .F. ) ;
#3676 = CIRCLE ( 'NONE', #1044, 6.250000000000000000 ) ;
#3677 = CARTESIAN_POINT ( 'NONE',  ( -6.814984832465910358, 4.996523187469541938, -4.560121934157388424 ) ) ;
#3678 = VERTEX_POINT ( 'NONE', #1886 ) ;
#3679 = CARTESIAN_POINT ( 'NONE',  ( -2.008487828504709860, 1.001515483983599353, 8.097883084182114999 ) ) ;
#3680 = ADVANCED_FACE ( 'NONE', ( #1865 ), #3154, .T. ) ;
#3681 = APPROVAL_DATE_TIME ( #1135, #290 ) ;
#3682 = CARTESIAN_POINT ( 'NONE',  ( 0.07218700916191300720, 6.742222919023984851, 7.349860010146585410 ) ) ;
#3683 = CIRCLE ( 'NONE', #3002, 0.1999999999999997891 ) ;
#3684 = CARTESIAN_POINT ( 'NONE',  ( -6.858954654323203393, -0.2121449181199984713, -4.560121934157388424 ) ) ;
#3685 = FACE_BOUND ( 'NONE', #587, .T. ) ;
#3686 = AXIS2_PLACEMENT_3D ( 'NONE', #1841, #204, #1561 ) ;
#3687 = EDGE_LOOP ( 'NONE', ( #3546, #1007 ) ) ;
#3688 = AXIS2_PLACEMENT_3D ( 'NONE', #450, #391, #1754 ) ;
#3689 = DIRECTION ( 'NONE',  ( 0.000000000000000000, 0.000000000000000000, 1.000000000000000000 ) ) ;
#3690 = CARTESIAN_POINT ( 'NONE',  ( -6.340808979189143102, 5.224487594634144472, -4.560121934157388424 ) ) ;
#3691 = EDGE_LOOP ( 'NONE', ( #1264, #634, #2592, #3667 ) ) ;
#3692 = EDGE_CURVE ( 'NONE', #3555, #1594, #3521, .T. ) ;
#3693 = PRODUCT_DEFINITION_FORMATION_WITH_SPECIFIED_SOURCE ( 'ANY', '', #1743, .NOT_KNOWN. ) ;
#3694 = DIRECTION ( 'NONE',  ( -0.000000000000000000, -0.000000000000000000, -1.000000000000000000 ) ) ;
#3695 = CARTESIAN_POINT ( 'NONE',  ( 1.862366877392460207, -3.905518635098286673, -2.650139989853414590 ) ) ;
#3696 = PLANE ( 'NONE',  #2149 ) ;
#3697 = ORIENTED_EDGE ( 'NONE', *, *, #2809, .F. ) ;
#3698 = EDGE_LOOP ( 'NONE', ( #657, #1069, #1337, #1944 ) ) ;
#3699 = LINE ( 'NONE', #2827, #3745 ) ;
#3700 = ORIENTED_EDGE ( 'NONE', *, *, #531, .T. ) ;
#3701 = ORIENTED_EDGE ( 'NONE', *, *, #693, .F. ) ;
#3702 = DIRECTION ( 'NONE',  ( 1.000000000000000000, 0.000000000000000000, 0.000000000000000000 ) ) ;
#3703 = ORIENTED_EDGE ( 'NONE', *, *, #1564, .T. ) ;
#3704 = EDGE_CURVE ( 'NONE', #474, #175, #125, .T. ) ;
#3705 = DATE_AND_TIME ( #2766, #1061 ) ;
#3706 = DIRECTION ( 'NONE',  ( 0.6691306063588670083, 0.7431448254773862505, 0.000000000000000000 ) ) ;
#3707 = LINE ( 'NONE', #2111, #987 ) ;
#3708 = CARTESIAN_POINT ( 'NONE',  ( -7.935236810896764581, 2.470724840930976551, 7.349860010146585410 ) ) ;
#3709 = ORIENTED_EDGE ( 'NONE', *, *, #1938, .T. ) ;
#3710 = VECTOR ( 'NONE', #201, 1000.000000000000000 ) ;
#3711 = CARTESIAN_POINT ( 'NONE',  ( -3.531756136579508265, 2.724783792058392162, -8.550139989853414946 ) ) ;
#3712 = EDGE_CURVE ( 'NONE', #3875, #1024, #1980, .T. ) ;
#3713 = DIRECTION ( 'NONE',  ( -0.000000000000000000, -0.000000000000000000, -1.000000000000000000 ) ) ;
#3714 = VERTEX_POINT ( 'NONE', #3622 ) ;
#3715 = CIRCLE ( 'NONE', #3450, 0.1999999999999995670 ) ;
#3716 = FACE_OUTER_BOUND ( 'NONE', #3978, .T. ) ;
#3717 = CARTESIAN_POINT ( 'NONE',  ( -2.255792780639471751, 7.246620788191818541, -4.560121934157388424 ) ) ;
#3718 = FACE_OUTER_BOUND ( 'NONE', #2303, .T. ) ;
#3719 = CARTESIAN_POINT ( 'NONE',  ( -1.867066472267406629, -1.294132572666213399, -5.450139989853414413 ) ) ;
#3720 = VERTEX_POINT ( 'NONE', #2325 ) ;
#3721 = ORIENTED_EDGE ( 'NONE', *, *, #2194, .F. ) ;
#3722 = DIRECTION ( 'NONE',  ( 0.000000000000000000, 0.000000000000000000, 1.000000000000000000 ) ) ;
#3723 = VERTEX_POINT ( 'NONE', #3962 ) ;
#3724 = VERTEX_POINT ( 'NONE', #431 ) ;
#3725 = CARTESIAN_POINT ( 'NONE',  ( -2.008487828504709860, 1.001515483983599353, 7.349860010146585410 ) ) ;
#3726 = EDGE_LOOP ( 'NONE', ( #3367, #2119, #1962, #4094 ) ) ;
#3727 = EDGE_CURVE ( 'NONE', #3016, #1580, #2284, .T. ) ;
#3728 = EDGE_CURVE ( 'NONE', #2748, #3628, #4092, .T. ) ;
#3729 = APPLICATION_PROTOCOL_DEFINITION ( 'international standard', 'config_control_design', 1994, #1992 ) ;
#3730 = DIRECTION ( 'NONE',  ( 1.000000000000000000, 0.000000000000000000, -0.000000000000000000 ) ) ;
#3731 = EDGE_LOOP ( 'NONE', ( #2924, #1820, #734, #522 ) ) ;
#3732 = DIRECTION ( 'NONE',  ( 0.000000000000000000, 0.000000000000000000, 1.000000000000000000 ) ) ;
#3733 = CYLINDRICAL_SURFACE ( 'NONE', #2057, 4.999999999999999112 ) ;
#3734 = ORIENTED_EDGE ( 'NONE', *, *, #2515, .F. ) ;
#3735 = CARTESIAN_POINT ( 'NONE',  ( -4.686012111819960246, 6.426767893987872959, -2.650139989853414590 ) ) ;
#3736 = DIRECTION ( 'NONE',  ( -0.000000000000000000, -0.000000000000000000, -1.000000000000000000 ) ) ;
#3737 = DIRECTION ( 'NONE',  ( 0.000000000000000000, 0.000000000000000000, 1.000000000000000000 ) ) ;
#3738 = CARTESIAN_POINT ( 'NONE',  ( -2.008487828504709860, 1.001515483983599353, 7.349860010146585410 ) ) ;
#3739 = ORIENTED_EDGE ( 'NONE', *, *, #755, .T. ) ;
#3740 = ORIENTED_EDGE ( 'NONE', *, *, #3884, .T. ) ;
#3741 = DIRECTION ( 'NONE',  ( -0.9963853997198273138, -0.08494783826066339139, 0.000000000000000000 ) ) ;
#3742 = LINE ( 'NONE', #2464, #2401 ) ;
#3743 = VERTEX_POINT ( 'NONE', #3600 ) ;
#3744 = ORIENTED_EDGE ( 'NONE', *, *, #1476, .F. ) ;
#3745 = VECTOR ( 'NONE', #4009, 1000.000000000000000 ) ;
#3746 = VECTOR ( 'NONE', #3539, 1000.000000000000000 ) ;
#3747 = ORIENTED_EDGE ( 'NONE', *, *, #693, .T. ) ;
#3748 = AXIS2_PLACEMENT_3D ( 'NONE', #3131, #4093, #3149 ) ;
#3749 = EDGE_CURVE ( 'NONE', #3628, #1464, #994, .T. ) ;
#3750 = PLANE ( 'NONE',  #1283 ) ;
#3751 = EDGE_CURVE ( 'NONE', #2182, #4057, #3898, .T. ) ;
#3752 = DIRECTION ( 'NONE',  ( 0.000000000000000000, 0.000000000000000000, -1.000000000000000000 ) ) ;
#3753 = CARTESIAN_POINT ( 'NONE',  ( 3.107166982447210124, -2.228434338410628435, 7.349860010146585410 ) ) ;
#3754 = AXIS2_PLACEMENT_3D ( 'NONE', #4075, #3838, #2239 ) ;
#3755 = CARTESIAN_POINT ( 'NONE',  ( -2.008487828504709860, 1.001515483983599353, -8.550139989853414946 ) ) ;
#3756 = ORIENTED_EDGE ( 'NONE', *, *, #531, .F. ) ;
#3757 = CIRCLE ( 'NONE', #649, 6.250000000000000888 ) ;
#3758 = AXIS2_PLACEMENT_3D ( 'NONE', #2398, #78, #2354 ) ;
#3759 = VECTOR ( 'NONE', #2005, 1000.000000000000000 ) ;
#3760 = PLANE ( 'NONE',  #456 ) ;
#3761 = AXIS2_PLACEMENT_3D ( 'NONE', #560, #513, #2801 ) ;
#3762 = CARTESIAN_POINT ( 'NONE',  ( -3.531756136579508265, 2.524783792058391985, -5.450139989853414413 ) ) ;
#3763 = CARTESIAN_POINT ( 'NONE',  ( -4.304135885154518171, 0.8600941277462860191, -5.450139989853414413 ) ) ;
#3764 = CYLINDRICAL_SURFACE ( 'NONE', #59, 4.999999999999999112 ) ;
#3765 = ORIENTED_EDGE ( 'NONE', *, *, #4162, .T. ) ;
#3766 = ORIENTED_EDGE ( 'NONE', *, *, #27, .F. ) ;
#3767 = CARTESIAN_POINT ( 'NONE',  ( -0.5174472765504714022, -4.861870745187050424, 7.349860010146585410 ) ) ;
#3768 = CARTESIAN_POINT ( 'NONE',  ( -2.008487828504709860, 1.001515483983599353, -5.450139989853414413 ) ) ;
#3769 = ORIENTED_EDGE ( 'NONE', *, *, #66, .F. ) ;
#3770 = DIRECTION ( 'NONE',  ( 0.000000000000000000, 0.000000000000000000, 1.000000000000000000 ) ) ;
#3771 = EDGE_CURVE ( 'NONE', #1594, #3646, #3345, .T. ) ;
#3772 = EDGE_CURVE ( 'NONE', #38, #277, #2932, .T. ) ;
#3773 = EDGE_CURVE ( 'NONE', #2025, #3403, #714, .T. ) ;
#3774 = ORIENTED_EDGE ( 'NONE', *, *, #1199, .F. ) ;
#3775 = EDGE_CURVE ( 'NONE', #2364, #33, #2027, .T. ) ;
#3776 = CARTESIAN_POINT ( 'NONE',  ( -8.245232199025455344, 0.5946744133211272487, 7.349860010146585410 ) ) ;
#3777 = CARTESIAN_POINT ( 'NONE',  ( -0.4681566797916537070, -5.055701694911700628, -2.650139989853414590 ) ) ;
#3778 = CARTESIAN_POINT ( 'NONE',  ( 1.094950428962356440E-14, 2.524783792058385323, -8.550139989853414946 ) ) ;
#3779 = CYLINDRICAL_SURFACE ( 'NONE', #1309, 4.999999999999999112 ) ;
#3780 = DIRECTION ( 'NONE',  ( 0.7071067811865481278, 0.7071067811865470176, 0.000000000000000000 ) ) ;
#3781 = ORIENTED_EDGE ( 'NONE', *, *, #2917, .T. ) ;
#3782 = VECTOR ( 'NONE', #1920, 1000.000000000000000 ) ;
#3783 = VECTOR ( 'NONE', #3001, 1000.000000000000000 ) ;
#3784 = ORIENTED_EDGE ( 'NONE', *, *, #3417, .T. ) ;
#3785 = CARTESIAN_POINT ( 'NONE',  ( 0.8654459806616806583, 6.389041270033941622, -2.650139989853414590 ) ) ;
#3786 = CARTESIAN_POINT ( 'NONE',  ( -0.5174472765504714022, -4.861870745187050424, -4.560121934157388424 ) ) ;
#3787 = FACE_OUTER_BOUND ( 'NONE', #692, .T. ) ;
#3788 = ORIENTED_EDGE ( 'NONE', *, *, #1376, .F. ) ;
#3789 = AXIS2_PLACEMENT_3D ( 'NONE', #856, #2381, #900 ) ;
#3790 = VERTEX_POINT ( 'NONE', #2989 ) ;
#3791 = DIRECTION ( 'NONE',  ( -0.8090169943749425663, 0.5877852522924797984, 0.000000000000000000 ) ) ;
#3792 = CARTESIAN_POINT ( 'NONE',  ( -2.008487828504709860, 1.001515483983599353, -2.650139989853414590 ) ) ;
#3793 = VECTOR ( 'NONE', #3390, 1000.000000000000000 ) ;
#3794 = EDGE_CURVE ( 'NONE', #1701, #1475, #2615, .T. ) ;
#3795 = VERTEX_POINT ( 'NONE', #2373 ) ;
#3796 = DIRECTION ( 'NONE',  ( -0.7071067811865491270, -0.7071067811865459074, 0.000000000000000000 ) ) ;
#3797 = CYLINDRICAL_SURFACE ( 'NONE', #863, 0.1999999999999994560 ) ;
#3798 = CARTESIAN_POINT ( 'NONE',  ( -2.008487828504709860, 1.001515483983599353, -5.450139989853414413 ) ) ;
#3799 = ORIENTED_EDGE ( 'NONE', *, *, #3704, .T. ) ;
#3800 = ADVANCED_FACE ( 'NONE', ( #3649 ), #762, .T. ) ;
#3801 = ADVANCED_FACE ( 'NONE', ( #877 ), #3764, .T. ) ;
#3802 = FACE_OUTER_BOUND ( 'NONE', #3150, .T. ) ;
#3803 = EDGE_LOOP ( 'NONE', ( #596, #3346, #986, #849 ) ) ;
#3804 = ORIENTED_EDGE ( 'NONE', *, *, #1874, .F. ) ;
#3805 = ADVANCED_FACE ( 'NONE', ( #2460 ), #3696, .T. ) ;
#3806 = CARTESIAN_POINT ( 'NONE',  ( 2.828427726900666385E-16, -0.5217528240912077120, -5.450139989853414413 ) ) ;
#3807 = LINE ( 'NONE', #297, #1946 ) ;
#3808 = CARTESIAN_POINT ( 'NONE',  ( -2.008487828504709860, 1.001515483983599353, -2.650139989853414590 ) ) ;
#3809 = ORIENTED_EDGE ( 'NONE', *, *, #448, .T. ) ;
#3810 = VERTEX_POINT ( 'NONE', #239 ) ;
#3811 = CARTESIAN_POINT ( 'NONE',  ( -2.008487828504709860, 1.001515483983599353, 7.349860010146585410 ) ) ;
#3812 = CARTESIAN_POINT ( 'NONE',  ( 0.3057010229085880271, 6.807291053190044572, 7.349860010146585410 ) ) ;
#3813 = ADVANCED_FACE ( 'NONE', ( #852 ), #2439, .T. ) ;
#3814 = AXIS2_PLACEMENT_3D ( 'NONE', #536, #1497, #3055 ) ;
#3815 = ORIENTED_EDGE ( 'NONE', *, *, #906, .T. ) ;
#3816 = EDGE_CURVE ( 'NONE', #1828, #1506, #1799, .T. ) ;
#3817 = DIRECTION ( 'NONE',  ( 0.000000000000000000, 0.000000000000000000, 1.000000000000000000 ) ) ;
#3818 = VERTEX_POINT ( 'NONE', #3719 ) ;
#3819 = VECTOR ( 'NONE', #1979, 1000.000000000000227 ) ;
#3820 = CARTESIAN_POINT ( 'NONE',  ( -2.008487828504709860, 1.001515483983599353, -2.650139989853414590 ) ) ;
#3821 = ADVANCED_FACE ( 'NONE', ( #1169 ), #1453, .T. ) ;
#3822 = CARTESIAN_POINT ( 'NONE',  ( 2.828427726900666385E-16, -0.5217528240912077120, -8.550139989853414946 ) ) ;
#3823 = ORIENTED_EDGE ( 'NONE', *, *, #2846, .T. ) ;
#3824 = AXIS2_PLACEMENT_3D ( 'NONE', #2335, #103, #2013 ) ;
#3825 = CARTESIAN_POINT ( 'NONE',  ( 2.988318845888487285, 1.180185735395517632, -2.650139989853414590 ) ) ;
#3826 = AXIS2_PLACEMENT_3D ( 'NONE', #3594, #2386, #730 ) ;
#3827 = DIRECTION ( 'NONE',  ( -1.000000000000000000, 0.000000000000000000, 0.000000000000000000 ) ) ;
#3828 = ORIENTED_EDGE ( 'NONE', *, *, #1991, .F. ) ;
#3829 = CIRCLE ( 'NONE', #1813, 6.250000000000000888 ) ;
#3830 = LOCAL_TIME ( 19, 34, 57.00000000000000000, #1514 ) ;
#3831 = EDGE_LOOP ( 'NONE', ( #363, #172, #1957, #847 ) ) ;
#3832 = AXIS2_PLACEMENT_3D ( 'NONE', #3612, #3889, #359 ) ;
#3833 = EDGE_CURVE ( 'NONE', #3370, #751, #2676, .T. ) ;
#3834 = CARTESIAN_POINT ( 'NONE',  ( -1.574322804277690446, 7.092199383724657302, -2.650139989853414590 ) ) ;
#3835 = EDGE_CURVE ( 'NONE', #2520, #4065, #1056, .T. ) ;
#3836 = LINE ( 'NONE', #556, #2476 ) ;
#3837 = ORIENTED_EDGE ( 'NONE', *, *, #3916, .F. ) ;
#3838 = DIRECTION ( 'NONE',  ( -0.7071067811865470176, 0.7071067811865481278, 0.000000000000000000 ) ) ;
#3839 = DIRECTION ( 'NONE',  ( 1.000000000000000000, 5.421010862427508365E-16, 0.000000000000000000 ) ) ;
#3840 = VERTEX_POINT ( 'NONE', #541 ) ;
#3841 = CIRCLE ( 'NONE', #480, 0.1999999999999996503 ) ;
#3842 = CARTESIAN_POINT ( 'NONE',  ( -2.008487828504709860, 3.155742184396089112, -8.550139989853414946 ) ) ;
#3843 = FACE_OUTER_BOUND ( 'NONE', #1387, .T. ) ;
#3844 = ORIENTED_EDGE ( 'NONE', *, *, #925, .F. ) ;
#3845 = VECTOR ( 'NONE', #661, 1000.000000000000114 ) ;
#3846 = EDGE_LOOP ( 'NONE', ( #3910, #2403, #2187, #127 ) ) ;
#3847 = DIRECTION ( 'NONE',  ( 0.000000000000000000, 0.000000000000000000, 1.000000000000000000 ) ) ;
#3848 = LINE ( 'NONE', #35, #1200 ) ;
#3849 = EDGE_CURVE ( 'NONE', #2307, #3370, #2216, .T. ) ;
#3850 = AXIS2_PLACEMENT_3D ( 'NONE', #437, #698, #457 ) ;
#3851 = DIRECTION ( 'NONE',  ( -0.3090169943749441206, 0.9510565162951546414, 0.000000000000000000 ) ) ;
#3852 = EDGE_CURVE ( 'NONE', #2393, #403, #1147, .T. ) ;
#3853 = VERTEX_POINT ( 'NONE', #2097 ) ;
#3854 = CARTESIAN_POINT ( 'NONE',  ( 0.2316469796633628675, 6.621506234975437444, -2.650139989853414590 ) ) ;
#3855 = CARTESIAN_POINT ( 'NONE',  ( -7.363533833123119265, -1.813796628095703856, -2.650139989853414590 ) ) ;
#3856 = ORIENTED_EDGE ( 'NONE', *, *, #723, .T. ) ;
#3857 = DIRECTION ( 'NONE',  ( 0.000000000000000000, 0.000000000000000000, 1.000000000000000000 ) ) ;
#3858 = PLANE ( 'NONE',  #2945 ) ;
#3859 = VERTEX_POINT ( 'NONE', #1189 ) ;
#3860 = DIRECTION ( 'NONE',  ( 0.9135454576426059736, -0.4067366430757888840, 0.000000000000000000 ) ) ;
#3861 = DIRECTION ( 'NONE',  ( 0.000000000000000000, 0.000000000000000000, 1.000000000000000000 ) ) ;
#3862 = EDGE_LOOP ( 'NONE', ( #3540, #4159 ) ) ;
#3863 = ORIENTED_EDGE ( 'NONE', *, *, #814, .T. ) ;
#3864 = PLANE ( 'NONE',  #3006 ) ;
#3865 = ADVANCED_FACE ( 'NONE', ( #809 ), #1775, .T. ) ;
#3866 = DIRECTION ( 'NONE',  ( 0.000000000000000000, 0.000000000000000000, 1.000000000000000000 ) ) ;
#3867 = CARTESIAN_POINT ( 'NONE',  ( 3.854538833009225396, 3.166560140884876251, -4.560121934157388424 ) ) ;
#3868 = EDGE_CURVE ( 'NONE', #2364, #1868, #2481, .T. ) ;
#3869 = CARTESIAN_POINT ( 'NONE',  ( -3.382660501624896288, 5.808973176407914885, -4.560121934157388424 ) ) ;
#3870 = DIRECTION ( 'NONE',  ( 0.000000000000000000, 0.000000000000000000, 1.000000000000000000 ) ) ;
#3871 = VERTEX_POINT ( 'NONE', #1410 ) ;
#3872 = AXIS2_PLACEMENT_3D ( 'NONE', #3378, #3080, #2703 ) ;
#3873 = ADVANCED_FACE ( 'NONE', ( #449 ), #1731, .F. ) ;
#3874 = CARTESIAN_POINT ( 'NONE',  ( 2.808285501127174122, 4.754331003799882716, 7.349860010146585410 ) ) ;
#3875 = VERTEX_POINT ( 'NONE', #144 ) ;
#3876 = DIRECTION ( 'NONE',  ( 0.000000000000000000, 0.000000000000000000, 1.000000000000000000 ) ) ;
#3877 = DIRECTION ( 'NONE',  ( -0.9922736368262302653, 0.1240686489796942737, 0.000000000000000000 ) ) ;
#3878 = ORIENTED_EDGE ( 'NONE', *, *, #1938, .F. ) ;
#3879 = AXIS2_PLACEMENT_3D ( 'NONE', #2637, #1030, #76 ) ;
#3880 = ORIENTED_EDGE ( 'NONE', *, *, #943, .F. ) ;
#3881 = DIRECTION ( 'NONE',  ( 0.8560238078641621007, 0.5169363987665600568, 0.000000000000000000 ) ) ;
#3882 = VECTOR ( 'NONE', #2650, 1000.000000000000000 ) ;
#3883 = FACE_OUTER_BOUND ( 'NONE', #1872, .T. ) ;
#3884 = EDGE_CURVE ( 'NONE', #3370, #2909, #3985, .T. ) ;
#3885 = VECTOR ( 'NONE', #603, 1000.000000000000000 ) ;
#3886 = EDGE_CURVE ( 'NONE', #2927, #1037, #2421, .T. ) ;
#3887 = CARTESIAN_POINT ( 'NONE',  ( -2.008487828504709860, 1.001515483983599353, 8.097883084182114999 ) ) ;
#3888 = EDGE_CURVE ( 'NONE', #3875, #1464, #4033, .T. ) ;
#3889 = DIRECTION ( 'NONE',  ( 0.000000000000000000, 0.000000000000000000, 1.000000000000000000 ) ) ;
#3890 = DIRECTION ( 'NONE',  ( 0.000000000000000000, 0.000000000000000000, -1.000000000000000000 ) ) ;
#3891 = CARTESIAN_POINT ( 'NONE',  ( 3.346558176113661354, -1.813796628095778463, -2.650139989853414590 ) ) ;
#3892 = ORIENTED_EDGE ( 'NONE', *, *, #2809, .T. ) ;
#3893 = CARTESIAN_POINT ( 'NONE',  ( -3.531756136579508265, 2.724783792058392162, -5.450139989853414413 ) ) ;
#3894 = ORIENTED_EDGE ( 'NONE', *, *, #4151, .T. ) ;
#3895 = CARTESIAN_POINT ( 'NONE',  ( 2.467050550301582934, 5.364089978457242225, 7.349860010146585410 ) ) ;
#3896 = ORIENTED_EDGE ( 'NONE', *, *, #3916, .T. ) ;
#3897 = CARTESIAN_POINT ( 'NONE',  ( 0.8654459806616806583, 6.389041270033941622, 7.349860010146585410 ) ) ;
#3898 = LINE ( 'NONE', #736, #2825 ) ;
#3899 = DIRECTION ( 'NONE',  ( -0.000000000000000000, -0.000000000000000000, -1.000000000000000000 ) ) ;
#3900 = DIRECTION ( 'NONE',  ( -1.000000000000000000, 0.000000000000000000, 0.000000000000000000 ) ) ;
#3901 = VECTOR ( 'NONE', #1110, 1000.000000000000000 ) ;
#3902 = ADVANCED_FACE ( 'NONE', ( #2872 ), #3858, .T. ) ;
#3903 = DIRECTION ( 'NONE',  ( 0.1045284632676583836, 0.9945218953682728458, 0.000000000000000000 ) ) ;
#3904 = ORIENTED_EDGE ( 'NONE', *, *, #149, .F. ) ;
#3905 = AXIS2_PLACEMENT_3D ( 'NONE', #2144, #1065, #747 ) ;
#3906 = DIRECTION ( 'NONE',  ( 0.000000000000000000, 0.000000000000000000, 1.000000000000000000 ) ) ;
#3907 = CYLINDRICAL_SURFACE ( 'NONE', #1626, 0.1999999999999992617 ) ;
#3908 = AXIS2_PLACEMENT_3D ( 'NONE', #1932, #3256, #1657 ) ;
#3909 = LINE ( 'NONE', #644, #1051 ) ;
#3910 = ORIENTED_EDGE ( 'NONE', *, *, #2251, .F. ) ;
#3911 = DIRECTION ( 'NONE',  ( -0.000000000000000000, -0.000000000000000000, -1.000000000000000000 ) ) ;
#3912 = CARTESIAN_POINT ( 'NONE',  ( -6.825261158136543216, 4.754331003799948441, 7.349860010146585410 ) ) ;
#3913 = ORIENTED_EDGE ( 'NONE', *, *, #1142, .F. ) ;
#3914 = DIRECTION ( 'NONE',  ( 0.000000000000000000, 0.000000000000000000, -1.000000000000000000 ) ) ;
#3915 = CARTESIAN_POINT ( 'NONE',  ( -8.024357356024070853, 2.696158168405301758, -2.650139989853414590 ) ) ;
#3916 = EDGE_CURVE ( 'NONE', #3743, #3516, #2552, .T. ) ;
#3917 = EDGE_CURVE ( 'NONE', #2911, #4006, #1246, .T. ) ;
#3918 = DIRECTION ( 'NONE',  ( -0.000000000000000000, -0.000000000000000000, -1.000000000000000000 ) ) ;
#3919 = VERTEX_POINT ( 'NONE', #2501 ) ;
#3920 = CARTESIAN_POINT ( 'NONE',  ( -5.939748884110620075, -3.670755499970916436, 7.349860010146585410 ) ) ;
#3921 = CARTESIAN_POINT ( 'NONE',  ( -2.008487828504709860, 1.001515483983599353, -5.450139989853414413 ) ) ;
#3922 = UNCERTAINTY_MEASURE_WITH_UNIT (LENGTH_MEASURE( 1.000000000000000082E-05 ), #699, 'distance_accuracy_value', 'NONE');
#3923 = DIRECTION ( 'NONE',  ( 0.000000000000000000, 0.000000000000000000, 1.000000000000000000 ) ) ;
#3924 = ORIENTED_EDGE ( 'NONE', *, *, #3388, .F. ) ;
#3925 = CARTESIAN_POINT ( 'NONE',  ( -2.008487828504709860, 1.001515483983599353, 7.349860010146585410 ) ) ;
#3926 = FACE_OUTER_BOUND ( 'NONE', #2028, .T. ) ;
#3927 = CARTESIAN_POINT ( 'NONE',  ( 0.2871602281450929550, 0.8600941277462791357, -5.450139989853414413 ) ) ;
#3928 = LINE ( 'NONE', #1336, #2746 ) ;
#3929 = ORIENTED_EDGE ( 'NONE', *, *, #676, .T. ) ;
#3930 = VECTOR ( 'NONE', #1747, 1000.000000000000000 ) ;
#3931 = EDGE_CURVE ( 'NONE', #2734, #3480, #3505, .T. ) ;
#3932 = DIRECTION ( 'NONE',  ( -0.000000000000000000, -0.000000000000000000, -1.000000000000000000 ) ) ;
#3933 = ORIENTED_EDGE ( 'NONE', *, *, #1162, .T. ) ;
#3934 = AXIS2_PLACEMENT_3D ( 'NONE', #3755, #2161, #1845 ) ;
#3935 = DIRECTION ( 'NONE',  ( 0.000000000000000000, 0.000000000000000000, 1.000000000000000000 ) ) ;
#3936 = CARTESIAN_POINT ( 'NONE',  ( -8.020423721777209636, -0.06692096710218115030, -2.650139989853414590 ) ) ;
#3937 = EDGE_CURVE ( 'NONE', #2863, #3859, #1231, .T. ) ;
#3938 = CARTESIAN_POINT ( 'NONE',  ( -7.066092299987860592, -2.419824406302168107, -2.650139989853414590 ) ) ;
#3939 = ORIENTED_EDGE ( 'NONE', *, *, #753, .T. ) ;
#3940 = CARTESIAN_POINT ( 'NONE',  ( -0.9857671199937504403, -4.961415200871193143, -2.650139989853414590 ) ) ;
#3941 = CARTESIAN_POINT ( 'NONE',  ( -2.149909184742019530, 3.297163540633398338, -5.450139989853414413 ) ) ;
#3942 = ADVANCED_FACE ( 'NONE', ( #3802 ), #1887, .T. ) ;
#3943 = AXIS2_PLACEMENT_3D ( 'NONE', #3534, #3870, #3706 ) ;
#3944 = CARTESIAN_POINT ( 'NONE',  ( -3.722511515371822011, -3.695517920289620228, -2.650139989853414590 ) ) ;
#3945 = ORIENTED_EDGE ( 'NONE', *, *, #66, .T. ) ;
#3946 = CIRCLE ( 'NONE', #1131, 4.999999999999999112 ) ;
#3947 = LINE ( 'NONE', #2998, #1801 ) ;
#3948 = CLOSED_SHELL ( 'NONE', ( #2656, #306, #467, #3151, #425, #3801, #771, #2091, #4003, #4112, #1321, #2108, #341, #324, #3490, #3108, #3636, #2267, #1025, #2874, #1959, #1955, #3438, #2833, #13, #887, #3800, #159, #70, #744, #1076, #3821, #2972, #1857, #116, #2849, #342, #415, #470, #486, #1684, #1034, #1086, #579, #1574, #2573, #3805, #265, #1637, #3663, #3942, #3813, #3135, #2871, #2855, #1422, #1180, #3342, #1911, #1218, #1643, #4161, #4061, #442, #3630, #1479, #2458, #2697, #1559, #3241, #1195, #3052, #3172, #2253, #2466, #2045, #3902, #81, #4014, #2694, #283, #466, #3585, #2718, #776, #3865, #960, #2160, #3185, #2448, #865, #30, #2012, #289, #562, #1082, #614, #210, #392, #2219, #909, #1735, #3556, #2609, #3873, #2496, #3680, #3084, #503, #2233, #4031, #2231, #3050, #1332, #843, #2228, #1077, #774, #2988, #2856, #825, #1604 ) ) ;
#3949 = CARTESIAN_POINT ( 'NONE',  ( -0.6343151553844590396, 5.808973176407895345, -4.560121934157388424 ) ) ;
#3950 = VECTOR ( 'NONE', #1078, 1000.000000000000000 ) ;
#3951 = DIRECTION ( 'NONE',  ( 0.000000000000000000, 0.000000000000000000, 1.000000000000000000 ) ) ;
#3952 = VECTOR ( 'NONE', #3694, 1000.000000000000000 ) ;
#3953 = CIRCLE ( 'NONE', #1602, 2.300000000000001599 ) ;
#3954 = CARTESIAN_POINT ( 'NONE',  ( 1.922773227101137294, -3.670755499970968838, -4.560121934157388424 ) ) ;
#3955 = ORIENTED_EDGE ( 'NONE', *, *, #2127, .F. ) ;
#3956 = ORIENTED_EDGE ( 'NONE', *, *, #1236, .T. ) ;
#3957 = CARTESIAN_POINT ( 'NONE',  ( -2.008487828504709860, 1.001515483983599353, 7.349860010146585410 ) ) ;
#3958 = PLANE ( 'NONE',  #2060 ) ;
#3959 = ORIENTED_EDGE ( 'NONE', *, *, #2270, .T. ) ;
#3960 = LINE ( 'NONE', #141, #1733 ) ;
#3961 = ORIENTED_EDGE ( 'NONE', *, *, #405, .T. ) ;
#3962 = CARTESIAN_POINT ( 'NONE',  ( -4.304135885154518171, 0.8600941277462860191, -5.450139989853414413 ) ) ;
#3963 = ORIENTED_EDGE ( 'NONE', *, *, #1262, .T. ) ;
#3964 = DIRECTION ( 'NONE',  ( -0.000000000000000000, -0.000000000000000000, -1.000000000000000000 ) ) ;
#3965 = DIRECTION ( 'NONE',  ( 0.9738691528028530220, 0.2271098263375085913, -0.000000000000000000 ) ) ;
#3966 = VERTEX_POINT ( 'NONE', #2202 ) ;
#3967 = DIRECTION ( 'NONE',  ( 0.000000000000000000, 0.000000000000000000, 1.000000000000000000 ) ) ;
#3968 = ORIENTED_EDGE ( 'NONE', *, *, #2297, .F. ) ;
#3969 = CARTESIAN_POINT ( 'NONE',  ( -8.020423721777209636, -0.06692096710218072009, -2.650139989853414590 ) ) ;
#3970 = EDGE_CURVE ( 'NONE', #1642, #3359, #1582, .T. ) ;
#3971 = PLANE ( 'NONE',  #3789 ) ;
#3972 = VECTOR ( 'NONE', #572, 1000.000000000000000 ) ;
#3973 = DIRECTION ( 'NONE',  ( -0.000000000000000000, -0.000000000000000000, -1.000000000000000000 ) ) ;
#3974 = EDGE_CURVE ( 'NONE', #2739, #2182, #273, .T. ) ;
#3975 = DIRECTION ( 'NONE',  ( 0.3090169943749448977, -0.9510565162951543083, 0.000000000000000000 ) ) ;
#3976 = AXIS2_PLACEMENT_3D ( 'NONE', #2959, #2563, #318 ) ;
#3977 = AXIS2_PLACEMENT_3D ( 'NONE', #2034, #3340, #2695 ) ;
#3978 = EDGE_LOOP ( 'NONE', ( #3178, #2629, #4107, #3968 ) ) ;
#3979 = CARTESIAN_POINT ( 'NONE',  ( -2.008487828504709860, 1.001515483983599353, -2.650139989853414590 ) ) ;
#3980 = VECTOR ( 'NONE', #400, 1000.000000000000000 ) ;
#3981 = CARTESIAN_POINT ( 'NONE',  ( -2.149909184742025747, -1.294132572666212955, -5.450139989853414413 ) ) ;
#3982 = EDGE_LOOP ( 'NONE', ( #1408, #2800, #1855, #4125 ) ) ;
#3983 = CARTESIAN_POINT ( 'NONE',  ( 2.916274265453552506, 1.865644130605049078, -4.560121934157388424 ) ) ;
#3984 = CARTESIAN_POINT ( 'NONE',  ( -0.4852195204299181719, 0.000000000000000000, -5.450139989853414413 ) ) ;
#3985 = LINE ( 'NONE', #168, #796 ) ;
#3986 = EDGE_LOOP ( 'NONE', ( #3435, #2353, #2499, #2147 ) ) ;
#3987 = DIRECTION ( 'NONE',  ( -1.000000000000000000, 0.000000000000000000, 0.000000000000000000 ) ) ;
#3988 = CARTESIAN_POINT ( 'NONE',  ( -1.574322804277689780, 7.092199383724657302, -4.560121934157388424 ) ) ;
#3989 = ORIENTED_EDGE ( 'NONE', *, *, #4002, .T. ) ;
#3990 = EDGE_LOOP ( 'NONE', ( #2388, #1781, #2156, #1521 ) ) ;
#3991 = DIRECTION ( 'NONE',  ( -1.000000000000000000, 0.000000000000000000, 0.000000000000000000 ) ) ;
#3992 = ORIENTED_EDGE ( 'NONE', *, *, #1929, .T. ) ;
#3993 = DIRECTION ( 'NONE',  ( 0.000000000000000000, 0.000000000000000000, 1.000000000000000000 ) ) ;
#3994 = LINE ( 'NONE', #1766, #1832 ) ;
#3995 = EDGE_CURVE ( 'NONE', #3123, #2351, #1325, .T. ) ;
#3996 = DIRECTION ( 'NONE',  ( -0.2271098263375084247, -0.9738691528028530220, 0.000000000000000000 ) ) ;
#3997 = VERTEX_POINT ( 'NONE', #935 ) ;
#3998 = CARTESIAN_POINT ( 'NONE',  ( -2.008487828504709860, 1.001515483983599353, 7.349860010146585410 ) ) ;
#3999 = ORIENTED_EDGE ( 'NONE', *, *, #1066, .T. ) ;
#4000 = ORIENTED_EDGE ( 'NONE', *, *, #1527, .F. ) ;
#4001 = LINE ( 'NONE', #2095, #2277 ) ;
#4002 = EDGE_CURVE ( 'NONE', #2225, #1777, #3494, .T. ) ;
#4003 = ADVANCED_FACE ( 'NONE', ( #1605 ), #1569, .T. ) ;
#4004 = DIRECTION ( 'NONE',  ( 0.000000000000000000, 0.000000000000000000, -1.000000000000000000 ) ) ;
#4005 = DIRECTION ( 'NONE',  ( -0.4999999999999933942, 0.8660254037844423713, 0.000000000000000000 ) ) ;
#4006 = VERTEX_POINT ( 'NONE', #2186 ) ;
#4007 = CIRCLE ( 'NONE', #1525, 4.999999999999999112 ) ;
#4008 = ORIENTED_EDGE ( 'NONE', *, *, #3113, .T. ) ;
#4009 = DIRECTION ( 'NONE',  ( -0.000000000000000000, -0.000000000000000000, -1.000000000000000000 ) ) ;
#4010 = EDGE_LOOP ( 'NONE', ( #1676, #1396, #3326, #280 ) ) ;
#4011 = DIRECTION ( 'NONE',  ( 0.000000000000000000, 0.000000000000000000, 1.000000000000000000 ) ) ;
#4012 = ORIENTED_EDGE ( 'NONE', *, *, #233, .F. ) ;
#4013 = CARTESIAN_POINT ( 'NONE',  ( -2.008487828504709860, 1.001515483983599353, 7.349860010146585410 ) ) ;
#4014 = ADVANCED_FACE ( 'NONE', ( #1849 ), #2891, .T. ) ;
#4015 = DIRECTION ( 'NONE',  ( 0.000000000000000000, 0.000000000000000000, 1.000000000000000000 ) ) ;
#4016 = AXIS2_PLACEMENT_3D ( 'NONE', #3651, #2992, #2308 ) ;
#4017 = VECTOR ( 'NONE', #1002, 1000.000000000000000 ) ;
#4018 = PLANE ( 'NONE',  #3609 ) ;
#4019 = DIRECTION ( 'NONE',  ( -0.9781476007338044676, 0.2079116908177644774, 0.000000000000000000 ) ) ;
#4020 = AXIS2_PLACEMENT_3D ( 'NONE', #1745, #779, #1112 ) ;
#4021 = VERTEX_POINT ( 'NONE', #2535 ) ;
#4022 = VECTOR ( 'NONE', #1009, 1000.000000000000114 ) ;
#4023 = AXIS2_PLACEMENT_3D ( 'NONE', #3091, #3429, #1504 ) ;
#4024 = CARTESIAN_POINT ( 'NONE',  ( -4.686012111819960246, 6.426767893987872959, 7.349860010146585410 ) ) ;
#4025 = AXIS2_PLACEMENT_3D ( 'NONE', #937, #3524, #2223 ) ;
#4026 = CARTESIAN_POINT ( 'NONE',  ( 3.649932412188647834, 3.296555791808000180, -2.650139989853414590 ) ) ;
#4027 = VERTEX_POINT ( 'NONE', #619 ) ;
#4028 = ORIENTED_EDGE ( 'NONE', *, *, #2559, .F. ) ;
#4029 = DIRECTION ( 'NONE',  ( -0.000000000000000000, -0.000000000000000000, -1.000000000000000000 ) ) ;
#4030 = CARTESIAN_POINT ( 'NONE',  ( -0.4852195204299216691, 1.709747189093114201E-15, -5.450139989853414413 ) ) ;
#4031 = ADVANCED_FACE ( 'NONE', ( #3787 ), #1269, .F. ) ;
#4032 = DIRECTION ( 'NONE',  ( 0.000000000000000000, 0.000000000000000000, 1.000000000000000000 ) ) ;
#4033 = LINE ( 'NONE', #293, #3610 ) ;
#4034 = ORIENTED_EDGE ( 'NONE', *, *, #346, .T. ) ;
#4035 = EDGE_CURVE ( 'NONE', #620, #3871, #932, .T. ) ;
#4036 = ORIENTED_EDGE ( 'NONE', *, *, #3835, .F. ) ;
#4037 = VECTOR ( 'NONE', #4156, 1000.000000000000000 ) ;
#4038 = DIRECTION ( 'NONE',  ( -0.5717596857902121910, 0.8204211489869563945, 0.000000000000000000 ) ) ;
#4039 = EDGE_LOOP ( 'NONE', ( #4, #3956, #2549, #3410 ) ) ;
#4040 = LINE ( 'NONE', #3677, #160 ) ;
#4041 = VERTEX_POINT ( 'NONE', #563 ) ;
#4042 = FACE_OUTER_BOUND ( 'NONE', #258, .T. ) ;
#4043 =( NAMED_UNIT ( * ) SI_UNIT ( $, .STERADIAN. ) SOLID_ANGLE_UNIT ( ) );
#4044 = PLANE ( 'NONE',  #1280 ) ;
#4045 = FACE_OUTER_BOUND ( 'NONE', #2387, .T. ) ;
#4046 = LINE ( 'NONE', #1161, #2942 ) ;
#4047 = VECTOR ( 'NONE', #1680, 1000.000000000000000 ) ;
#4048 = DIRECTION ( 'NONE',  ( -0.1045284632676540953, -0.9945218953682731788, 0.000000000000000000 ) ) ;
#4049 = DIRECTION ( 'NONE',  ( -0.000000000000000000, -0.000000000000000000, -1.000000000000000000 ) ) ;
#4050 = EDGE_LOOP ( 'NONE', ( #1152, #1126, #1171, #478 ) ) ;
#4051 = CIRCLE ( 'NONE', #3638, 0.1999999999999998723 ) ;
#4052 = VERTEX_POINT ( 'NONE', #3136 ) ;
#4053 = CARTESIAN_POINT ( 'NONE',  ( 0.2871602281450929550, 0.8600941277462791357, -5.450139989853414413 ) ) ;
#4054 = FACE_OUTER_BOUND ( 'NONE', #3617, .T. ) ;
#4055 = CARTESIAN_POINT ( 'NONE',  ( 3.049116642978394687, -2.419824406302239161, -4.560121934157388424 ) ) ;
#4056 = DIRECTION ( 'NONE',  ( 0.000000000000000000, 0.000000000000000000, 1.000000000000000000 ) ) ;
#4057 = VERTEX_POINT ( 'NONE', #256 ) ;
#4058 = EDGE_LOOP ( 'NONE', ( #874, #3619, #455, #3389 ) ) ;
#4059 = CARTESIAN_POINT ( 'NONE',  ( -4.089162666171256788, 6.742222919024014161, 7.349860010146585410 ) ) ;
#4060 = CARTESIAN_POINT ( 'NONE',  ( -2.008487828504709860, 1.001515483983599353, 7.349860010146585410 ) ) ;
#4061 = ADVANCED_FACE ( 'NONE', ( #1529 ), #133, .T. ) ;
#4062 = ORIENTED_EDGE ( 'NONE', *, *, #2576, .T. ) ;
#4063 = EDGE_LOOP ( 'NONE', ( #3226, #2524, #2651, #220 ) ) ;
#4064 = EDGE_CURVE ( 'NONE', #2913, #2100, #3276, .T. ) ;
#4065 = VERTEX_POINT ( 'NONE', #749 ) ;
#4066 = CARTESIAN_POINT ( 'NONE',  ( -7.935236810896764581, 2.470724840930976551, -2.650139989853414590 ) ) ;
#4067 = PERSON_AND_ORGANIZATION_ROLE ( 'classification_officer' ) ;
#4068 = CARTESIAN_POINT ( 'NONE',  ( -7.995609991981272202, 0.1315337602630649305, -2.650139989853414590 ) ) ;
#4069 = ORIENTED_EDGE ( 'NONE', *, *, #591, .F. ) ;
#4070 = LINE ( 'NONE', #1472, #1540 ) ;
#4071 = DIRECTION ( 'NONE',  ( -1.000000000000000000, 0.000000000000000000, 0.000000000000000000 ) ) ;
#4072 = ORIENTED_EDGE ( 'NONE', *, *, #979, .F. ) ;
#4073 = LINE ( 'NONE', #4098, #3354 ) ;
#4074 = EDGE_CURVE ( 'NONE', #163, #2909, #653, .T. ) ;
#4075 = CARTESIAN_POINT ( 'NONE',  ( -0.4278883060379027881, 0.4278883060379034542, -5.450139989853414413 ) ) ;
#4076 = DIRECTION ( 'NONE',  ( 0.000000000000000000, 0.000000000000000000, 1.000000000000000000 ) ) ;
#4077 = VERTEX_POINT ( 'NONE', #1313 ) ;
#4078 = ORIENTED_EDGE ( 'NONE', *, *, #4074, .T. ) ;
#4079 = DIRECTION ( 'NONE',  ( 0.000000000000000000, 0.000000000000000000, 1.000000000000000000 ) ) ;
#4080 = CARTESIAN_POINT ( 'NONE',  ( 1.862366877392460207, -3.905518635098286673, 7.349860010146585410 ) ) ;
#4081 = LINE ( 'NONE', #2488, #1266 ) ;
#4082 = ORIENTED_EDGE ( 'NONE', *, *, #2266, .F. ) ;
#4083 = CIRCLE ( 'NONE', #2199, 0.1999999999999992617 ) ;
#4084 = ORIENTED_EDGE ( 'NONE', *, *, #755, .F. ) ;
#4085 = EDGE_CURVE ( 'NONE', #2628, #4121, #2981, .T. ) ;
#4086 = VECTOR ( 'NONE', #4131, 1000.000000000000000 ) ;
#4087 = PERSON_AND_ORGANIZATION ( #1616, #1670 ) ;
#4088 = DIRECTION ( 'NONE',  ( 0.000000000000000000, 0.000000000000000000, 1.000000000000000000 ) ) ;
#4089 = LINE ( 'NONE', #1652, #3083 ) ;
#4090 = CARTESIAN_POINT ( 'NONE',  ( -3.731756136579512440, -0.5217528240912031601, -5.450139989853414413 ) ) ;
#4091 = LINE ( 'NONE', #1207, #109 ) ;
#4092 = CIRCLE ( 'NONE', #2271, 0.1999999999999997058 ) ;
#4093 = DIRECTION ( 'NONE',  ( -0.000000000000000000, -0.000000000000000000, -1.000000000000000000 ) ) ;
#4094 = ORIENTED_EDGE ( 'NONE', *, *, #2334, .F. ) ;
#4095 = AXIS2_PLACEMENT_3D ( 'NONE', #2227, #2494, #2473 ) ;
#4096 = AXIS2_PLACEMENT_3D ( 'NONE', #2361, #2941, #2962 ) ;
#4097 = ORIENTED_EDGE ( 'NONE', *, *, #4085, .F. ) ;
#4098 = CARTESIAN_POINT ( 'NONE',  ( -0.4278883060379027881, 0.4278883060379034542, -5.450139989853414413 ) ) ;
#4099 = PLANE ( 'NONE',  #738 ) ;
#4100 = CARTESIAN_POINT ( 'NONE',  ( -8.111188927351228983, 0.7966522784915558431, -2.650139989853414590 ) ) ;
#4101 = LOCAL_TIME ( 19, 34, 57.00000000000000000, #2471 ) ;
#4102 = CARTESIAN_POINT ( 'NONE',  ( -8.024357356024070853, 2.696158168405301758, -4.560121934157388424 ) ) ;
#4103 = VERTEX_POINT ( 'NONE', #1399 ) ;
#4104 = VERTEX_POINT ( 'NONE', #3633 ) ;
#4105 = CARTESIAN_POINT ( 'NONE',  ( -4.882421637671028769, 6.389041270033980702, -2.650139989853414590 ) ) ;
#4106 = CARTESIAN_POINT ( 'NONE',  ( 3.523584490315921247, -1.906864797090138008, -2.650139989853414590 ) ) ;
#4107 = ORIENTED_EDGE ( 'NONE', *, *, #3625, .F. ) ;
#4108 = CARTESIAN_POINT ( 'NONE',  ( -0.4278883060378997905, 0.4278883060379023995, -5.450139989853414413 ) ) ;
#4109 = EDGE_CURVE ( 'NONE', #1130, #3351, #533, .T. ) ;
#4110 = CARTESIAN_POINT ( 'NONE',  ( -2.008487828504709860, 1.001515483983599353, -2.650139989853414590 ) ) ;
#4111 = EDGE_CURVE ( 'NONE', #3859, #198, #2624, .T. ) ;
#4112 = ADVANCED_FACE ( 'NONE', ( #2597 ), #1370, .T. ) ;
#4113 = CARTESIAN_POINT ( 'NONE',  ( -2.582115006450396155, 2.582115006450403261, -8.550139989853414946 ) ) ;
#4114 = ORIENTED_EDGE ( 'NONE', *, *, #3497, .T. ) ;
#4115 = VECTOR ( 'NONE', #3344, 1000.000000000000000 ) ;
#4116 = CARTESIAN_POINT ( 'NONE',  ( -2.582115006450394823, 2.582115006450407257, -5.450139989853414413 ) ) ;
#4117 = DIRECTION ( 'NONE',  ( 0.5169363987665601679, -0.8560238078641622117, 0.000000000000000000 ) ) ;
#4118 = ORIENTED_EDGE ( 'NONE', *, *, #3513, .F. ) ;
#4119 = AXIS2_PLACEMENT_3D ( 'NONE', #2641, #1036, #3552 ) ;
#4120 = AXIS2_PLACEMENT_3D ( 'NONE', #1215, #3160, #3452 ) ;
#4121 = VERTEX_POINT ( 'NONE', #2644 ) ;
#4122 = DIRECTION ( 'NONE',  ( 1.000000000000000000, 5.421010862427508365E-16, 0.000000000000000000 ) ) ;
#4123 = ORIENTED_EDGE ( 'NONE', *, *, #1915, .F. ) ;
#4124 = EDGE_CURVE ( 'NONE', #2606, #1945, #2289, .T. ) ;
#4125 = ORIENTED_EDGE ( 'NONE', *, *, #629, .F. ) ;
#4126 = CYLINDRICAL_SURFACE ( 'NONE', #1320, 4.999999999999999112 ) ;
#4127 = ORIENTED_EDGE ( 'NONE', *, *, #2444, .F. ) ;
#4128 = LINE ( 'NONE', #3458, #3117 ) ;
#4129 = ORIENTED_EDGE ( 'NONE', *, *, #2405, .F. ) ;
#4130 = EDGE_CURVE ( 'NONE', #2613, #3656, #2830, .T. ) ;
#4131 = DIRECTION ( 'NONE',  ( -0.000000000000000000, -0.000000000000000000, -1.000000000000000000 ) ) ;
#4132 = ORIENTED_EDGE ( 'NONE', *, *, #3712, .T. ) ;
#4133 = CARTESIAN_POINT ( 'NONE',  ( -6.244234946294866972, 5.399625986115097476, 7.349860010146585410 ) ) ;
#4134 = CARTESIAN_POINT ( 'NONE',  ( 2.227259289285507649, 5.399625986115038856, -4.560121934157388424 ) ) ;
#4135 = ORIENTED_EDGE ( 'NONE', *, *, #3230, .F. ) ;
#4136 = DIRECTION ( 'NONE',  ( 0.7561616347766660917, -0.6543848883431522268, 0.000000000000000000 ) ) ;
#4137 = CARTESIAN_POINT ( 'NONE',  ( -2.008487828504709860, 1.001515483983599353, -4.560121934157388424 ) ) ;
#4138 = ORIENTED_EDGE ( 'NONE', *, *, #2359, .F. ) ;
#4139 = VERTEX_POINT ( 'NONE', #2382 ) ;
#4140 = CARTESIAN_POINT ( 'NONE',  ( 0.7575496542590520743, 6.606115081095414787, -2.650139989853414590 ) ) ;
#4141 = CIRCLE ( 'NONE', #259, 1.250000000000000222 ) ;
#4142 = DIRECTION ( 'NONE',  ( 0.000000000000000000, 0.000000000000000000, 1.000000000000000000 ) ) ;
#4143 = CIRCLE ( 'NONE', #1446, 4.999999999999999112 ) ;
#4144 = EDGE_CURVE ( 'NONE', #899, #2018, #3277, .T. ) ;
#4145 = CARTESIAN_POINT ( 'NONE',  ( -7.831849531143450172, 2.641929602503807040, 7.349860010146585410 ) ) ;
#4146 = ORIENTED_EDGE ( 'NONE', *, *, #3071, .T. ) ;
#4147 = AXIS2_PLACEMENT_3D ( 'NONE', #3114, #1168, #2709 ) ;
#4148 = CARTESIAN_POINT ( 'NONE',  ( -4.882421637671028769, 6.389041270033980702, -4.560121934157388424 ) ) ;
#4149 = VECTOR ( 'NONE', #997, 1000.000000000000114 ) ;
#4150 = CARTESIAN_POINT ( 'NONE',  ( -3.258487828504710304, 1.001515483983599353, -5.450139989853414413 ) ) ;
#4151 = EDGE_CURVE ( 'NONE', #2332, #1192, #3167, .T. ) ;
#4152 = CARTESIAN_POINT ( 'NONE',  ( -2.008487828504709860, 1.001515483983599353, -4.560121934157388424 ) ) ;
#4153 = ORIENTED_EDGE ( 'NONE', *, *, #3728, .F. ) ;
#4154 = VECTOR ( 'NONE', #1908, 1000.000000000000000 ) ;
#4155 = AXIS2_PLACEMENT_3D ( 'NONE', #1826, #3671, #3331 ) ;
#4156 = DIRECTION ( 'NONE',  ( -0.000000000000000000, -0.000000000000000000, -1.000000000000000000 ) ) ;
#4157 = CIRCLE ( 'NONE', #1812, 0.1999999999999996780 ) ;
#4158 = CARTESIAN_POINT ( 'NONE',  ( -8.020423721777209636, -0.06692096710218115030, -4.560121934157388424 ) ) ;
#4159 = ORIENTED_EDGE ( 'NONE', *, *, #2304, .F. ) ;
#4160 = VECTOR ( 'NONE', #2281, 1000.000000000000000 ) ;
#4161 = ADVANCED_FACE ( 'NONE', ( #3926 ), #1970, .T. ) ;
#4162 = EDGE_CURVE ( 'NONE', #3171, #966, #64, .T. ) ;
#4163 = DIRECTION ( 'NONE',  ( -0.1045284632676410502, 0.9945218953682746221, 0.000000000000000000 ) ) ;
#4164 = CARTESIAN_POINT ( 'NONE',  ( -3.531756136579513150, -0.7217528240912032267, -8.550139989853414946 ) ) ;
#4165 = ORIENTED_EDGE ( 'NONE', *, *, #2838, .T. ) ;
#4166 = CYLINDRICAL_SURFACE ( 'NONE', #2710, 0.1999999999999996503 ) ;
#4167 = CYLINDRICAL_SURFACE ( 'NONE', #3943, 6.250000000000000888 ) ;
ENDSEC;
END-ISO-10303-21;
