ISO-10303-21;
HEADER;
FILE_DESCRIPTION (( 'STEP AP203' ),
    '1' );
FILE_NAME ('gripper_body.STEP',
    '2026-06-17T23:36:11',
    ( '' ),
    ( '' ),
    'SwSTEP 2.0',
    'SolidWorks 2024',
    '' );
FILE_SCHEMA (( 'CONFIG_CONTROL_DESIGN' ));
ENDSEC;

DATA;
#1 = CARTESIAN_POINT ( 'NONE',  ( -31.00000000000000355, -19.69999999999999929, 62.50000000000000000 ) ) ;
#2 = DIRECTION ( 'NONE',  ( -1.387778780781445676E-16, -1.000000000000000000, 0.000000000000000000 ) ) ;
#3 = VECTOR ( 'NONE', #2, 1000.000000000000000 ) ;
#4 = LINE ( 'NONE', #720, #2220 ) ;
#5 = VERTEX_POINT ( 'NONE', #1208 ) ;
#6 = VERTEX_POINT ( 'NONE', #531 ) ;
#7 = AXIS2_PLACEMENT_3D ( 'NONE', #2215, #2660, #1487 ) ;
#8 = ORIENTED_EDGE ( 'NONE', *, *, #2077, .F. ) ;
#9 = CARTESIAN_POINT ( 'NONE',  ( -35.50000000000000711, -2.499999999999994227, 20.00000000000000000 ) ) ;
#10 = ORIENTED_EDGE ( 'NONE', *, *, #1744, .F. ) ;
#11 = EDGE_CURVE ( 'NONE', #581, #1060, #96, .T. ) ;
#12 = CARTESIAN_POINT ( 'NONE',  ( -35.50000000000000711, 3.100000000000006750, 58.50000000000000000 ) ) ;
#13 = ORIENTED_EDGE ( 'NONE', *, *, #2880, .T. ) ;
#14 = CARTESIAN_POINT ( 'NONE',  ( -35.50000000000000711, -21.59999999999999076, 26.50000000000000711 ) ) ;
#15 = EDGE_CURVE ( 'NONE', #2396, #949, #791, .T. ) ;
#16 = ADVANCED_FACE ( 'NONE', ( #1252 ), #544, .F. ) ;
#17 = APPROVAL ( #2055, 'UNSPECIFIED' ) ;
#18 = PLANE ( 'NONE',  #1440 ) ;
#19 = EDGE_LOOP ( 'NONE', ( #2785, #386 ) ) ;
#20 = AXIS2_PLACEMENT_3D ( 'NONE', #671, #1638, #2831 ) ;
#21 = ORIENTED_EDGE ( 'NONE', *, *, #2143, .F. ) ;
#22 = PLANE ( 'NONE',  #2889 ) ;
#23 = AXIS2_PLACEMENT_3D ( 'NONE', #1604, #422, #901 ) ;
#24 = VECTOR ( 'NONE', #2681, 1000.000000000000000 ) ;
#25 = VERTEX_POINT ( 'NONE', #2204 ) ;
#26 = VECTOR ( 'NONE', #2027, 1000.000000000000000 ) ;
#27 = CARTESIAN_POINT ( 'NONE',  ( 12.20000000000000107, 2.100000000000000089, 85.00000000000000000 ) ) ;
#28 = ADVANCED_FACE ( 'NONE', ( #342 ), #2690, .F. ) ;
#29 = DIRECTION ( 'NONE',  ( 0.000000000000000000, 0.000000000000000000, -1.000000000000000000 ) ) ;
#30 = ORIENTED_EDGE ( 'NONE', *, *, #1839, .F. ) ;
#31 = CARTESIAN_POINT ( 'NONE',  ( 12.20000000000000107, -18.10000000000000497, 67.00000000000000000 ) ) ;
#32 = CARTESIAN_POINT ( 'NONE',  ( -35.50000000000000711, -21.59999999999998721, 58.50000000000000711 ) ) ;
#33 = DIRECTION ( 'NONE',  ( 0.000000000000000000, -1.000000000000000000, 0.000000000000000000 ) ) ;
#34 = ORIENTED_EDGE ( 'NONE', *, *, #1281, .T. ) ;
#35 = VECTOR ( 'NONE', #1139, 1000.000000000000000 ) ;
#36 = ORIENTED_EDGE ( 'NONE', *, *, #1969, .F. ) ;
#37 = DIRECTION ( 'NONE',  ( 2.102695122396129916E-16, -1.000000000000000000, 0.000000000000000000 ) ) ;
#38 = ORIENTED_EDGE ( 'NONE', *, *, #1853, .T. ) ;
#39 = DIRECTION ( 'NONE',  ( 1.000000000000000000, -6.044332668908739480E-17, -0.000000000000000000 ) ) ;
#40 = CARTESIAN_POINT ( 'NONE',  ( -25.00000000000000000, 1.199999999999996403, 22.50000000000000711 ) ) ;
#41 = CARTESIAN_POINT ( 'NONE',  ( 12.20000000000000107, -0.4000000000000000222, 18.00000000000000355 ) ) ;
#42 = EDGE_LOOP ( 'NONE', ( #129, #3104 ) ) ;
#43 = DIRECTION ( 'NONE',  ( 0.000000000000000000, -1.000000000000000000, 0.000000000000000000 ) ) ;
#44 = LINE ( 'NONE', #2900, #493 ) ;
#45 = CARTESIAN_POINT ( 'NONE',  ( -6.399999999999999467, -2.499999999999997780, 20.00000000000000000 ) ) ;
#46 = DIRECTION ( 'NONE',  ( -1.208866533781747157E-16, -1.000000000000000000, -8.673617379884028570E-16 ) ) ;
#47 = ORIENTED_EDGE ( 'NONE', *, *, #2762, .F. ) ;
#48 = DIRECTION ( 'NONE',  ( 0.000000000000000000, 0.000000000000000000, -1.000000000000000000 ) ) ;
#49 = LINE ( 'NONE', #1026, #840 ) ;
#50 = AXIS2_PLACEMENT_3D ( 'NONE', #2291, #144, #888 ) ;
#51 = ORIENTED_EDGE ( 'NONE', *, *, #2996, .F. ) ;
#52 = EDGE_LOOP ( 'NONE', ( #1438, #2972 ) ) ;
#53 = EDGE_CURVE ( 'NONE', #1651, #653, #1302, .T. ) ;
#54 = CARTESIAN_POINT ( 'NONE',  ( 10.10000000000000142, -16.00000000000000000, 0.000000000000000000 ) ) ;
#55 = LINE ( 'NONE', #2671, #316 ) ;
#56 = ORIENTED_EDGE ( 'NONE', *, *, #2054, .F. ) ;
#57 = DIRECTION ( 'NONE',  ( -1.208866533781747403E-16, -1.000000000000000000, 0.000000000000000000 ) ) ;
#58 = DIRECTION ( 'NONE',  ( 1.734723475976806848E-16, -1.000000000000000000, 0.000000000000000000 ) ) ;
#59 = CARTESIAN_POINT ( 'NONE',  ( -33.50000000000000000, -0.4999999999999963363, 62.50000000000000000 ) ) ;
#60 = CARTESIAN_POINT ( 'NONE',  ( -35.50000000000000711, -2.499999999999994227, 65.00000000000000000 ) ) ;
#61 = ORIENTED_EDGE ( 'NONE', *, *, #1470, .T. ) ;
#62 = CARTESIAN_POINT ( 'NONE',  ( 12.20000000000000284, -18.10000000000000497, 18.00000000000000355 ) ) ;
#63 = EDGE_CURVE ( 'NONE', #2443, #379, #2218, .T. ) ;
#64 = ORIENTED_EDGE ( 'NONE', *, *, #527, .T. ) ;
#65 = CARTESIAN_POINT ( 'NONE',  ( -31.00000000000000355, -19.69999999999999929, 62.50000000000000000 ) ) ;
#66 = EDGE_CURVE ( 'NONE', #1450, #2401, #1021, .T. ) ;
#67 = VERTEX_POINT ( 'NONE', #2954 ) ;
#68 = AXIS2_PLACEMENT_3D ( 'NONE', #229, #1676, #3095 ) ;
#69 = EDGE_LOOP ( 'NONE', ( #459, #234 ) ) ;
#70 = LINE ( 'NONE', #1029, #2009 ) ;
#71 = EDGE_CURVE ( 'NONE', #1789, #2746, #2429, .T. ) ;
#72 = ADVANCED_FACE ( 'NONE', ( #309 ), #2237, .T. ) ;
#73 = AXIS2_PLACEMENT_3D ( 'NONE', #2740, #2567, #2097 ) ;
#74 = ADVANCED_FACE ( 'NONE', ( #1006 ), #2427, .F. ) ;
#75 = CARTESIAN_POINT ( 'NONE',  ( -31.00000000000000355, -22.74999999999998934, 62.50000000000000000 ) ) ;
#76 = CIRCLE ( 'NONE', #1290, 1.699999999999999512 ) ;
#77 = ORIENTED_EDGE ( 'NONE', *, *, #377, .T. ) ;
#78 = FACE_OUTER_BOUND ( 'NONE', #2863, .T. ) ;
#79 = CARTESIAN_POINT ( 'NONE',  ( 10.09999999999999964, 2.123722073620091121E-15, 85.00000000000000000 ) ) ;
#80 = EDGE_CURVE ( 'NONE', #440, #1178, #510, .T. ) ;
#81 = CARTESIAN_POINT ( 'NONE',  ( 12.20000000000000107, -0.4000000000000000222, 85.00000000000000000 ) ) ;
#82 = ORIENTED_EDGE ( 'NONE', *, *, #566, .T. ) ;
#83 = LINE ( 'NONE', #533, #1106 ) ;
#84 = AXIS2_PLACEMENT_3D ( 'NONE', #1282, #1522, #2677 ) ;
#85 = EDGE_LOOP ( 'NONE', ( #770, #1055, #2683, #2458 ) ) ;
#86 = DIRECTION ( 'NONE',  ( -5.421010862427522170E-17, -1.000000000000000000, 0.000000000000000000 ) ) ;
#87 = VECTOR ( 'NONE', #1493, 1000.000000000000000 ) ;
#88 = ORIENTED_EDGE ( 'NONE', *, *, #488, .T. ) ;
#89 = DIRECTION ( 'NONE',  ( -1.000000000000000000, 1.097926250618232273E-16, -2.332161357353440310E-32 ) ) ;
#90 = AXIS2_PLACEMENT_3D ( 'NONE', #753, #265, #964 ) ;
#91 = LINE ( 'NONE', #1581, #988 ) ;
#92 = ORIENTED_EDGE ( 'NONE', *, *, #719, .T. ) ;
#93 = CARTESIAN_POINT ( 'NONE',  ( -35.50000000000000000, 5.100000000000004086, 18.00000000000000355 ) ) ;
#94 = DIRECTION ( 'NONE',  ( -0.000000000000000000, -0.000000000000000000, 1.000000000000000000 ) ) ;
#95 = CARTESIAN_POINT ( 'NONE',  ( 10.10000000000000142, -18.10000000000000497, 67.00000000000000000 ) ) ;
#96 = LINE ( 'NONE', #2016, #376 ) ;
#97 = ORIENTED_EDGE ( 'NONE', *, *, #2489, .F. ) ;
#98 = DIRECTION ( 'NONE',  ( -1.000000000000000000, 1.097926250618232273E-16, -2.332161357353440584E-32 ) ) ;
#99 = EDGE_LOOP ( 'NONE', ( #2673, #1453, #441, #1838 ) ) ;
#100 = CARTESIAN_POINT ( 'NONE',  ( 10.10000000000000320, -16.00000000000000000, 67.00000000000000000 ) ) ;
#101 = CARTESIAN_POINT ( 'NONE',  ( -35.50000000000000711, -15.99999999999998224, 65.00000000000000000 ) ) ;
#102 = ORIENTED_EDGE ( 'NONE', *, *, #742, .T. ) ;
#103 = VECTOR ( 'NONE', #2202, 1000.000000000000000 ) ;
#104 = AXIS2_PLACEMENT_3D ( 'NONE', #2517, #2879, #2403 ) ;
#105 = DIRECTION ( 'NONE',  ( -1.000000000000000000, 1.208866533781747403E-16, -2.567815292417029038E-32 ) ) ;
#106 = ADVANCED_FACE ( 'NONE', ( #1952 ), #1734, .F. ) ;
#107 = DIRECTION ( 'NONE',  ( 0.000000000000000000, 0.000000000000000000, 1.000000000000000000 ) ) ;
#108 = CIRCLE ( 'NONE', #906, 1.699999999999999512 ) ;
#109 = FACE_OUTER_BOUND ( 'NONE', #141, .T. ) ;
#110 = APPLICATION_PROTOCOL_DEFINITION ( 'international standard', 'config_control_design', 1994, #2865 ) ;
#111 = PLANE ( 'NONE',  #1865 ) ;
#112 = DIRECTION ( 'NONE',  ( -1.000000000000000000, 6.044332668908739480E-17, -0.000000000000000000 ) ) ;
#113 = EDGE_CURVE ( 'NONE', #1138, #1258, #2442, .T. ) ;
#114 = EDGE_CURVE ( 'NONE', #2288, #634, #182, .T. ) ;
#115 = ORIENTED_EDGE ( 'NONE', *, *, #586, .T. ) ;
#116 = DIRECTION ( 'NONE',  ( -1.000000000000000000, 0.000000000000000000, 0.000000000000000000 ) ) ;
#117 = ADVANCED_FACE ( 'NONE', ( #1491 ), #2662, .F. ) ;
#118 = ORIENTED_EDGE ( 'NONE', *, *, #1750, .T. ) ;
#119 = DIRECTION ( 'NONE',  ( -1.000000000000000000, 1.208866533781747403E-16, -2.567815292417029038E-32 ) ) ;
#120 = ORIENTED_EDGE ( 'NONE', *, *, #814, .F. ) ;
#121 = DIRECTION ( 'NONE',  ( -1.000000000000000000, 1.097926250618232273E-16, -2.332161357353440584E-32 ) ) ;
#122 = AXIS2_PLACEMENT_3D ( 'NONE', #530, #1719, #33 ) ;
#123 = CARTESIAN_POINT ( 'NONE',  ( -16.50000000000000000, -15.50000000000000000, 36.44999999999999574 ) ) ;
#124 = VECTOR ( 'NONE', #1308, 1000.000000000000000 ) ;
#125 = CARTESIAN_POINT ( 'NONE',  ( -25.00000000000000000, -19.69999999999999929, 62.50000000000000000 ) ) ;
#126 = DIRECTION ( 'NONE',  ( -1.077467997501122080E-16, -1.000000000000000000, 0.000000000000000000 ) ) ;
#127 = DIRECTION ( 'NONE',  ( 0.000000000000000000, 0.000000000000000000, -1.000000000000000000 ) ) ;
#128 = CARTESIAN_POINT ( 'NONE',  ( -16.50000000000000000, -15.50000000000000000, 59.75000000000000000 ) ) ;
#129 = ORIENTED_EDGE ( 'NONE', *, *, #1294, .T. ) ;
#130 = ORIENTED_EDGE ( 'NONE', *, *, #296, .F. ) ;
#131 = ADVANCED_FACE ( 'NONE', ( #2728 ), #274, .T. ) ;
#132 = CIRCLE ( 'NONE', #2943, 1.699999999999996625 ) ;
#133 = CARTESIAN_POINT ( 'NONE',  ( 10.10000000000000142, -16.00000000000000000, 0.000000000000000000 ) ) ;
#134 = CARTESIAN_POINT ( 'NONE',  ( -6.399999999999999467, -2.499999999999992450, 58.50000000000000000 ) ) ;
#135 = LINE ( 'NONE', #1293, #1492 ) ;
#136 = COORDINATED_UNIVERSAL_TIME_OFFSET ( 5, 0, .BEHIND. ) ;
#137 = LINE ( 'NONE', #1377, #497 ) ;
#138 = CARTESIAN_POINT ( 'NONE',  ( -6.399999999999999467, -2.499999999999997780, 65.00000000000000000 ) ) ;
#139 = CARTESIAN_POINT ( 'NONE',  ( 10.10000000000000142, -9.250000000000000000, 42.50000000000000000 ) ) ;
#140 = LINE ( 'NONE', #899, #601 ) ;
#141 = EDGE_LOOP ( 'NONE', ( #115, #2116, #875, #757, #1692, #2563, #305, #2092, #1239, #77, #1693, #917 ) ) ;
#142 = ORIENTED_EDGE ( 'NONE', *, *, #3015, .F. ) ;
#143 = ORIENTED_EDGE ( 'NONE', *, *, #633, .F. ) ;
#144 = DIRECTION ( 'NONE',  ( 1.497892253909934883E-31, 1.239088197126291852E-15, -1.000000000000000000 ) ) ;
#145 = EDGE_LOOP ( 'NONE', ( #1507, #1926 ) ) ;
#146 = LINE ( 'NONE', #1065, #3044 ) ;
#147 = AXIS2_PLACEMENT_3D ( 'NONE', #245, #2127, #478 ) ;
#148 = DIRECTION ( 'NONE',  ( 1.000000000000000000, -1.208866533781747157E-16, 0.000000000000000000 ) ) ;
#149 = ADVANCED_FACE ( 'NONE', ( #1847 ), #2313, .F. ) ;
#150 = DATE_AND_TIME ( #1143, #2609 ) ;
#151 = CARTESIAN_POINT ( 'NONE',  ( -1.100000000000000089, -5.250000000000001776, 42.50000000000000000 ) ) ;
#152 = DIRECTION ( 'NONE',  ( -1.000000000000000000, 1.208866533781747403E-16, -2.567815292417029038E-32 ) ) ;
#153 = DIRECTION ( 'NONE',  ( -1.000000000000000000, 0.000000000000000000, 0.000000000000000000 ) ) ;
#154 = DIRECTION ( 'NONE',  ( 0.000000000000000000, -1.000000000000000000, 0.000000000000000000 ) ) ;
#155 = EDGE_CURVE ( 'NONE', #1697, #599, #631, .T. ) ;
#156 = EDGE_CURVE ( 'NONE', #587, #468, #2793, .T. ) ;
#157 = ORIENTED_EDGE ( 'NONE', *, *, #2992, .F. ) ;
#158 = ORIENTED_EDGE ( 'NONE', *, *, #737, .F. ) ;
#159 = FACE_OUTER_BOUND ( 'NONE', #1192, .T. ) ;
#160 = ORIENTED_EDGE ( 'NONE', *, *, #2160, .F. ) ;
#161 = CARTESIAN_POINT ( 'NONE',  ( -7.503744932957424426E-17, -0.4000000000000000222, 85.00000000000000000 ) ) ;
#162 = DIRECTION ( 'NONE',  ( -1.000000000000000000, 1.208866533781747403E-16, -2.567815292417029038E-32 ) ) ;
#163 = CIRCLE ( 'NONE', #315, 8.050000000000002487 ) ;
#164 = LINE ( 'NONE', #2045, #1713 ) ;
#165 = EDGE_CURVE ( 'NONE', #2531, #2705, #2282, .T. ) ;
#166 = ADVANCED_FACE ( 'NONE', ( #370 ), #2554, .F. ) ;
#167 = DIRECTION ( 'NONE',  ( -5.387339987505610399E-17, -1.000000000000000000, 0.000000000000000000 ) ) ;
#168 = VECTOR ( 'NONE', #2452, 1000.000000000000000 ) ;
#169 = AXIS2_PLACEMENT_3D ( 'NONE', #1774, #119, #2959 ) ;
#170 = DIRECTION ( 'NONE',  ( 0.000000000000000000, -0.000000000000000000, -1.000000000000000000 ) ) ;
#171 = DIRECTION ( 'NONE',  ( -1.734723475976808080E-16, -1.000000000000000000, 0.000000000000000000 ) ) ;
#172 = VECTOR ( 'NONE', #597, 1000.000000000000000 ) ;
#173 = EDGE_CURVE ( 'NONE', #6, #2938, #1805, .T. ) ;
#174 = VERTEX_POINT ( 'NONE', #403 ) ;
#175 = DIRECTION ( 'NONE',  ( -1.000000000000000000, 1.208866533781747403E-16, -2.567815292417029038E-32 ) ) ;
#176 = VERTEX_POINT ( 'NONE', #2745 ) ;
#177 = EDGE_LOOP ( 'NONE', ( #1680, #275, #2270, #2868 ) ) ;
#178 = CARTESIAN_POINT ( 'NONE',  ( 13.40000000000000213, 6.100000000000000533, 18.00000000000000355 ) ) ;
#179 = DIRECTION ( 'NONE',  ( 0.000000000000000000, -1.000000000000000000, 0.000000000000000000 ) ) ;
#180 = ORIENTED_EDGE ( 'NONE', *, *, #1615, .F. ) ;
#181 = LINE ( 'NONE', #2327, #35 ) ;
#182 = CIRCLE ( 'NONE', #1943, 1.699999999999998845 ) ;
#183 = DIRECTION ( 'NONE',  ( -1.000000000000000000, 1.097926250618232273E-16, -2.332161357353440310E-32 ) ) ;
#184 = AXIS2_PLACEMENT_3D ( 'NONE', #139, #1817, #2764 ) ;
#185 = PERSON_AND_ORGANIZATION_ROLE ( 'creator' ) ;
#186 = CYLINDRICAL_SURFACE ( 'NONE', #2577, 3.999999999999998224 ) ;
#187 = ORIENTED_EDGE ( 'NONE', *, *, #227, .T. ) ;
#188 = LINE ( 'NONE', #649, #2600 ) ;
#189 = CYLINDRICAL_SURFACE ( 'NONE', #2378, 3.050000000000001599 ) ;
#190 = ORIENTED_EDGE ( 'NONE', *, *, #1529, .T. ) ;
#191 = DIRECTION ( 'NONE',  ( 1.208866533781747157E-16, 1.000000000000000000, -0.000000000000000000 ) ) ;
#192 = VERTEX_POINT ( 'NONE', #1572 ) ;
#193 = DIRECTION ( 'NONE',  ( 1.000000000000000000, 1.157847882830225021E-16, -0.000000000000000000 ) ) ;
#194 = DIRECTION ( 'NONE',  ( 0.000000000000000000, -0.000000000000000000, -1.000000000000000000 ) ) ;
#195 = DIRECTION ( 'NONE',  ( 0.000000000000000000, -1.000000000000000000, 0.000000000000000000 ) ) ;
#196 = EDGE_CURVE ( 'NONE', #1700, #1603, #1403, .T. ) ;
#197 = VECTOR ( 'NONE', #2056, 1000.000000000000000 ) ;
#198 = CARTESIAN_POINT ( 'NONE',  ( -16.50000000000000000, -2.999999999999998668, 59.75000000000000000 ) ) ;
#199 = ADVANCED_FACE ( 'NONE', ( #883 ), #610, .F. ) ;
#200 = EDGE_CURVE ( 'NONE', #2401, #808, #806, .T. ) ;
#201 = ORIENTED_EDGE ( 'NONE', *, *, #1030, .T. ) ;
#202 = CARTESIAN_POINT ( 'NONE',  ( 14.80000000000000249, -23.59999999999999787, 67.00000000000000000 ) ) ;
#203 = VERTEX_POINT ( 'NONE', #489 ) ;
#204 = VERTEX_POINT ( 'NONE', #2655 ) ;
#205 = PRODUCT_DEFINITION_SHAPE ( 'NONE', 'NONE',  #570 ) ;
#206 = EDGE_CURVE ( 'NONE', #564, #2039, #1154, .T. ) ;
#207 = ORIENTED_EDGE ( 'NONE', *, *, #2616, .T. ) ;
#208 = CARTESIAN_POINT ( 'NONE',  ( 14.80000000000000249, -24.60000000000000142, 67.00000000000000000 ) ) ;
#209 = ORIENTED_EDGE ( 'NONE', *, *, #2154, .T. ) ;
#210 = DIRECTION ( 'NONE',  ( 0.000000000000000000, 0.000000000000000000, 1.000000000000000000 ) ) ;
#211 = DIRECTION ( 'NONE',  ( 1.000000000000000000, 1.157847882830225021E-16, -0.000000000000000000 ) ) ;
#212 = CARTESIAN_POINT ( 'NONE',  ( -2.800000000000000266, -18.10000000000000497, 18.00000000000000355 ) ) ;
#213 = CARTESIAN_POINT ( 'NONE',  ( -25.00000000000000000, -19.70000000000000284, 22.50000000000000711 ) ) ;
#214 = CARTESIAN_POINT ( 'NONE',  ( 10.09999999999999964, -2.000000000000001776, 0.000000000000000000 ) ) ;
#215 = VECTOR ( 'NONE', #425, 1000.000000000000000 ) ;
#216 = CARTESIAN_POINT ( 'NONE',  ( -16.50000000000000000, -15.50000000000000000, 32.20000000000000284 ) ) ;
#217 = AXIS2_PLACEMENT_3D ( 'NONE', #402, #448, #1188 ) ;
#218 = ORIENTED_EDGE ( 'NONE', *, *, #1424, .F. ) ;
#219 = LINE ( 'NONE', #1448, #364 ) ;
#220 = ORIENTED_EDGE ( 'NONE', *, *, #829, .T. ) ;
#221 = AXIS2_PLACEMENT_3D ( 'NONE', #910, #678, #1441 ) ;
#222 = VECTOR ( 'NONE', #1358, 1000.000000000000000 ) ;
#223 = ORIENTED_EDGE ( 'NONE', *, *, #2880, .F. ) ;
#224 = CARTESIAN_POINT ( 'NONE',  ( 12.20000000000000284, -20.60000000000000497, 18.00000000000000355 ) ) ;
#225 = EDGE_LOOP ( 'NONE', ( #2460, #1371 ) ) ;
#226 = PLANE ( 'NONE',  #2634 ) ;
#227 = EDGE_CURVE ( 'NONE', #1700, #2443, #2404, .T. ) ;
#228 = LINE ( 'NONE', #1422, #1792 ) ;
#229 = CARTESIAN_POINT ( 'NONE',  ( -31.00000000000000355, -19.70000000000000284, 22.50000000000000711 ) ) ;
#230 = FACE_OUTER_BOUND ( 'NONE', #1303, .T. ) ;
#231 = VECTOR ( 'NONE', #2283, 1000.000000000000000 ) ;
#232 = EDGE_CURVE ( 'NONE', #360, #1666, #2790, .T. ) ;
#233 = FACE_OUTER_BOUND ( 'NONE', #1400, .T. ) ;
#234 = ORIENTED_EDGE ( 'NONE', *, *, #232, .F. ) ;
#235 = ORIENTED_EDGE ( 'NONE', *, *, #1425, .F. ) ;
#236 = VERTEX_POINT ( 'NONE', #1712 ) ;
#237 = CARTESIAN_POINT ( 'NONE',  ( 10.09999999999999964, 2.123722073620091121E-15, 85.00000000000000000 ) ) ;
#238 = ORIENTED_EDGE ( 'NONE', *, *, #664, .T. ) ;
#239 = ADVANCED_FACE ( 'NONE', ( #1482 ), #1499, .F. ) ;
#240 = EDGE_CURVE ( 'NONE', #951, #2130, #2197, .T. ) ;
#241 = DIRECTION ( 'NONE',  ( 0.000000000000000000, -1.000000000000000000, 0.000000000000000000 ) ) ;
#242 = DIRECTION ( 'NONE',  ( 1.734723475976806601E-16, -1.000000000000000000, 0.000000000000000000 ) ) ;
#243 = VERTEX_POINT ( 'NONE', #571 ) ;
#244 = VECTOR ( 'NONE', #94, 1000.000000000000000 ) ;
#245 = CARTESIAN_POINT ( 'NONE',  ( -35.50000000000000711, -19.70000000000000284, 22.50000000000000711 ) ) ;
#246 = VECTOR ( 'NONE', #58, 1000.000000000000000 ) ;
#247 = ORIENTED_EDGE ( 'NONE', *, *, #611, .F. ) ;
#248 = DIRECTION ( 'NONE',  ( 1.000000000000000000, -1.208866533781747157E-16, 0.000000000000000000 ) ) ;
#249 = ORIENTED_EDGE ( 'NONE', *, *, #2425, .T. ) ;
#250 = ORIENTED_EDGE ( 'NONE', *, *, #2417, .F. ) ;
#251 = CIRCLE ( 'NONE', #2864, 3.049999999999990941 ) ;
#252 = EDGE_CURVE ( 'NONE', #203, #2835, #823, .T. ) ;
#253 = VERTEX_POINT ( 'NONE', #644 ) ;
#254 = DIRECTION ( 'NONE',  ( -1.000000000000000000, 1.097926250618232273E-16, -2.332161357353440310E-32 ) ) ;
#255 = ORIENTED_EDGE ( 'NONE', *, *, #1135, .T. ) ;
#256 = DIRECTION ( 'NONE',  ( -0.000000000000000000, -0.000000000000000000, 1.000000000000000000 ) ) ;
#257 = DIRECTION ( 'NONE',  ( 0.000000000000000000, 0.000000000000000000, 1.000000000000000000 ) ) ;
#258 = ORIENTED_EDGE ( 'NONE', *, *, #2654, .F. ) ;
#259 = DIRECTION ( 'NONE',  ( -0.000000000000000000, 1.000000000000000000, 0.000000000000000000 ) ) ;
#260 = EDGE_CURVE ( 'NONE', #1998, #1904, #1126, .T. ) ;
#261 = CARTESIAN_POINT ( 'NONE',  ( -35.50000000000000000, 5.100000000000004086, 18.00000000000000355 ) ) ;
#262 = ORIENTED_EDGE ( 'NONE', *, *, #2323, .F. ) ;
#263 = VERTEX_POINT ( 'NONE', #1812 ) ;
#264 = EDGE_LOOP ( 'NONE', ( #1473, #466, #2989, #504, #1722, #514, #1291, #2326, #739, #1989, #3081, #2955, #857, #2945, #2258, #1048, #2766, #1955, #255, #2923, #2941, #2815, #2619, #1517, #3102, #1925 ) ) ;
#265 = DIRECTION ( 'NONE',  ( -1.208866533781747157E-16, -1.000000000000000000, 0.000000000000000000 ) ) ;
#266 = AXIS2_PLACEMENT_3D ( 'NONE', #1176, #3077, #2379 ) ;
#267 = ORIENTED_EDGE ( 'NONE', *, *, #519, .F. ) ;
#268 = AXIS2_PLACEMENT_3D ( 'NONE', #2328, #183, #1159 ) ;
#269 = CARTESIAN_POINT ( 'NONE',  ( -25.00000000000000000, -19.70000000000000284, 22.50000000000000711 ) ) ;
#270 = CARTESIAN_POINT ( 'NONE',  ( -2.800000000000000266, -20.60000000000000497, 18.00000000000000355 ) ) ;
#271 = ORIENTED_EDGE ( 'NONE', *, *, #436, .T. ) ;
#272 = DIRECTION ( 'NONE',  ( -1.000000000000000000, 1.097926250618232273E-16, -2.332161357353440310E-32 ) ) ;
#273 = DIRECTION ( 'NONE',  ( 1.000000000000000000, 0.000000000000000000, 0.000000000000000000 ) ) ;
#274 = PLANE ( 'NONE',  #1452 ) ;
#275 = ORIENTED_EDGE ( 'NONE', *, *, #1974, .T. ) ;
#276 = DIRECTION ( 'NONE',  ( 0.000000000000000000, 0.000000000000000000, 1.000000000000000000 ) ) ;
#277 = VECTOR ( 'NONE', #2802, 1000.000000000000000 ) ;
#278 = EDGE_CURVE ( 'NONE', #2581, #2396, #2754, .T. ) ;
#279 = ORIENTED_EDGE ( 'NONE', *, *, #2054, .T. ) ;
#280 = LINE ( 'NONE', #1042, #1732 ) ;
#281 = ORIENTED_EDGE ( 'NONE', *, *, #1362, .T. ) ;
#282 = LINE ( 'NONE', #2271, #1279 ) ;
#283 = DIRECTION ( 'NONE',  ( -1.097926250618232273E-16, -1.000000000000000000, 0.000000000000000000 ) ) ;
#284 = CARTESIAN_POINT ( 'NONE',  ( -25.00000000000000000, -21.39999999999999503, 62.50000000000000000 ) ) ;
#285 = ORIENTED_EDGE ( 'NONE', *, *, #260, .F. ) ;
#286 = DIRECTION ( 'NONE',  ( 0.000000000000000000, 0.000000000000000000, 1.000000000000000000 ) ) ;
#287 = DIRECTION ( 'NONE',  ( 0.000000000000000000, 1.000000000000000000, 0.000000000000000000 ) ) ;
#288 = ADVANCED_FACE ( 'NONE', ( #3026 ), #1610, .F. ) ;
#289 = ADVANCED_FACE ( 'NONE', ( #2483 ), #1097, .T. ) ;
#290 = FACE_OUTER_BOUND ( 'NONE', #596, .T. ) ;
#291 = CARTESIAN_POINT ( 'NONE',  ( -35.50000000000000711, 1.200000000000002620, 62.50000000000000000 ) ) ;
#292 = VERTEX_POINT ( 'NONE', #1840 ) ;
#293 = CARTESIAN_POINT ( 'NONE',  ( -33.50000000000000000, -18.00000000000000000, 62.50000000000000000 ) ) ;
#294 = VECTOR ( 'NONE', #2934, 1000.000000000000000 ) ;
#295 = ADVANCED_FACE ( 'NONE', ( #2244 ), #335, .T. ) ;
#296 = EDGE_CURVE ( 'NONE', #2062, #1588, #2719, .T. ) ;
#297 = ORIENTED_EDGE ( 'NONE', *, *, #805, .F. ) ;
#298 = DIRECTION ( 'NONE',  ( 1.000000000000000000, -1.208866533781747157E-16, -0.000000000000000000 ) ) ;
#299 = VECTOR ( 'NONE', #862, 1000.000000000000000 ) ;
#300 = EDGE_LOOP ( 'NONE', ( #975, #854, #2238, #1621 ) ) ;
#301 = EDGE_CURVE ( 'NONE', #1866, #1904, #132, .T. ) ;
#302 = ORIENTED_EDGE ( 'NONE', *, *, #432, .F. ) ;
#303 = FACE_BOUND ( 'NONE', #2591, .T. ) ;
#304 = LINE ( 'NONE', #743, #1285 ) ;
#305 = ORIENTED_EDGE ( 'NONE', *, *, #737, .T. ) ;
#306 = DIRECTION ( 'NONE',  ( 0.000000000000000000, -1.000000000000000000, 0.000000000000000000 ) ) ;
#307 = LINE ( 'NONE', #1767, #547 ) ;
#308 = DIRECTION ( 'NONE',  ( 0.000000000000000000, 1.000000000000000000, -0.000000000000000000 ) ) ;
#309 = FACE_OUTER_BOUND ( 'NONE', #931, .T. ) ;
#310 = VERTEX_POINT ( 'NONE', #843 ) ;
#311 = CARTESIAN_POINT ( 'NONE',  ( -33.50000000000000000, -19.69999999999999929, 62.50000000000000000 ) ) ;
#312 = ORIENTED_EDGE ( 'NONE', *, *, #1051, .F. ) ;
#313 = DIRECTION ( 'NONE',  ( 1.000000000000000000, -1.387778780781445676E-16, -1.416124959108260320E-32 ) ) ;
#314 = EDGE_LOOP ( 'NONE', ( #1447, #389 ) ) ;
#315 = AXIS2_PLACEMENT_3D ( 'NONE', #918, #2115, #960 ) ;
#316 = VECTOR ( 'NONE', #1471, 1000.000000000000000 ) ;
#317 = LINE ( 'NONE', #2228, #714 ) ;
#318 = AXIS2_PLACEMENT_3D ( 'NONE', #2583, #1861, #2803 ) ;
#319 = CARTESIAN_POINT ( 'NONE',  ( -35.50000000000000711, -23.59999999999999076, 18.00000000000000355 ) ) ;
#320 = ORIENTED_EDGE ( 'NONE', *, *, #1839, .T. ) ;
#321 = CARTESIAN_POINT ( 'NONE',  ( 12.20000000000000107, -0.4000000000000000222, 18.00000000000000355 ) ) ;
#322 = CARTESIAN_POINT ( 'NONE',  ( 14.40000000000000213, -2.000000000000001776, 101.0112460477003538 ) ) ;
#323 = CARTESIAN_POINT ( 'NONE',  ( -6.400000000000002132, -21.59999999999999076, 58.50000000000000711 ) ) ;
#324 = DIRECTION ( 'NONE',  ( -1.000000000000000000, 6.044332668908739480E-17, 0.000000000000000000 ) ) ;
#325 = ORIENTED_EDGE ( 'NONE', *, *, #816, .F. ) ;
#326 = CARTESIAN_POINT ( 'NONE',  ( -25.00000000000000000, -0.5000000000000029976, 22.50000000000000711 ) ) ;
#327 = ADVANCED_FACE ( 'NONE', ( #2738 ), #589, .F. ) ;
#328 = ORIENTED_EDGE ( 'NONE', *, *, #726, .T. ) ;
#329 = CARTESIAN_POINT ( 'NONE',  ( -35.50000000000000711, -15.99999999999999289, 26.50000000000000711 ) ) ;
#330 = DIRECTION ( 'NONE',  ( 0.000000000000000000, -1.000000000000000000, 0.000000000000000000 ) ) ;
#331 = AXIS2_PLACEMENT_3D ( 'NONE', #2965, #394, #891 ) ;
#332 = ORIENTED_EDGE ( 'NONE', *, *, #1795, .F. ) ;
#333 = VECTOR ( 'NONE', #358, 1000.000000000000000 ) ;
#334 = FACE_OUTER_BOUND ( 'NONE', #982, .T. ) ;
#335 = PLANE ( 'NONE',  #2841 ) ;
#336 = ADVANCED_FACE ( 'NONE', ( #2549 ), #876, .F. ) ;
#337 = EDGE_CURVE ( 'NONE', #2480, #1156, #1341, .T. ) ;
#338 = DIRECTION ( 'NONE',  ( -1.000000000000000000, 1.097926250618232273E-16, -2.332161357353440310E-32 ) ) ;
#339 = CARTESIAN_POINT ( 'NONE',  ( 0.000000000000000000, 2.100000000000000089, 85.00000000000000000 ) ) ;
#340 = EDGE_CURVE ( 'NONE', #2225, #1858, #2274, .T. ) ;
#341 = CARTESIAN_POINT ( 'NONE',  ( -35.50000000000000711, -2.499999999999994227, 20.00000000000000000 ) ) ;
#342 = FACE_OUTER_BOUND ( 'NONE', #2588, .T. ) ;
#343 = EDGE_LOOP ( 'NONE', ( #2694, #1881, #2833, #2174 ) ) ;
#344 = CARTESIAN_POINT ( 'NONE',  ( -5.400000000000002132, -24.59999999999999787, 122.3085781020933780 ) ) ;
#345 = ORIENTED_EDGE ( 'NONE', *, *, #436, .F. ) ;
#346 = DIRECTION ( 'NONE',  ( 0.000000000000000000, 0.000000000000000000, -1.000000000000000000 ) ) ;
#347 = LINE ( 'NONE', #2924, #24 ) ;
#348 = VERTEX_POINT ( 'NONE', #2041 ) ;
#349 = AXIS2_PLACEMENT_3D ( 'NONE', #2109, #362, #936 ) ;
#350 = CARTESIAN_POINT ( 'NONE',  ( -25.00000000000000000, 2.900000000000000355, 62.50000000000000000 ) ) ;
#351 = DIRECTION ( 'NONE',  ( 0.000000000000000000, -1.000000000000000000, 0.000000000000000000 ) ) ;
#352 = LOCAL_TIME ( 19, 36, 11.00000000000000000, #136 ) ;
#353 = LINE ( 'NONE', #319, #624 ) ;
#354 = PERSON_AND_ORGANIZATION_ROLE ( 'design_owner' ) ;
#355 = CARTESIAN_POINT ( 'NONE',  ( -2.800000000000000266, 2.100000000000000089, 67.00000000000000000 ) ) ;
#356 = DIRECTION ( 'NONE',  ( -1.000000000000000000, 0.000000000000000000, 0.000000000000000000 ) ) ;
#357 = EDGE_CURVE ( 'NONE', #1707, #1079, #1596, .T. ) ;
#358 = DIRECTION ( 'NONE',  ( -1.000000000000000000, 6.044332668908739480E-17, -0.000000000000000000 ) ) ;
#359 = ORIENTED_EDGE ( 'NONE', *, *, #566, .F. ) ;
#360 = VERTEX_POINT ( 'NONE', #2512 ) ;
#361 = ORIENTED_EDGE ( 'NONE', *, *, #877, .F. ) ;
#362 = DIRECTION ( 'NONE',  ( -1.000000000000000000, 1.097926250618232273E-16, -2.332161357353440310E-32 ) ) ;
#363 = LINE ( 'NONE', #134, #697 ) ;
#364 = VECTOR ( 'NONE', #2383, 1000.000000000000000 ) ;
#365 = CARTESIAN_POINT ( 'NONE',  ( -5.399999999999998579, 5.100000000000000533, 18.00000000000000355 ) ) ;
#366 = DATE_AND_TIME ( #1359, #2561 ) ;
#367 = CARTESIAN_POINT ( 'NONE',  ( 12.20000000000000284, -9.250000000000000000, 42.50000000000000000 ) ) ;
#368 = AXIS2_PLACEMENT_3D ( 'NONE', #2854, #1675, #461 ) ;
#369 = DIRECTION ( 'NONE',  ( 1.000000000000000000, -1.208866533781747157E-16, -0.000000000000000000 ) ) ;
#370 = FACE_OUTER_BOUND ( 'NONE', #1105, .T. ) ;
#371 = DIRECTION ( 'NONE',  ( -1.000000000000000000, 1.208866533781747403E-16, -2.567815292417029038E-32 ) ) ;
#372 = ORIENTED_EDGE ( 'NONE', *, *, #2858, .T. ) ;
#373 = CARTESIAN_POINT ( 'NONE',  ( 10.09999999999999964, -0.4000000000000000222, 18.00000000000000355 ) ) ;
#374 = CARTESIAN_POINT ( 'NONE',  ( -2.799999999999999822, -0.4000000000000000222, 85.00000000000000000 ) ) ;
#375 = EDGE_LOOP ( 'NONE', ( #332, #1539, #1022, #1562 ) ) ;
#376 = VECTOR ( 'NONE', #1982, 1000.000000000000000 ) ;
#377 = EDGE_CURVE ( 'NONE', #2850, #25, #363, .T. ) ;
#378 = DIRECTION ( 'NONE',  ( -1.000000000000000000, 1.097926250618232273E-16, -2.332161357353440310E-32 ) ) ;
#379 = VERTEX_POINT ( 'NONE', #2294 ) ;
#380 = DIRECTION ( 'NONE',  ( 0.000000000000000000, 0.000000000000000000, 1.000000000000000000 ) ) ;
#381 = CARTESIAN_POINT ( 'NONE',  ( -35.50000000000000711, 3.100000000000002753, 26.50000000000000355 ) ) ;
#382 = CARTESIAN_POINT ( 'NONE',  ( 14.80000000000000249, -9.250000000000000000, 42.50000000000000000 ) ) ;
#383 = DIRECTION ( 'NONE',  ( -1.000000000000000000, -1.299418334065024133E-16, -0.000000000000000000 ) ) ;
#384 = CARTESIAN_POINT ( 'NONE',  ( 12.20000000000000107, -18.10000000000000497, 67.00000000000000000 ) ) ;
#385 = CARTESIAN_POINT ( 'NONE',  ( -31.00000000000000355, 1.200000000000002176, 62.50000000000000000 ) ) ;
#386 = ORIENTED_EDGE ( 'NONE', *, *, #1470, .F. ) ;
#387 = CARTESIAN_POINT ( 'NONE',  ( -25.00000000000000000, -19.69999999999999929, 62.50000000000000000 ) ) ;
#388 = ORIENTED_EDGE ( 'NONE', *, *, #824, .T. ) ;
#389 = ORIENTED_EDGE ( 'NONE', *, *, #2156, .F. ) ;
#390 = EDGE_CURVE ( 'NONE', #2453, #3036, #146, .T. ) ;
#391 = CARTESIAN_POINT ( 'NONE',  ( -33.50000000000000000, -19.70000000000000284, 22.50000000000000711 ) ) ;
#392 = ORIENTED_EDGE ( 'NONE', *, *, #301, .T. ) ;
#393 = ADVANCED_FACE ( 'NONE', ( #1721 ), #1202, .F. ) ;
#394 = DIRECTION ( 'NONE',  ( -0.000000000000000000, 0.000000000000000000, -1.000000000000000000 ) ) ;
#395 = EDGE_CURVE ( 'NONE', #236, #2686, #693, .T. ) ;
#396 = AXIS2_PLACEMENT_3D ( 'NONE', #1701, #259, #945 ) ;
#397 = CARTESIAN_POINT ( 'NONE',  ( -6.400000000000001243, -15.50000000000000178, 59.75000000000000000 ) ) ;
#398 = AXIS2_PLACEMENT_3D ( 'NONE', #2774, #1844, #2504 ) ;
#399 = APPROVAL_DATE_TIME ( #2277, #3005 ) ;
#400 = CARTESIAN_POINT ( 'NONE',  ( -2.799999999999999822, -0.4000000000000000222, 85.00000000000000000 ) ) ;
#401 = EDGE_CURVE ( 'NONE', #2496, #1194, #512, .T. ) ;
#402 = CARTESIAN_POINT ( 'NONE',  ( -35.50000000000000711, -2.499999999999994227, 20.00000000000000000 ) ) ;
#403 = CARTESIAN_POINT ( 'NONE',  ( -1.100000000000000755, -17.30000000000000782, 42.50000000000000000 ) ) ;
#404 = CARTESIAN_POINT ( 'NONE',  ( -25.00000000000000000, -19.70000000000000284, 22.50000000000000711 ) ) ;
#405 = ORIENTED_EDGE ( 'NONE', *, *, #872, .F. ) ;
#406 = DIRECTION ( 'NONE',  ( -1.000000000000000000, 6.044332668908739480E-17, 0.000000000000000000 ) ) ;
#407 = ORIENTED_EDGE ( 'NONE', *, *, #3040, .T. ) ;
#408 = VERTEX_POINT ( 'NONE', #2851 ) ;
#409 = DIRECTION ( 'NONE',  ( -1.000000000000000000, 1.208866533781747403E-16, -2.567815292417029038E-32 ) ) ;
#410 = VERTEX_POINT ( 'NONE', #428 ) ;
#411 = CARTESIAN_POINT ( 'NONE',  ( -16.50000000000000000, -15.50000000000000000, 36.44999999999999574 ) ) ;
#412 = DIRECTION ( 'NONE',  ( 0.000000000000000000, 0.000000000000000000, 1.000000000000000000 ) ) ;
#413 = CALENDAR_DATE ( 2026, 17, 6 ) ;
#414 = CIRCLE ( 'NONE', #681, 8.050000000000002487 ) ;
#415 = DIRECTION ( 'NONE',  ( 0.000000000000000000, -1.000000000000000000, 0.000000000000000000 ) ) ;
#416 = VECTOR ( 'NONE', #913, 1000.000000000000000 ) ;
#417 = PLANE ( 'NONE',  #1918 ) ;
#418 = DIRECTION ( 'NONE',  ( 0.000000000000000000, -1.000000000000000000, 0.000000000000000000 ) ) ;
#419 = CARTESIAN_POINT ( 'NONE',  ( -1.100000000000000755, -17.30000000000000782, 42.50000000000000000 ) ) ;
#420 = AXIS2_PLACEMENT_3D ( 'NONE', #214, #1444, #715 ) ;
#421 = DIRECTION ( 'NONE',  ( -1.000000000000000000, 1.097926250618232273E-16, -2.332161357353440584E-32 ) ) ;
#422 = DIRECTION ( 'NONE',  ( 1.000000000000000000, -0.000000000000000000, -0.000000000000000000 ) ) ;
#423 = ORIENTED_EDGE ( 'NONE', *, *, #1894, .F. ) ;
#424 = ORIENTED_EDGE ( 'NONE', *, *, #1255, .F. ) ;
#425 = DIRECTION ( 'NONE',  ( -1.000000000000000000, 1.208866533781747403E-16, -2.567815292417029038E-32 ) ) ;
#426 = CARTESIAN_POINT ( 'NONE',  ( -35.50000000000000711, -15.99999999999999289, 20.00000000000000000 ) ) ;
#427 = ORIENTED_EDGE ( 'NONE', *, *, #520, .T. ) ;
#428 = CARTESIAN_POINT ( 'NONE',  ( -31.00000000000000355, -16.65000000000000924, 62.50000000000000000 ) ) ;
#429 = DIRECTION ( 'NONE',  ( -0.000000000000000000, -0.000000000000000000, -1.000000000000000000 ) ) ;
#430 = CIRCLE ( 'NONE', #1500, 3.999999999999999112 ) ;
#431 = PERSON_AND_ORGANIZATION_ROLE ( 'classification_officer' ) ;
#432 = EDGE_CURVE ( 'NONE', #1588, #2396, #1874, .T. ) ;
#433 = EDGE_CURVE ( 'NONE', #1970, #2468, #181, .T. ) ;
#434 = DIRECTION ( 'NONE',  ( -1.000000000000000000, 1.208866533781747403E-16, -2.567815292417029038E-32 ) ) ;
#435 = LINE ( 'NONE', #1663, #2966 ) ;
#436 = EDGE_CURVE ( 'NONE', #292, #2181, #2083, .T. ) ;
#437 = DIRECTION ( 'NONE',  ( 7.489461269549674415E-32, 6.195440985631459262E-16, 1.000000000000000000 ) ) ;
#438 = VERTEX_POINT ( 'NONE', #909 ) ;
#439 = CARTESIAN_POINT ( 'NONE',  ( 10.09999999999999964, -2.000000000000001776, 67.00000000000000000 ) ) ;
#440 = VERTEX_POINT ( 'NONE', #1158 ) ;
#441 = ORIENTED_EDGE ( 'NONE', *, *, #1907, .T. ) ;
#442 = ORIENTED_EDGE ( 'NONE', *, *, #2717, .F. ) ;
#443 = FACE_OUTER_BOUND ( 'NONE', #961, .T. ) ;
#444 = EDGE_LOOP ( 'NONE', ( #3101, #2414 ) ) ;
#445 = DIRECTION ( 'NONE',  ( 1.000000000000000000, -1.208866533781747157E-16, -0.000000000000000000 ) ) ;
#446 = DIRECTION ( 'NONE',  ( -1.548860246407864322E-16, -1.000000000000000000, 0.000000000000000000 ) ) ;
#447 = AXIS2_PLACEMENT_3D ( 'NONE', #385, #1379, #154 ) ;
#448 = DIRECTION ( 'NONE',  ( -1.208866533781747157E-16, -1.000000000000000000, 2.668805347656624213E-16 ) ) ;
#449 = CIRCLE ( 'NONE', #2012, 1.699999999999999512 ) ;
#450 = CARTESIAN_POINT ( 'NONE',  ( -33.50000000000000000, -22.74999999999998934, 62.50000000000000000 ) ) ;
#451 = CARTESIAN_POINT ( 'NONE',  ( -35.50000000000000711, -21.59999999999999076, 26.50000000000000711 ) ) ;
#452 = VECTOR ( 'NONE', #1313, 1000.000000000000000 ) ;
#453 = EDGE_CURVE ( 'NONE', #1724, #2453, #2096, .T. ) ;
#454 = ORIENTED_EDGE ( 'NONE', *, *, #3031, .F. ) ;
#455 = LINE ( 'NONE', #2603, #2782 ) ;
#456 = ORIENTED_EDGE ( 'NONE', *, *, #433, .T. ) ;
#457 = EDGE_LOOP ( 'NONE', ( #2534, #1412 ) ) ;
#458 = DIRECTION ( 'NONE',  ( -1.000000000000000000, 1.097926250618232273E-16, -2.332161357353440584E-32 ) ) ;
#459 = ORIENTED_EDGE ( 'NONE', *, *, #769, .F. ) ;
#460 = CARTESIAN_POINT ( 'NONE',  ( 8.673617379884035472E-16, -9.250000000000000000, 42.50000000000000000 ) ) ;
#461 = DIRECTION ( 'NONE',  ( 0.000000000000000000, -1.000000000000000000, 0.000000000000000000 ) ) ;
#462 = CARTESIAN_POINT ( 'NONE',  ( -31.00000000000000355, -1.850000000000004308, 22.50000000000000711 ) ) ;
#463 = AXIS2_PLACEMENT_3D ( 'NONE', #778, #2395, #2901 ) ;
#464 = LINE ( 'NONE', #1003, #1710 ) ;
#465 = CIRCLE ( 'NONE', #2723, 1.700000000000000178 ) ;
#466 = ORIENTED_EDGE ( 'NONE', *, *, #63, .F. ) ;
#467 = CARTESIAN_POINT ( 'NONE',  ( -35.50000000000000711, -2.499999999999994227, 65.00000000000000000 ) ) ;
#468 = VERTEX_POINT ( 'NONE', #1627 ) ;
#469 = CIRCLE ( 'NONE', #897, 1.699999999999998845 ) ;
#470 = ORIENTED_EDGE ( 'NONE', *, *, #630, .F. ) ;
#471 = CARTESIAN_POINT ( 'NONE',  ( -25.00000000000000000, -21.40000000000000213, 22.50000000000000711 ) ) ;
#472 = ORIENTED_EDGE ( 'NONE', *, *, #1972, .T. ) ;
#473 = ADVANCED_FACE ( 'NONE', ( #709 ), #952, .F. ) ;
#474 = VECTOR ( 'NONE', #2808, 1000.000000000000000 ) ;
#475 = DIRECTION ( 'NONE',  ( -1.000000000000000000, 1.208866533781747403E-16, -2.567815292417029038E-32 ) ) ;
#476 = AXIS2_PLACEMENT_3D ( 'NONE', #1228, #998, #755 ) ;
#477 = CARTESIAN_POINT ( 'NONE',  ( 12.20000000000000107, 2.100000000000000089, 18.00000000000000355 ) ) ;
#478 = DIRECTION ( 'NONE',  ( 0.000000000000000000, -1.000000000000000000, 0.000000000000000000 ) ) ;
#479 = EDGE_CURVE ( 'NONE', #1289, #2593, #2538, .T. ) ;
#480 = VERTEX_POINT ( 'NONE', #2611 ) ;
#481 = DIRECTION ( 'NONE',  ( 1.000000000000000000, -1.208866533781747157E-16, -0.000000000000000000 ) ) ;
#482 = ORIENTED_EDGE ( 'NONE', *, *, #1204, .F. ) ;
#483 = ORIENTED_EDGE ( 'NONE', *, *, #1750, .F. ) ;
#484 = VERTEX_POINT ( 'NONE', #1916 ) ;
#485 = CARTESIAN_POINT ( 'NONE',  ( 10.10000000000000142, -0.3999999999999993006, 37.84408977749784952 ) ) ;
#486 = ORIENTED_EDGE ( 'NONE', *, *, #1565, .T. ) ;
#487 = EDGE_CURVE ( 'NONE', #1762, #1993, #676, .T. ) ;
#488 = EDGE_CURVE ( 'NONE', #440, #900, #430, .T. ) ;
#489 = CARTESIAN_POINT ( 'NONE',  ( -6.400000000000002132, -21.59999999999999432, 26.50000000000000711 ) ) ;
#490 = CARTESIAN_POINT ( 'NONE',  ( -35.50000000000000711, -15.99999999999999289, 26.50000000000000711 ) ) ;
#491 = CARTESIAN_POINT ( 'NONE',  ( 10.10000000000000142, -0.3999999999999993006, 47.15591022250215758 ) ) ;
#492 = EDGE_LOOP ( 'NONE', ( #361, #2664, #2558, #787 ) ) ;
#493 = VECTOR ( 'NONE', #1264, 1000.000000000000000 ) ;
#494 = CARTESIAN_POINT ( 'NONE',  ( 13.80000000000000249, -23.59999999999999787, 18.00000000000000355 ) ) ;
#495 = LINE ( 'NONE', #1457, #2962 ) ;
#496 = ADVANCED_FACE ( 'NONE', ( #1439, #2374 ), #226, .T. ) ;
#497 = VECTOR ( 'NONE', #2311, 1000.000000000000000 ) ;
#498 = CARTESIAN_POINT ( 'NONE',  ( 12.20000000000000107, -18.10000000000000497, 47.15591022250214337 ) ) ;
#499 = ORIENTED_EDGE ( 'NONE', *, *, #2103, .T. ) ;
#500 = VERTEX_POINT ( 'NONE', #1860 ) ;
#501 = VECTOR ( 'NONE', #1182, 1000.000000000000000 ) ;
#502 = EDGE_LOOP ( 'NONE', ( #2932, #903, #993, #1058 ) ) ;
#503 = PLANE ( 'NONE',  #90 ) ;
#504 = ORIENTED_EDGE ( 'NONE', *, *, #2956, .F. ) ;
#505 = DIRECTION ( 'NONE',  ( 0.000000000000000000, -1.000000000000000000, 0.000000000000000000 ) ) ;
#506 = VERTEX_POINT ( 'NONE', #1420 ) ;
#507 = DIRECTION ( 'NONE',  ( 0.000000000000000000, -1.000000000000000000, 0.000000000000000000 ) ) ;
#508 = CARTESIAN_POINT ( 'NONE',  ( 10.10000000000000142, -18.10000000000000497, 37.84408977749786374 ) ) ;
#509 = CARTESIAN_POINT ( 'NONE',  ( -35.50000000000000000, 5.100000000000004086, 18.00000000000000355 ) ) ;
#510 = LINE ( 'NONE', #1037, #1497 ) ;
#511 = ORIENTED_EDGE ( 'NONE', *, *, #1396, .F. ) ;
#512 = LINE ( 'NONE', #938, #2682 ) ;
#513 = VECTOR ( 'NONE', #2003, 1000.000000000000000 ) ;
#514 = ORIENTED_EDGE ( 'NONE', *, *, #1612, .T. ) ;
#515 = DIRECTION ( 'NONE',  ( 0.000000000000000000, 2.124151195073641295E-16, 1.000000000000000000 ) ) ;
#516 = CIRCLE ( 'NONE', #567, 10.00000000000000355 ) ;
#517 = EDGE_LOOP ( 'NONE', ( #1001, #1573, #2894, #2798 ) ) ;
#518 = VECTOR ( 'NONE', #162, 1000.000000000000000 ) ;
#519 = EDGE_CURVE ( 'NONE', #468, #2978, #2596, .T. ) ;
#520 = EDGE_CURVE ( 'NONE', #2130, #1588, #2836, .T. ) ;
#521 = PLANE ( 'NONE',  #2079 ) ;
#522 = ORIENTED_EDGE ( 'NONE', *, *, #1883, .F. ) ;
#523 = AXIS2_PLACEMENT_3D ( 'NONE', #2920, #1770, #559 ) ;
#524 = DIRECTION ( 'NONE',  ( 0.000000000000000000, 0.000000000000000000, -1.000000000000000000 ) ) ;
#525 = LINE ( 'NONE', #1729, #815 ) ;
#526 = EDGE_CURVE ( 'NONE', #1079, #1609, #2359, .T. ) ;
#527 = EDGE_CURVE ( 'NONE', #204, #484, #657, .T. ) ;
#528 = VECTOR ( 'NONE', #1039, 1000.000000000000000 ) ;
#529 = EDGE_CURVE ( 'NONE', #2593, #1289, #1849, .T. ) ;
#530 = CARTESIAN_POINT ( 'NONE',  ( -25.00000000000000000, 1.199999999999996403, 22.50000000000000711 ) ) ;
#531 = CARTESIAN_POINT ( 'NONE',  ( -5.399999999999998579, 6.100000000000000533, 18.00000000000000355 ) ) ;
#532 = ORIENTED_EDGE ( 'NONE', *, *, #2108, .F. ) ;
#533 = CARTESIAN_POINT ( 'NONE',  ( -25.00000000000000000, -21.39999999999999503, 62.50000000000000000 ) ) ;
#534 = VERTEX_POINT ( 'NONE', #1787 ) ;
#535 = CARTESIAN_POINT ( 'NONE',  ( -31.00000000000000355, -0.5000000000000024425, 22.50000000000000711 ) ) ;
#536 = ORIENTED_EDGE ( 'NONE', *, *, #972, .F. ) ;
#537 = ORIENTED_EDGE ( 'NONE', *, *, #113, .F. ) ;
#538 = CARTESIAN_POINT ( 'NONE',  ( -31.00000000000000355, 1.200000000000002176, 62.50000000000000000 ) ) ;
#539 = CARTESIAN_POINT ( 'NONE',  ( -6.400000000000001243, -15.50000000000000178, 32.20000000000000284 ) ) ;
#540 = ORIENTED_EDGE ( 'NONE', *, *, #2675, .T. ) ;
#541 = DIRECTION ( 'NONE',  ( -1.000000000000000000, 1.097926250618232273E-16, -2.332161357353440584E-32 ) ) ;
#542 = DIRECTION ( 'NONE',  ( -1.000000000000000000, 1.734723475976808080E-16, 0.000000000000000000 ) ) ;
#543 = LINE ( 'NONE', #45, #1587 ) ;
#544 = CYLINDRICAL_SURFACE ( 'NONE', #2940, 1.699999999999996625 ) ;
#545 = ORIENTED_EDGE ( 'NONE', *, *, #1626, .T. ) ;
#546 = DIRECTION ( 'NONE',  ( 0.000000000000000000, 0.000000000000000000, -1.000000000000000000 ) ) ;
#547 = VECTOR ( 'NONE', #1068, 1000.000000000000000 ) ;
#548 = DIRECTION ( 'NONE',  ( 1.000000000000000000, -0.000000000000000000, -0.000000000000000000 ) ) ;
#549 = CIRCLE ( 'NONE', #2649, 10.00000000000000178 ) ;
#550 = ORIENTED_EDGE ( 'NONE', *, *, #2777, .F. ) ;
#551 = APPROVAL_PERSON_ORGANIZATION ( #895, #3005, #1344 ) ;
#552 = CARTESIAN_POINT ( 'NONE',  ( -5.400000000000002132, -23.59999999999999432, 122.3085781020933780 ) ) ;
#553 = CARTESIAN_POINT ( 'NONE',  ( 24.40000000000000213, -2.000000000000001776, 49.38748865697796475 ) ) ;
#554 = ORIENTED_EDGE ( 'NONE', *, *, #357, .T. ) ;
#555 = LINE ( 'NONE', #321, #2706 ) ;
#556 = LINE ( 'NONE', #1298, #294 ) ;
#557 = ADVANCED_FACE ( 'NONE', ( #2957, #1304 ), #1558, .F. ) ;
#558 = DIRECTION ( 'NONE',  ( 0.000000000000000000, 0.000000000000000000, -1.000000000000000000 ) ) ;
#559 = DIRECTION ( 'NONE',  ( 0.000000000000000000, -1.000000000000000000, 0.000000000000000000 ) ) ;
#560 = ORIENTED_EDGE ( 'NONE', *, *, #2627, .T. ) ;
#561 = DIRECTION ( 'NONE',  ( 0.000000000000000000, -1.000000000000000000, 0.000000000000000000 ) ) ;
#562 = ORIENTED_EDGE ( 'NONE', *, *, #3040, .F. ) ;
#563 = CARTESIAN_POINT ( 'NONE',  ( -16.50000000000000000, 2.109133618819689902E-15, 9.063199738292865394E-32 ) ) ;
#564 = VERTEX_POINT ( 'NONE', #326 ) ;
#565 = AXIS2_PLACEMENT_3D ( 'NONE', #1486, #3055, #921 ) ;
#566 = EDGE_CURVE ( 'NONE', #2510, #1939, #1318, .T. ) ;
#567 = AXIS2_PLACEMENT_3D ( 'NONE', #2628, #1246, #242 ) ;
#568 = VECTOR ( 'NONE', #548, 1000.000000000000000 ) ;
#569 = DIRECTION ( 'NONE',  ( -1.000000000000000000, 1.208866533781747403E-16, -2.567815292417029038E-32 ) ) ;
#570 = PRODUCT_DEFINITION ( 'UNKNOWN', '', #1323, #1442 ) ;
#571 = CARTESIAN_POINT ( 'NONE',  ( 14.40000000000000213, -2.000000000000001776, 35.61251134302204235 ) ) ;
#572 = DIRECTION ( 'NONE',  ( -1.000000000000000000, 1.208866533781747403E-16, -2.567815292417029038E-32 ) ) ;
#573 =( LENGTH_UNIT ( ) NAMED_UNIT ( * ) SI_UNIT ( .MILLI., .METRE. ) );
#574 = CARTESIAN_POINT ( 'NONE',  ( -6.400000000000001243, -15.99999999999999645, 20.00000000000000000 ) ) ;
#575 = DIRECTION ( 'NONE',  ( -1.387778780781445676E-16, -1.000000000000000000, 0.000000000000000000 ) ) ;
#576 = ADVANCED_FACE ( 'NONE', ( #1524 ), #799, .F. ) ;
#577 = CARTESIAN_POINT ( 'NONE',  ( -35.50000000000000711, -2.499999999999988898, 58.50000000000000000 ) ) ;
#578 = ORIENTED_EDGE ( 'NONE', *, *, #2222, .F. ) ;
#579 = DIRECTION ( 'NONE',  ( -1.097926250618232273E-16, -1.000000000000000000, 0.000000000000000000 ) ) ;
#580 = CC_DESIGN_PERSON_AND_ORGANIZATION_ASSIGNMENT ( #661, #1161, ( #1323 ) ) ;
#581 = VERTEX_POINT ( 'NONE', #2679 ) ;
#582 = LINE ( 'NONE', #2528, #2471 ) ;
#583 = FACE_OUTER_BOUND ( 'NONE', #2319, .T. ) ;
#584 = VECTOR ( 'NONE', #2343, 1000.000000000000000 ) ;
#585 = ORIENTED_EDGE ( 'NONE', *, *, #2515, .T. ) ;
#586 = EDGE_CURVE ( 'NONE', #690, #1757, #2730, .T. ) ;
#587 = VERTEX_POINT ( 'NONE', #2444 ) ;
#588 = CARTESIAN_POINT ( 'NONE',  ( -33.50000000000000000, -19.69999999999999929, 62.50000000000000000 ) ) ;
#589 = CYLINDRICAL_SURFACE ( 'NONE', #905, 1.699999999999999512 ) ;
#590 = DIRECTION ( 'NONE',  ( 0.000000000000000000, -1.000000000000000000, 0.000000000000000000 ) ) ;
#591 = PERSON_AND_ORGANIZATION ( #717, #1081 ) ;
#592 = LINE ( 'NONE', #1345, #2300 ) ;
#593 = LINE ( 'NONE', #2763, #2981 ) ;
#594 = VERTEX_POINT ( 'NONE', #1023 ) ;
#595 = DIRECTION ( 'NONE',  ( 1.807003620809174878E-16, 1.000000000000000000, 0.000000000000000000 ) ) ;
#596 = EDGE_LOOP ( 'NONE', ( #157, #1087 ) ) ;
#597 = DIRECTION ( 'NONE',  ( 1.000000000000000000, 0.000000000000000000, 0.000000000000000000 ) ) ;
#598 = DIRECTION ( 'NONE',  ( -1.000000000000000000, -1.734723475976806848E-16, 0.000000000000000000 ) ) ;
#599 = VERTEX_POINT ( 'NONE', #853 ) ;
#600 = ORIENTED_EDGE ( 'NONE', *, *, #53, .T. ) ;
#601 = VECTOR ( 'NONE', #2060, 1000.000000000000000 ) ;
#602 = AXIS2_PLACEMENT_3D ( 'NONE', #874, #2325, #3073 ) ;
#603 = DIRECTION ( 'NONE',  ( 0.000000000000000000, 0.000000000000000000, 1.000000000000000000 ) ) ;
#604 = DIRECTION ( 'NONE',  ( 0.000000000000000000, -1.000000000000000000, 0.000000000000000000 ) ) ;
#605 = VECTOR ( 'NONE', #2687, 1000.000000000000000 ) ;
#606 = CARTESIAN_POINT ( 'NONE',  ( -33.50000000000000000, -19.70000000000000284, 22.50000000000000711 ) ) ;
#607 = PERSON_AND_ORGANIZATION ( #717, #1081 ) ;
#608 = PLANE ( 'NONE',  #398 ) ;
#609 = LINE ( 'NONE', #1816, #1830 ) ;
#610 = PLANE ( 'NONE',  #1746 ) ;
#611 = EDGE_CURVE ( 'NONE', #841, #2095, #953, .T. ) ;
#612 = DIRECTION ( 'NONE',  ( -0.000000000000000000, -0.000000000000000000, 1.000000000000000000 ) ) ;
#613 = EDGE_LOOP ( 'NONE', ( #2382, #1295, #3023, #2163 ) ) ;
#614 = CARTESIAN_POINT ( 'NONE',  ( -2.800000000000000266, 2.100000000000000089, 18.00000000000000355 ) ) ;
#615 = ORIENTED_EDGE ( 'NONE', *, *, #527, .F. ) ;
#616 = EDGE_LOOP ( 'NONE', ( #3074, #2438, #92, #2065 ) ) ;
#617 = CARTESIAN_POINT ( 'NONE',  ( -35.50000000000000711, -2.499999999999988898, 58.50000000000000000 ) ) ;
#618 = VECTOR ( 'NONE', #575, 1000.000000000000000 ) ;
#619 = ORIENTED_EDGE ( 'NONE', *, *, #296, .T. ) ;
#620 = DIRECTION ( 'NONE',  ( 0.000000000000000000, 0.000000000000000000, 1.000000000000000000 ) ) ;
#621 = CIRCLE ( 'NONE', #2372, 1.000000000000000000 ) ;
#622 = DIRECTION ( 'NONE',  ( 1.000000000000000000, -0.000000000000000000, -0.000000000000000000 ) ) ;
#623 = ADVANCED_FACE ( 'NONE', ( #833 ), #1756, .F. ) ;
#624 = VECTOR ( 'NONE', #3014, 1000.000000000000000 ) ;
#625 = EDGE_CURVE ( 'NONE', #1668, #1219, #2434, .T. ) ;
#626 = DIRECTION ( 'NONE',  ( 0.000000000000000000, -1.000000000000000000, 0.000000000000000000 ) ) ;
#627 = VECTOR ( 'NONE', #421, 1000.000000000000000 ) ;
#628 = CARTESIAN_POINT ( 'NONE',  ( -1.100000000000000311, -9.250000000000003553, 42.50000000000000000 ) ) ;
#629 = ADVANCED_FACE ( 'NONE', ( #1508 ), #2428, .F. ) ;
#630 = EDGE_CURVE ( 'NONE', #1938, #5, #2033, .T. ) ;
#631 = LINE ( 'NONE', #384, #474 ) ;
#632 = CARTESIAN_POINT ( 'NONE',  ( 14.40000000000000213, -2.000000000000001776, 0.000000000000000000 ) ) ;
#633 = EDGE_CURVE ( 'NONE', #798, #1434, #83, .T. ) ;
#634 = VERTEX_POINT ( 'NONE', #1984 ) ;
#635 = DIRECTION ( 'NONE',  ( 0.000000000000000000, -1.000000000000000000, 0.000000000000000000 ) ) ;
#636 = LINE ( 'NONE', #2064, #892 ) ;
#637 = ORIENTED_EDGE ( 'NONE', *, *, #2572, .T. ) ;
#638 = ORIENTED_EDGE ( 'NONE', *, *, #340, .F. ) ;
#639 = AXIS2_PLACEMENT_3D ( 'NONE', #811, #1556, #1054 ) ;
#640 = AXIS2_PLACEMENT_3D ( 'NONE', #1683, #995, #2893 ) ;
#641 = VECTOR ( 'NONE', #3012, 1000.000000000000000 ) ;
#642 = CARTESIAN_POINT ( 'NONE',  ( 13.40000000000000213, 5.100000000000000533, 67.00000000000000000 ) ) ;
#643 = ORIENTED_EDGE ( 'NONE', *, *, #2331, .F. ) ;
#644 = CARTESIAN_POINT ( 'NONE',  ( 10.09999999999999964, -0.4000000000000000222, 67.00000000000000000 ) ) ;
#645 = AXIS2_PLACEMENT_3D ( 'NONE', #981, #1708, #2162 ) ;
#646 = FACE_OUTER_BOUND ( 'NONE', #177, .T. ) ;
#647 = APPROVAL_ROLE ( '' ) ;
#648 = CARTESIAN_POINT ( 'NONE',  ( -6.400000000000002132, -23.59999999999999432, 18.00000000000000355 ) ) ;
#649 = CARTESIAN_POINT ( 'NONE',  ( -6.400000000000002132, -21.59999999999999076, 58.50000000000000711 ) ) ;
#650 = VERTEX_POINT ( 'NONE', #293 ) ;
#651 = CARTESIAN_POINT ( 'NONE',  ( 12.20000000000000284, -20.60000000000000497, 85.00000000000000000 ) ) ;
#652 = DIRECTION ( 'NONE',  ( -1.000000000000000000, 0.000000000000000000, -0.000000000000000000 ) ) ;
#653 = VERTEX_POINT ( 'NONE', #62 ) ;
#654 = PLANE ( 'NONE',  #873 ) ;
#655 = VECTOR ( 'NONE', #665, 1000.000000000000000 ) ;
#656 = ORIENTED_EDGE ( 'NONE', *, *, #611, .T. ) ;
#657 = LINE ( 'NONE', #2566, #3096 ) ;
#658 = AXIS2_PLACEMENT_3D ( 'NONE', #1568, #2552, #3017 ) ;
#659 = CYLINDRICAL_SURFACE ( 'NONE', #221, 1.700000000000000178 ) ;
#660 = AXIS2_PLACEMENT_3D ( 'NONE', #588, #1548, #2753 ) ;
#661 = PERSON_AND_ORGANIZATION ( #717, #1081 ) ;
#662 = DIRECTION ( 'NONE',  ( 1.000000000000000000, -1.208866533781747157E-16, -0.000000000000000000 ) ) ;
#663 = AXIS2_PLACEMENT_3D ( 'NONE', #1994, #286, #2741 ) ;
#664 = EDGE_CURVE ( 'NONE', #1578, #1970, #2939, .T. ) ;
#665 = DIRECTION ( 'NONE',  ( -1.000000000000000000, 0.000000000000000000, 0.000000000000000000 ) ) ;
#666 = EDGE_LOOP ( 'NONE', ( #1415, #2607, #2200, #2493 ) ) ;
#667 = CARTESIAN_POINT ( 'NONE',  ( -16.50000000000000000, -14.56036721894069430, 36.44999999999999574 ) ) ;
#668 = CARTESIAN_POINT ( 'NONE',  ( -6.399999999999999467, 3.100000000000003197, 58.50000000000000000 ) ) ;
#669 = VERTEX_POINT ( 'NONE', #2221 ) ;
#670 = ORIENTED_EDGE ( 'NONE', *, *, #2535, .T. ) ;
#671 = CARTESIAN_POINT ( 'NONE',  ( -25.00000000000000000, -19.70000000000000284, 22.50000000000000711 ) ) ;
#672 = DIRECTION ( 'NONE',  ( -1.208866533781747157E-16, -1.000000000000000000, 1.219727444046192488E-16 ) ) ;
#673 = EDGE_LOOP ( 'NONE', ( #2286, #2269, #1900, #1559, #2209, #2433, #1776, #706 ) ) ;
#674 = EDGE_CURVE ( 'NONE', #1855, #1668, #1056, .T. ) ;
#675 = EDGE_CURVE ( 'NONE', #5, #2186, #2590, .T. ) ;
#676 = LINE ( 'NONE', #1890, #584 ) ;
#677 = EDGE_CURVE ( 'NONE', #2128, #1697, #2712, .T. ) ;
#678 = DIRECTION ( 'NONE',  ( -1.000000000000000000, 1.208866533781747403E-16, -2.567815292417029038E-32 ) ) ;
#679 = EDGE_CURVE ( 'NONE', #599, #1762, #932, .T. ) ;
#680 = CALENDAR_DATE ( 2026, 17, 6 ) ;
#681 = AXIS2_PLACEMENT_3D ( 'NONE', #2058, #863, #2541 ) ;
#682 = DIRECTION ( 'NONE',  ( -1.000000000000000000, 1.208866533781747403E-16, -2.567815292417029038E-32 ) ) ;
#683 = CIRCLE ( 'NONE', #2775, 3.049999999999990052 ) ;
#684 = DIRECTION ( 'NONE',  ( -0.000000000000000000, -0.000000000000000000, -1.000000000000000000 ) ) ;
#685 = CARTESIAN_POINT ( 'NONE',  ( -35.50000000000000000, 5.100000000000004086, 67.00000000000000000 ) ) ;
#686 = VECTOR ( 'NONE', #152, 1000.000000000000000 ) ;
#687 = VERTEX_POINT ( 'NONE', #2542 ) ;
#688 = FACE_OUTER_BOUND ( 'NONE', #1684, .T. ) ;
#689 = ORIENTED_EDGE ( 'NONE', *, *, #3015, .T. ) ;
#690 = VERTEX_POINT ( 'NONE', #2314 ) ;
#691 = FACE_OUTER_BOUND ( 'NONE', #1796, .T. ) ;
#692 = ORIENTED_EDGE ( 'NONE', *, *, #11, .F. ) ;
#693 = LINE ( 'NONE', #925, #1052 ) ;
#694 = AXIS2_PLACEMENT_3D ( 'NONE', #1088, #781, #276 ) ;
#695 = DIRECTION ( 'NONE',  ( 0.000000000000000000, -1.000000000000000000, 0.000000000000000000 ) ) ;
#696 = LINE ( 'NONE', #3043, #518 ) ;
#697 = VECTOR ( 'NONE', #1357, 1000.000000000000000 ) ;
#698 = EDGE_CURVE ( 'NONE', #669, #243, #1633, .T. ) ;
#699 = DIRECTION ( 'NONE',  ( 2.168404344971009854E-16, -1.000000000000000000, 0.000000000000000000 ) ) ;
#700 = CARTESIAN_POINT ( 'NONE',  ( 10.09999999999999964, -9.250000000000000000, 42.50000000000000000 ) ) ;
#701 = DIRECTION ( 'NONE',  ( 0.000000000000000000, -1.000000000000000000, 0.000000000000000000 ) ) ;
#702 = CARTESIAN_POINT ( 'NONE',  ( 12.20000000000000107, -0.4000000000000000222, 18.00000000000000355 ) ) ;
#703 = ORIENTED_EDGE ( 'NONE', *, *, #2014, .T. ) ;
#704 = DIRECTION ( 'NONE',  ( -1.000000000000000000, 0.000000000000000000, 0.000000000000000000 ) ) ;
#705 = ORIENTED_EDGE ( 'NONE', *, *, #2799, .F. ) ;
#706 = ORIENTED_EDGE ( 'NONE', *, *, #726, .F. ) ;
#707 = DIRECTION ( 'NONE',  ( -1.000000000000000000, 1.208866533781747403E-16, -2.567815292417029038E-32 ) ) ;
#708 = ORIENTED_EDGE ( 'NONE', *, *, #630, .T. ) ;
#709 = FACE_OUTER_BOUND ( 'NONE', #1682, .T. ) ;
#710 = FACE_OUTER_BOUND ( 'NONE', #1460, .T. ) ;
#711 = CIRCLE ( 'NONE', #147, 1.700000000000000178 ) ;
#712 = DIRECTION ( 'NONE',  ( 1.000000000000000000, -1.208866533781747157E-16, -0.000000000000000000 ) ) ;
#713 = CARTESIAN_POINT ( 'NONE',  ( -35.50000000000000711, -19.69999999999999929, 62.50000000000000000 ) ) ;
#714 = VECTOR ( 'NONE', #1777, 1000.000000000000000 ) ;
#715 = DIRECTION ( 'NONE',  ( 0.000000000000000000, -0.000000000000000000, 1.000000000000000000 ) ) ;
#716 = PLANE ( 'NONE',  #2755 ) ;
#717 = PERSON ( 'UNSPECIFIED', 'UNSPECIFIED', 'UNSPECIFIED', ('UNSPECIFIED'), ('UNSPECIFIED'), ('UNSPECIFIED') ) ;
#718 = CC_DESIGN_APPROVAL ( #17, ( #570 ) ) ;
#719 = EDGE_CURVE ( 'NONE', #2640, #292, #1848, .T. ) ;
#720 = CARTESIAN_POINT ( 'NONE',  ( -35.50000000000000711, -23.59999999999999076, 18.00000000000000355 ) ) ;
#721 = ORIENTED_EDGE ( 'NONE', *, *, #1109, .T. ) ;
#722 = ORIENTED_EDGE ( 'NONE', *, *, #1966, .F. ) ;
#723 = ORIENTED_EDGE ( 'NONE', *, *, #794, .T. ) ;
#724 = LINE ( 'NONE', #471, #928 ) ;
#725 = ORIENTED_EDGE ( 'NONE', *, *, #1730, .T. ) ;
#726 = EDGE_CURVE ( 'NONE', #174, #949, #2556, .T. ) ;
#727 = EDGE_CURVE ( 'NONE', #1503, #67, #2091, .T. ) ;
#728 = ADVANCED_FACE ( 'NONE', ( #884 ), #914, .F. ) ;
#729 = CARTESIAN_POINT ( 'NONE',  ( 12.20000000000000107, -18.10000000000000497, 85.00000000000000000 ) ) ;
#730 = CIRCLE ( 'NONE', #782, 8.050000000000002487 ) ;
#731 = LINE ( 'NONE', #32, #3062 ) ;
#732 = CIRCLE ( 'NONE', #943, 1.699999999999999512 ) ;
#733 = ORIENTED_EDGE ( 'NONE', *, *, #80, .F. ) ;
#734 = CARTESIAN_POINT ( 'NONE',  ( -33.50000000000000000, 1.200000000000002398, 62.50000000000000000 ) ) ;
#735 = VERTEX_POINT ( 'NONE', #2765 ) ;
#736 = AXIS2_PLACEMENT_3D ( 'NONE', #2494, #1543, #2990 ) ;
#737 = EDGE_CURVE ( 'NONE', #2835, #1735, #188, .T. ) ;
#738 = ADVANCED_FACE ( 'NONE', ( #3048 ), #3004, .F. ) ;
#739 = ORIENTED_EDGE ( 'NONE', *, *, #2952, .T. ) ;
#740 = CARTESIAN_POINT ( 'NONE',  ( -33.50000000000000000, -0.5000000000000019984, 22.50000000000000711 ) ) ;
#741 = EDGE_LOOP ( 'NONE', ( #118, #1032 ) ) ;
#742 = EDGE_CURVE ( 'NONE', #506, #2186, #2778, .T. ) ;
#743 = CARTESIAN_POINT ( 'NONE',  ( 14.80000000000000782, -24.60000000000000142, 18.00000000000000355 ) ) ;
#744 = VECTOR ( 'NONE', #1905, 1000.000000000000000 ) ;
#745 = ORIENTED_EDGE ( 'NONE', *, *, #956, .T. ) ;
#746 = CARTESIAN_POINT ( 'NONE',  ( 10.10000000000000320, -18.10000000000000497, 85.00000000000000000 ) ) ;
#747 = LINE ( 'NONE', #2629, #2860 ) ;
#748 = DIRECTION ( 'NONE',  ( 1.000000000000000000, 0.000000000000000000, 0.000000000000000000 ) ) ;
#749 = ORIENTED_EDGE ( 'NONE', *, *, #2855, .F. ) ;
#750 = ORIENTED_EDGE ( 'NONE', *, *, #664, .F. ) ;
#751 = VECTOR ( 'NONE', #1954, 1000.000000000000000 ) ;
#752 = ORIENTED_EDGE ( 'NONE', *, *, #2144, .T. ) ;
#753 = CARTESIAN_POINT ( 'NONE',  ( -16.50000000000000000, -2.999999999999998668, 32.20000000000000284 ) ) ;
#754 = EDGE_LOOP ( 'NONE', ( #2812, #2848 ) ) ;
#755 = DIRECTION ( 'NONE',  ( 0.000000000000000000, -1.000000000000000000, 0.000000000000000000 ) ) ;
#756 = DIRECTION ( 'NONE',  ( -0.000000000000000000, -0.000000000000000000, -1.000000000000000000 ) ) ;
#757 = ORIENTED_EDGE ( 'NONE', *, *, #2757, .T. ) ;
#758 = VECTOR ( 'NONE', #1878, 1000.000000000000000 ) ;
#759 = DIRECTION ( 'NONE',  ( 0.000000000000000000, 0.000000000000000000, -1.000000000000000000 ) ) ;
#760 = FACE_OUTER_BOUND ( 'NONE', #3098, .T. ) ;
#761 = CIRCLE ( 'NONE', #1575, 1.000000000000000888 ) ;
#762 = LINE ( 'NONE', #2661, #1685 ) ;
#763 = CARTESIAN_POINT ( 'NONE',  ( -25.00000000000000000, -21.40000000000000213, 22.50000000000000711 ) ) ;
#764 = VERTEX_POINT ( 'NONE', #1601 ) ;
#765 = DIRECTION ( 'NONE',  ( -1.000000000000000000, 0.000000000000000000, 0.000000000000000000 ) ) ;
#766 = LOCAL_TIME ( 19, 36, 11.00000000000000000, #3061 ) ;
#767 = ORIENTED_EDGE ( 'NONE', *, *, #2194, .F. ) ;
#768 = CARTESIAN_POINT ( 'NONE',  ( 10.09999999999999964, -0.4000000000000000222, 85.00000000000000000 ) ) ;
#769 = EDGE_CURVE ( 'NONE', #1666, #360, #2348, .T. ) ;
#770 = ORIENTED_EDGE ( 'NONE', *, *, #252, .F. ) ;
#771 = EDGE_CURVE ( 'NONE', #1092, #2907, #1016, .T. ) ;
#772 = EDGE_CURVE ( 'NONE', #669, #263, #2075, .T. ) ;
#773 = EDGE_CURVE ( 'NONE', #2095, #1248, #1586, .T. ) ;
#774 = CARTESIAN_POINT ( 'NONE',  ( -25.00000000000000000, -0.5000000000000029976, 22.50000000000000711 ) ) ;
#775 = EDGE_LOOP ( 'NONE', ( #1496, #2546 ) ) ;
#776 = LINE ( 'NONE', #93, #821 ) ;
#777 = DIRECTION ( 'NONE',  ( 0.000000000000000000, -1.000000000000000000, 0.000000000000000000 ) ) ;
#778 = CARTESIAN_POINT ( 'NONE',  ( -33.50000000000000000, 1.199999999999997513, 22.50000000000000711 ) ) ;
#779 = DIRECTION ( 'NONE',  ( 1.000000000000000000, 0.000000000000000000, 0.000000000000000000 ) ) ;
#780 = ORIENTED_EDGE ( 'NONE', *, *, #337, .F. ) ;
#781 = DIRECTION ( 'NONE',  ( 0.000000000000000000, 1.000000000000000000, -0.000000000000000000 ) ) ;
#782 = AXIS2_PLACEMENT_3D ( 'NONE', #1117, #2264, #126 ) ;
#783 = ORIENTED_EDGE ( 'NONE', *, *, #1564, .T. ) ;
#784 = CARTESIAN_POINT ( 'NONE',  ( -6.399999999999999467, -3.000000000000000000, 59.75000000000000000 ) ) ;
#785 = VECTOR ( 'NONE', #1688, 1000.000000000000000 ) ;
#786 = VERTEX_POINT ( 'NONE', #1363 ) ;
#787 = ORIENTED_EDGE ( 'NONE', *, *, #2762, .T. ) ;
#788 = CIRCLE ( 'NONE', #736, 3.050000000000001599 ) ;
#789 = DIRECTION ( 'NONE',  ( -1.000000000000000000, 0.000000000000000000, 0.000000000000000000 ) ) ;
#790 = ORIENTED_EDGE ( 'NONE', *, *, #1030, .F. ) ;
#791 = CIRCLE ( 'NONE', #3042, 8.050000000000002487 ) ;
#792 = FACE_OUTER_BOUND ( 'NONE', #775, .T. ) ;
#793 = DIRECTION ( 'NONE',  ( 0.000000000000000000, 0.000000000000000000, -1.000000000000000000 ) ) ;
#794 = EDGE_CURVE ( 'NONE', #2715, #1603, #2570, .T. ) ;
#795 = CARTESIAN_POINT ( 'NONE',  ( 14.80000000000000782, -23.59999999999999787, 18.00000000000000355 ) ) ;
#796 = ADVANCED_FACE ( 'NONE', ( #1348 ), #3032, .F. ) ;
#797 = CARTESIAN_POINT ( 'NONE',  ( -6.400000000000000355, -9.250000000000003553, 42.50000000000000000 ) ) ;
#798 = VERTEX_POINT ( 'NONE', #1102 ) ;
#799 = CYLINDRICAL_SURFACE ( 'NONE', #2276, 3.049999999999990941 ) ;
#800 = VERTEX_POINT ( 'NONE', #128 ) ;
#801 = CARTESIAN_POINT ( 'NONE',  ( -6.399999999999999467, -2.499999999999996891, 26.50000000000001421 ) ) ;
#802 = VERTEX_POINT ( 'NONE', #2047 ) ;
#803 = ORIENTED_EDGE ( 'NONE', *, *, #1751, .T. ) ;
#804 = CYLINDRICAL_SURFACE ( 'NONE', #1870, 1.000000000000000888 ) ;
#805 = EDGE_CURVE ( 'NONE', #1156, #1121, #140, .T. ) ;
#806 = LINE ( 'NONE', #1260, #1000 ) ;
#807 = DIRECTION ( 'NONE',  ( 1.208866533781747157E-16, 1.000000000000000000, 0.000000000000000000 ) ) ;
#808 = VERTEX_POINT ( 'NONE', #3020 ) ;
#809 = DIRECTION ( 'NONE',  ( -1.000000000000000000, 1.208866533781747157E-16, 0.000000000000000000 ) ) ;
#810 = LINE ( 'NONE', #1769, #1231 ) ;
#811 = CARTESIAN_POINT ( 'NONE',  ( -33.50000000000000000, 1.200000000000002398, 62.50000000000000000 ) ) ;
#812 = EDGE_LOOP ( 'NONE', ( #3011, #2035, #1983, #1224, #302, #130, #2846, #120 ) ) ;
#813 = DIRECTION ( 'NONE',  ( 1.000000000000000000, -1.208866533781747157E-16, -0.000000000000000000 ) ) ;
#814 = EDGE_CURVE ( 'NONE', #2978, #3086, #2642, .T. ) ;
#815 = VECTOR ( 'NONE', #1535, 1000.000000000000000 ) ;
#816 = EDGE_CURVE ( 'NONE', #204, #2835, #731, .T. ) ;
#817 = ORIENTED_EDGE ( 'NONE', *, *, #3058, .F. ) ;
#818 = CARTESIAN_POINT ( 'NONE',  ( -25.00000000000000000, 1.200000000000001510, 62.50000000000000000 ) ) ;
#819 = AXIS2_PLACEMENT_3D ( 'NONE', #1018, #272, #777 ) ;
#820 = ORIENTED_EDGE ( 'NONE', *, *, #1658, .F. ) ;
#821 = VECTOR ( 'NONE', #1277, 1000.000000000000000 ) ;
#822 = FACE_OUTER_BOUND ( 'NONE', #920, .T. ) ;
#823 = LINE ( 'NONE', #1799, #2178 ) ;
#824 = EDGE_CURVE ( 'NONE', #67, #1041, #464, .T. ) ;
#825 = LINE ( 'NONE', #553, #1977 ) ;
#826 = DIRECTION ( 'NONE',  ( 0.000000000000000000, -1.000000000000000000, 0.000000000000000000 ) ) ;
#827 = CARTESIAN_POINT ( 'NONE',  ( -5.400000000000002132, -24.59999999999999787, 122.3085781020933780 ) ) ;
#828 = FACE_OUTER_BOUND ( 'NONE', #502, .T. ) ;
#829 = EDGE_CURVE ( 'NONE', #2480, #1855, #1920, .T. ) ;
#830 = DIRECTION ( 'NONE',  ( -1.208866533781747403E-16, -1.000000000000000000, 0.000000000000000000 ) ) ;
#831 = DIRECTION ( 'NONE',  ( 1.000000000000000000, 0.000000000000000000, -0.000000000000000000 ) ) ;
#832 = ORIENTED_EDGE ( 'NONE', *, *, #2349, .T. ) ;
#833 = FACE_OUTER_BOUND ( 'NONE', #492, .T. ) ;
#834 = VERTEX_POINT ( 'NONE', #2870 ) ;
#835 = CARTESIAN_POINT ( 'NONE',  ( -35.50000000000000711, -2.499999999999992895, 26.50000000000000711 ) ) ;
#836 = CYLINDRICAL_SURFACE ( 'NONE', #169, 1.699999999999996625 ) ;
#837 = EDGE_LOOP ( 'NONE', ( #1557, #2411, #34, #1634 ) ) ;
#838 = ORIENTED_EDGE ( 'NONE', *, *, #675, .T. ) ;
#839 = VECTOR ( 'NONE', #2281, 1000.000000000000000 ) ;
#840 = VECTOR ( 'NONE', #2909, 1000.000000000000000 ) ;
#841 = VERTEX_POINT ( 'NONE', #1445 ) ;
#842 = CARTESIAN_POINT ( 'NONE',  ( -35.50000000000000711, -15.99999999999998224, 65.00000000000000000 ) ) ;
#843 = CARTESIAN_POINT ( 'NONE',  ( -16.50000000000000000, -2.999999999999998668, 32.20000000000000284 ) ) ;
#844 = CIRCLE ( 'NONE', #2216, 3.050000000000000711 ) ;
#845 = EDGE_CURVE ( 'NONE', #2468, #3006, #495, .T. ) ;
#846 = FACE_OUTER_BOUND ( 'NONE', #1216, .T. ) ;
#847 = UNCERTAINTY_MEASURE_WITH_UNIT (LENGTH_MEASURE( 1.000000000000000082E-05 ), #573, 'distance_accuracy_value', 'NONE');
#848 = CYLINDRICAL_SURFACE ( 'NONE', #2019, 3.049999999999990052 ) ;
#849 = DIRECTION ( 'NONE',  ( 0.000000000000000000, -8.673617379884033500E-16, 1.000000000000000000 ) ) ;
#850 = CARTESIAN_POINT ( 'NONE',  ( 14.40000000000000391, 5.100000000000000533, 122.3085781020933780 ) ) ;
#851 = CARTESIAN_POINT ( 'NONE',  ( -16.50000000000000000, -2.999999999999998668, 36.44999999999999574 ) ) ;
#852 = EDGE_LOOP ( 'NONE', ( #1740, #1209, #2067, #247 ) ) ;
#853 = CARTESIAN_POINT ( 'NONE',  ( -2.800000000000000266, -18.10000000000000497, 67.00000000000000000 ) ) ;
#854 = ORIENTED_EDGE ( 'NONE', *, *, #2526, .T. ) ;
#855 = DIRECTION ( 'NONE',  ( 1.000000000000000000, -1.208866533781747157E-16, -0.000000000000000000 ) ) ;
#856 = VECTOR ( 'NONE', #2006, 1000.000000000000000 ) ;
#857 = ORIENTED_EDGE ( 'NONE', *, *, #2895, .F. ) ;
#858 = VECTOR ( 'NONE', #813, 1000.000000000000000 ) ;
#859 = CARTESIAN_POINT ( 'NONE',  ( -6.400000000000001243, -15.50000000000000178, 32.20000000000000284 ) ) ;
#860 = FACE_BOUND ( 'NONE', #812, .T. ) ;
#861 = SECURITY_CLASSIFICATION_LEVEL ( 'unclassified' ) ;
#862 = DIRECTION ( 'NONE',  ( 0.000000000000000000, 0.000000000000000000, 1.000000000000000000 ) ) ;
#863 = DIRECTION ( 'NONE',  ( 1.000000000000000000, -1.208866533781747157E-16, -0.000000000000000000 ) ) ;
#864 = DIRECTION ( 'NONE',  ( 1.000000000000000000, 0.000000000000000000, 0.000000000000000000 ) ) ;
#865 = CARTESIAN_POINT ( 'NONE',  ( 14.40000000000000213, 0.000000000000000000, 18.00000000000000355 ) ) ;
#866 = ORIENTED_EDGE ( 'NONE', *, *, #1458, .T. ) ;
#867 = LINE ( 'NONE', #2544, #2268 ) ;
#868 = EDGE_LOOP ( 'NONE', ( #2358, #2205, #2000, #2507 ) ) ;
#869 = ORIENTED_EDGE ( 'NONE', *, *, #2805, .F. ) ;
#870 = AXIS2_PLACEMENT_3D ( 'NONE', #1034, #2470, #2688 ) ;
#871 = EDGE_CURVE ( 'NONE', #800, #808, #1936, .T. ) ;
#872 = EDGE_CURVE ( 'NONE', #1858, #2510, #1690, .T. ) ;
#873 = AXIS2_PLACEMENT_3D ( 'NONE', #391, #378, #1624 ) ;
#874 = CARTESIAN_POINT ( 'NONE',  ( -33.50000000000000000, 1.200000000000002398, 62.50000000000000000 ) ) ;
#875 = ORIENTED_EDGE ( 'NONE', *, *, #2716, .T. ) ;
#876 = CYLINDRICAL_SURFACE ( 'NONE', #1945, 3.049999999999990941 ) ;
#877 = EDGE_CURVE ( 'NONE', #1268, #1709, #747, .T. ) ;
#878 = ADVANCED_FACE ( 'NONE', ( #230 ), #2883, .T. ) ;
#879 = LINE ( 'NONE', #2485, #1689 ) ;
#880 = CARTESIAN_POINT ( 'NONE',  ( 10.09999999999999964, 0.000000000000000000, 85.00000000000000000 ) ) ;
#881 = EDGE_CURVE ( 'NONE', #1258, #2370, #711, .T. ) ;
#882 = CARTESIAN_POINT ( 'NONE',  ( -5.399999999999998579, 5.100000000000000533, 122.3085781020933780 ) ) ;
#883 = FACE_OUTER_BOUND ( 'NONE', #2645, .T. ) ;
#884 = FACE_OUTER_BOUND ( 'NONE', #852, .T. ) ;
#885 = EDGE_LOOP ( 'NONE', ( #536, #978, #2255, #1352 ) ) ;
#886 = ORIENTED_EDGE ( 'NONE', *, *, #1225, .F. ) ;
#887 = ORIENTED_EDGE ( 'NONE', *, *, #2349, .F. ) ;
#888 = DIRECTION ( 'NONE',  ( 0.000000000000000000, 1.000000000000000000, 1.239088197126291852E-15 ) ) ;
#889 = AXIS2_PLACEMENT_3D ( 'NONE', #509, #1937, #248 ) ;
#890 = ORIENTED_EDGE ( 'NONE', *, *, #156, .F. ) ;
#891 = DIRECTION ( 'NONE',  ( -1.000000000000000000, 0.000000000000000000, 0.000000000000000000 ) ) ;
#892 = VECTOR ( 'NONE', #2529, 1000.000000000000000 ) ;
#893 = DIRECTION ( 'NONE',  ( 0.000000000000000000, -1.000000000000000000, 0.000000000000000000 ) ) ;
#894 = AXIS2_PLACEMENT_3D ( 'NONE', #2346, #958, #701 ) ;
#895 = PERSON_AND_ORGANIZATION ( #717, #1081 ) ;
#896 = CARTESIAN_POINT ( 'NONE',  ( -5.400000000000002132, -24.60000000000000142, 18.00000000000000355 ) ) ;
#897 = AXIS2_PLACEMENT_3D ( 'NONE', #1635, #175, #2104 ) ;
#898 = CARTESIAN_POINT ( 'NONE',  ( -31.00000000000000355, -19.70000000000000284, 22.50000000000000711 ) ) ;
#899 = CARTESIAN_POINT ( 'NONE',  ( -6.400000000000002132, -23.59999999999999432, 122.3085781020933780 ) ) ;
#900 = VERTEX_POINT ( 'NONE', #2599 ) ;
#901 = DIRECTION ( 'NONE',  ( 0.000000000000000000, -1.734723475976806700E-15, 1.000000000000000000 ) ) ;
#902 = ORIENTED_EDGE ( 'NONE', *, *, #1798, .T. ) ;
#903 = ORIENTED_EDGE ( 'NONE', *, *, #155, .T. ) ;
#904 = VECTOR ( 'NONE', #3003, 1000.000000000000000 ) ;
#905 = AXIS2_PLACEMENT_3D ( 'NONE', #1563, #2500, #351 ) ;
#906 = AXIS2_PLACEMENT_3D ( 'NONE', #1463, #254, #2849 ) ;
#907 = DIRECTION ( 'NONE',  ( -1.000000000000000000, 1.097926250618232273E-16, -2.332161357353440310E-32 ) ) ;
#908 = ORIENTED_EDGE ( 'NONE', *, *, #794, .F. ) ;
#909 = CARTESIAN_POINT ( 'NONE',  ( -31.00000000000000355, -0.4999999999999967804, 62.50000000000000000 ) ) ;
#910 = CARTESIAN_POINT ( 'NONE',  ( -25.00000000000000000, -19.70000000000000284, 22.50000000000000711 ) ) ;
#911 = EDGE_CURVE ( 'NONE', #1924, #2128, #1206, .T. ) ;
#912 = DATE_AND_TIME ( #2329, #766 ) ;
#913 = DIRECTION ( 'NONE',  ( -1.000000000000000000, 1.097926250618232273E-16, -2.332161357353440584E-32 ) ) ;
#914 = PLANE ( 'NONE',  #2007 ) ;
#915 = EDGE_CURVE ( 'NONE', #3006, #204, #1428, .T. ) ;
#916 = EDGE_CURVE ( 'NONE', #3006, #203, #2155, .T. ) ;
#917 = ORIENTED_EDGE ( 'NONE', *, *, #2235, .T. ) ;
#918 = CARTESIAN_POINT ( 'NONE',  ( -6.400000000000000355, -9.250000000000003553, 42.50000000000000000 ) ) ;
#919 = ORIENTED_EDGE ( 'NONE', *, *, #805, .T. ) ;
#920 = EDGE_LOOP ( 'NONE', ( #2078, #705, #238, #3054 ) ) ;
#921 = DIRECTION ( 'NONE',  ( 0.000000000000000000, 0.000000000000000000, -1.000000000000000000 ) ) ;
#922 = EDGE_CURVE ( 'NONE', #1450, #800, #2408, .T. ) ;
#923 = LINE ( 'NONE', #133, #1957 ) ;
#924 = ORIENTED_EDGE ( 'NONE', *, *, #1429, .T. ) ;
#925 = CARTESIAN_POINT ( 'NONE',  ( -16.50000000000000000, -2.999999999999999112, 64.00000000000000000 ) ) ;
#926 = AXIS2_PLACEMENT_3D ( 'NONE', #2800, #1340, #1885 ) ;
#927 = CARTESIAN_POINT ( 'NONE',  ( -33.50000000000000000, -19.69999999999999929, 62.50000000000000000 ) ) ;
#928 = VECTOR ( 'NONE', #1670, 1000.000000000000000 ) ;
#929 = LINE ( 'NONE', #462, #416 ) ;
#930 = DIRECTION ( 'NONE',  ( 0.000000000000000000, -6.245004513516504751E-15, -1.000000000000000000 ) ) ;
#931 = EDGE_LOOP ( 'NONE', ( #21, #10, #3039, #2680 ) ) ;
#932 = LINE ( 'NONE', #1395, #1057 ) ;
#933 = ADVANCED_FACE ( 'NONE', ( #987 ), #3078, .F. ) ;
#934 = PLANE ( 'NONE',  #1094 ) ;
#935 = CARTESIAN_POINT ( 'NONE',  ( -35.50000000000000711, -21.59999999999999076, 26.50000000000000711 ) ) ;
#936 = DIRECTION ( 'NONE',  ( 0.000000000000000000, -1.000000000000000000, 0.000000000000000000 ) ) ;
#937 = ORIENTED_EDGE ( 'NONE', *, *, #2526, .F. ) ;
#938 = CARTESIAN_POINT ( 'NONE',  ( 0.000000000000000000, 2.100000000000000089, 67.00000000000000000 ) ) ;
#939 = EDGE_CURVE ( 'NONE', #1092, #1666, #1232, .T. ) ;
#940 = DIRECTION ( 'NONE',  ( -1.000000000000000000, 1.208866533781747403E-16, -2.567815292417029038E-32 ) ) ;
#941 = CIRCLE ( 'NONE', #2668, 3.050000000000001599 ) ;
#942 = CARTESIAN_POINT ( 'NONE',  ( 5.600000000000002309, -9.250000000000000000, 42.50000000000000000 ) ) ;
#943 = AXIS2_PLACEMENT_3D ( 'NONE', #1502, #2437, #1229 ) ;
#944 = DIRECTION ( 'NONE',  ( 1.000000000000000000, 0.000000000000000000, 0.000000000000000000 ) ) ;
#945 = DIRECTION ( 'NONE',  ( 0.000000000000000000, -0.000000000000000000, 1.000000000000000000 ) ) ;
#946 = AXIS2_PLACEMENT_3D ( 'NONE', #955, #2344, #194 ) ;
#947 = DIRECTION ( 'NONE',  ( -1.000000000000000000, 1.097926250618232273E-16, -2.332161357353440310E-32 ) ) ;
#948 = VERTEX_POINT ( 'NONE', #2364 ) ;
#949 = VERTEX_POINT ( 'NONE', #1909 ) ;
#950 = DIRECTION ( 'NONE',  ( 0.000000000000000000, -0.000000000000000000, 1.000000000000000000 ) ) ;
#951 = VERTEX_POINT ( 'NONE', #216 ) ;
#952 = PLANE ( 'NONE',  #1349 ) ;
#953 = CIRCLE ( 'NONE', #2337, 10.00000000000000178 ) ;
#954 = DIRECTION ( 'NONE',  ( 0.000000000000000000, -0.000000000000000000, -1.000000000000000000 ) ) ;
#955 = CARTESIAN_POINT ( 'NONE',  ( 12.20000000000000107, -0.4000000000000000222, 85.00000000000000000 ) ) ;
#956 = EDGE_CURVE ( 'NONE', #2899, #2368, #1671, .T. ) ;
#957 = CARTESIAN_POINT ( 'NONE',  ( -25.00000000000000000, 1.199999999999996403, 22.50000000000000711 ) ) ;
#958 = DIRECTION ( 'NONE',  ( -1.000000000000000000, 1.208866533781747403E-16, -2.567815292417029038E-32 ) ) ;
#959 = FACE_OUTER_BOUND ( 'NONE', #1606, .T. ) ;
#960 = DIRECTION ( 'NONE',  ( -1.077467997501122080E-16, -1.000000000000000000, 0.000000000000000000 ) ) ;
#961 = EDGE_LOOP ( 'NONE', ( #1388, #670, #2748, #1650 ) ) ;
#962 = ORIENTED_EDGE ( 'NONE', *, *, #2853, .T. ) ;
#963 = ORIENTED_EDGE ( 'NONE', *, *, #845, .T. ) ;
#964 = DIRECTION ( 'NONE',  ( 1.000000000000000000, -1.208866533781747157E-16, 0.000000000000000000 ) ) ;
#965 = ORIENTED_EDGE ( 'NONE', *, *, #2858, .F. ) ;
#966 = DIRECTION ( 'NONE',  ( -1.000000000000000000, 0.000000000000000000, 0.000000000000000000 ) ) ;
#967 = CC_DESIGN_PERSON_AND_ORGANIZATION_ASSIGNMENT ( #1862, #185, ( #570 ) ) ;
#968 = AXIS2_PLACEMENT_3D ( 'NONE', #2506, #371, #2101 ) ;
#969 = ADVANCED_FACE ( 'NONE', ( #959 ), #716, .F. ) ;
#970 = DIRECTION ( 'NONE',  ( -1.000000000000000000, 1.097926250618232273E-16, -2.332161357353440310E-32 ) ) ;
#971 = VECTOR ( 'NONE', #684, 1000.000000000000000 ) ;
#972 = EDGE_CURVE ( 'NONE', #253, #2095, #525, .T. ) ;
#973 = CARTESIAN_POINT ( 'NONE',  ( -6.399999999999999467, -3.000000000000000000, 32.20000000000000284 ) ) ;
#974 = EDGE_CURVE ( 'NONE', #1194, #1707, #2234, .T. ) ;
#975 = ORIENTED_EDGE ( 'NONE', *, *, #1326, .F. ) ;
#976 = DIRECTION ( 'NONE',  ( 0.000000000000000000, 1.067522139062651855E-15, 1.000000000000000000 ) ) ;
#977 = ORIENTED_EDGE ( 'NONE', *, *, #922, .F. ) ;
#978 = ORIENTED_EDGE ( 'NONE', *, *, #2183, .T. ) ;
#979 = EDGE_CURVE ( 'NONE', #3071, #1578, #2674, .T. ) ;
#980 = EDGE_LOOP ( 'NONE', ( #158, #325, #64, #1107 ) ) ;
#981 = CARTESIAN_POINT ( 'NONE',  ( -31.00000000000000355, 1.199999999999997291, 22.50000000000000711 ) ) ;
#982 = EDGE_LOOP ( 'NONE', ( #1898, #2633 ) ) ;
#983 = DIRECTION ( 'NONE',  ( -1.000000000000000000, 0.000000000000000000, 0.000000000000000000 ) ) ;
#984 = ORIENTED_EDGE ( 'NONE', *, *, #113, .T. ) ;
#985 = CIRCLE ( 'NONE', #2369, 1.699999999999998845 ) ;
#986 = LINE ( 'NONE', #746, #1640 ) ;
#987 = FACE_OUTER_BOUND ( 'NONE', #2731, .T. ) ;
#988 = VECTOR ( 'NONE', #2275, 1000.000000000000000 ) ;
#989 = ORIENTED_EDGE ( 'NONE', *, *, #240, .T. ) ;
#990 = DIRECTION ( 'NONE',  ( -1.000000000000000000, 1.208866533781747157E-16, 0.000000000000000000 ) ) ;
#991 = ORIENTED_EDGE ( 'NONE', *, *, #2073, .T. ) ;
#992 = AXIS2_PLACEMENT_3D ( 'NONE', #2260, #148, #807 ) ;
#993 = ORIENTED_EDGE ( 'NONE', *, *, #1795, .T. ) ;
#994 = DIRECTION ( 'NONE',  ( -1.000000000000000000, 1.097926250618232273E-16, -2.332161357353440310E-32 ) ) ;
#995 = DIRECTION ( 'NONE',  ( -1.000000000000000000, 6.044332668908739480E-17, 0.000000000000000000 ) ) ;
#996 = ORIENTED_EDGE ( 'NONE', *, *, #2993, .F. ) ;
#997 = DIRECTION ( 'NONE',  ( -1.000000000000000000, -0.000000000000000000, 0.000000000000000000 ) ) ;
#998 = DIRECTION ( 'NONE',  ( -1.000000000000000000, 1.097926250618232273E-16, -2.332161357353440310E-32 ) ) ;
#999 = CARTESIAN_POINT ( 'NONE',  ( -6.399999999999998579, -24.60000000000000142, 67.00000000000000000 ) ) ;
#1000 = VECTOR ( 'NONE', #1930, 1000.000000000000000 ) ;
#1001 = ORIENTED_EDGE ( 'NONE', *, *, #2390, .F. ) ;
#1002 = CARTESIAN_POINT ( 'NONE',  ( -25.00000000000000000, 1.199999999999996403, 22.50000000000000711 ) ) ;
#1003 = CARTESIAN_POINT ( 'NONE',  ( -25.00000000000000000, 2.900000000000000355, 62.50000000000000000 ) ) ;
#1004 = VECTOR ( 'NONE', #1284, 1000.000000000000000 ) ;
#1005 = PLANE ( 'NONE',  #889 ) ;
#1006 = FACE_OUTER_BOUND ( 'NONE', #2658, .T. ) ;
#1007 = ORIENTED_EDGE ( 'NONE', *, *, #390, .F. ) ;
#1008 = EDGE_CURVE ( 'NONE', #1868, #1197, #2011, .T. ) ;
#1009 = EDGE_CURVE ( 'NONE', #500, #408, #1781, .T. ) ;
#1010 = ADVANCED_FACE ( 'NONE', ( #760 ), #1050, .T. ) ;
#1011 = CARTESIAN_POINT ( 'NONE',  ( 5.204170427930421283E-15, -0.4000000000000000222, 18.00000000000000355 ) ) ;
#1012 = ORIENTED_EDGE ( 'NONE', *, *, #2335, .F. ) ;
#1013 = EDGE_CURVE ( 'NONE', #174, #2191, #1418, .T. ) ;
#1014 = LINE ( 'NONE', #774, #1235 ) ;
#1015 = EDGE_LOOP ( 'NONE', ( #2110, #3025, #2350, #1169 ) ) ;
#1016 = CIRCLE ( 'NONE', #447, 3.049999999999990941 ) ;
#1017 = PERSON_AND_ORGANIZATION ( #717, #1081 ) ;
#1018 = CARTESIAN_POINT ( 'NONE',  ( -31.00000000000000355, -19.70000000000000284, 22.50000000000000711 ) ) ;
#1019 = VECTOR ( 'NONE', #1822, 1000.000000000000000 ) ;
#1020 = CARTESIAN_POINT ( 'NONE',  ( -31.00000000000000355, 1.199999999999997291, 22.50000000000000711 ) ) ;
#1021 = LINE ( 'NONE', #2185, #1988 ) ;
#1022 = ORIENTED_EDGE ( 'NONE', *, *, #487, .T. ) ;
#1023 = CARTESIAN_POINT ( 'NONE',  ( 10.09999999999999964, -2.000000000000001776, 67.00000000000000000 ) ) ;
#1024 = ORIENTED_EDGE ( 'NONE', *, *, #771, .F. ) ;
#1025 = FACE_OUTER_BOUND ( 'NONE', #1276, .T. ) ;
#1026 = CARTESIAN_POINT ( 'NONE',  ( 10.09999999999999964, 2.123722073620091121E-15, 18.00000000000000355 ) ) ;
#1027 = EDGE_LOOP ( 'NONE', ( #2410, #1168, #61, #1111 ) ) ;
#1028 = ORIENTED_EDGE ( 'NONE', *, *, #63, .T. ) ;
#1029 = CARTESIAN_POINT ( 'NONE',  ( 14.40000000000000213, -0.000000000000000000, 67.00000000000000000 ) ) ;
#1030 = EDGE_CURVE ( 'NONE', #1939, #480, #556, .T. ) ;
#1031 = CARTESIAN_POINT ( 'NONE',  ( 14.80000000000000249, 0.000000000000000000, 101.0112460477003538 ) ) ;
#1032 = ORIENTED_EDGE ( 'NONE', *, *, #2484, .T. ) ;
#1033 = CARTESIAN_POINT ( 'NONE',  ( -35.50000000000000000, 5.100000000000004086, 18.00000000000000355 ) ) ;
#1034 = CARTESIAN_POINT ( 'NONE',  ( -1.100000000000000311, -9.250000000000003553, 42.50000000000000000 ) ) ;
#1035 = VECTOR ( 'NONE', #481, 1000.000000000000000 ) ;
#1036 = CARTESIAN_POINT ( 'NONE',  ( -6.400000000000001243, -15.99999999999999645, 20.00000000000000000 ) ) ;
#1037 = CARTESIAN_POINT ( 'NONE',  ( 5.600000000000001421, -5.250000000000000000, 42.50000000000000000 ) ) ;
#1038 = ORIENTED_EDGE ( 'NONE', *, *, #2289, .F. ) ;
#1039 = DIRECTION ( 'NONE',  ( 0.000000000000000000, -1.000000000000000000, 0.000000000000000000 ) ) ;
#1040 = AXIS2_PLACEMENT_3D ( 'NONE', #563, #313, #1287 ) ;
#1041 = VERTEX_POINT ( 'NONE', #2487 ) ;
#1042 = CARTESIAN_POINT ( 'NONE',  ( -16.50000000000000000, -2.999999999999998668, 59.75000000000000000 ) ) ;
#1043 = VERTEX_POINT ( 'NONE', #574 ) ;
#1044 = AXIS2_PLACEMENT_3D ( 'NONE', #2618, #947, #2559 ) ;
#1045 = CARTESIAN_POINT ( 'NONE',  ( -35.50000000000000711, -2.499999999999994227, 20.00000000000000000 ) ) ;
#1046 = DIRECTION ( 'NONE',  ( -1.000000000000000000, 0.000000000000000000, 0.000000000000000000 ) ) ;
#1047 = DIRECTION ( 'NONE',  ( -1.000000000000000000, 1.097926250618232273E-16, -2.332161357353440584E-32 ) ) ;
#1048 = ORIENTED_EDGE ( 'NONE', *, *, #2627, .F. ) ;
#1049 = CARTESIAN_POINT ( 'NONE',  ( 14.80000000000000249, -16.00000000000000000, 0.000000000000000000 ) ) ;
#1050 = CYLINDRICAL_SURFACE ( 'NONE', #1518, 1.000000000000000888 ) ;
#1051 = EDGE_CURVE ( 'NONE', #841, #594, #2440, .T. ) ;
#1052 = VECTOR ( 'NONE', #3091, 1000.000000000000000 ) ;
#1053 = CARTESIAN_POINT ( 'NONE',  ( -25.00000000000000000, -21.40000000000000213, 22.50000000000000711 ) ) ;
#1054 = DIRECTION ( 'NONE',  ( 0.000000000000000000, -1.000000000000000000, 0.000000000000000000 ) ) ;
#1055 = ORIENTED_EDGE ( 'NONE', *, *, #916, .F. ) ;
#1056 = LINE ( 'NONE', #1999, #858 ) ;
#1057 = VECTOR ( 'NONE', #171, 1000.000000000000000 ) ;
#1058 = ORIENTED_EDGE ( 'NONE', *, *, #911, .T. ) ;
#1059 = LINE ( 'NONE', #784, #1593 ) ;
#1060 = VERTEX_POINT ( 'NONE', #2969 ) ;
#1061 = EDGE_CURVE ( 'NONE', #1503, #438, #307, .T. ) ;
#1062 = ADVANCED_FACE ( 'NONE', ( #1553 ), #1961, .F. ) ;
#1063 = PLANE ( 'NONE',  #2760 ) ;
#1064 = APPROVAL ( #2098, 'UNSPECIFIED' ) ;
#1065 = CARTESIAN_POINT ( 'NONE',  ( 0.000000000000000000, 2.100000000000000089, 18.00000000000000355 ) ) ;
#1066 = CARTESIAN_POINT ( 'NONE',  ( -31.00000000000000355, -18.00000000000000355, 22.50000000000000711 ) ) ;
#1067 = CYLINDRICAL_SURFACE ( 'NONE', #2652, 1.699999999999998845 ) ;
#1068 = DIRECTION ( 'NONE',  ( -1.000000000000000000, 1.208866533781747403E-16, -2.567815292417029038E-32 ) ) ;
#1069 = AXIS2_PLACEMENT_3D ( 'NONE', #339, #287, #1314 ) ;
#1070 = ADVANCED_FACE ( 'NONE', ( #2247 ), #111, .F. ) ;
#1071 = DIRECTION ( 'NONE',  ( -1.000000000000000000, 1.097926250618232273E-16, -2.332161357353440310E-32 ) ) ;
#1072 = CARTESIAN_POINT ( 'NONE',  ( -25.00000000000000000, -19.69999999999999929, 62.50000000000000000 ) ) ;
#1073 = ORIENTED_EDGE ( 'NONE', *, *, #2951, .T. ) ;
#1074 = EDGE_CURVE ( 'NONE', #1609, #2128, #44, .T. ) ;
#1075 = DIRECTION ( 'NONE',  ( 0.000000000000000000, -1.000000000000000000, 0.000000000000000000 ) ) ;
#1076 = VECTOR ( 'NONE', #569, 1000.000000000000000 ) ;
#1077 = VERTEX_POINT ( 'NONE', #508 ) ;
#1078 = CARTESIAN_POINT ( 'NONE',  ( -1.100000000000000311, -9.250000000000001776, 42.50000000000000000 ) ) ;
#1079 = VERTEX_POINT ( 'NONE', #2182 ) ;
#1080 = ADVANCED_FACE ( 'NONE', ( #2918 ), #1979, .F. ) ;
#1081 = ORGANIZATION ( 'UNSPECIFIED', 'UNSPECIFIED', '' ) ;
#1082 = LINE ( 'NONE', #350, #2451 ) ;
#1083 = DIRECTION ( 'NONE',  ( -1.000000000000000000, 1.208866533781747157E-16, 0.000000000000000000 ) ) ;
#1084 = LINE ( 'NONE', #2245, #26 ) ;
#1085 = DIRECTION ( 'NONE',  ( -1.734723475976808080E-16, -1.000000000000000000, 0.000000000000000000 ) ) ;
#1086 = CARTESIAN_POINT ( 'NONE',  ( -6.399999999999999467, -2.499999999999997780, 20.00000000000000000 ) ) ;
#1087 = ORIENTED_EDGE ( 'NONE', *, *, #1850, .F. ) ;
#1088 = CARTESIAN_POINT ( 'NONE',  ( 12.20000000000000107, -18.10000000000000497, 85.00000000000000000 ) ) ;
#1089 = EDGE_LOOP ( 'NONE', ( #1322, #2729, #919, #209 ) ) ;
#1090 = LINE ( 'NONE', #2036, #2878 ) ;
#1091 = CYLINDRICAL_SURFACE ( 'NONE', #2499, 3.049999999999990052 ) ;
#1092 = VERTEX_POINT ( 'NONE', #2422 ) ;
#1093 = VERTEX_POINT ( 'NONE', #1749 ) ;
#1094 = AXIS2_PLACEMENT_3D ( 'NONE', #1207, #3080, #976 ) ;
#1095 = VECTOR ( 'NONE', #1047, 1000.000000000000000 ) ;
#1096 = DIRECTION ( 'NONE',  ( -5.421010862427522170E-17, -1.000000000000000000, 0.000000000000000000 ) ) ;
#1097 = PLANE ( 'NONE',  #2229 ) ;
#1098 = AXIS2_PLACEMENT_3D ( 'NONE', #2759, #572, #590 ) ;
#1099 = CARTESIAN_POINT ( 'NONE',  ( -35.50000000000000711, 3.100000000000006750, 58.50000000000000000 ) ) ;
#1100 = DIRECTION ( 'NONE',  ( 0.000000000000000000, 1.734723475976806700E-15, 1.000000000000000000 ) ) ;
#1101 = CARTESIAN_POINT ( 'NONE',  ( -6.399999999999999467, 3.100000000000003197, 58.50000000000000000 ) ) ;
#1102 = CARTESIAN_POINT ( 'NONE',  ( -33.50000000000000000, -21.39999999999999503, 62.50000000000000000 ) ) ;
#1103 = EDGE_CURVE ( 'NONE', #506, #1938, #2557, .T. ) ;
#1104 = VECTOR ( 'NONE', #2068, 1000.000000000000000 ) ;
#1105 = EDGE_LOOP ( 'NONE', ( #540, #267, #890, #2921 ) ) ;
#1106 = VECTOR ( 'NONE', #2206, 1000.000000000000000 ) ;
#1107 = ORIENTED_EDGE ( 'NONE', *, *, #2020, .T. ) ;
#1108 = ADVANCED_FACE ( 'NONE', ( #78 ), #2950, .F. ) ;
#1109 = EDGE_CURVE ( 'NONE', #1993, #1651, #2540, .T. ) ;
#1110 = CARTESIAN_POINT ( 'NONE',  ( -25.00000000000000000, -0.4999999999999973910, 62.50000000000000000 ) ) ;
#1111 = ORIENTED_EDGE ( 'NONE', *, *, #2073, .F. ) ;
#1112 = EDGE_CURVE ( 'NONE', #2715, #948, #2701, .T. ) ;
#1113 = DIRECTION ( 'NONE',  ( 0.000000000000000000, 1.084202172485504434E-16, 1.000000000000000000 ) ) ;
#1114 = CARTESIAN_POINT ( 'NONE',  ( -16.50000000000000000, -15.50000000000000000, 64.00000000000000000 ) ) ;
#1115 = COORDINATED_UNIVERSAL_TIME_OFFSET ( 5, 0, .BEHIND. ) ;
#1116 = CARTESIAN_POINT ( 'NONE',  ( -33.50000000000000000, -21.40000000000000213, 22.50000000000000711 ) ) ;
#1117 = CARTESIAN_POINT ( 'NONE',  ( -6.400000000000000355, -9.250000000000003553, 42.50000000000000000 ) ) ;
#1118 = DIRECTION ( 'NONE',  ( 0.000000000000000000, -1.000000000000000000, -0.000000000000000000 ) ) ;
#1119 = ORIENTED_EDGE ( 'NONE', *, *, #698, .F. ) ;
#1120 = EDGE_LOOP ( 'NONE', ( #1477, #2610, #1913, #1793, #638, #996 ) ) ;
#1121 = VERTEX_POINT ( 'NONE', #648 ) ;
#1122 = AXIS2_PLACEMENT_3D ( 'NONE', #2859, #437, #1665 ) ;
#1123 = CIRCLE ( 'NONE', #2402, 1.699999999999998845 ) ;
#1124 = DIRECTION ( 'NONE',  ( 1.000000000000000000, -1.208866533781747157E-16, -0.000000000000000000 ) ) ;
#1125 = ORIENTED_EDGE ( 'NONE', *, *, #675, .F. ) ;
#1126 = LINE ( 'NONE', #1324, #856 ) ;
#1127 = CC_DESIGN_APPROVAL ( #3005, ( #1218 ) ) ;
#1128 = CYLINDRICAL_SURFACE ( 'NONE', #2726, 1.699999999999996625 ) ;
#1129 = FACE_BOUND ( 'NONE', #2021, .T. ) ;
#1130 = DIRECTION ( 'NONE',  ( 1.000000000000000000, -0.000000000000000000, -0.000000000000000000 ) ) ;
#1131 = ORIENTED_EDGE ( 'NONE', *, *, #1883, .T. ) ;
#1132 = CARTESIAN_POINT ( 'NONE',  ( -31.00000000000000355, -19.69999999999999929, 62.50000000000000000 ) ) ;
#1133 = EDGE_LOOP ( 'NONE', ( #692, #2159, #2780, #499, #1884, #2292 ) ) ;
#1134 = ORIENTED_EDGE ( 'NONE', *, *, #1921, .F. ) ;
#1135 = EDGE_CURVE ( 'NONE', #2735, #1219, #137, .T. ) ;
#1136 = PLANE ( 'NONE',  #1819 ) ;
#1137 = VECTOR ( 'NONE', #3002, 1000.000000000000000 ) ;
#1138 = VERTEX_POINT ( 'NONE', #1116 ) ;
#1139 = DIRECTION ( 'NONE',  ( 0.000000000000000000, 0.000000000000000000, 1.000000000000000000 ) ) ;
#1140 = CIRCLE ( 'NONE', #1541, 1.000000000000000888 ) ;
#1141 = CARTESIAN_POINT ( 'NONE',  ( 13.40000000000000213, 5.100000000000000533, 18.00000000000000355 ) ) ;
#1142 = CIRCLE ( 'NONE', #2779, 1.699999999999996625 ) ;
#1143 = CALENDAR_DATE ( 2026, 17, 6 ) ;
#1144 = CARTESIAN_POINT ( 'NONE',  ( 0.000000000000000000, -20.60000000000000497, 18.00000000000000355 ) ) ;
#1145 = ADVANCED_FACE ( 'NONE', ( #2296 ), #1360, .T. ) ;
#1146 = DIRECTION ( 'NONE',  ( -1.000000000000000000, 1.097926250618232273E-16, -2.332161357353440310E-32 ) ) ;
#1147 = CARTESIAN_POINT ( 'NONE',  ( 10.10000000000000142, -16.00000000000000000, 0.000000000000000000 ) ) ;
#1148 = CC_DESIGN_PERSON_AND_ORGANIZATION_ASSIGNMENT ( #591, #354, ( #1427 ) ) ;
#1149 = DIRECTION ( 'NONE',  ( 0.000000000000000000, 1.000000000000000000, 0.000000000000000000 ) ) ;
#1150 = CARTESIAN_POINT ( 'NONE',  ( -33.50000000000000000, -16.65000000000000924, 62.50000000000000000 ) ) ;
#1151 = ORIENTED_EDGE ( 'NONE', *, *, #911, .F. ) ;
#1152 = ORIENTED_EDGE ( 'NONE', *, *, #1585, .F. ) ;
#1153 = DIRECTION ( 'NONE',  ( -1.157847882830225021E-16, 1.000000000000000000, 0.000000000000000000 ) ) ;
#1154 = CIRCLE ( 'NONE', #1653, 1.699999999999999512 ) ;
#1155 = DIRECTION ( 'NONE',  ( 0.000000000000000000, -1.000000000000000000, 0.000000000000000000 ) ) ;
#1156 = VERTEX_POINT ( 'NONE', #2792 ) ;
#1157 = EDGE_CURVE ( 'NONE', #2207, #236, #592, .T. ) ;
#1158 = CARTESIAN_POINT ( 'NONE',  ( 4.042225848563136375E-16, -5.250000000000000000, 42.50000000000000000 ) ) ;
#1159 = DIRECTION ( 'NONE',  ( 0.000000000000000000, -1.000000000000000000, 0.000000000000000000 ) ) ;
#1160 = EDGE_CURVE ( 'NONE', #1219, #6, #2028, .T. ) ;
#1161 = PERSON_AND_ORGANIZATION_ROLE ( 'design_supplier' ) ;
#1162 = CARTESIAN_POINT ( 'NONE',  ( -16.50000000000000000, -15.50000000000000000, 32.20000000000000284 ) ) ;
#1163 = DIRECTION ( 'NONE',  ( 0.000000000000000000, -0.000000000000000000, -1.000000000000000000 ) ) ;
#1164 = EDGE_LOOP ( 'NONE', ( #937, #1024, #2678, #2145 ) ) ;
#1165 = FACE_OUTER_BOUND ( 'NONE', #2342, .T. ) ;
#1166 = CARTESIAN_POINT ( 'NONE',  ( 13.40000000000000213, 6.100000000000000533, 122.3085781020933780 ) ) ;
#1167 = DIRECTION ( 'NONE',  ( -1.000000000000000000, 1.097926250618232273E-16, -2.332161357353440584E-32 ) ) ;
#1168 = ORIENTED_EDGE ( 'NONE', *, *, #2417, .T. ) ;
#1169 = ORIENTED_EDGE ( 'NONE', *, *, #1157, .T. ) ;
#1170 = CARTESIAN_POINT ( 'NONE',  ( 10.09999999999999964, 0.000000000000000000, 67.00000000000000000 ) ) ;
#1171 = VECTOR ( 'NONE', #2114, 1000.000000000000000 ) ;
#1172 = ORIENTED_EDGE ( 'NONE', *, *, #1333, .T. ) ;
#1173 = CARTESIAN_POINT ( 'NONE',  ( -31.00000000000000355, -19.69999999999999929, 62.50000000000000000 ) ) ;
#1174 = VECTOR ( 'NONE', #944, 1000.000000000000000 ) ;
#1175 = CARTESIAN_POINT ( 'NONE',  ( 14.40000000000000213, 5.100000000000000533, 67.00000000000000000 ) ) ;
#1176 = CARTESIAN_POINT ( 'NONE',  ( -35.50000000000000711, 4.291476194925202541E-15, -1.643401787146898497E-31 ) ) ;
#1177 = DIRECTION ( 'NONE',  ( -1.000000000000000000, 0.000000000000000000, 0.000000000000000000 ) ) ;
#1178 = VERTEX_POINT ( 'NONE', #151 ) ;
#1179 = CARTESIAN_POINT ( 'NONE',  ( -31.00000000000000355, 1.199999999999997069, 22.50000000000000711 ) ) ;
#1180 = ORIENTED_EDGE ( 'NONE', *, *, #2935, .F. ) ;
#1181 = ORIENTED_EDGE ( 'NONE', *, *, #3052, .T. ) ;
#1182 = DIRECTION ( 'NONE',  ( -1.000000000000000000, 1.208866533781747403E-16, -2.567815292417029038E-32 ) ) ;
#1183 = ORIENTED_EDGE ( 'NONE', *, *, #2952, .F. ) ;
#1184 = CARTESIAN_POINT ( 'NONE',  ( -33.50000000000000000, -19.69999999999999929, 62.50000000000000000 ) ) ;
#1185 = ADVANCED_FACE ( 'NONE', ( #1129, #2984 ), #608, .T. ) ;
#1186 = AXIS2_PLACEMENT_3D ( 'NONE', #1475, #2885, #748 ) ;
#1187 = CARTESIAN_POINT ( 'NONE',  ( 13.80000000000000249, -23.59999999999999787, 122.3085781020933780 ) ) ;
#1188 = DIRECTION ( 'NONE',  ( 0.000000000000000000, -2.668805347656624213E-16, -1.000000000000000000 ) ) ;
#1189 = VECTOR ( 'NONE', #1747, 1000.000000000000000 ) ;
#1190 = DIRECTION ( 'NONE',  ( 0.000000000000000000, -1.000000000000000000, 0.000000000000000000 ) ) ;
#1191 = AXIS2_PLACEMENT_3D ( 'NONE', #1132, #1307, #1790 ) ;
#1192 = EDGE_LOOP ( 'NONE', ( #1310, #2994, #3066, #1851 ) ) ;
#1193 = FACE_OUTER_BOUND ( 'NONE', #145, .T. ) ;
#1194 = VERTEX_POINT ( 'NONE', #355 ) ;
#1195 = EDGE_CURVE ( 'NONE', #1479, #1484, #2149, .T. ) ;
#1196 = ADVANCED_FACE ( 'NONE', ( #2072 ), #2262, .F. ) ;
#1197 = VERTEX_POINT ( 'NONE', #896 ) ;
#1198 = LINE ( 'NONE', #3103, #751 ) ;
#1199 = ORIENTED_EDGE ( 'NONE', *, *, #2805, .T. ) ;
#1200 = EDGE_CURVE ( 'NONE', #1707, #1724, #1599, .T. ) ;
#1201 = EDGE_CURVE ( 'NONE', #243, #480, #164, .T. ) ;
#1202 = CYLINDRICAL_SURFACE ( 'NONE', #2386, 10.00000000000000178 ) ;
#1203 = AXIS2_PLACEMENT_3D ( 'NONE', #2254, #546, #116 ) ;
#1204 = EDGE_CURVE ( 'NONE', #800, #2207, #1826, .T. ) ;
#1205 = LINE ( 'NONE', #1162, #1788 ) ;
#1206 = LINE ( 'NONE', #2139, #1622 ) ;
#1207 = CARTESIAN_POINT ( 'NONE',  ( -35.50000000000000711, -15.99999999999998934, 58.50000000000000711 ) ) ;
#1208 = CARTESIAN_POINT ( 'NONE',  ( -33.50000000000000000, -22.75000000000000355, 22.50000000000000711 ) ) ;
#1209 = ORIENTED_EDGE ( 'NONE', *, *, #1478, .T. ) ;
#1210 = CC_DESIGN_PERSON_AND_ORGANIZATION_ASSIGNMENT ( #607, #3016, ( #1323 ) ) ;
#1211 = ORIENTED_EDGE ( 'NONE', *, *, #2323, .T. ) ;
#1212 = CARTESIAN_POINT ( 'NONE',  ( -6.400000000000001243, -15.50000000000000178, 36.44999999999999574 ) ) ;
#1213 = EDGE_LOOP ( 'NONE', ( #1748, #2448, #2462, #427 ) ) ;
#1214 = DIRECTION ( 'NONE',  ( 0.000000000000000000, 0.000000000000000000, -1.000000000000000000 ) ) ;
#1215 = AXIS2_PLACEMENT_3D ( 'NONE', #382, #1327, #849 ) ;
#1216 = EDGE_LOOP ( 'NONE', ( #2638, #2636, #977, #1222 ) ) ;
#1217 = DIRECTION ( 'NONE',  ( 0.000000000000000000, 1.084202172485504434E-16, 1.000000000000000000 ) ) ;
#1218 = SECURITY_CLASSIFICATION ( '', '', #861 ) ;
#1219 = VERTEX_POINT ( 'NONE', #1815 ) ;
#1220 = CARTESIAN_POINT ( 'NONE',  ( -16.50000000000000000, -15.50000000000000000, 59.75000000000000000 ) ) ;
#1221 = ORIENTED_EDGE ( 'NONE', *, *, #2137, .F. ) ;
#1222 = ORIENTED_EDGE ( 'NONE', *, *, #66, .T. ) ;
#1223 = CARTESIAN_POINT ( 'NONE',  ( -25.00000000000000000, -0.5000000000000029976, 22.50000000000000711 ) ) ;
#1224 = ORIENTED_EDGE ( 'NONE', *, *, #15, .F. ) ;
#1225 = EDGE_CURVE ( 'NONE', #2252, #1138, #2061, .T. ) ;
#1226 = ORIENTED_EDGE ( 'NONE', *, *, #1435, .T. ) ;
#1227 = PLANE ( 'NONE',  #2198 ) ;
#1228 = CARTESIAN_POINT ( 'NONE',  ( -33.50000000000000000, 1.200000000000002398, 62.50000000000000000 ) ) ;
#1229 = DIRECTION ( 'NONE',  ( 0.000000000000000000, -1.000000000000000000, 0.000000000000000000 ) ) ;
#1230 = EDGE_LOOP ( 'NONE', ( #1704, #965, #482, #1513 ) ) ;
#1231 = VECTOR ( 'NONE', #2709, 1000.000000000000000 ) ;
#1232 = LINE ( 'NONE', #1678, #2906 ) ;
#1233 = ADVANCED_FACE ( 'NONE', ( #2896 ), #1227, .F. ) ;
#1234 = EDGE_CURVE ( 'NONE', #786, #653, #1498, .T. ) ;
#1235 = VECTOR ( 'NONE', #475, 1000.000000000000000 ) ;
#1236 = ADVANCED_FACE ( 'NONE', ( #2912 ), #417, .F. ) ;
#1237 = DIRECTION ( 'NONE',  ( -1.000000000000000000, 1.097926250618232273E-16, -2.332161357353440310E-32 ) ) ;
#1238 = ORIENTED_EDGE ( 'NONE', *, *, #2522, .F. ) ;
#1239 = ORIENTED_EDGE ( 'NONE', *, *, #2143, .T. ) ;
#1240 = CIRCLE ( 'NONE', #1597, 1.000000000000000888 ) ;
#1241 = VERTEX_POINT ( 'NONE', #2100 ) ;
#1242 = DIRECTION ( 'NONE',  ( -1.000000000000000000, 1.208866533781747157E-16, 0.000000000000000000 ) ) ;
#1243 = EDGE_LOOP ( 'NONE', ( #1183, #1337, #1464, #2307 ) ) ;
#1244 = DIRECTION ( 'NONE',  ( -1.208866533781747403E-16, -1.000000000000000000, 0.000000000000000000 ) ) ;
#1245 = VECTOR ( 'NONE', #2710, 1000.000000000000000 ) ;
#1246 = DIRECTION ( 'NONE',  ( 1.000000000000000000, 2.102695122396129916E-16, -0.000000000000000000 ) ) ;
#1247 = AXIS2_PLACEMENT_3D ( 'NONE', #1184, #1642, #2136 ) ;
#1248 = VERTEX_POINT ( 'NONE', #3065 ) ;
#1249 = LINE ( 'NONE', #2407, #2315 ) ;
#1250 = DIRECTION ( 'NONE',  ( 1.208866533781747157E-16, 1.000000000000000000, -0.000000000000000000 ) ) ;
#1251 = CARTESIAN_POINT ( 'NONE',  ( -33.50000000000000000, 2.899999999999997247, 22.50000000000000711 ) ) ;
#1252 = FACE_OUTER_BOUND ( 'NONE', #2576, .T. ) ;
#1253 = ORIENTED_EDGE ( 'NONE', *, *, #2160, .T. ) ;
#1254 = DIRECTION ( 'NONE',  ( 0.000000000000000000, -1.000000000000000000, 0.000000000000000000 ) ) ;
#1255 = EDGE_CURVE ( 'NONE', #1625, #480, #549, .T. ) ;
#1256 = EDGE_LOOP ( 'NONE', ( #2622, #554, #1755, #703 ) ) ;
#1257 = DIRECTION ( 'NONE',  ( -0.000000000000000000, 1.020425574104003260E-16, -1.000000000000000000 ) ) ;
#1258 = VERTEX_POINT ( 'NONE', #1877 ) ;
#1259 = ORIENTED_EDGE ( 'NONE', *, *, #1061, .F. ) ;
#1260 = CARTESIAN_POINT ( 'NONE',  ( -6.399999999999999467, -3.000000000000000000, 59.75000000000000000 ) ) ;
#1261 = CARTESIAN_POINT ( 'NONE',  ( -35.50000000000000711, -15.99999999999998934, 58.50000000000000711 ) ) ;
#1262 = ORIENTED_EDGE ( 'NONE', *, *, #2913, .T. ) ;
#1263 = CARTESIAN_POINT ( 'NONE',  ( -6.399999999999999467, -3.000000000000000000, 32.20000000000000284 ) ) ;
#1264 = DIRECTION ( 'NONE',  ( 1.157847882830225021E-16, -1.000000000000000000, 0.000000000000000000 ) ) ;
#1265 = AXIS2_PLACEMENT_3D ( 'NONE', #2511, #2580, #179 ) ;
#1266 = CARTESIAN_POINT ( 'NONE',  ( -6.399999999999999467, -3.000000000000000000, 36.44999999999999574 ) ) ;
#1267 = DIRECTION ( 'NONE',  ( 0.000000000000000000, 1.000000000000000000, 0.000000000000000000 ) ) ;
#1268 = VERTEX_POINT ( 'NONE', #2165 ) ;
#1269 = CARTESIAN_POINT ( 'NONE',  ( -31.00000000000000355, 1.200000000000002176, 62.50000000000000000 ) ) ;
#1270 = ORIENTED_EDGE ( 'NONE', *, *, #773, .T. ) ;
#1271 = PLANE ( 'NONE',  #1040 ) ;
#1272 = ORIENTED_EDGE ( 'NONE', *, *, #1009, .T. ) ;
#1273 = FACE_OUTER_BOUND ( 'NONE', #613, .T. ) ;
#1274 = EDGE_CURVE ( 'NONE', #2496, #3036, #2824, .T. ) ;
#1275 = DIRECTION ( 'NONE',  ( -1.000000000000000000, 0.000000000000000000, 0.000000000000000000 ) ) ;
#1276 = EDGE_LOOP ( 'NONE', ( #2625, #1384, #1414, #532 ) ) ;
#1277 = DIRECTION ( 'NONE',  ( 1.000000000000000000, -1.208866533781747157E-16, -0.000000000000000000 ) ) ;
#1278 = CARTESIAN_POINT ( 'NONE',  ( -2.799999999999999822, -18.10000000000000497, 85.00000000000000000 ) ) ;
#1279 = VECTOR ( 'NONE', #2322, 1000.000000000000000 ) ;
#1280 = DIRECTION ( 'NONE',  ( 0.000000000000000000, 0.000000000000000000, 1.000000000000000000 ) ) ;
#1281 = EDGE_CURVE ( 'NONE', #1194, #2453, #435, .T. ) ;
#1282 = CARTESIAN_POINT ( 'NONE',  ( 24.40000000000000213, -9.250000000000000000, 42.50000000000000000 ) ) ;
#1283 = ORIENTED_EDGE ( 'NONE', *, *, #2799, .T. ) ;
#1284 = DIRECTION ( 'NONE',  ( -1.284980352575412946E-16, -1.000000000000000000, 0.000000000000000000 ) ) ;
#1285 = VECTOR ( 'NONE', #2930, 1000.000000000000000 ) ;
#1286 = ORIENTED_EDGE ( 'NONE', *, *, #196, .F. ) ;
#1287 = DIRECTION ( 'NONE',  ( 1.387778780781445676E-16, 1.000000000000000000, 0.000000000000000000 ) ) ;
#1288 = AXIS2_PLACEMENT_3D ( 'NONE', #1187, #2612, #2822 ) ;
#1289 = VERTEX_POINT ( 'NONE', #450 ) ;
#1290 = AXIS2_PLACEMENT_3D ( 'NONE', #1179, #2317, #1667 ) ;
#1291 = ORIENTED_EDGE ( 'NONE', *, *, #679, .F. ) ;
#1292 = ADVANCED_FACE ( 'NONE', ( #1426 ), #2362, .T. ) ;
#1293 = CARTESIAN_POINT ( 'NONE',  ( 10.10000000000000142, -16.00000000000000000, 18.00000000000000355 ) ) ;
#1294 = EDGE_CURVE ( 'NONE', #687, #1178, #1623, .T. ) ;
#1295 = ORIENTED_EDGE ( 'NONE', *, *, #66, .F. ) ;
#1296 = VECTOR ( 'NONE', #864, 1000.000000000000000 ) ;
#1297 = DIRECTION ( 'NONE',  ( -0.000000000000000000, -0.000000000000000000, 1.000000000000000000 ) ) ;
#1298 = CARTESIAN_POINT ( 'NONE',  ( 10.09999999999999964, -2.000000000000001776, 0.000000000000000000 ) ) ;
#1299 = AXIS2_PLACEMENT_3D ( 'NONE', #2492, #2747, #561 ) ;
#1300 = LINE ( 'NONE', #1086, #2076 ) ;
#1301 = EDGE_CURVE ( 'NONE', #650, #735, #2498, .T. ) ;
#1302 = LINE ( 'NONE', #2902, #1402 ) ;
#1303 = EDGE_LOOP ( 'NONE', ( #2944, #2491, #1808, #2844 ) ) ;
#1304 = FACE_OUTER_BOUND ( 'NONE', #225, .T. ) ;
#1305 = VECTOR ( 'NONE', #2524, 1000.000000000000000 ) ;
#1306 = ORIENTED_EDGE ( 'NONE', *, *, #1074, .T. ) ;
#1307 = DIRECTION ( 'NONE',  ( -1.000000000000000000, 1.097926250618232273E-16, -2.332161357353440310E-32 ) ) ;
#1308 = DIRECTION ( 'NONE',  ( -1.387778780781445676E-16, -1.000000000000000000, 0.000000000000000000 ) ) ;
#1309 = EDGE_LOOP ( 'NONE', ( #1831, #3050, #2477, #1654 ) ) ;
#1310 = ORIENTED_EDGE ( 'NONE', *, *, #2235, .F. ) ;
#1311 = DIRECTION ( 'NONE',  ( 1.208866533781747157E-16, 1.000000000000000000, -1.084202172485504434E-16 ) ) ;
#1312 = DIRECTION ( 'NONE',  ( 0.000000000000000000, -1.000000000000000000, 0.000000000000000000 ) ) ;
#1313 = DIRECTION ( 'NONE',  ( 0.000000000000000000, 1.067522139062651855E-15, 1.000000000000000000 ) ) ;
#1314 = DIRECTION ( 'NONE',  ( 0.000000000000000000, -0.000000000000000000, 1.000000000000000000 ) ) ;
#1315 = CYLINDRICAL_SURFACE ( 'NONE', #2571, 1.000000000000000000 ) ;
#1316 = CARTESIAN_POINT ( 'NONE',  ( 10.10000000000000142, -16.00000000000000000, 67.00000000000000000 ) ) ;
#1317 = ORIENTED_EDGE ( 'NONE', *, *, #1200, .T. ) ;
#1318 = LINE ( 'NONE', #2973, #528 ) ;
#1319 = CIRCLE ( 'NONE', #349, 1.699999999999998845 ) ;
#1320 = CARTESIAN_POINT ( 'NONE',  ( 10.10000000000000142, -16.00000000000000000, 49.87817728168685960 ) ) ;
#1321 = VECTOR ( 'NONE', #458, 1000.000000000000000 ) ;
#1322 = ORIENTED_EDGE ( 'NONE', *, *, #1008, .F. ) ;
#1323 = PRODUCT_DEFINITION_FORMATION_WITH_SPECIFIED_SOURCE ( 'ANY', '', #1427, .NOT_KNOWN. ) ;
#1324 = CARTESIAN_POINT ( 'NONE',  ( -25.00000000000000000, -21.39999999999999503, 62.50000000000000000 ) ) ;
#1325 = PLANE ( 'NONE',  #992 ) ;
#1326 = EDGE_CURVE ( 'NONE', #2907, #1092, #251, .T. ) ;
#1327 = DIRECTION ( 'NONE',  ( 1.000000000000000000, -0.000000000000000000, -0.000000000000000000 ) ) ;
#1328 = LINE ( 'NONE', #341, #2773 ) ;
#1329 = EDGE_CURVE ( 'NONE', #1789, #2288, #1082, .T. ) ;
#1330 = ADVANCED_FACE ( 'NONE', ( #303, #334 ), #1063, .T. ) ;
#1331 = CARTESIAN_POINT ( 'NONE',  ( -16.50000000000000000, -2.999999999999998668, 36.44999999999999574 ) ) ;
#1332 = DIRECTION ( 'NONE',  ( 0.000000000000000000, -1.000000000000000000, 0.000000000000000000 ) ) ;
#1333 = EDGE_CURVE ( 'NONE', #764, #348, #449, .T. ) ;
#1334 = ORIENTED_EDGE ( 'NONE', *, *, #1201, .F. ) ;
#1335 = DIRECTION ( 'NONE',  ( 1.000000000000000000, -1.208866533781747157E-16, -0.000000000000000000 ) ) ;
#1336 = VERTEX_POINT ( 'NONE', #2979 ) ;
#1337 = ORIENTED_EDGE ( 'NONE', *, *, #677, .F. ) ;
#1338 = CIRCLE ( 'NONE', #565, 10.00000000000000178 ) ;
#1339 = AXIS2_PLACEMENT_3D ( 'NONE', #1078, #1495, #86 ) ;
#1340 = DIRECTION ( 'NONE',  ( 0.000000000000000000, 0.000000000000000000, 1.000000000000000000 ) ) ;
#1341 = LINE ( 'NONE', #2771, #641 ) ;
#1342 = AXIS2_PLACEMENT_3D ( 'NONE', #1893, #1659, #893 ) ;
#1343 = CARTESIAN_POINT ( 'NONE',  ( -1.099999999999999867, -1.199999999999999734, 42.50000000000000000 ) ) ;
#1344 = APPROVAL_ROLE ( '' ) ;
#1345 = CARTESIAN_POINT ( 'NONE',  ( -16.50000000000000000, -2.999999999999999112, 64.00000000000000000 ) ) ;
#1346 = PLANE ( 'NONE',  #1891 ) ;
#1347 = CARTESIAN_POINT ( 'NONE',  ( 12.20000000000000107, -0.4000000000000000222, 67.00000000000000000 ) ) ;
#1348 = FACE_OUTER_BOUND ( 'NONE', #1605, .T. ) ;
#1349 = AXIS2_PLACEMENT_3D ( 'NONE', #1673, #1389, #3059 ) ;
#1350 = VERTEX_POINT ( 'NONE', #842 ) ;
#1351 = DIRECTION ( 'NONE',  ( 1.734723475976806848E-16, -1.000000000000000000, 0.000000000000000000 ) ) ;
#1352 = ORIENTED_EDGE ( 'NONE', *, *, #773, .F. ) ;
#1353 = VERTEX_POINT ( 'NONE', #2964 ) ;
#1354 = ADVANCED_FACE ( 'NONE', ( #1273 ), #1797, .F. ) ;
#1355 = CARTESIAN_POINT ( 'NONE',  ( 14.80000000000000249, -16.00000000000000000, 35.12182271831314750 ) ) ;
#1356 = ORIENTED_EDGE ( 'NONE', *, *, #206, .F. ) ;
#1357 = DIRECTION ( 'NONE',  ( -0.000000000000000000, 8.673617379884029556E-16, -1.000000000000000000 ) ) ;
#1358 = DIRECTION ( 'NONE',  ( -0.000000000000000000, -1.219727444046192488E-16, -1.000000000000000000 ) ) ;
#1359 = CALENDAR_DATE ( 2026, 17, 6 ) ;
#1360 = PLANE ( 'NONE',  #658 ) ;
#1361 = FACE_OUTER_BOUND ( 'NONE', #2691, .T. ) ;
#1362 = EDGE_CURVE ( 'NONE', #798, #650, #2107, .T. ) ;
#1363 = CARTESIAN_POINT ( 'NONE',  ( 10.10000000000000320, -18.10000000000000497, 18.00000000000000355 ) ) ;
#1364 = ORIENTED_EDGE ( 'NONE', *, *, #979, .T. ) ;
#1365 = LINE ( 'NONE', #835, #2931 ) ;
#1366 = ORIENTED_EDGE ( 'NONE', *, *, #2568, .F. ) ;
#1367 = VERTEX_POINT ( 'NONE', #2700 ) ;
#1368 = VECTOR ( 'NONE', #1217, 1000.000000000000000 ) ;
#1369 = CIRCLE ( 'NONE', #2246, 1.699999999999998845 ) ;
#1370 = LINE ( 'NONE', #1170, #1019 ) ;
#1371 = ORIENTED_EDGE ( 'NONE', *, *, #529, .F. ) ;
#1372 = DIRECTION ( 'NONE',  ( -0.000000000000000000, -0.000000000000000000, -1.000000000000000000 ) ) ;
#1373 = CC_DESIGN_APPROVAL ( #1064, ( #1323 ) ) ;
#1374 = DIRECTION ( 'NONE',  ( -0.000000000000000000, 0.000000000000000000, 1.000000000000000000 ) ) ;
#1375 = EDGE_CURVE ( 'NONE', #2340, #500, #70, .T. ) ;
#1376 = DATE_AND_TIME ( #680, #2151 ) ;
#1377 = CARTESIAN_POINT ( 'NONE',  ( -6.399999999999998579, 6.100000000000000533, 67.00000000000000000 ) ) ;
#1378 = CARTESIAN_POINT ( 'NONE',  ( -33.50000000000000000, -19.70000000000000284, 22.50000000000000711 ) ) ;
#1379 = DIRECTION ( 'NONE',  ( -1.000000000000000000, 1.097926250618232273E-16, -2.332161357353440310E-32 ) ) ;
#1380 = ADVANCED_FACE ( 'NONE', ( #822 ), #2928, .T. ) ;
#1381 = VERTEX_POINT ( 'NONE', #1990 ) ;
#1382 = DIRECTION ( 'NONE',  ( -6.044332668908739480E-17, -1.000000000000000000, 0.000000000000000000 ) ) ;
#1383 = CARTESIAN_POINT ( 'NONE',  ( -33.50000000000000000, 1.199999999999997513, 22.50000000000000711 ) ) ;
#1384 = ORIENTED_EDGE ( 'NONE', *, *, #872, .T. ) ;
#1385 = EDGE_LOOP ( 'NONE', ( #3053, #1949, #2770, #190 ) ) ;
#1386 = LINE ( 'NONE', #2050, #1421 ) ;
#1387 = AXIS2_PLACEMENT_3D ( 'NONE', #494, #1869, #2817 ) ;
#1388 = ORIENTED_EDGE ( 'NONE', *, *, #1612, .F. ) ;
#1389 = DIRECTION ( 'NONE',  ( -1.000000000000000000, 0.000000000000000000, 0.000000000000000000 ) ) ;
#1390 = AXIS2_PLACEMENT_3D ( 'NONE', #1616, #2312, #167 ) ;
#1391 = DIRECTION ( 'NONE',  ( -1.000000000000000000, 1.097926250618232273E-16, -2.332161357353440310E-32 ) ) ;
#1392 = VECTOR ( 'NONE', #412, 1000.000000000000000 ) ;
#1393 = ADVANCED_FACE ( 'NONE', ( #2946 ), #804, .T. ) ;
#1394 = FACE_OUTER_BOUND ( 'NONE', #1834, .T. ) ;
#1395 = CARTESIAN_POINT ( 'NONE',  ( -2.799999999999999822, -18.10000000000000497, 67.00000000000000000 ) ) ;
#1396 = EDGE_CURVE ( 'NONE', #534, #2686, #317, .T. ) ;
#1397 = FACE_BOUND ( 'NONE', #2866, .T. ) ;
#1398 = FACE_OUTER_BOUND ( 'NONE', #2223, .T. ) ;
#1399 = VERTEX_POINT ( 'NONE', #3024 ) ;
#1400 = EDGE_LOOP ( 'NONE', ( #1073, #1726, #1595, #1854 ) ) ;
#1401 = CARTESIAN_POINT ( 'NONE',  ( -33.50000000000000000, 1.199999999999997513, 22.50000000000000711 ) ) ;
#1402 = VECTOR ( 'NONE', #1267, 1000.000000000000000 ) ;
#1403 = CIRCLE ( 'NONE', #184, 10.00000000000000355 ) ;
#1404 = PLANE ( 'NONE',  #926 ) ;
#1405 = EDGE_LOOP ( 'NONE', ( #2847, #2497 ) ) ;
#1406 = DIRECTION ( 'NONE',  ( -0.000000000000000000, 1.000000000000000000, -0.000000000000000000 ) ) ;
#1407 = PLANE ( 'NONE',  #946 ) ;
#1408 = APPROVAL_STATUS ( 'not_yet_approved' ) ;
#1409 = PLANE ( 'NONE',  #2929 ) ;
#1410 = ORIENTED_EDGE ( 'NONE', *, *, #1301, .T. ) ;
#1411 = DIRECTION ( 'NONE',  ( 1.000000000000000000, -1.208866533781747157E-16, -0.000000000000000000 ) ) ;
#1412 = ORIENTED_EDGE ( 'NONE', *, *, #301, .F. ) ;
#1413 = LINE ( 'NONE', #651, #1841 ) ;
#1414 = ORIENTED_EDGE ( 'NONE', *, *, #1782, .F. ) ;
#1415 = ORIENTED_EDGE ( 'NONE', *, *, #1794, .F. ) ;
#1416 = EDGE_LOOP ( 'NONE', ( #1738, #2316, #1911, #56 ) ) ;
#1417 = CARTESIAN_POINT ( 'NONE',  ( 0.000000000000000000, -20.60000000000000497, 85.00000000000000000 ) ) ;
#1418 = CIRCLE ( 'NONE', #870, 8.050000000000002487 ) ;
#1419 = EDGE_LOOP ( 'NONE', ( #423, #1902 ) ) ;
#1420 = CARTESIAN_POINT ( 'NONE',  ( -31.00000000000000355, -16.65000000000000213, 22.50000000000000711 ) ) ;
#1421 = VECTOR ( 'NONE', #2818, 1000.000000000000000 ) ;
#1422 = CARTESIAN_POINT ( 'NONE',  ( 12.20000000000000107, -18.10000000000000497, 85.00000000000000000 ) ) ;
#1423 = CARTESIAN_POINT ( 'NONE',  ( -31.00000000000000355, -21.39999999999999503, 62.50000000000000000 ) ) ;
#1424 = EDGE_CURVE ( 'NONE', #292, #25, #1608, .T. ) ;
#1425 = EDGE_CURVE ( 'NONE', #634, #2288, #1369, .T. ) ;
#1426 = FACE_OUTER_BOUND ( 'NONE', #2267, .T. ) ;
#1427 = PRODUCT ( 'gripper_body', 'gripper_body', '', ( #2949 ) ) ;
#1428 = LINE ( 'NONE', #451, #1368 ) ;
#1429 = EDGE_CURVE ( 'NONE', #1241, #1985, #923, .T. ) ;
#1430 = ADVANCED_FACE ( 'NONE', ( #1594 ), #1404, .T. ) ;
#1431 = ORIENTED_EDGE ( 'NONE', *, *, #1281, .F. ) ;
#1432 = CARTESIAN_POINT ( 'NONE',  ( -25.00000000000000000, -18.00000000000000000, 62.50000000000000000 ) ) ;
#1433 = ORIENTED_EDGE ( 'NONE', *, *, #1160, .T. ) ;
#1434 = VERTEX_POINT ( 'NONE', #2547 ) ;
#1435 = EDGE_CURVE ( 'NONE', #1041, #438, #1319, .T. ) ;
#1436 = ORIENTED_EDGE ( 'NONE', *, *, #1614, .T. ) ;
#1437 = LINE ( 'NONE', #2648, #2651 ) ;
#1438 = ORIENTED_EDGE ( 'NONE', *, *, #1013, .T. ) ;
#1439 = FACE_BOUND ( 'NONE', #457, .T. ) ;
#1440 = AXIS2_PLACEMENT_3D ( 'NONE', #79, #1923, #2689 ) ;
#1441 = DIRECTION ( 'NONE',  ( 0.000000000000000000, -1.000000000000000000, 0.000000000000000000 ) ) ;
#1442 = DESIGN_CONTEXT ( 'detailed design', #2150, 'design' ) ;
#1443 = FACE_BOUND ( 'NONE', #19, .T. ) ;
#1444 = DIRECTION ( 'NONE',  ( -0.000000000000000000, 1.000000000000000000, 0.000000000000000000 ) ) ;
#1445 = CARTESIAN_POINT ( 'NONE',  ( 10.09999999999999964, -2.000000000000001776, 49.38748865697796475 ) ) ;
#1446 = AXIS2_PLACEMENT_3D ( 'NONE', #2861, #406, #1382 ) ;
#1447 = ORIENTED_EDGE ( 'NONE', *, *, #881, .F. ) ;
#1448 = CARTESIAN_POINT ( 'NONE',  ( 12.20000000000000107, -0.4000000000000000222, 85.00000000000000000 ) ) ;
#1449 = ORIENTED_EDGE ( 'NONE', *, *, #2015, .T. ) ;
#1450 = VERTEX_POINT ( 'NONE', #2094 ) ;
#1451 = FACE_OUTER_BOUND ( 'NONE', #2017, .T. ) ;
#1452 = AXIS2_PLACEMENT_3D ( 'NONE', #577, #46, #2523 ) ;
#1453 = ORIENTED_EDGE ( 'NONE', *, *, #2465, .F. ) ;
#1454 = VECTOR ( 'NONE', #256, 1000.000000000000000 ) ;
#1455 = DIRECTION ( 'NONE',  ( -0.000000000000000000, -0.000000000000000000, -1.000000000000000000 ) ) ;
#1456 = LINE ( 'NONE', #1049, #1973 ) ;
#1457 = CARTESIAN_POINT ( 'NONE',  ( -35.50000000000000711, -15.99999999999999289, 26.50000000000000711 ) ) ;
#1458 = EDGE_CURVE ( 'NONE', #2735, #2340, #761, .T. ) ;
#1459 = DIRECTION ( 'NONE',  ( -1.284980352575412946E-16, -1.000000000000000000, 0.000000000000000000 ) ) ;
#1460 = EDGE_LOOP ( 'NONE', ( #142, #2406, #1476, #180 ) ) ;
#1461 = ORIENTED_EDGE ( 'NONE', *, *, #1614, .F. ) ;
#1462 = EDGE_LOOP ( 'NONE', ( #281, #3021 ) ) ;
#1463 = CARTESIAN_POINT ( 'NONE',  ( -33.50000000000000000, 1.199999999999997513, 22.50000000000000711 ) ) ;
#1464 = ORIENTED_EDGE ( 'NONE', *, *, #1074, .F. ) ;
#1465 = AXIS2_PLACEMENT_3D ( 'NONE', #1897, #2843, #1190 ) ;
#1466 = ADVANCED_FACE ( 'NONE', ( #1857, #2273 ), #2066, .F. ) ;
#1467 = ADVANCED_FACE ( 'NONE', ( #1579, #1872 ), #654, .F. ) ;
#1468 = DIRECTION ( 'NONE',  ( -1.000000000000000000, 1.208866533781747403E-16, -2.567815292417029038E-32 ) ) ;
#1469 = VECTOR ( 'NONE', #1124, 1000.000000000000000 ) ;
#1470 = EDGE_CURVE ( 'NONE', #348, #764, #2606, .T. ) ;
#1471 = DIRECTION ( 'NONE',  ( -0.000000000000000000, -1.000000000000000000, 6.195440985631459262E-16 ) ) ;
#1472 = VECTOR ( 'NONE', #1903, 1000.000000000000000 ) ;
#1473 = ORIENTED_EDGE ( 'NONE', *, *, #1585, .T. ) ;
#1474 = DIRECTION ( 'NONE',  ( 1.000000000000000000, 0.000000000000000000, 0.000000000000000000 ) ) ;
#1475 = CARTESIAN_POINT ( 'NONE',  ( -6.399999999999995914, -24.60000000000000142, 18.00000000000000355 ) ) ;
#1476 = ORIENTED_EDGE ( 'NONE', *, *, #2855, .T. ) ;
#1477 = ORIENTED_EDGE ( 'NONE', *, *, #2643, .F. ) ;
#1478 = EDGE_CURVE ( 'NONE', #594, #253, #1370, .T. ) ;
#1479 = VERTEX_POINT ( 'NONE', #2306 ) ;
#1480 = FACE_OUTER_BOUND ( 'NONE', #2560, .T. ) ;
#1481 = ORIENTED_EDGE ( 'NONE', *, *, #2330, .F. ) ;
#1482 = FACE_OUTER_BOUND ( 'NONE', #2373, .T. ) ;
#1483 = CARTESIAN_POINT ( 'NONE',  ( -5.400000000000002132, -23.59999999999999432, 67.00000000000000000 ) ) ;
#1484 = VERTEX_POINT ( 'NONE', #1355 ) ;
#1485 = VECTOR ( 'NONE', #2936, 1000.000000000000000 ) ;
#1486 = CARTESIAN_POINT ( 'NONE',  ( 12.20000000000000107, -9.250000000000000000, 42.50000000000000000 ) ) ;
#1487 = DIRECTION ( 'NONE',  ( 0.000000000000000000, -1.000000000000000000, 0.000000000000000000 ) ) ;
#1488 = EDGE_CURVE ( 'NONE', #484, #1350, #1386, .T. ) ;
#1489 = AXIS2_PLACEMENT_3D ( 'NONE', #1383, #2318, #241 ) ;
#1490 = PLANE ( 'NONE',  #1186 ) ;
#1491 = FACE_OUTER_BOUND ( 'NONE', #2435, .T. ) ;
#1492 = VECTOR ( 'NONE', #1532, 1000.000000000000000 ) ;
#1493 = DIRECTION ( 'NONE',  ( 1.000000000000000000, -1.208866533781747157E-16, -0.000000000000000000 ) ) ;
#1494 = ORIENTED_EDGE ( 'NONE', *, *, #2077, .T. ) ;
#1495 = DIRECTION ( 'NONE',  ( 1.000000000000000000, -6.044332668908739480E-17, -0.000000000000000000 ) ) ;
#1496 = ORIENTED_EDGE ( 'NONE', *, *, #2445, .T. ) ;
#1497 = VECTOR ( 'NONE', #2490, 1000.000000000000000 ) ;
#1498 = LINE ( 'NONE', #2842, #1174 ) ;
#1499 = CYLINDRICAL_SURFACE ( 'NONE', #1991, 1.700000000000000178 ) ;
#1500 = AXIS2_PLACEMENT_3D ( 'NONE', #460, #193, #3105 ) ;
#1501 = AXIS2_PLACEMENT_3D ( 'NONE', #818, #2479, #2665 ) ;
#1502 = CARTESIAN_POINT ( 'NONE',  ( -33.50000000000000000, 1.199999999999997513, 22.50000000000000711 ) ) ;
#1503 = VERTEX_POINT ( 'NONE', #1110 ) ;
#1504 = DIRECTION ( 'NONE',  ( 0.000000000000000000, 0.000000000000000000, -1.000000000000000000 ) ) ;
#1505 = DIRECTION ( 'NONE',  ( 1.208866533781747157E-16, 1.000000000000000000, -0.000000000000000000 ) ) ;
#1506 = DIRECTION ( 'NONE',  ( 0.000000000000000000, 0.000000000000000000, -1.000000000000000000 ) ) ;
#1507 = ORIENTED_EDGE ( 'NONE', *, *, #2423, .T. ) ;
#1508 = FACE_OUTER_BOUND ( 'NONE', #1590, .T. ) ;
#1509 = ADVANCED_FACE ( 'NONE', ( #2562 ), #2769, .T. ) ;
#1510 = ORIENTED_EDGE ( 'NONE', *, *, #453, .F. ) ;
#1511 = FACE_OUTER_BOUND ( 'NONE', #1015, .T. ) ;
#1512 = ORIENTED_EDGE ( 'NONE', *, *, #1615, .T. ) ;
#1513 = ORIENTED_EDGE ( 'NONE', *, *, #871, .T. ) ;
#1514 = ORIENTED_EDGE ( 'NONE', *, *, #2188, .T. ) ;
#1515 = DIRECTION ( 'NONE',  ( 0.000000000000000000, -1.000000000000000000, 0.000000000000000000 ) ) ;
#1516 = LINE ( 'NONE', #999, #785 ) ;
#1517 = ORIENTED_EDGE ( 'NONE', *, *, #2069, .F. ) ;
#1518 = AXIS2_PLACEMENT_3D ( 'NONE', #1519, #2455, #2725 ) ;
#1519 = CARTESIAN_POINT ( 'NONE',  ( 13.40000000000000213, 5.100000000000000533, 122.3085781020933780 ) ) ;
#1520 = AXIS2_PLACEMENT_3D ( 'NONE', #367, #2085, #1100 ) ;
#1521 = DIRECTION ( 'NONE',  ( 0.000000000000000000, -1.000000000000000000, 0.000000000000000000 ) ) ;
#1522 = DIRECTION ( 'NONE',  ( -1.000000000000000000, 0.000000000000000000, 0.000000000000000000 ) ) ;
#1523 = ORIENTED_EDGE ( 'NONE', *, *, #698, .T. ) ;
#1524 = FACE_OUTER_BOUND ( 'NONE', #1164, .T. ) ;
#1525 = ADVANCED_FACE ( 'NONE', ( #159 ), #1136, .T. ) ;
#1526 = ORIENTED_EDGE ( 'NONE', *, *, #1425, .T. ) ;
#1527 = CARTESIAN_POINT ( 'NONE',  ( -6.399999999999998579, 5.100000000000000533, 67.00000000000000000 ) ) ;
#1528 = ORIENTED_EDGE ( 'NONE', *, *, #2284, .F. ) ;
#1529 = EDGE_CURVE ( 'NONE', #438, #1041, #1123, .T. ) ;
#1530 = DIRECTION ( 'NONE',  ( 0.000000000000000000, 0.000000000000000000, -1.000000000000000000 ) ) ;
#1531 = ADVANCED_FACE ( 'NONE', ( #2341 ), #3056, .T. ) ;
#1532 = DIRECTION ( 'NONE',  ( -1.000000000000000000, 0.000000000000000000, 0.000000000000000000 ) ) ;
#1533 = VERTEX_POINT ( 'NONE', #740 ) ;
#1534 = CARTESIAN_POINT ( 'NONE',  ( 10.10000000000000320, -18.10000000000000497, 85.00000000000000000 ) ) ;
#1535 = DIRECTION ( 'NONE',  ( 0.000000000000000000, 0.000000000000000000, -1.000000000000000000 ) ) ;
#1536 = CIRCLE ( 'NONE', #1783, 1.700000000000000178 ) ;
#1537 = DIRECTION ( 'NONE',  ( 1.284980352575413932E-16, 1.000000000000000000, -0.000000000000000000 ) ) ;
#1538 = DIRECTION ( 'NONE',  ( -1.000000000000000000, 1.208866533781747403E-16, -2.567815292417029038E-32 ) ) ;
#1539 = ORIENTED_EDGE ( 'NONE', *, *, #679, .T. ) ;
#1540 = DIRECTION ( 'NONE',  ( -1.000000000000000000, 1.807003620809174878E-16, 0.000000000000000000 ) ) ;
#1541 = AXIS2_PLACEMENT_3D ( 'NONE', #1483, #29, #2639 ) ;
#1542 = ORIENTED_EDGE ( 'NONE', *, *, #1195, .T. ) ;
#1543 = DIRECTION ( 'NONE',  ( -1.000000000000000000, 1.097926250618232273E-16, -2.332161357353440310E-32 ) ) ;
#1544 = CARTESIAN_POINT ( 'NONE',  ( -2.799999999999999822, -0.4000000000000000222, 67.00000000000000000 ) ) ;
#1545 = CIRCLE ( 'NONE', #1736, 1.000000000000000888 ) ;
#1546 = ORIENTED_EDGE ( 'NONE', *, *, #3058, .T. ) ;
#1547 = EDGE_LOOP ( 'NONE', ( #187, #1028, #2872, #1695 ) ) ;
#1548 = DIRECTION ( 'NONE',  ( -1.000000000000000000, 1.097926250618232273E-16, -2.332161357353440310E-32 ) ) ;
#1549 = CARTESIAN_POINT ( 'NONE',  ( -16.50000000000000000, -14.56036721894069430, 36.44999999999999574 ) ) ;
#1550 = DIRECTION ( 'NONE',  ( -0.000000000000000000, 0.000000000000000000, 1.000000000000000000 ) ) ;
#1551 = VECTOR ( 'NONE', #1997, 1000.000000000000000 ) ;
#1552 = FACE_OUTER_BOUND ( 'NONE', #1416, .T. ) ;
#1553 = FACE_OUTER_BOUND ( 'NONE', #837, .T. ) ;
#1554 = VECTOR ( 'NONE', #380, 1000.000000000000000 ) ;
#1555 = CARTESIAN_POINT ( 'NONE',  ( -31.00000000000000355, -19.70000000000000284, 22.50000000000000711 ) ) ;
#1556 = DIRECTION ( 'NONE',  ( -1.000000000000000000, 1.097926250618232273E-16, -2.332161357353440310E-32 ) ) ;
#1557 = ORIENTED_EDGE ( 'NONE', *, *, #1274, .F. ) ;
#1558 = PLANE ( 'NONE',  #2132 ) ;
#1559 = ORIENTED_EDGE ( 'NONE', *, *, #2703, .F. ) ;
#1560 = DIRECTION ( 'NONE',  ( 0.000000000000000000, 0.000000000000000000, -1.000000000000000000 ) ) ;
#1561 = EDGE_LOOP ( 'NONE', ( #1125, #2463 ) ) ;
#1562 = ORIENTED_EDGE ( 'NONE', *, *, #1698, .T. ) ;
#1563 = CARTESIAN_POINT ( 'NONE',  ( -25.00000000000000000, 1.199999999999996403, 22.50000000000000711 ) ) ;
#1564 = EDGE_CURVE ( 'NONE', #564, #1715, #2594, .T. ) ;
#1565 = EDGE_CURVE ( 'NONE', #802, #1336, #1914, .T. ) ;
#1566 = DIRECTION ( 'NONE',  ( -0.000000000000000000, 0.000000000000000000, 1.000000000000000000 ) ) ;
#1567 =( NAMED_UNIT ( * ) PLANE_ANGLE_UNIT ( ) SI_UNIT ( $, .RADIAN. ) );
#1568 = CARTESIAN_POINT ( 'NONE',  ( -16.50000000000000000, -9.250000000000000000, 42.50000000000000000 ) ) ;
#1569 = ADVANCED_FACE ( 'NONE', ( #1451 ), #2867, .F. ) ;
#1570 = CARTESIAN_POINT ( 'NONE',  ( 12.20000000000000107, -0.4000000000000000222, 18.00000000000000355 ) ) ;
#1571 = LINE ( 'NONE', #1784, #1137 ) ;
#1572 = CARTESIAN_POINT ( 'NONE',  ( -31.00000000000000355, 2.899999999999996803, 22.50000000000000711 ) ) ;
#1573 = ORIENTED_EDGE ( 'NONE', *, *, #3031, .T. ) ;
#1574 = CARTESIAN_POINT ( 'NONE',  ( 24.40000000000000213, -18.10000000000000497, 47.15591022250214337 ) ) ;
#1575 = AXIS2_PLACEMENT_3D ( 'NONE', #642, #2834, #2533 ) ;
#1576 = ORIENTED_EDGE ( 'NONE', *, *, #2154, .F. ) ;
#1577 = LINE ( 'NONE', #2508, #1933 ) ;
#1578 = VERTEX_POINT ( 'NONE', #9 ) ;
#1579 = FACE_BOUND ( 'NONE', #444, .T. ) ;
#1580 = CARTESIAN_POINT ( 'NONE',  ( 12.20000000000000107, -0.4000000000000000222, 85.00000000000000000 ) ) ;
#1581 = CARTESIAN_POINT ( 'NONE',  ( -6.399999999999999467, -2.499999999999997780, 65.00000000000000000 ) ) ;
#1582 = DIRECTION ( 'NONE',  ( -1.000000000000000000, 0.000000000000000000, 0.000000000000000000 ) ) ;
#1583 = CARTESIAN_POINT ( 'NONE',  ( -35.50000000000000711, -2.499999999999994227, 65.00000000000000000 ) ) ;
#1584 = CARTESIAN_POINT ( 'NONE',  ( -16.50000000000000000, -2.999999999999999112, 64.00000000000000000 ) ) ;
#1585 = EDGE_CURVE ( 'NONE', #2531, #379, #1696, .T. ) ;
#1586 = LINE ( 'NONE', #2826, #3013 ) ;
#1587 = VECTOR ( 'NONE', #1459, 1000.000000000000000 ) ;
#1588 = VERTEX_POINT ( 'NONE', #1212 ) ;
#1589 = ORIENTED_EDGE ( 'NONE', *, *, #2956, .T. ) ;
#1590 = EDGE_LOOP ( 'NONE', ( #1012, #1589, #1181, #908 ) ) ;
#1591 = AXIS2_PLACEMENT_3D ( 'NONE', #1932, #2657, #505 ) ;
#1592 = VECTOR ( 'NONE', #983, 1000.000000000000000 ) ;
#1593 = VECTOR ( 'NONE', #1257, 1000.000000000000000 ) ;
#1594 = FACE_OUTER_BOUND ( 'NONE', #1873, .T. ) ;
#1595 = ORIENTED_EDGE ( 'NONE', *, *, #2103, .F. ) ;
#1596 = LINE ( 'NONE', #2536, #2088 ) ;
#1597 = AXIS2_PLACEMENT_3D ( 'NONE', #2502, #1550, #2295 ) ;
#1598 = DIRECTION ( 'NONE',  ( -1.000000000000000000, 1.208866533781747403E-16, -2.567815292417029038E-32 ) ) ;
#1599 = LINE ( 'NONE', #400, #2400 ) ;
#1600 = DIRECTION ( 'NONE',  ( 2.168404344971009854E-16, -1.000000000000000000, 0.000000000000000000 ) ) ;
#1601 = CARTESIAN_POINT ( 'NONE',  ( -35.50000000000000711, -0.5000000000000017764, 22.50000000000000711 ) ) ;
#1602 = VECTOR ( 'NONE', #1737, 1000.000000000000000 ) ;
#1603 = VERTEX_POINT ( 'NONE', #1942 ) ;
#1604 = CARTESIAN_POINT ( 'NONE',  ( 14.40000000000000213, -9.250000000000000000, 42.50000000000000000 ) ) ;
#1605 = EDGE_LOOP ( 'NONE', ( #2750, #2647, #1641, #2082 ) ) ;
#1606 = EDGE_LOOP ( 'NONE', ( #619, #1656, #1681, #1131 ) ) ;
#1607 = ADVANCED_FACE ( 'NONE', ( #443 ), #3087, .T. ) ;
#1608 = LINE ( 'NONE', #617, #1469 ) ;
#1609 = VERTEX_POINT ( 'NONE', #1011 ) ;
#1610 = PLANE ( 'NONE',  #331 ) ;
#1611 = FACE_OUTER_BOUND ( 'NONE', #868, .T. ) ;
#1612 = EDGE_CURVE ( 'NONE', #1060, #1762, #1437, .T. ) ;
#1613 = DIRECTION ( 'NONE',  ( -1.000000000000000000, 1.208866533781747403E-16, -2.567815292417029038E-32 ) ) ;
#1614 = EDGE_CURVE ( 'NONE', #900, #687, #2399, .T. ) ;
#1615 = EDGE_CURVE ( 'NONE', #2899, #834, #724, .T. ) ;
#1616 = CARTESIAN_POINT ( 'NONE',  ( -1.100000000000000311, -9.250000000000003553, 42.50000000000000000 ) ) ;
#1617 = DIRECTION ( 'NONE',  ( 9.230858644699207066E-16, 1.000000000000000000, -0.000000000000000000 ) ) ;
#1618 = DIRECTION ( 'NONE',  ( 1.548860246407864322E-16, 1.000000000000000000, 0.000000000000000000 ) ) ;
#1619 = EDGE_LOOP ( 'NONE', ( #1806, #637 ) ) ;
#1620 = PLANE ( 'NONE',  #1446 ) ;
#1621 = ORIENTED_EDGE ( 'NONE', *, *, #939, .F. ) ;
#1622 = VECTOR ( 'NONE', #1474, 1000.000000000000000 ) ;
#1623 = CIRCLE ( 'NONE', #1674, 4.000000000000000000 ) ;
#1624 = DIRECTION ( 'NONE',  ( -1.097926250618232273E-16, -1.000000000000000000, 0.000000000000000000 ) ) ;
#1625 = VERTEX_POINT ( 'NONE', #485 ) ;
#1626 = EDGE_CURVE ( 'NONE', #1533, #2768, #108, .T. ) ;
#1627 = CARTESIAN_POINT ( 'NONE',  ( -16.50000000000000000, -2.999999999999998668, 36.44999999999999574 ) ) ;
#1628 = ADVANCED_FACE ( 'NONE', ( #2176 ), #2608, .F. ) ;
#1629 = DIRECTION ( 'NONE',  ( 0.000000000000000000, -1.000000000000000000, 0.000000000000000000 ) ) ;
#1630 = ADVANCED_FACE ( 'NONE', ( #2876 ), #22, .T. ) ;
#1631 = FACE_OUTER_BOUND ( 'NONE', #2960, .T. ) ;
#1632 = ORIENTED_EDGE ( 'NONE', *, *, #674, .T. ) ;
#1633 = LINE ( 'NONE', #632, #2635 ) ;
#1634 = ORIENTED_EDGE ( 'NONE', *, *, #390, .T. ) ;
#1635 = CARTESIAN_POINT ( 'NONE',  ( -25.00000000000000000, 1.200000000000001510, 62.50000000000000000 ) ) ;
#1636 = ORIENTED_EDGE ( 'NONE', *, *, #2890, .F. ) ;
#1637 = ORIENTED_EDGE ( 'NONE', *, *, #1850, .T. ) ;
#1638 = DIRECTION ( 'NONE',  ( -1.000000000000000000, 1.208866533781747403E-16, -2.567815292417029038E-32 ) ) ;
#1639 = CARTESIAN_POINT ( 'NONE',  ( -31.00000000000000355, 1.200000000000001954, 62.50000000000000000 ) ) ;
#1640 = VECTOR ( 'NONE', #759, 1000.000000000000000 ) ;
#1641 = ORIENTED_EDGE ( 'NONE', *, *, #2489, .T. ) ;
#1642 = DIRECTION ( 'NONE',  ( -1.000000000000000000, 1.097926250618232273E-16, -2.332161357353440310E-32 ) ) ;
#1643 = CIRCLE ( 'NONE', #1339, 4.000000000000000000 ) ;
#1644 = DIRECTION ( 'NONE',  ( 1.000000000000000000, 0.000000000000000000, 0.000000000000000000 ) ) ;
#1645 = VECTOR ( 'NONE', #446, 1000.000000000000000 ) ;
#1646 = FACE_BOUND ( 'NONE', #314, .T. ) ;
#1647 = CARTESIAN_POINT ( 'NONE',  ( -6.399999999999999467, -2.999999999999997335, 59.75000000000000000 ) ) ;
#1648 = CARTESIAN_POINT ( 'NONE',  ( -16.50000000000000000, -15.50000000000000000, 59.75000000000000000 ) ) ;
#1649 = CARTESIAN_POINT ( 'NONE',  ( -31.00000000000000355, 1.199999999999997291, 22.50000000000000711 ) ) ;
#1650 = ORIENTED_EDGE ( 'NONE', *, *, #487, .F. ) ;
#1651 = VERTEX_POINT ( 'NONE', #224 ) ;
#1652 = CARTESIAN_POINT ( 'NONE',  ( -25.00000000000000000, 2.899999999999995914, 22.50000000000000711 ) ) ;
#1653 = AXIS2_PLACEMENT_3D ( 'NONE', #40, #1468, #2897 ) ;
#1654 = ORIENTED_EDGE ( 'NONE', *, *, #1744, .T. ) ;
#1655 = DIRECTION ( 'NONE',  ( 1.208866533781747157E-16, 1.000000000000000000, -2.124151195073641295E-16 ) ) ;
#1656 = ORIENTED_EDGE ( 'NONE', *, *, #520, .F. ) ;
#1657 = CARTESIAN_POINT ( 'NONE',  ( -6.400000000000001243, -14.56036721894069608, 36.44999999999999574 ) ) ;
#1658 = EDGE_CURVE ( 'NONE', #1479, #1700, #1198, .T. ) ;
#1659 = DIRECTION ( 'NONE',  ( -1.000000000000000000, 1.208866533781747403E-16, -2.567815292417029038E-32 ) ) ;
#1660 = ADVANCED_FACE ( 'NONE', ( #691 ), #503, .F. ) ;
#1661 = EDGE_CURVE ( 'NONE', #2191, #174, #1856, .T. ) ;
#1662 = DIRECTION ( 'NONE',  ( 0.000000000000000000, 1.000000000000000000, -0.000000000000000000 ) ) ;
#1663 = CARTESIAN_POINT ( 'NONE',  ( -2.800000000000000266, 2.100000000000000089, 85.00000000000000000 ) ) ;
#1664 = ADVANCED_FACE ( 'NONE', ( #1480 ), #2146, .F. ) ;
#1665 = DIRECTION ( 'NONE',  ( 0.000000000000000000, -1.000000000000000000, 6.195440985631459262E-16 ) ) ;
#1666 = VERTEX_POINT ( 'NONE', #2942 ) ;
#1667 = DIRECTION ( 'NONE',  ( 0.000000000000000000, -1.000000000000000000, 0.000000000000000000 ) ) ;
#1668 = VERTEX_POINT ( 'NONE', #1527 ) ;
#1669 = ORIENTED_EDGE ( 'NONE', *, *, #2026, .T. ) ;
#1670 = DIRECTION ( 'NONE',  ( -1.000000000000000000, 1.208866533781747403E-16, -2.567815292417029038E-32 ) ) ;
#1671 = CIRCLE ( 'NONE', #1465, 1.700000000000000178 ) ;
#1672 = ORIENTED_EDGE ( 'NONE', *, *, #2445, .F. ) ;
#1673 = CARTESIAN_POINT ( 'NONE',  ( 14.40000000000000213, 0.000000000000000000, 101.0112460477003538 ) ) ;
#1674 = AXIS2_PLACEMENT_3D ( 'NONE', #2179, #39, #1096 ) ;
#1675 = DIRECTION ( 'NONE',  ( -1.000000000000000000, 1.208866533781747403E-16, -2.567815292417029038E-32 ) ) ;
#1676 = DIRECTION ( 'NONE',  ( -1.000000000000000000, 1.097926250618232273E-16, -2.332161357353440584E-32 ) ) ;
#1677 = LINE ( 'NONE', #2614, #686 ) ;
#1678 = CARTESIAN_POINT ( 'NONE',  ( -31.00000000000000355, -1.849999999999988765, 62.50000000000000000 ) ) ;
#1679 = FACE_OUTER_BOUND ( 'NONE', #1309, .T. ) ;
#1680 = ORIENTED_EDGE ( 'NONE', *, *, #165, .F. ) ;
#1681 = ORIENTED_EDGE ( 'NONE', *, *, #240, .F. ) ;
#1682 = EDGE_LOOP ( 'NONE', ( #2974, #2420, #1272, #30, #1119, #2023 ) ) ;
#1683 = CARTESIAN_POINT ( 'NONE',  ( -1.100000000000000311, -9.250000000000003553, 42.50000000000000000 ) ) ;
#1684 = EDGE_LOOP ( 'NONE', ( #442, #486, #1637, #1987 ) ) ;
#1685 = VECTOR ( 'NONE', #273, 1000.000000000000000 ) ;
#1686 = VECTOR ( 'NONE', #712, 1000.000000000000000 ) ;
#1687 = ADVANCED_FACE ( 'NONE', ( #2431 ), #1723, .T. ) ;
#1688 = DIRECTION ( 'NONE',  ( -1.000000000000000000, -0.000000000000000000, -0.000000000000000000 ) ) ;
#1689 = VECTOR ( 'NONE', #2043, 1000.000000000000000 ) ;
#1690 = LINE ( 'NONE', #702, #2057 ) ;
#1691 = CARTESIAN_POINT ( 'NONE',  ( -16.50000000000000000, -3.939632781059303479, 36.44999999999999574 ) ) ;
#1692 = ORIENTED_EDGE ( 'NONE', *, *, #2331, .T. ) ;
#1693 = ORIENTED_EDGE ( 'NONE', *, *, #2856, .T. ) ;
#1694 = EDGE_CURVE ( 'NONE', #236, #1450, #280, .T. ) ;
#1695 = ORIENTED_EDGE ( 'NONE', *, *, #1658, .T. ) ;
#1696 = LINE ( 'NONE', #208, #2810 ) ;
#1697 = VERTEX_POINT ( 'NONE', #1739 ) ;
#1698 = EDGE_CURVE ( 'NONE', #1993, #1924, #347, .T. ) ;
#1699 = DIRECTION ( 'NONE',  ( 1.000000000000000000, -1.208866533781747157E-16, -0.000000000000000000 ) ) ;
#1700 = VERTEX_POINT ( 'NONE', #1320 ) ;
#1701 = CARTESIAN_POINT ( 'NONE',  ( 10.09999999999999964, -2.000000000000001776, 0.000000000000000000 ) ) ;
#1702 = EDGE_CURVE ( 'NONE', #2686, #2401, #1059, .T. ) ;
#1703 = LINE ( 'NONE', #1036, #2874 ) ;
#1704 = ORIENTED_EDGE ( 'NONE', *, *, #2290, .T. ) ;
#1705 = ORIENTED_EDGE ( 'NONE', *, *, #1157, .F. ) ;
#1706 = ADVANCED_FACE ( 'NONE', ( #2257 ), #836, .F. ) ;
#1707 = VERTEX_POINT ( 'NONE', #1544 ) ;
#1708 = DIRECTION ( 'NONE',  ( -1.000000000000000000, 1.097926250618232273E-16, -2.332161357353440584E-32 ) ) ;
#1709 = VERTEX_POINT ( 'NONE', #2696 ) ;
#1710 = VECTOR ( 'NONE', #3097, 1000.000000000000000 ) ;
#1711 = ADVANCED_FACE ( 'NONE', ( #583 ), #1091, .F. ) ;
#1712 = CARTESIAN_POINT ( 'NONE',  ( -16.50000000000000000, -2.999999999999999112, 64.00000000000000000 ) ) ;
#1713 = VECTOR ( 'NONE', #1582, 1000.000000000000000 ) ;
#1714 = CARTESIAN_POINT ( 'NONE',  ( 24.40000000000000213, -0.3999999999999993006, 37.84408977749784952 ) ) ;
#1715 = VERTEX_POINT ( 'NONE', #535 ) ;
#1716 = APPROVAL_PERSON_ORGANIZATION ( #2539, #1064, #647 ) ;
#1717 = DIRECTION ( 'NONE',  ( -1.000000000000000000, 1.208866533781747403E-16, -2.567815292417029038E-32 ) ) ;
#1718 = CARTESIAN_POINT ( 'NONE',  ( -2.799999999999999822, -0.4000000000000000222, 67.00000000000000000 ) ) ;
#1719 = DIRECTION ( 'NONE',  ( -1.000000000000000000, 1.208866533781747403E-16, -2.567815292417029038E-32 ) ) ;
#1720 = DIRECTION ( 'NONE',  ( 0.000000000000000000, -1.000000000000000000, 0.000000000000000000 ) ) ;
#1721 = FACE_OUTER_BOUND ( 'NONE', #2131, .T. ) ;
#1722 = ORIENTED_EDGE ( 'NONE', *, *, #11, .T. ) ;
#1723 = PLANE ( 'NONE',  #1501 ) ;
#1724 = VERTEX_POINT ( 'NONE', #2461 ) ;
#1725 = LINE ( 'NONE', #2152, #2525 ) ;
#1726 = ORIENTED_EDGE ( 'NONE', *, *, #1234, .T. ) ;
#1727 = AXIS2_PLACEMENT_3D ( 'NONE', #1880, #2845, #1910 ) ;
#1728 = FACE_OUTER_BOUND ( 'NONE', #1385, .T. ) ;
#1729 = CARTESIAN_POINT ( 'NONE',  ( 10.09999999999999964, -0.4000000000000000222, 85.00000000000000000 ) ) ;
#1730 = EDGE_CURVE ( 'NONE', #1077, #948, #2714, .T. ) ;
#1731 = CIRCLE ( 'NONE', #1489, 3.050000000000001599 ) ;
#1732 = VECTOR ( 'NONE', #2241, 1000.000000000000000 ) ;
#1733 = FACE_OUTER_BOUND ( 'NONE', #1230, .T. ) ;
#1734 = PLANE ( 'NONE',  #2787 ) ;
#1735 = VERTEX_POINT ( 'NONE', #2192 ) ;
#1736 = AXIS2_PLACEMENT_3D ( 'NONE', #1141, #1374, #1644 ) ;
#1737 = DIRECTION ( 'NONE',  ( -1.000000000000000000, 1.097926250618232273E-16, -2.332161357353440584E-32 ) ) ;
#1738 = ORIENTED_EDGE ( 'NONE', *, *, #2484, .F. ) ;
#1739 = CARTESIAN_POINT ( 'NONE',  ( 1.974353303279924711E-15, -18.10000000000000497, 67.00000000000000000 ) ) ;
#1740 = ORIENTED_EDGE ( 'NONE', *, *, #1051, .T. ) ;
#1741 = ORIENTED_EDGE ( 'NONE', *, *, #2423, .F. ) ;
#1742 = ORIENTED_EDGE ( 'NONE', *, *, #2852, .F. ) ;
#1743 = DIRECTION ( 'NONE',  ( -1.000000000000000000, 1.208866533781747403E-16, -2.567815292417029038E-32 ) ) ;
#1744 = EDGE_CURVE ( 'NONE', #1350, #1367, #1968, .T. ) ;
#1745 = ADVANCED_FACE ( 'NONE', ( #1511 ), #1271, .F. ) ;
#1746 = AXIS2_PLACEMENT_3D ( 'NONE', #1584, #2838, #1046 ) ;
#1747 = DIRECTION ( 'NONE',  ( -1.000000000000000000, 0.000000000000000000, 0.000000000000000000 ) ) ;
#1748 = ORIENTED_EDGE ( 'NONE', *, *, #432, .T. ) ;
#1749 = CARTESIAN_POINT ( 'NONE',  ( -6.400000000000001243, -15.99999999999999645, 26.50000000000000711 ) ) ;
#1750 = EDGE_CURVE ( 'NONE', #2367, #410, #683, .T. ) ;
#1751 = EDGE_CURVE ( 'NONE', #3086, #2062, #1791, .T. ) ;
#1752 = EDGE_CURVE ( 'NONE', #1178, #687, #1643, .T. ) ;
#1753 = FACE_OUTER_BOUND ( 'NONE', #1976, .T. ) ;
#1754 = DIRECTION ( 'NONE',  ( 0.000000000000000000, -1.000000000000000000, 0.000000000000000000 ) ) ;
#1755 = ORIENTED_EDGE ( 'NONE', *, *, #526, .T. ) ;
#1756 = PLANE ( 'NONE',  #2888 ) ;
#1757 = VERTEX_POINT ( 'NONE', #801 ) ;
#1758 = PLANE ( 'NONE',  #3033 ) ;
#1759 = LINE ( 'NONE', #2767, #2214 ) ;
#1760 = EDGE_LOOP ( 'NONE', ( #869, #1672, #2305, #2430 ) ) ;
#1761 = ORIENTED_EDGE ( 'NONE', *, *, #845, .F. ) ;
#1762 = VERTEX_POINT ( 'NONE', #2022 ) ;
#1763 = DIRECTION ( 'NONE',  ( 1.000000000000000000, 0.000000000000000000, 0.000000000000000000 ) ) ;
#1764 = ORIENTED_EDGE ( 'NONE', *, *, #1971, .F. ) ;
#1765 = VECTOR ( 'NONE', #2393, 1000.000000000000000 ) ;
#1766 = LINE ( 'NONE', #2233, #605 ) ;
#1767 = CARTESIAN_POINT ( 'NONE',  ( -25.00000000000000000, -0.4999999999999973910, 62.50000000000000000 ) ) ;
#1768 = AXIS2_PLACEMENT_3D ( 'NONE', #880, #3029, #1802 ) ;
#1769 = CARTESIAN_POINT ( 'NONE',  ( -25.00000000000000000, -18.00000000000000355, 62.50000000000000000 ) ) ;
#1770 = DIRECTION ( 'NONE',  ( -1.000000000000000000, 1.097926250618232273E-16, -2.332161357353440584E-32 ) ) ;
#1771 = ORIENTED_EDGE ( 'NONE', *, *, #2137, .T. ) ;
#1772 = CARTESIAN_POINT ( 'NONE',  ( -33.50000000000000000, -19.70000000000000284, 22.50000000000000711 ) ) ;
#1773 =( GEOMETRIC_REPRESENTATION_CONTEXT ( 3 ) GLOBAL_UNCERTAINTY_ASSIGNED_CONTEXT ( ( #847 ) ) GLOBAL_UNIT_ASSIGNED_CONTEXT ( ( #573, #1567, #1801 ) ) REPRESENTATION_CONTEXT ( 'NONE', 'WORKASPACE' ) );
#1774 = CARTESIAN_POINT ( 'NONE',  ( -25.00000000000000000, -19.69999999999999929, 62.50000000000000000 ) ) ;
#1775 = ORIENTED_EDGE ( 'NONE', *, *, #916, .T. ) ;
#1776 = ORIENTED_EDGE ( 'NONE', *, *, #15, .T. ) ;
#1777 = DIRECTION ( 'NONE',  ( 1.387778780781445676E-16, 1.000000000000000000, -0.000000000000000000 ) ) ;
#1778 = CARTESIAN_POINT ( 'NONE',  ( 12.20000000000000284, 0.000000000000000000, 85.00000000000000000 ) ) ;
#1779 = CARTESIAN_POINT ( 'NONE',  ( -25.00000000000000000, -19.69999999999999929, 62.50000000000000000 ) ) ;
#1780 = DIRECTION ( 'NONE',  ( 0.000000000000000000, -1.000000000000000000, 0.000000000000000000 ) ) ;
#1781 = LINE ( 'NONE', #322, #2397 ) ;
#1782 = EDGE_CURVE ( 'NONE', #1625, #2510, #2733, .T. ) ;
#1783 = AXIS2_PLACEMENT_3D ( 'NONE', #1555, #1071, #2297 ) ;
#1784 = CARTESIAN_POINT ( 'NONE',  ( -35.50000000000000711, 3.100000000000002753, 26.50000000000000355 ) ) ;
#1785 = CARTESIAN_POINT ( 'NONE',  ( -16.50000000000000000, -2.999999999999998668, 32.20000000000000284 ) ) ;
#1786 = ORIENTED_EDGE ( 'NONE', *, *, #881, .T. ) ;
#1787 = CARTESIAN_POINT ( 'NONE',  ( -6.400000000000001243, -15.50000000000000000, 64.00000000000000000 ) ) ;
#1788 = VECTOR ( 'NONE', #662, 1000.000000000000000 ) ;
#1789 = VERTEX_POINT ( 'NONE', #2495 ) ;
#1790 = DIRECTION ( 'NONE',  ( 0.000000000000000000, -1.000000000000000000, 0.000000000000000000 ) ) ;
#1791 = LINE ( 'NONE', #2224, #124 ) ;
#1792 = VECTOR ( 'NONE', #429, 1000.000000000000000 ) ;
#1793 = ORIENTED_EDGE ( 'NONE', *, *, #3089, .T. ) ;
#1794 = EDGE_CURVE ( 'NONE', #786, #1241, #49, .T. ) ;
#1795 = EDGE_CURVE ( 'NONE', #599, #1924, #1759, .T. ) ;
#1796 = EDGE_LOOP ( 'NONE', ( #2795, #2751, #8, #1823 ) ) ;
#1797 = PLANE ( 'NONE',  #2807 ) ;
#1798 = EDGE_CURVE ( 'NONE', #1985, #1484, #636, .T. ) ;
#1799 = CARTESIAN_POINT ( 'NONE',  ( -6.400000000000002132, -21.59999999999999432, 26.50000000000000711 ) ) ;
#1800 = PLANE ( 'NONE',  #73 ) ;
#1801 =( NAMED_UNIT ( * ) SI_UNIT ( $, .STERADIAN. ) SOLID_ANGLE_UNIT ( ) );
#1802 = DIRECTION ( 'NONE',  ( -0.000000000000000000, 0.000000000000000000, -1.000000000000000000 ) ) ;
#1803 = VECTOR ( 'NONE', #2820, 1000.000000000000000 ) ;
#1804 = LINE ( 'NONE', #1996, #618 ) ;
#1805 = LINE ( 'NONE', #2298, #1296 ) ;
#1806 = ORIENTED_EDGE ( 'NONE', *, *, #727, .T. ) ;
#1807 = CARTESIAN_POINT ( 'NONE',  ( 10.09999999999999964, -9.250000000000000000, 42.50000000000000000 ) ) ;
#1808 = ORIENTED_EDGE ( 'NONE', *, *, #1969, .T. ) ;
#1809 = LINE ( 'NONE', #2749, #172 ) ;
#1810 = ORIENTED_EDGE ( 'NONE', *, *, #974, .T. ) ;
#1811 = DIRECTION ( 'NONE',  ( -1.000000000000000000, 1.097926250618232273E-16, -2.332161357353440310E-32 ) ) ;
#1812 = CARTESIAN_POINT ( 'NONE',  ( 14.40000000000000213, 5.100000000000000533, 18.00000000000000355 ) ) ;
#1813 = LINE ( 'NONE', #2704, #2080 ) ;
#1814 = ADVANCED_FACE ( 'NONE', ( #1398 ), #2037, .F. ) ;
#1815 = CARTESIAN_POINT ( 'NONE',  ( -5.399999999999998579, 6.100000000000000533, 67.00000000000000000 ) ) ;
#1816 = CARTESIAN_POINT ( 'NONE',  ( -35.50000000000000000, 5.100000000000004086, 18.00000000000000355 ) ) ;
#1817 = DIRECTION ( 'NONE',  ( 1.000000000000000000, 2.102695122396129916E-16, -0.000000000000000000 ) ) ;
#1818 = DIRECTION ( 'NONE',  ( 0.000000000000000000, 0.000000000000000000, -1.000000000000000000 ) ) ;
#1819 = AXIS2_PLACEMENT_3D ( 'NONE', #2081, #672, #3038 ) ;
#1820 = VERTEX_POINT ( 'NONE', #668 ) ;
#1821 = ORIENTED_EDGE ( 'NONE', *, *, #2272, .F. ) ;
#1822 = DIRECTION ( 'NONE',  ( 0.000000000000000000, 1.000000000000000000, 0.000000000000000000 ) ) ;
#1823 = ORIENTED_EDGE ( 'NONE', *, *, #519, .T. ) ;
#1824 = CARTESIAN_POINT ( 'NONE',  ( -31.00000000000000355, 1.200000000000002176, 62.50000000000000000 ) ) ;
#1825 = DIRECTION ( 'NONE',  ( 0.000000000000000000, 0.000000000000000000, -1.000000000000000000 ) ) ;
#1826 = LINE ( 'NONE', #3001, #299 ) ;
#1827 = LINE ( 'NONE', #1347, #839 ) ;
#1828 = ADVANCED_FACE ( 'NONE', ( #2287 ), #1833, .F. ) ;
#1829 = DIRECTION ( 'NONE',  ( 1.000000000000000000, 0.000000000000000000, -0.000000000000000000 ) ) ;
#1830 = VECTOR ( 'NONE', #830, 1000.000000000000000 ) ;
#1831 = ORIENTED_EDGE ( 'NONE', *, *, #3090, .F. ) ;
#1832 = DIRECTION ( 'NONE',  ( -0.000000000000000000, 1.000000000000000000, -0.000000000000000000 ) ) ;
#1833 = PLANE ( 'NONE',  #3083 ) ;
#1834 = EDGE_LOOP ( 'NONE', ( #1180, #2887, #328, #207 ) ) ;
#1835 = AXIS2_PLACEMENT_3D ( 'NONE', #713, #682, #195 ) ;
#1836 = CIRCLE ( 'NONE', #368, 1.699999999999999512 ) ;
#1837 = CARTESIAN_POINT ( 'NONE',  ( -35.50000000000000711, 1.200000000000002620, 62.50000000000000000 ) ) ;
#1838 = ORIENTED_EDGE ( 'NONE', *, *, #2992, .T. ) ;
#1839 = EDGE_CURVE ( 'NONE', #243, #408, #2983, .T. ) ;
#1840 = CARTESIAN_POINT ( 'NONE',  ( -35.50000000000000711, -2.499999999999988898, 58.50000000000000000 ) ) ;
#1841 = VECTOR ( 'NONE', #2140, 1000.000000000000000 ) ;
#1842 = CARTESIAN_POINT ( 'NONE',  ( -6.400000000000001243, -15.99999999999999645, 26.50000000000000711 ) ) ;
#1843 = APPROVAL_ROLE ( '' ) ;
#1844 = DIRECTION ( 'NONE',  ( -1.000000000000000000, 1.097926250618232273E-16, -2.332161357353440310E-32 ) ) ;
#1845 = AXIS2_PLACEMENT_3D ( 'NONE', #2059, #418, #170 ) ;
#1846 = DIRECTION ( 'NONE',  ( -1.000000000000000000, 1.097926250618232273E-16, -2.332161357353440310E-32 ) ) ;
#1847 = FACE_OUTER_BOUND ( 'NONE', #885, .T. ) ;
#1848 = LINE ( 'NONE', #2794, #1305 ) ;
#1849 = CIRCLE ( 'NONE', #1299, 3.049999999999990052 ) ;
#1850 = EDGE_CURVE ( 'NONE', #1336, #2153, #1731, .T. ) ;
#1851 = ORIENTED_EDGE ( 'NONE', *, *, #2811, .T. ) ;
#1852 = DIRECTION ( 'NONE',  ( 0.000000000000000000, 0.000000000000000000, -1.000000000000000000 ) ) ;
#1853 = EDGE_CURVE ( 'NONE', #2468, #1093, #3094, .T. ) ;
#1854 = ORIENTED_EDGE ( 'NONE', *, *, #1730, .F. ) ;
#1855 = VERTEX_POINT ( 'NONE', #2518 ) ;
#1856 = CIRCLE ( 'NONE', #640, 8.050000000000002487 ) ;
#1857 = FACE_BOUND ( 'NONE', #1405, .T. ) ;
#1858 = VERTEX_POINT ( 'NONE', #1570 ) ;
#1859 = ADVANCED_FACE ( 'NONE', ( #828 ), #1346, .F. ) ;
#1860 = CARTESIAN_POINT ( 'NONE',  ( 14.40000000000000213, -2.000000000000001776, 67.00000000000000000 ) ) ;
#1861 = DIRECTION ( 'NONE',  ( 1.000000000000000000, 1.157847882830225021E-16, -0.000000000000000000 ) ) ;
#1862 = PERSON_AND_ORGANIZATION ( #717, #1081 ) ;
#1863 = CARTESIAN_POINT ( 'NONE',  ( -31.00000000000000355, -18.00000000000000000, 62.50000000000000000 ) ) ;
#1864 = DIRECTION ( 'NONE',  ( -1.000000000000000000, 1.208866533781747403E-16, -2.567815292417029038E-32 ) ) ;
#1865 = AXIS2_PLACEMENT_3D ( 'NONE', #1278, #542, #1085 ) ;
#1866 = VERTEX_POINT ( 'NONE', #1863 ) ;
#1867 = LINE ( 'NONE', #2129, #627 ) ;
#1868 = VERTEX_POINT ( 'NONE', #2598 ) ;
#1869 = DIRECTION ( 'NONE',  ( -0.000000000000000000, 0.000000000000000000, 1.000000000000000000 ) ) ;
#1870 = AXIS2_PLACEMENT_3D ( 'NONE', #552, #1530, #2464 ) ;
#1871 = AXIS2_PLACEMENT_3D ( 'NONE', #2388, #707, #2118 ) ;
#1872 = FACE_OUTER_BOUND ( 'NONE', #1561, .T. ) ;
#1873 = EDGE_LOOP ( 'NONE', ( #643, #2532, #963, #1775 ) ) ;
#1874 = LINE ( 'NONE', #1657, #1901 ) ;
#1875 = CARTESIAN_POINT ( 'NONE',  ( -31.00000000000000355, -22.74999999999998934, 62.50000000000000000 ) ) ;
#1876 = CYLINDRICAL_SURFACE ( 'NONE', #1390, 8.050000000000002487 ) ;
#1877 = CARTESIAN_POINT ( 'NONE',  ( -35.50000000000000711, -21.40000000000000213, 22.50000000000000711 ) ) ;
#1878 = DIRECTION ( 'NONE',  ( -1.000000000000000000, 1.097926250618232273E-16, -2.332161357353440584E-32 ) ) ;
#1879 = ORIENTED_EDGE ( 'NONE', *, *, #2189, .T. ) ;
#1880 = CARTESIAN_POINT ( 'NONE',  ( -35.50000000000000711, -21.59999999999998721, 58.50000000000000711 ) ) ;
#1881 = ORIENTED_EDGE ( 'NONE', *, *, #1362, .F. ) ;
#1882 = DIRECTION ( 'NONE',  ( -1.000000000000000000, 1.097926250618232273E-16, -2.332161357353440310E-32 ) ) ;
#1883 = EDGE_CURVE ( 'NONE', #951, #2062, #1205, .T. ) ;
#1884 = ORIENTED_EDGE ( 'NONE', *, *, #53, .F. ) ;
#1885 = DIRECTION ( 'NONE',  ( 1.000000000000000000, 0.000000000000000000, -0.000000000000000000 ) ) ;
#1886 = AXIS2_PLACEMENT_3D ( 'NONE', #628, #112, #2031 ) ;
#1887 = ORIENTED_EDGE ( 'NONE', *, *, #2108, .T. ) ;
#1888 = ADVANCED_FACE ( 'NONE', ( #2806 ), #2086, .T. ) ;
#1889 = ADVANCED_FACE ( 'NONE', ( #2869 ), #1409, .T. ) ;
#1890 = CARTESIAN_POINT ( 'NONE',  ( -2.800000000000000266, -20.60000000000000497, 85.00000000000000000 ) ) ;
#1891 = AXIS2_PLACEMENT_3D ( 'NONE', #2280, #1662, #2553 ) ;
#1892 = CARTESIAN_POINT ( 'NONE',  ( 10.10000000000000142, -16.00000000000000000, 0.000000000000000000 ) ) ;
#1893 = CARTESIAN_POINT ( 'NONE',  ( -25.00000000000000000, -19.69999999999999929, 62.50000000000000000 ) ) ;
#1894 = EDGE_CURVE ( 'NONE', #1434, #735, #2624, .T. ) ;
#1895 = AXIS2_PLACEMENT_3D ( 'NONE', #898, #1846, #2958 ) ;
#1896 = FACE_BOUND ( 'NONE', #2133, .T. ) ;
#1897 = CARTESIAN_POINT ( 'NONE',  ( -25.00000000000000000, -19.70000000000000284, 22.50000000000000711 ) ) ;
#1898 = ORIENTED_EDGE ( 'NONE', *, *, #2465, .T. ) ;
#1899 = FACE_OUTER_BOUND ( 'NONE', #980, .T. ) ;
#1900 = ORIENTED_EDGE ( 'NONE', *, *, #2839, .T. ) ;
#1901 = VECTOR ( 'NONE', #1406, 1000.000000000000000 ) ;
#1902 = ORIENTED_EDGE ( 'NONE', *, *, #2122, .F. ) ;
#1903 = DIRECTION ( 'NONE',  ( -1.000000000000000000, -1.299418334065024133E-16, -0.000000000000000000 ) ) ;
#1904 = VERTEX_POINT ( 'NONE', #1423 ) ;
#1905 = DIRECTION ( 'NONE',  ( -0.000000000000000000, 1.000000000000000000, 1.239088197126291852E-15 ) ) ;
#1906 = CARTESIAN_POINT ( 'NONE',  ( -33.50000000000000000, -18.00000000000000355, 22.50000000000000711 ) ) ;
#1907 = EDGE_CURVE ( 'NONE', #1912, #2153, #929, .T. ) ;
#1908 = DIRECTION ( 'NONE',  ( -1.000000000000000000, -1.299418334065024133E-16, -0.000000000000000000 ) ) ;
#1909 = CARTESIAN_POINT ( 'NONE',  ( -6.400000000000001243, -17.30000000000000782, 42.50000000000000000 ) ) ;
#1910 = DIRECTION ( 'NONE',  ( -1.000000000000000000, 0.000000000000000000, -0.000000000000000000 ) ) ;
#1911 = ORIENTED_EDGE ( 'NONE', *, *, #529, .T. ) ;
#1912 = VERTEX_POINT ( 'NONE', #2113 ) ;
#1913 = ORIENTED_EDGE ( 'NONE', *, *, #1274, .T. ) ;
#1914 = LINE ( 'NONE', #2637, #1321 ) ;
#1915 = ORIENTED_EDGE ( 'NONE', *, *, #2421, .T. ) ;
#1916 = CARTESIAN_POINT ( 'NONE',  ( -35.50000000000000711, -15.99999999999998934, 58.50000000000000711 ) ) ;
#1917 = ADVANCED_FACE ( 'NONE', ( #1646, #2345, #1896, #1443, #1631, #2361 ), #2840, .T. ) ;
#1918 = AXIS2_PLACEMENT_3D ( 'NONE', #1147, #2334, #1163 ) ;
#1919 = DIRECTION ( 'NONE',  ( 0.000000000000000000, -1.000000000000000000, 0.000000000000000000 ) ) ;
#1920 = LINE ( 'NONE', #685, #1765 ) ;
#1921 = EDGE_CURVE ( 'NONE', #1138, #2252, #465, .T. ) ;
#1922 = ADVANCED_FACE ( 'NONE', ( #2569 ), #186, .F. ) ;
#1923 = DIRECTION ( 'NONE',  ( -1.000000000000000000, -2.102695122396129916E-16, 0.000000000000000000 ) ) ;
#1924 = VERTEX_POINT ( 'NONE', #212 ) ;
#1925 = ORIENTED_EDGE ( 'NONE', *, *, #1974, .F. ) ;
#1926 = ORIENTED_EDGE ( 'NONE', *, *, #1103, .T. ) ;
#1927 = DIRECTION ( 'NONE',  ( -0.000000000000000000, 1.000000000000000000, -0.000000000000000000 ) ) ;
#1928 = ORIENTED_EDGE ( 'NONE', *, *, #1702, .F. ) ;
#1929 = ADVANCED_FACE ( 'NONE', ( #2126 ), #2138, .F. ) ;
#1930 = DIRECTION ( 'NONE',  ( -1.387778780781445676E-16, -1.000000000000000000, 0.000000000000000000 ) ) ;
#1931 = VECTOR ( 'NONE', #2823, 1000.000000000000000 ) ;
#1932 = CARTESIAN_POINT ( 'NONE',  ( -35.50000000000000711, -19.69999999999999929, 62.50000000000000000 ) ) ;
#1933 = VECTOR ( 'NONE', #2813, 1000.000000000000000 ) ;
#1934 = EDGE_LOOP ( 'NONE', ( #886, #1953, #3088, #537 ) ) ;
#1935 = FACE_OUTER_BOUND ( 'NONE', #517, .T. ) ;
#1936 = LINE ( 'NONE', #1648, #2501 ) ;
#1937 = DIRECTION ( 'NONE',  ( -1.208866533781747157E-16, -1.000000000000000000, 0.000000000000000000 ) ) ;
#1938 = VERTEX_POINT ( 'NONE', #2857 ) ;
#1939 = VERTEX_POINT ( 'NONE', #2613 ) ;
#1940 = EDGE_CURVE ( 'NONE', #1904, #1866, #2123, .T. ) ;
#1941 = ORIENTED_EDGE ( 'NONE', *, *, #956, .F. ) ;
#1942 = CARTESIAN_POINT ( 'NONE',  ( 10.10000000000000142, -18.10000000000000497, 47.15591022250214337 ) ) ;
#1943 = AXIS2_PLACEMENT_3D ( 'NONE', #291, #1538, #1720 ) ;
#1944 = ORIENTED_EDGE ( 'NONE', *, *, #2758, .F. ) ;
#1945 = AXIS2_PLACEMENT_3D ( 'NONE', #1824, #121, #604 ) ;
#1946 = DIRECTION ( 'NONE',  ( -0.000000000000000000, -0.000000000000000000, -1.000000000000000000 ) ) ;
#1947 = ADVANCED_FACE ( 'NONE', ( #1394 ), #1876, .F. ) ;
#1948 = LINE ( 'NONE', #12, #168 ) ;
#1949 = ORIENTED_EDGE ( 'NONE', *, *, #727, .F. ) ;
#1950 = DIRECTION ( 'NONE',  ( 1.000000000000000000, -1.208866533781747157E-16, -0.000000000000000000 ) ) ;
#1951 = DIRECTION ( 'NONE',  ( -0.000000000000000000, -0.000000000000000000, -1.000000000000000000 ) ) ;
#1952 = FACE_OUTER_BOUND ( 'NONE', #1120, .T. ) ;
#1953 = ORIENTED_EDGE ( 'NONE', *, *, #2522, .T. ) ;
#1954 = DIRECTION ( 'NONE',  ( -1.000000000000000000, 0.000000000000000000, 0.000000000000000000 ) ) ;
#1955 = ORIENTED_EDGE ( 'NONE', *, *, #1458, .F. ) ;
#1956 = VECTOR ( 'NONE', #793, 1000.000000000000000 ) ;
#1957 = VECTOR ( 'NONE', #3010, 1000.000000000000000 ) ;
#1958 = FACE_OUTER_BOUND ( 'NONE', #2734, .T. ) ;
#1959 = VERTEX_POINT ( 'NONE', #3047 ) ;
#1960 = DIRECTION ( 'NONE',  ( -1.000000000000000000, 1.208866533781747403E-16, -2.567815292417029038E-32 ) ) ;
#1961 = PLANE ( 'NONE',  #1069 ) ;
#1962 = FACE_OUTER_BOUND ( 'NONE', #666, .T. ) ;
#1963 = DIRECTION ( 'NONE',  ( -1.000000000000000000, 0.000000000000000000, 0.000000000000000000 ) ) ;
#1964 = VERTEX_POINT ( 'NONE', #2332 ) ;
#1965 = DIRECTION ( 'NONE',  ( 1.548860246407864322E-16, 1.000000000000000000, 0.000000000000000000 ) ) ;
#1966 = EDGE_CURVE ( 'NONE', #410, #2593, #2099, .T. ) ;
#1967 = EDGE_LOOP ( 'NONE', ( #1928, #511, #2387, #2213 ) ) ;
#1968 = LINE ( 'NONE', #101, #2166 ) ;
#1969 = EDGE_CURVE ( 'NONE', #1964, #3071, #55, .T. ) ;
#1970 = VERTEX_POINT ( 'NONE', #2418 ) ;
#1971 = EDGE_CURVE ( 'NONE', #1077, #1985, #516, .T. ) ;
#1972 = EDGE_CURVE ( 'NONE', #2705, #1381, #304, .T. ) ;
#1973 = VECTOR ( 'NONE', #1297, 1000.000000000000000 ) ;
#1974 = EDGE_CURVE ( 'NONE', #2531, #1268, #2266, .T. ) ;
#1975 = LINE ( 'NONE', #1261, #2469 ) ;
#1976 = EDGE_LOOP ( 'NONE', ( #454, #1356, #783, #832 ) ) ;
#1977 = VECTOR ( 'NONE', #622, 1000.000000000000000 ) ;
#1978 = CARTESIAN_POINT ( 'NONE',  ( -6.400000000000001243, -15.99999999999999289, 58.50000000000000711 ) ) ;
#1979 = CYLINDRICAL_SURFACE ( 'NONE', #7, 1.700000000000000178 ) ;
#1980 = CIRCLE ( 'NONE', #268, 1.699999999999999512 ) ;
#1981 = DIRECTION ( 'NONE',  ( -1.000000000000000000, 1.097926250618232273E-16, -2.332161357353440310E-32 ) ) ;
#1982 = DIRECTION ( 'NONE',  ( 0.000000000000000000, -1.000000000000000000, 0.000000000000000000 ) ) ;
#1983 = ORIENTED_EDGE ( 'NONE', *, *, #2616, .F. ) ;
#1984 = CARTESIAN_POINT ( 'NONE',  ( -35.50000000000000711, -0.4999999999999961142, 62.50000000000000000 ) ) ;
#1985 = VERTEX_POINT ( 'NONE', #2405 ) ;
#1986 = DIRECTION ( 'NONE',  ( -1.000000000000000000, 1.097926250618232273E-16, -2.332161357353440310E-32 ) ) ;
#1987 = ORIENTED_EDGE ( 'NONE', *, *, #1907, .F. ) ;
#1988 = VECTOR ( 'NONE', #2457, 1000.000000000000000 ) ;
#1989 = ORIENTED_EDGE ( 'NONE', *, *, #357, .F. ) ;
#1990 = CARTESIAN_POINT ( 'NONE',  ( 14.80000000000000782, -16.00000000000000000, 18.00000000000000355 ) ) ;
#1991 = AXIS2_PLACEMENT_3D ( 'NONE', #269, #2914, #2669 ) ;
#1992 = LINE ( 'NONE', #2199, #2416 ) ;
#1993 = VERTEX_POINT ( 'NONE', #270 ) ;
#1994 = CARTESIAN_POINT ( 'NONE',  ( 0.000000000000000000, 0.000000000000000000, 0.000000000000000000 ) ) ;
#1995 = CARTESIAN_POINT ( 'NONE',  ( 10.09999999999999964, -2.000000000000001776, 0.000000000000000000 ) ) ;
#1996 = CARTESIAN_POINT ( 'NONE',  ( -16.50000000000000000, -2.999999999999998668, 32.20000000000000284 ) ) ;
#1997 = DIRECTION ( 'NONE',  ( -1.000000000000000000, 1.208866533781747403E-16, -2.567815292417029038E-32 ) ) ;
#1998 = VERTEX_POINT ( 'NONE', #284 ) ;
#1999 = CARTESIAN_POINT ( 'NONE',  ( -35.50000000000000000, 5.100000000000004086, 67.00000000000000000 ) ) ;
#2000 = ORIENTED_EDGE ( 'NONE', *, *, #114, .T. ) ;
#2001 = CARTESIAN_POINT ( 'NONE',  ( -31.00000000000000355, -19.69999999999999929, 62.50000000000000000 ) ) ;
#2002 = ORIENTED_EDGE ( 'NONE', *, *, #2601, .F. ) ;
#2003 = DIRECTION ( 'NONE',  ( 0.000000000000000000, 0.000000000000000000, -1.000000000000000000 ) ) ;
#2004 = CARTESIAN_POINT ( 'NONE',  ( -31.00000000000000355, 1.199999999999997291, 22.50000000000000711 ) ) ;
#2005 = ADVANCED_FACE ( 'NONE', ( #1958 ), #521, .F. ) ;
#2006 = DIRECTION ( 'NONE',  ( -1.000000000000000000, 1.208866533781747403E-16, -2.567815292417029038E-32 ) ) ;
#2007 = AXIS2_PLACEMENT_3D ( 'NONE', #2087, #1829, #2336 ) ;
#2008 = CARTESIAN_POINT ( 'NONE',  ( -25.00000000000000000, 1.200000000000001510, 62.50000000000000000 ) ) ;
#2009 = VECTOR ( 'NONE', #2040, 1000.000000000000000 ) ;
#2010 = LINE ( 'NONE', #1978, #452 ) ;
#2011 = LINE ( 'NONE', #827, #1956 ) ;
#2012 = AXIS2_PLACEMENT_3D ( 'NONE', #2450, #1743, #2024 ) ;
#2013 = LINE ( 'NONE', #1101, #2263 ) ;
#2014 = EDGE_CURVE ( 'NONE', #1609, #1724, #2915, .T. ) ;
#2015 = EDGE_CURVE ( 'NONE', #2768, #1533, #732, .T. ) ;
#2016 = CARTESIAN_POINT ( 'NONE',  ( 12.20000000000000284, 0.000000000000000000, 67.00000000000000000 ) ) ;
#2017 = EDGE_LOOP ( 'NONE', ( #250, #3009, #991, #1172 ) ) ;
#2018 = CARTESIAN_POINT ( 'NONE',  ( 1.974353303279924711E-15, -18.10000000000000497, 85.00000000000000000 ) ) ;
#2019 = AXIS2_PLACEMENT_3D ( 'NONE', #2439, #541, #1780 ) ;
#2020 = EDGE_CURVE ( 'NONE', #484, #1735, #1975, .T. ) ;
#2021 = EDGE_LOOP ( 'NONE', ( #2481, #2135 ) ) ;
#2022 = CARTESIAN_POINT ( 'NONE',  ( -2.800000000000000266, -20.60000000000000497, 67.00000000000000000 ) ) ;
#2023 = ORIENTED_EDGE ( 'NONE', *, *, #772, .T. ) ;
#2024 = DIRECTION ( 'NONE',  ( 0.000000000000000000, -1.000000000000000000, 0.000000000000000000 ) ) ;
#2025 = DIRECTION ( 'NONE',  ( 0.000000000000000000, -1.000000000000000000, 0.000000000000000000 ) ) ;
#2026 = EDGE_CURVE ( 'NONE', #310, #3086, #1992, .T. ) ;
#2027 = DIRECTION ( 'NONE',  ( -0.000000000000000000, -1.219727444046192488E-16, -1.000000000000000000 ) ) ;
#2028 = LINE ( 'NONE', #2278, #197 ) ;
#2029 = PRODUCT_RELATED_PRODUCT_CATEGORY ( 'detail', '', ( #1427 ) ) ;
#2030 = AXIS2_PLACEMENT_3D ( 'NONE', #1220, #1505, #990 ) ;
#2031 = DIRECTION ( 'NONE',  ( -5.387339987505610399E-17, -1.000000000000000000, 0.000000000000000000 ) ) ;
#2032 = EDGE_LOOP ( 'NONE', ( #2169, #218, #271, #2242 ) ) ;
#2033 = LINE ( 'NONE', #2476, #1602 ) ;
#2034 = AXIS2_PLACEMENT_3D ( 'NONE', #1, #970, #1919 ) ;
#2035 = ORIENTED_EDGE ( 'NONE', *, *, #2839, .F. ) ;
#2036 = CARTESIAN_POINT ( 'NONE',  ( -35.50000000000000711, -15.99999999999999289, 20.00000000000000000 ) ) ;
#2037 = PLANE ( 'NONE',  #2830 ) ;
#2038 = CIRCLE ( 'NONE', #1895, 1.700000000000000178 ) ;
#2039 = VERTEX_POINT ( 'NONE', #2212 ) ;
#2040 = DIRECTION ( 'NONE',  ( 0.000000000000000000, -1.000000000000000000, 0.000000000000000000 ) ) ;
#2041 = CARTESIAN_POINT ( 'NONE',  ( -35.50000000000000711, 2.899999999999997247, 22.50000000000000711 ) ) ;
#2042 = CLOSED_SHELL ( 'NONE', ( #1706, #3093, #2961, #2555, #2285, #1929, #2210, #336, #16, #327, #1080, #2253, #2905, #1922, #2190, #2789, #2375, #623, #796, #1010, #1393, #2821, #393, #28, #1236, #2702, #2653, #2424, #1108, #728, #149, #106, #1062, #1814, #2380, #2293, #1859, #1070, #1607, #295, #629, #1630, #1233, #473, #2005, #933, #2394, #1828, #2756, #2565, #1947, #166, #1660, #117, #969, #288, #1145, #1354, #2243, #2752, #199, #1745, #1917, #1664, #2693, #1888, #1380, #1531, #1430, #289, #2621, #2617, #72, #131, #1509, #1525, #878, #2391, #738, #1569, #2230, #576, #1185, #1466, #3082, #1687, #74, #2564, #1467, #239, #1292, #1628, #1330, #2721, #2656, #1889, #1711, #496, #557, #1196, #3084 ) ) ;
#2043 = DIRECTION ( 'NONE',  ( 1.000000000000000000, 0.000000000000000000, 0.000000000000000000 ) ) ;
#2044 = APPROVAL_DATE_TIME ( #1376, #17 ) ;
#2045 = CARTESIAN_POINT ( 'NONE',  ( 24.40000000000000213, -2.000000000000001776, 35.61251134302204235 ) ) ;
#2046 = CARTESIAN_POINT ( 'NONE',  ( -16.50000000000000000, -15.50000000000000000, 64.00000000000000000 ) ) ;
#2047 = CARTESIAN_POINT ( 'NONE',  ( -31.00000000000000355, 4.249999999999998224, 22.50000000000000711 ) ) ;
#2048 = ORIENTED_EDGE ( 'NONE', *, *, #1201, .T. ) ;
#2049 = ORIENTED_EDGE ( 'NONE', *, *, #2514, .F. ) ;
#2050 = CARTESIAN_POINT ( 'NONE',  ( -35.50000000000000711, -15.99999999999998934, 58.50000000000000711 ) ) ;
#2051 = EDGE_LOOP ( 'NONE', ( #2548, #2797, #2320, #3008 ) ) ;
#2052 = DIRECTION ( 'NONE',  ( -1.000000000000000000, 0.000000000000000000, 0.000000000000000000 ) ) ;
#2053 = FACE_OUTER_BOUND ( 'NONE', #2697, .T. ) ;
#2054 = EDGE_CURVE ( 'NONE', #2367, #1289, #2685, .T. ) ;
#2055 = APPROVAL_STATUS ( 'not_yet_approved' ) ;
#2056 = DIRECTION ( 'NONE',  ( 0.000000000000000000, 0.000000000000000000, -1.000000000000000000 ) ) ;
#2057 = VECTOR ( 'NONE', #1177, 1000.000000000000000 ) ;
#2058 = CARTESIAN_POINT ( 'NONE',  ( -16.50000000000000000, -9.250000000000000000, 42.50000000000000000 ) ) ;
#2059 = CARTESIAN_POINT ( 'NONE',  ( 12.20000000000000107, -0.4000000000000000222, 85.00000000000000000 ) ) ;
#2060 = DIRECTION ( 'NONE',  ( 0.000000000000000000, 0.000000000000000000, -1.000000000000000000 ) ) ;
#2061 = CIRCLE ( 'NONE', #104, 1.700000000000000178 ) ;
#2062 = VERTEX_POINT ( 'NONE', #539 ) ;
#2063 = DIRECTION ( 'NONE',  ( 0.000000000000000000, -0.000000000000000000, -1.000000000000000000 ) ) ;
#2064 = CARTESIAN_POINT ( 'NONE',  ( 24.40000000000000213, -16.00000000000000000, 35.12182271831314750 ) ) ;
#2065 = ORIENTED_EDGE ( 'NONE', *, *, #1424, .T. ) ;
#2066 = PLANE ( 'NONE',  #602 ) ;
#2067 = ORIENTED_EDGE ( 'NONE', *, *, #972, .T. ) ;
#2068 = DIRECTION ( 'NONE',  ( 1.000000000000000000, -1.208866533781747157E-16, -0.000000000000000000 ) ) ;
#2069 = EDGE_CURVE ( 'NONE', #1868, #1156, #1140, .T. ) ;
#2070 = EDGE_CURVE ( 'NONE', #1268, #1868, #1516, .T. ) ;
#2071 = FACE_OUTER_BOUND ( 'NONE', #1256, .T. ) ;
#2072 = FACE_OUTER_BOUND ( 'NONE', #1760, .T. ) ;
#2073 = EDGE_CURVE ( 'NONE', #1533, #764, #1014, .T. ) ;
#2074 = CYLINDRICAL_SURFACE ( 'NONE', #894, 1.699999999999998845 ) ;
#2075 = LINE ( 'NONE', #865, #2195 ) ;
#2076 = VECTOR ( 'NONE', #2236, 1000.000000000000000 ) ;
#2077 = EDGE_CURVE ( 'NONE', #468, #310, #1725, .T. ) ;
#2078 = ORIENTED_EDGE ( 'NONE', *, *, #2716, .F. ) ;
#2079 = AXIS2_PLACEMENT_3D ( 'NONE', #1031, #1275, #257 ) ;
#2080 = VECTOR ( 'NONE', #1825, 1000.000000000000000 ) ;
#2081 = CARTESIAN_POINT ( 'NONE',  ( -35.50000000000000711, 3.100000000000002753, 26.50000000000000355 ) ) ;
#2082 = ORIENTED_EDGE ( 'NONE', *, *, #173, .F. ) ;
#2083 = LINE ( 'NONE', #3041, #744 ) ;
#2084 = DIRECTION ( 'NONE',  ( 0.000000000000000000, -1.000000000000000000, 0.000000000000000000 ) ) ;
#2085 = DIRECTION ( 'NONE',  ( 1.000000000000000000, -0.000000000000000000, -0.000000000000000000 ) ) ;
#2086 = PLANE ( 'NONE',  #217 ) ;
#2087 = CARTESIAN_POINT ( 'NONE',  ( 10.09999999999999964, 0.000000000000000000, 85.00000000000000000 ) ) ;
#2088 = VECTOR ( 'NONE', #2997, 1000.000000000000000 ) ;
#2089 = ORIENTED_EDGE ( 'NONE', *, *, #979, .F. ) ;
#2090 = DIRECTION ( 'NONE',  ( 0.000000000000000000, 2.124151195073641295E-16, 1.000000000000000000 ) ) ;
#2091 = CIRCLE ( 'NONE', #968, 1.699999999999998845 ) ;
#2092 = ORIENTED_EDGE ( 'NONE', *, *, #3090, .T. ) ;
#2093 = DIRECTION ( 'NONE',  ( -1.000000000000000000, 0.000000000000000000, 0.000000000000000000 ) ) ;
#2094 = CARTESIAN_POINT ( 'NONE',  ( -16.50000000000000000, -2.999999999999998668, 59.75000000000000000 ) ) ;
#2095 = VERTEX_POINT ( 'NONE', #491 ) ;
#2096 = LINE ( 'NONE', #2582, #1803 ) ;
#2097 = DIRECTION ( 'NONE',  ( 1.000000000000000000, 0.000000000000000000, -0.000000000000000000 ) ) ;
#2098 = APPROVAL_STATUS ( 'not_yet_approved' ) ;
#2099 = LINE ( 'NONE', #3063, #1931 ) ;
#2100 = CARTESIAN_POINT ( 'NONE',  ( 10.10000000000000320, -16.00000000000000000, 18.00000000000000355 ) ) ;
#2101 = DIRECTION ( 'NONE',  ( 0.000000000000000000, -1.000000000000000000, 0.000000000000000000 ) ) ;
#2102 = EDGE_CURVE ( 'NONE', #2181, #1820, #1948, .T. ) ;
#2103 = EDGE_CURVE ( 'NONE', #948, #653, #2898, .T. ) ;
#2104 = DIRECTION ( 'NONE',  ( 0.000000000000000000, -1.000000000000000000, 0.000000000000000000 ) ) ;
#2105 = ORIENTED_EDGE ( 'NONE', *, *, #2014, .F. ) ;
#2106 = ORIENTED_EDGE ( 'NONE', *, *, #2757, .F. ) ;
#2107 = CIRCLE ( 'NONE', #660, 1.699999999999996625 ) ;
#2108 = EDGE_CURVE ( 'NONE', #2225, #1625, #2392, .T. ) ;
#2109 = CARTESIAN_POINT ( 'NONE',  ( -31.00000000000000355, 1.200000000000001954, 62.50000000000000000 ) ) ;
#2110 = ORIENTED_EDGE ( 'NONE', *, *, #1694, .T. ) ;
#2111 = DIRECTION ( 'NONE',  ( -1.097926250618232273E-16, -1.000000000000000000, 0.000000000000000000 ) ) ;
#2112 = FACE_OUTER_BOUND ( 'NONE', #1243, .T. ) ;
#2113 = CARTESIAN_POINT ( 'NONE',  ( -31.00000000000000355, -1.850000000000004308, 22.50000000000000711 ) ) ;
#2114 = DIRECTION ( 'NONE',  ( 1.000000000000000000, -1.208866533781747157E-16, -0.000000000000000000 ) ) ;
#2115 = DIRECTION ( 'NONE',  ( -1.000000000000000000, 6.044332668908739480E-17, 0.000000000000000000 ) ) ;
#2116 = ORIENTED_EDGE ( 'NONE', *, *, #2852, .T. ) ;
#2117 = ORIENTED_EDGE ( 'NONE', *, *, #2572, .F. ) ;
#2118 = DIRECTION ( 'NONE',  ( 0.000000000000000000, -1.000000000000000000, 0.000000000000000000 ) ) ;
#2119 = VECTOR ( 'NONE', #704, 1000.000000000000000 ) ;
#2120 = ORIENTED_EDGE ( 'NONE', *, *, #488, .F. ) ;
#2121 = CARTESIAN_POINT ( 'NONE',  ( 24.40000000000000213, -9.250000000000000000, 42.50000000000000000 ) ) ;
#2122 = EDGE_CURVE ( 'NONE', #735, #1434, #2927, .T. ) ;
#2123 = CIRCLE ( 'NONE', #2034, 1.699999999999996625 ) ;
#2124 = CARTESIAN_POINT ( 'NONE',  ( -35.50000000000000711, -18.00000000000000355, 22.50000000000000711 ) ) ;
#2125 = AXIS2_PLACEMENT_3D ( 'NONE', #387, #2478, #3007 ) ;
#2126 = FACE_OUTER_BOUND ( 'NONE', #2232, .T. ) ;
#2127 = DIRECTION ( 'NONE',  ( -1.000000000000000000, 1.208866533781747403E-16, -2.567815292417029038E-32 ) ) ;
#2128 = VERTEX_POINT ( 'NONE', #2881 ) ;
#2129 = CARTESIAN_POINT ( 'NONE',  ( -31.00000000000000355, 4.249999999999993783, 62.50000000000000000 ) ) ;
#2130 = VERTEX_POINT ( 'NONE', #123 ) ;
#2131 = EDGE_LOOP ( 'NONE', ( #820, #1542, #2355, #1764, #725, #2886, #723, #1286 ) ) ;
#2132 = AXIS2_PLACEMENT_3D ( 'NONE', #311, #2988, #579 ) ;
#2133 = EDGE_LOOP ( 'NONE', ( #235, #2527 ) ) ;
#2134 = DIRECTION ( 'NONE',  ( -1.000000000000000000, 0.000000000000000000, 0.000000000000000000 ) ) ;
#2135 = ORIENTED_EDGE ( 'NONE', *, *, #1435, .F. ) ;
#2136 = DIRECTION ( 'NONE',  ( 0.000000000000000000, -1.000000000000000000, 0.000000000000000000 ) ) ;
#2137 = EDGE_CURVE ( 'NONE', #841, #408, #825, .T. ) ;
#2138 = CYLINDRICAL_SURFACE ( 'NONE', #68, 3.050000000000000711 ) ;
#2139 = CARTESIAN_POINT ( 'NONE',  ( 12.20000000000000107, -18.10000000000000497, 18.00000000000000355 ) ) ;
#2140 = DIRECTION ( 'NONE',  ( -0.000000000000000000, -0.000000000000000000, -1.000000000000000000 ) ) ;
#2141 = ORIENTED_EDGE ( 'NONE', *, *, #3089, .F. ) ;
#2142 = EDGE_LOOP ( 'NONE', ( #1211, #2304, #2543, #1461 ) ) ;
#2143 = EDGE_CURVE ( 'NONE', #1367, #2850, #91, .T. ) ;
#2144 = EDGE_CURVE ( 'NONE', #6, #2595, #621, .T. ) ;
#2145 = ORIENTED_EDGE ( 'NONE', *, *, #769, .T. ) ;
#2146 = PLANE ( 'NONE',  #2736 ) ;
#2147 = AXIS2_PLACEMENT_3D ( 'NONE', #404, #1864, #1332 ) ;
#2148 = EDGE_LOOP ( 'NONE', ( #1528, #1199, #392, #285 ) ) ;
#2149 = CIRCLE ( 'NONE', #1215, 10.00000000000000178 ) ;
#2150 = APPLICATION_CONTEXT ( 'configuration controlled 3d designs of mechanical parts and assemblies' ) ;
#2151 = LOCAL_TIME ( 19, 36, 11.00000000000000000, #2584 ) ;
#2152 = CARTESIAN_POINT ( 'NONE',  ( -16.50000000000000000, -2.999999999999998668, 32.20000000000000284 ) ) ;
#2153 = VERTEX_POINT ( 'NONE', #2467 ) ;
#2154 = EDGE_CURVE ( 'NONE', #1121, #1197, #1240, .T. ) ;
#2155 = LINE ( 'NONE', #14, #1171 ) ;
#2156 = EDGE_CURVE ( 'NONE', #2370, #1258, #2419, .T. ) ;
#2157 = ORIENTED_EDGE ( 'NONE', *, *, #1255, .T. ) ;
#2158 = CARTESIAN_POINT ( 'NONE',  ( 12.20000000000000107, -18.10000000000000497, 85.00000000000000000 ) ) ;
#2159 = ORIENTED_EDGE ( 'NONE', *, *, #2335, .T. ) ;
#2160 = EDGE_CURVE ( 'NONE', #176, #1121, #353, .T. ) ;
#2161 = ORIENTED_EDGE ( 'NONE', *, *, #2390, .T. ) ;
#2162 = DIRECTION ( 'NONE',  ( 0.000000000000000000, -1.000000000000000000, 0.000000000000000000 ) ) ;
#2163 = ORIENTED_EDGE ( 'NONE', *, *, #395, .T. ) ;
#2164 = AXIS2_PLACEMENT_3D ( 'NONE', #2744, #383, #1600 ) ;
#2165 = CARTESIAN_POINT ( 'NONE',  ( 13.79999999999999361, -24.60000000000000142, 67.00000000000000000 ) ) ;
#2166 = VECTOR ( 'NONE', #298, 1000.000000000000000 ) ;
#2167 = DIRECTION ( 'NONE',  ( 1.000000000000000000, -1.208866533781747157E-16, -0.000000000000000000 ) ) ;
#2168 = AXIS2_PLACEMENT_3D ( 'NONE', #2008, #1598, #1312 ) ;
#2169 = ORIENTED_EDGE ( 'NONE', *, *, #2856, .F. ) ;
#2170 = LINE ( 'NONE', #31, #2466 ) ;
#2171 = DIRECTION ( 'NONE',  ( -1.000000000000000000, 1.097926250618232273E-16, -2.332161357353440584E-32 ) ) ;
#2172 = CYLINDRICAL_SURFACE ( 'NONE', #122, 1.699999999999999512 ) ;
#2173 = EDGE_LOOP ( 'NONE', ( #1742, #2911, #1364, #1283 ) ) ;
#2174 = ORIENTED_EDGE ( 'NONE', *, *, #1894, .T. ) ;
#2175 = DIRECTION ( 'NONE',  ( 0.000000000000000000, -1.000000000000000000, 0.000000000000000000 ) ) ;
#2176 = FACE_OUTER_BOUND ( 'NONE', #99, .T. ) ;
#2177 = ORIENTED_EDGE ( 'NONE', *, *, #1329, .F. ) ;
#2178 = VECTOR ( 'NONE', #1113, 1000.000000000000000 ) ;
#2179 = CARTESIAN_POINT ( 'NONE',  ( -1.100000000000000311, -9.250000000000001776, 42.50000000000000000 ) ) ;
#2180 = CARTESIAN_POINT ( 'NONE',  ( 13.80000000000000249, -23.59999999999999787, 67.00000000000000000 ) ) ;
#2181 = VERTEX_POINT ( 'NONE', #1099 ) ;
#2182 = CARTESIAN_POINT ( 'NONE',  ( 5.204170427930421283E-15, -0.4000000000000000222, 67.00000000000000000 ) ) ;
#2183 = EDGE_CURVE ( 'NONE', #253, #2632, #879, .T. ) ;
#2184 = PLANE ( 'NONE',  #2030 ) ;
#2185 = CARTESIAN_POINT ( 'NONE',  ( -16.50000000000000000, -2.999999999999998668, 59.75000000000000000 ) ) ;
#2186 = VERTEX_POINT ( 'NONE', #2999 ) ;
#2187 = CARTESIAN_POINT ( 'NONE',  ( -6.399999999999999467, -2.499999999999996003, 26.50000000000000711 ) ) ;
#2188 = EDGE_CURVE ( 'NONE', #2186, #5, #2672, .T. ) ;
#2189 = EDGE_CURVE ( 'NONE', #1668, #2595, #1813, .T. ) ;
#2190 = ADVANCED_FACE ( 'NONE', ( #109, #860, #2513 ), #1325, .F. ) ;
#2191 = VERTEX_POINT ( 'NONE', #1343 ) ;
#2192 = CARTESIAN_POINT ( 'NONE',  ( -6.400000000000001243, -15.99999999999999289, 58.50000000000000711 ) ) ;
#2193 = ORIENTED_EDGE ( 'NONE', *, *, #3049, .T. ) ;
#2194 = EDGE_CURVE ( 'NONE', #1381, #1241, #135, .T. ) ;
#2195 = VECTOR ( 'NONE', #1149, 1000.000000000000000 ) ;
#2196 = DIRECTION ( 'NONE',  ( -1.208866533781747157E-16, -1.000000000000000000, -1.020425574104003260E-16 ) ) ;
#2197 = LINE ( 'NONE', #2980, #1554 ) ;
#2198 = AXIS2_PLACEMENT_3D ( 'NONE', #1892, #695, #954 ) ;
#2199 = CARTESIAN_POINT ( 'NONE',  ( -16.50000000000000000, -2.999999999999998668, 32.20000000000000284 ) ) ;
#2200 = ORIENTED_EDGE ( 'NONE', *, *, #1971, .T. ) ;
#2201 = LINE ( 'NONE', #1534, #2249 ) ;
#2202 = DIRECTION ( 'NONE',  ( -0.000000000000000000, -2.668805347656624213E-16, -1.000000000000000000 ) ) ;
#2203 = FACE_OUTER_BOUND ( 'NONE', #2384, .T. ) ;
#2204 = CARTESIAN_POINT ( 'NONE',  ( -6.399999999999999467, -2.499999999999992450, 58.50000000000000000 ) ) ;
#2205 = ORIENTED_EDGE ( 'NONE', *, *, #1329, .T. ) ;
#2206 = DIRECTION ( 'NONE',  ( -1.000000000000000000, 1.208866533781747403E-16, -2.567815292417029038E-32 ) ) ;
#2207 = VERTEX_POINT ( 'NONE', #1114 ) ;
#2208 = DIRECTION ( 'NONE',  ( -1.000000000000000000, 1.097926250618232273E-16, -2.332161357353440584E-32 ) ) ;
#2209 = ORIENTED_EDGE ( 'NONE', *, *, #2853, .F. ) ;
#2210 = ADVANCED_FACE ( 'NONE', ( #2053 ), #2772, .F. ) ;
#2211 = VECTOR ( 'NONE', #1951, 1000.000000000000000 ) ;
#2212 = CARTESIAN_POINT ( 'NONE',  ( -25.00000000000000000, 2.899999999999995914, 22.50000000000000711 ) ) ;
#2213 = ORIENTED_EDGE ( 'NONE', *, *, #200, .F. ) ;
#2214 = VECTOR ( 'NONE', #2814, 1000.000000000000000 ) ;
#2215 = CARTESIAN_POINT ( 'NONE',  ( -25.00000000000000000, -19.70000000000000284, 22.50000000000000711 ) ) ;
#2216 = AXIS2_PLACEMENT_3D ( 'NONE', #2908, #994, #2175 ) ;
#2217 = CARTESIAN_POINT ( 'NONE',  ( -6.399999999999999467, -3.000000000000000444, 64.00000000000000000 ) ) ;
#2218 = LINE ( 'NONE', #1316, #1245 ) ;
#2219 = ORIENTED_EDGE ( 'NONE', *, *, #742, .F. ) ;
#2220 = VECTOR ( 'NONE', #2090, 1000.000000000000000 ) ;
#2221 = CARTESIAN_POINT ( 'NONE',  ( 14.40000000000000213, -2.000000000000001776, 18.00000000000000355 ) ) ;
#2222 = EDGE_CURVE ( 'NONE', #2181, #1964, #2537, .T. ) ;
#2223 = EDGE_LOOP ( 'NONE', ( #1431, #1810, #1317, #2573 ) ) ;
#2224 = CARTESIAN_POINT ( 'NONE',  ( -6.399999999999999467, -3.000000000000000000, 32.20000000000000284 ) ) ;
#2225 = VERTEX_POINT ( 'NONE', #2231 ) ;
#2226 = VECTOR ( 'NONE', #1617, 1000.000000000000000 ) ;
#2227 = VERTEX_POINT ( 'NONE', #1066 ) ;
#2228 = CARTESIAN_POINT ( 'NONE',  ( -6.399999999999999467, -3.000000000000000444, 64.00000000000000000 ) ) ;
#2229 = AXIS2_PLACEMENT_3D ( 'NONE', #2308, #1311, #1083 ) ;
#2230 = ADVANCED_FACE ( 'NONE', ( #2967 ), #1128, .F. ) ;
#2231 = CARTESIAN_POINT ( 'NONE',  ( 12.20000000000000107, -0.3999999999999993006, 37.84408977749784952 ) ) ;
#2232 = EDGE_LOOP ( 'NONE', ( #2353, #102, #1514, #470 ) ) ;
#2233 = CARTESIAN_POINT ( 'NONE',  ( -25.00000000000000000, -0.4999999999999973910, 62.50000000000000000 ) ) ;
#2234 = LINE ( 'NONE', #1718, #246 ) ;
#2235 = EDGE_CURVE ( 'NONE', #1820, #690, #1084, .T. ) ;
#2236 = DIRECTION ( 'NONE',  ( -0.000000000000000000, -2.668805347656624213E-16, -1.000000000000000000 ) ) ;
#2237 = PLANE ( 'NONE',  #2884 ) ;
#2238 = ORIENTED_EDGE ( 'NONE', *, *, #232, .T. ) ;
#2239 = DIRECTION ( 'NONE',  ( -1.000000000000000000, 1.097926250618232273E-16, -2.332161357353440310E-32 ) ) ;
#2240 = ORIENTED_EDGE ( 'NONE', *, *, #2289, .T. ) ;
#2241 = DIRECTION ( 'NONE',  ( -0.000000000000000000, 1.020425574104003260E-16, -1.000000000000000000 ) ) ;
#2242 = ORIENTED_EDGE ( 'NONE', *, *, #2102, .T. ) ;
#2243 = ADVANCED_FACE ( 'NONE', ( #846 ), #1800, .F. ) ;
#2244 = FACE_OUTER_BOUND ( 'NONE', #1133, .T. ) ;
#2245 = CARTESIAN_POINT ( 'NONE',  ( -6.399999999999999467, 3.099999999999999645, 26.50000000000000355 ) ) ;
#2246 = AXIS2_PLACEMENT_3D ( 'NONE', #1837, #409, #2784 ) ;
#2247 = FACE_OUTER_BOUND ( 'NONE', #375, .T. ) ;
#2248 = AXIS2_PLACEMENT_3D ( 'NONE', #1417, #2413, #950 ) ;
#2249 = VECTOR ( 'NONE', #524, 1000.000000000000000 ) ;
#2250 = DIRECTION ( 'NONE',  ( -0.000000000000000000, 1.000000000000000000, 1.239088197126291852E-15 ) ) ;
#2251 = DIRECTION ( 'NONE',  ( 0.000000000000000000, 0.000000000000000000, -1.000000000000000000 ) ) ;
#2252 = VERTEX_POINT ( 'NONE', #1906 ) ;
#2253 = ADVANCED_FACE ( 'NONE', ( #1611 ), #3076, .F. ) ;
#2254 = CARTESIAN_POINT ( 'NONE',  ( -5.399999999999998579, 5.100000000000000533, 67.00000000000000000 ) ) ;
#2255 = ORIENTED_EDGE ( 'NONE', *, *, #2643, .T. ) ;
#2256 = CARTESIAN_POINT ( 'NONE',  ( 12.20000000000000107, 2.100000000000000089, 67.00000000000000000 ) ) ;
#2257 = FACE_OUTER_BOUND ( 'NONE', #2148, .T. ) ;
#2258 = ORIENTED_EDGE ( 'NONE', *, *, #1478, .F. ) ;
#2259 = CARTESIAN_POINT ( 'NONE',  ( -31.00000000000000355, -19.69999999999999929, 62.50000000000000000 ) ) ;
#2260 = CARTESIAN_POINT ( 'NONE',  ( -6.399999999999998579, 5.100000000000000533, 122.3085781020933780 ) ) ;
#2261 = APPLICATION_PROTOCOL_DEFINITION ( 'international standard', 'config_control_design', 1994, #2150 ) ;
#2262 = CYLINDRICAL_SURFACE ( 'NONE', #2503, 1.699999999999996625 ) ;
#2263 = VECTOR ( 'NONE', #2250, 1000.000000000000000 ) ;
#2264 = DIRECTION ( 'NONE',  ( -1.000000000000000000, 6.044332668908739480E-17, 0.000000000000000000 ) ) ;
#2265 = DIRECTION ( 'NONE',  ( 0.000000000000000000, -1.000000000000000000, 0.000000000000000000 ) ) ;
#2266 = CIRCLE ( 'NONE', #3030, 1.000000000000000888 ) ;
#2267 = EDGE_LOOP ( 'NONE', ( #745, #689 ) ) ;
#2268 = VECTOR ( 'NONE', #1832, 1000.000000000000000 ) ;
#2269 = ORIENTED_EDGE ( 'NONE', *, *, #2935, .T. ) ;
#2270 = ORIENTED_EDGE ( 'NONE', *, *, #877, .T. ) ;
#2271 = CARTESIAN_POINT ( 'NONE',  ( -1.099999999999999867, -1.199999999999999734, 42.50000000000000000 ) ) ;
#2272 = EDGE_CURVE ( 'NONE', #2368, #2227, #696, .T. ) ;
#2273 = FACE_OUTER_BOUND ( 'NONE', #69, .T. ) ;
#2274 = LINE ( 'NONE', #1580, #2739 ) ;
#2275 = DIRECTION ( 'NONE',  ( 1.284980352575413932E-16, 1.000000000000000000, -0.000000000000000000 ) ) ;
#2276 = AXIS2_PLACEMENT_3D ( 'NONE', #1269, #98, #1254 ) ;
#2277 = DATE_AND_TIME ( #413, #352 ) ;
#2278 = CARTESIAN_POINT ( 'NONE',  ( -5.399999999999998579, 6.100000000000000533, 122.3085781020933780 ) ) ;
#2279 = AXIS2_PLACEMENT_3D ( 'NONE', #1772, #2239, #1075 ) ;
#2280 = CARTESIAN_POINT ( 'NONE',  ( 12.20000000000000107, -18.10000000000000497, 85.00000000000000000 ) ) ;
#2281 = DIRECTION ( 'NONE',  ( -0.000000000000000000, 1.000000000000000000, 0.000000000000000000 ) ) ;
#2282 = LINE ( 'NONE', #3019, #904 ) ;
#2283 = DIRECTION ( 'NONE',  ( 0.000000000000000000, 0.000000000000000000, 1.000000000000000000 ) ) ;
#2284 = EDGE_CURVE ( 'NONE', #2605, #1998, #2376, .T. ) ;
#2285 = ADVANCED_FACE ( 'NONE', ( #710 ), #659, .F. ) ;
#2286 = ORIENTED_EDGE ( 'NONE', *, *, #1661, .F. ) ;
#2287 = FACE_OUTER_BOUND ( 'NONE', #264, .T. ) ;
#2288 = VERTEX_POINT ( 'NONE', #2377 ) ;
#2289 = EDGE_CURVE ( 'NONE', #263, #2938, #1545, .T. ) ;
#2290 = EDGE_CURVE ( 'NONE', #808, #534, #2837, .T. ) ;
#2291 = CARTESIAN_POINT ( 'NONE',  ( -35.50000000000000711, 3.100000000000006750, 58.50000000000000000 ) ) ;
#2292 = ORIENTED_EDGE ( 'NONE', *, *, #2535, .F. ) ;
#2293 = ADVANCED_FACE ( 'NONE', ( #2112, #3060 ), #3092, .T. ) ;
#2294 = CARTESIAN_POINT ( 'NONE',  ( 14.80000000000000249, -16.00000000000000000, 67.00000000000000000 ) ) ;
#2295 = DIRECTION ( 'NONE',  ( 1.000000000000000000, 0.000000000000000000, 0.000000000000000000 ) ) ;
#2296 = FACE_OUTER_BOUND ( 'NONE', #3034, .T. ) ;
#2297 = DIRECTION ( 'NONE',  ( 0.000000000000000000, -1.000000000000000000, 0.000000000000000000 ) ) ;
#2298 = CARTESIAN_POINT ( 'NONE',  ( -6.399999999999995914, 6.100000000000000533, 18.00000000000000355 ) ) ;
#2299 = CARTESIAN_POINT ( 'NONE',  ( -31.00000000000000355, -16.65000000000000213, 22.50000000000000711 ) ) ;
#2300 = VECTOR ( 'NONE', #2742, 1000.000000000000000 ) ;
#2301 = CC_DESIGN_DATE_AND_TIME_ASSIGNMENT ( #366, #2791, ( #570 ) ) ;
#2302 = EDGE_LOOP ( 'NONE', ( #2106, #2049, #456, #38 ) ) ;
#2303 = CARTESIAN_POINT ( 'NONE',  ( -35.50000000000000711, -23.59999999999998366, 67.00000000000000000 ) ) ;
#2304 = ORIENTED_EDGE ( 'NONE', *, *, #80, .T. ) ;
#2305 = ORIENTED_EDGE ( 'NONE', *, *, #260, .T. ) ;
#2306 = CARTESIAN_POINT ( 'NONE',  ( 14.80000000000000249, -16.00000000000000000, 49.87817728168685960 ) ) ;
#2307 = ORIENTED_EDGE ( 'NONE', *, *, #526, .F. ) ;
#2308 = CARTESIAN_POINT ( 'NONE',  ( -35.50000000000000711, -21.59999999999999076, 26.50000000000000711 ) ) ;
#2309 = DIRECTION ( 'NONE',  ( -1.157847882830225021E-16, 1.000000000000000000, 0.000000000000000000 ) ) ;
#2310 = SHAPE_DEFINITION_REPRESENTATION ( #205, #2684 ) ;
#2311 = DIRECTION ( 'NONE',  ( -1.000000000000000000, -0.000000000000000000, -0.000000000000000000 ) ) ;
#2312 = DIRECTION ( 'NONE',  ( -1.000000000000000000, 6.044332668908739480E-17, -0.000000000000000000 ) ) ;
#2313 = PLANE ( 'NONE',  #1845 ) ;
#2314 = CARTESIAN_POINT ( 'NONE',  ( -6.399999999999999467, 3.099999999999999645, 26.50000000000000355 ) ) ;
#2315 = VECTOR ( 'NONE', #1153, 1000.000000000000000 ) ;
#2316 = ORIENTED_EDGE ( 'NONE', *, *, #1966, .T. ) ;
#2317 = DIRECTION ( 'NONE',  ( -1.000000000000000000, 1.097926250618232273E-16, -2.332161357353440310E-32 ) ) ;
#2318 = DIRECTION ( 'NONE',  ( -1.000000000000000000, 1.097926250618232273E-16, -2.332161357353440310E-32 ) ) ;
#2319 = EDGE_LOOP ( 'NONE', ( #722, #483, #279, #2604 ) ) ;
#2320 = ORIENTED_EDGE ( 'NONE', *, *, #196, .T. ) ;
#2321 = VECTOR ( 'NONE', #756, 1000.000000000000000 ) ;
#2322 = DIRECTION ( 'NONE',  ( -1.000000000000000000, 6.044332668908739480E-17, -0.000000000000000000 ) ) ;
#2323 = EDGE_CURVE ( 'NONE', #900, #440, #2324, .T. ) ;
#2324 = CIRCLE ( 'NONE', #318, 3.999999999999999112 ) ;
#2325 = DIRECTION ( 'NONE',  ( -1.000000000000000000, 1.097926250618232273E-16, -2.332161357353440310E-32 ) ) ;
#2326 = ORIENTED_EDGE ( 'NONE', *, *, #155, .F. ) ;
#2327 = CARTESIAN_POINT ( 'NONE',  ( -35.50000000000000711, -15.99999999999999289, 20.00000000000000000 ) ) ;
#2328 = CARTESIAN_POINT ( 'NONE',  ( -31.00000000000000355, 1.199999999999997069, 22.50000000000000711 ) ) ;
#2329 = CALENDAR_DATE ( 2026, 17, 6 ) ;
#2330 = EDGE_CURVE ( 'NONE', #650, #798, #1142, .T. ) ;
#2331 = EDGE_CURVE ( 'NONE', #1093, #203, #3027, .T. ) ;
#2332 = CARTESIAN_POINT ( 'NONE',  ( -35.50000000000000711, 3.100000000000002753, 26.50000000000000355 ) ) ;
#2333 = AXIS2_PLACEMENT_3D ( 'NONE', #1785, #2474, #831 ) ;
#2334 = DIRECTION ( 'NONE',  ( 0.000000000000000000, -1.000000000000000000, 0.000000000000000000 ) ) ;
#2335 = EDGE_CURVE ( 'NONE', #581, #2715, #228, .T. ) ;
#2336 = DIRECTION ( 'NONE',  ( -0.000000000000000000, 0.000000000000000000, -1.000000000000000000 ) ) ;
#2337 = AXIS2_PLACEMENT_3D ( 'NONE', #1807, #2922, #48 ) ;
#2338 = FACE_OUTER_BOUND ( 'NONE', #52, .T. ) ;
#2339 = ORIENTED_EDGE ( 'NONE', *, *, #915, .F. ) ;
#2340 = VERTEX_POINT ( 'NONE', #1175 ) ;
#2341 = FACE_OUTER_BOUND ( 'NONE', #2302, .T. ) ;
#2342 = EDGE_LOOP ( 'NONE', ( #2177, #258, #2193, #1526 ) ) ;
#2343 = DIRECTION ( 'NONE',  ( -0.000000000000000000, -0.000000000000000000, -1.000000000000000000 ) ) ;
#2344 = DIRECTION ( 'NONE',  ( 0.000000000000000000, -1.000000000000000000, 0.000000000000000000 ) ) ;
#2345 = FACE_BOUND ( 'NONE', #1419, .T. ) ;
#2346 = CARTESIAN_POINT ( 'NONE',  ( -25.00000000000000000, 1.200000000000001510, 62.50000000000000000 ) ) ;
#2347 = DIRECTION ( 'NONE',  ( -0.000000000000000000, -0.000000000000000000, -1.000000000000000000 ) ) ;
#2348 = CIRCLE ( 'NONE', #2699, 3.049999999999990941 ) ;
#2349 = EDGE_CURVE ( 'NONE', #1715, #192, #1980, .T. ) ;
#2350 = ORIENTED_EDGE ( 'NONE', *, *, #1204, .T. ) ;
#2351 = PLANE ( 'NONE',  #1044 ) ;
#2352 = ORIENTED_EDGE ( 'NONE', *, *, #2515, .F. ) ;
#2353 = ORIENTED_EDGE ( 'NONE', *, *, #1103, .F. ) ;
#2354 = AXIS2_PLACEMENT_3D ( 'NONE', #1045, #603, #2482 ) ;
#2355 = ORIENTED_EDGE ( 'NONE', *, *, #1798, .F. ) ;
#2356 = CARTESIAN_POINT ( 'NONE',  ( 5.600000000000003197, -13.24999999999999822, 42.50000000000000000 ) ) ;
#2357 = APPROVAL_PERSON_ORGANIZATION ( #1017, #17, #1843 ) ;
#2358 = ORIENTED_EDGE ( 'NONE', *, *, #71, .F. ) ;
#2359 = LINE ( 'NONE', #161, #277 ) ;
#2360 = CYLINDRICAL_SURFACE ( 'NONE', #1288, 1.000000000000000888 ) ;
#2361 = FACE_BOUND ( 'NONE', #2916, .T. ) ;
#2362 = PLANE ( 'NONE',  #2910 ) ;
#2363 = FACE_OUTER_BOUND ( 'NONE', #2475, .T. ) ;
#2364 = CARTESIAN_POINT ( 'NONE',  ( 12.20000000000000284, -18.10000000000000497, 37.84408977749786374 ) ) ;
#2365 = ORIENTED_EDGE ( 'NONE', *, *, #2189, .F. ) ;
#2366 = CARTESIAN_POINT ( 'NONE',  ( 12.20000000000000107, -0.4000000000000000222, 67.00000000000000000 ) ) ;
#2367 = VERTEX_POINT ( 'NONE', #1875 ) ;
#2368 = VERTEX_POINT ( 'NONE', #2788 ) ;
#2369 = AXIS2_PLACEMENT_3D ( 'NONE', #734, #1981, #2631 ) ;
#2370 = VERTEX_POINT ( 'NONE', #2124 ) ;
#2371 = DIRECTION ( 'NONE',  ( -1.000000000000000000, -2.102695122396129916E-16, 0.000000000000000000 ) ) ;
#2372 = AXIS2_PLACEMENT_3D ( 'NONE', #365, #1566, #1763 ) ;
#2373 = EDGE_LOOP ( 'NONE', ( #1821, #1941, #1512, #1915 ) ) ;
#2374 = FACE_OUTER_BOUND ( 'NONE', #741, .T. ) ;
#2375 = ADVANCED_FACE ( 'NONE', ( #646 ), #2360, .T. ) ;
#2376 = CIRCLE ( 'NONE', #1342, 1.699999999999996625 ) ;
#2377 = CARTESIAN_POINT ( 'NONE',  ( -35.50000000000000711, 2.900000000000001688, 62.50000000000000000 ) ) ;
#2378 = AXIS2_PLACEMENT_3D ( 'NONE', #1649, #1167, #3051 ) ;
#2379 = DIRECTION ( 'NONE',  ( -1.208866533781747403E-16, -1.000000000000000000, 0.000000000000000000 ) ) ;
#2380 = ADVANCED_FACE ( 'NONE', ( #2071 ), #1407, .F. ) ;
#2381 = DIRECTION ( 'NONE',  ( -1.548860246407864322E-16, -1.000000000000000000, 0.000000000000000000 ) ) ;
#2382 = ORIENTED_EDGE ( 'NONE', *, *, #1702, .T. ) ;
#2383 = DIRECTION ( 'NONE',  ( -0.000000000000000000, -0.000000000000000000, -1.000000000000000000 ) ) ;
#2384 = EDGE_LOOP ( 'NONE', ( #47, #1576, #160, #223, #1546, #3057, #2903, #1038, #2873, #2352, #359, #405, #2141, #1007, #1510, #2105, #1306, #1151, #2963, #721, #600, #2991, #2875, #767, #2882, #51 ) ) ;
#2385 = ORIENTED_EDGE ( 'NONE', *, *, #625, .T. ) ;
#2386 = AXIS2_PLACEMENT_3D ( 'NONE', #2121, #765, #210 ) ;
#2387 = ORIENTED_EDGE ( 'NONE', *, *, #2290, .F. ) ;
#2388 = CARTESIAN_POINT ( 'NONE',  ( -25.00000000000000000, 1.199999999999996403, 22.50000000000000711 ) ) ;
#2389 = ORIENTED_EDGE ( 'NONE', *, *, #2521, .T. ) ;
#2390 = EDGE_CURVE ( 'NONE', #2039, #564, #1836, .T. ) ;
#2391 = ADVANCED_FACE ( 'NONE', ( #1165 ), #2074, .F. ) ;
#2392 = LINE ( 'NONE', #1714, #1592 ) ;
#2393 = DIRECTION ( 'NONE',  ( 1.208866533781747650E-16, 1.000000000000000000, -0.000000000000000000 ) ) ;
#2394 = ADVANCED_FACE ( 'NONE', ( #2363 ), #3067, .F. ) ;
#2395 = DIRECTION ( 'NONE',  ( -1.000000000000000000, 1.097926250618232273E-16, -2.332161357353440310E-32 ) ) ;
#2396 = VERTEX_POINT ( 'NONE', #2825 ) ;
#2397 = VECTOR ( 'NONE', #1504, 1000.000000000000000 ) ;
#2398 = ORIENTED_EDGE ( 'NONE', *, *, #156, .T. ) ;
#2399 = LINE ( 'NONE', #2356, #1472 ) ;
#2400 = VECTOR ( 'NONE', #2761, 1000.000000000000000 ) ;
#2401 = VERTEX_POINT ( 'NONE', #1647 ) ;
#2402 = AXIS2_PLACEMENT_3D ( 'NONE', #1639, #907, #1155 ) ;
#2403 = DIRECTION ( 'NONE',  ( 0.000000000000000000, -1.000000000000000000, 0.000000000000000000 ) ) ;
#2404 = LINE ( 'NONE', #54, #1454 ) ;
#2405 = CARTESIAN_POINT ( 'NONE',  ( 10.10000000000000320, -16.00000000000000000, 35.12182271831314750 ) ) ;
#2406 = ORIENTED_EDGE ( 'NONE', *, *, #2272, .T. ) ;
#2407 = CARTESIAN_POINT ( 'NONE',  ( -1.213513646427832377E-16, -1.405064206302051890E-32, 67.00000000000000000 ) ) ;
#2408 = LINE ( 'NONE', #198, #3 ) ;
#2409 = LINE ( 'NONE', #261, #2211 ) ;
#2410 = ORIENTED_EDGE ( 'NONE', *, *, #2015, .F. ) ;
#2411 = ORIENTED_EDGE ( 'NONE', *, *, #401, .T. ) ;
#2412 = ORIENTED_EDGE ( 'NONE', *, *, #2421, .F. ) ;
#2413 = DIRECTION ( 'NONE',  ( 0.000000000000000000, 1.000000000000000000, 0.000000000000000000 ) ) ;
#2414 = ORIENTED_EDGE ( 'NONE', *, *, #1225, .T. ) ;
#2415 = DIRECTION ( 'NONE',  ( -1.000000000000000000, 1.208866533781747403E-16, -2.567815292417029038E-32 ) ) ;
#2416 = VECTOR ( 'NONE', #1699, 1000.000000000000000 ) ;
#2417 = EDGE_CURVE ( 'NONE', #2768, #348, #1677, .T. ) ;
#2418 = CARTESIAN_POINT ( 'NONE',  ( -35.50000000000000711, -15.99999999999999289, 20.00000000000000000 ) ) ;
#2419 = CIRCLE ( 'NONE', #1098, 1.700000000000000178 ) ;
#2420 = ORIENTED_EDGE ( 'NONE', *, *, #1375, .T. ) ;
#2421 = EDGE_CURVE ( 'NONE', #834, #2227, #2038, .T. ) ;
#2422 = CARTESIAN_POINT ( 'NONE',  ( -31.00000000000000355, -1.849999999999988765, 62.50000000000000000 ) ) ;
#2423 = EDGE_CURVE ( 'NONE', #1938, #506, #844, .T. ) ;
#2424 = ADVANCED_FACE ( 'NONE', ( #1025 ), #1758, .F. ) ;
#2425 = EDGE_CURVE ( 'NONE', #2130, #2581, #867, .T. ) ;
#2426 = FACE_BOUND ( 'NONE', #2877, .T. ) ;
#2427 = CYLINDRICAL_SURFACE ( 'NONE', #523, 3.050000000000000711 ) ;
#2428 = PLANE ( 'NONE',  #694 ) ;
#2429 = CIRCLE ( 'NONE', #639, 1.699999999999998845 ) ;
#2430 = ORIENTED_EDGE ( 'NONE', *, *, #1940, .T. ) ;
#2431 = FACE_OUTER_BOUND ( 'NONE', #1619, .T. ) ;
#2432 = VECTOR ( 'NONE', #445, 1000.000000000000000 ) ;
#2433 = ORIENTED_EDGE ( 'NONE', *, *, #278, .T. ) ;
#2434 = CIRCLE ( 'NONE', #1203, 1.000000000000000000 ) ;
#2435 = EDGE_LOOP ( 'NONE', ( #803, #522, #1636, #1669 ) ) ;
#2436 = CC_DESIGN_DATE_AND_TIME_ASSIGNMENT ( #912, #2804, ( #1218 ) ) ;
#2437 = DIRECTION ( 'NONE',  ( -1.000000000000000000, 1.097926250618232273E-16, -2.332161357353440310E-32 ) ) ;
#2438 = ORIENTED_EDGE ( 'NONE', *, *, #2486, .F. ) ;
#2439 = CARTESIAN_POINT ( 'NONE',  ( -31.00000000000000355, -19.69999999999999929, 62.50000000000000000 ) ) ;
#2440 = LINE ( 'NONE', #1995, #244 ) ;
#2441 = LINE ( 'NONE', #1691, #1035 ) ;
#2442 = LINE ( 'NONE', #763, #1551 ) ;
#2443 = VERTEX_POINT ( 'NONE', #100 ) ;
#2444 = CARTESIAN_POINT ( 'NONE',  ( -16.50000000000000000, -3.939632781059303479, 36.44999999999999574 ) ) ;
#2445 = EDGE_CURVE ( 'NONE', #1998, #2605, #3085, .T. ) ;
#2446 = ORIENTED_EDGE ( 'NONE', *, *, #1752, .F. ) ;
#2447 = CARTESIAN_POINT ( 'NONE',  ( 24.40000000000000213, -18.10000000000000497, 37.84408977749786374 ) ) ;
#2448 = ORIENTED_EDGE ( 'NONE', *, *, #278, .F. ) ;
#2449 = VECTOR ( 'NONE', #2347, 1000.000000000000000 ) ;
#2450 = CARTESIAN_POINT ( 'NONE',  ( -35.50000000000000711, 1.199999999999997735, 22.50000000000000711 ) ) ;
#2451 = VECTOR ( 'NONE', #105, 1000.000000000000000 ) ;
#2452 = DIRECTION ( 'NONE',  ( 1.000000000000000000, -1.208866533781747157E-16, -0.000000000000000000 ) ) ;
#2453 = VERTEX_POINT ( 'NONE', #614 ) ;
#2454 = CC_DESIGN_SECURITY_CLASSIFICATION ( #1218, ( #1323 ) ) ;
#2455 = DIRECTION ( 'NONE',  ( 0.000000000000000000, 0.000000000000000000, -1.000000000000000000 ) ) ;
#2456 = CARTESIAN_POINT ( 'NONE',  ( 13.40000000000000213, 6.100000000000000533, 67.00000000000000000 ) ) ;
#2457 = DIRECTION ( 'NONE',  ( 1.000000000000000000, -1.208866533781747157E-16, -0.000000000000000000 ) ) ;
#2458 = ORIENTED_EDGE ( 'NONE', *, *, #816, .T. ) ;
#2459 = CARTESIAN_POINT ( 'NONE',  ( -35.50000000000000711, -2.499999999999994227, 20.00000000000000000 ) ) ;
#2460 = ORIENTED_EDGE ( 'NONE', *, *, #479, .F. ) ;
#2461 = CARTESIAN_POINT ( 'NONE',  ( -2.799999999999999822, -0.4000000000000000222, 18.00000000000000355 ) ) ;
#2462 = ORIENTED_EDGE ( 'NONE', *, *, #2425, .F. ) ;
#2463 = ORIENTED_EDGE ( 'NONE', *, *, #2188, .F. ) ;
#2464 = DIRECTION ( 'NONE',  ( -1.000000000000000000, 0.000000000000000000, 0.000000000000000000 ) ) ;
#2465 = EDGE_CURVE ( 'NONE', #1912, #802, #788, .T. ) ;
#2466 = VECTOR ( 'NONE', #2093, 1000.000000000000000 ) ;
#2467 = CARTESIAN_POINT ( 'NONE',  ( -33.50000000000000000, -1.850000000000004086, 22.50000000000000711 ) ) ;
#2468 = VERTEX_POINT ( 'NONE', #329 ) ;
#2469 = VECTOR ( 'NONE', #2167, 1000.000000000000000 ) ;
#2470 = DIRECTION ( 'NONE',  ( -1.000000000000000000, 6.044332668908739480E-17, 0.000000000000000000 ) ) ;
#2471 = VECTOR ( 'NONE', #346, 1000.000000000000000 ) ;
#2472 = FACE_OUTER_BOUND ( 'NONE', #2602, .T. ) ;
#2473 = EDGE_CURVE ( 'NONE', #3071, #1757, #1365, .T. ) ;
#2474 = DIRECTION ( 'NONE',  ( 0.000000000000000000, 0.000000000000000000, 1.000000000000000000 ) ) ;
#2475 = EDGE_LOOP ( 'NONE', ( #2925, #560, #312, #1771 ) ) ;
#2476 = CARTESIAN_POINT ( 'NONE',  ( -31.00000000000000355, -22.75000000000000355, 22.50000000000000711 ) ) ;
#2477 = ORIENTED_EDGE ( 'NONE', *, *, #1488, .T. ) ;
#2478 = DIRECTION ( 'NONE',  ( -1.000000000000000000, 1.208866533781747403E-16, -2.567815292417029038E-32 ) ) ;
#2479 = DIRECTION ( 'NONE',  ( -1.000000000000000000, 1.208866533781747403E-16, -2.567815292417029038E-32 ) ) ;
#2480 = VERTEX_POINT ( 'NONE', #2303 ) ;
#2481 = ORIENTED_EDGE ( 'NONE', *, *, #1529, .F. ) ;
#2482 = DIRECTION ( 'NONE',  ( 1.000000000000000000, 0.000000000000000000, -0.000000000000000000 ) ) ;
#2483 = FACE_OUTER_BOUND ( 'NONE', #85, .T. ) ;
#2484 = EDGE_CURVE ( 'NONE', #410, #2367, #2530, .T. ) ;
#2485 = CARTESIAN_POINT ( 'NONE',  ( 12.20000000000000107, -0.4000000000000000222, 67.00000000000000000 ) ) ;
#2486 = EDGE_CURVE ( 'NONE', #2640, #2850, #3035, .T. ) ;
#2487 = CARTESIAN_POINT ( 'NONE',  ( -31.00000000000000355, 2.900000000000001243, 62.50000000000000000 ) ) ;
#2488 = CYLINDRICAL_SURFACE ( 'NONE', #1886, 8.050000000000002487 ) ;
#2489 = EDGE_CURVE ( 'NONE', #2735, #2938, #582, .T. ) ;
#2490 = DIRECTION ( 'NONE',  ( -1.000000000000000000, -1.299418334065024133E-16, -0.000000000000000000 ) ) ;
#2491 = ORIENTED_EDGE ( 'NONE', *, *, #2811, .F. ) ;
#2492 = CARTESIAN_POINT ( 'NONE',  ( -33.50000000000000000, -19.69999999999999929, 62.50000000000000000 ) ) ;
#2493 = ORIENTED_EDGE ( 'NONE', *, *, #1429, .F. ) ;
#2494 = CARTESIAN_POINT ( 'NONE',  ( -31.00000000000000355, 1.199999999999997291, 22.50000000000000711 ) ) ;
#2495 = CARTESIAN_POINT ( 'NONE',  ( -33.50000000000000000, 2.900000000000001688, 62.50000000000000000 ) ) ;
#2496 = VERTEX_POINT ( 'NONE', #2256 ) ;
#2497 = ORIENTED_EDGE ( 'NONE', *, *, #71, .T. ) ;
#2498 = LINE ( 'NONE', #2995, #1076 ) ;
#2499 = AXIS2_PLACEMENT_3D ( 'NONE', #2001, #2208, #2976 ) ;
#2500 = DIRECTION ( 'NONE',  ( -1.000000000000000000, 1.208866533781747403E-16, -2.567815292417029038E-32 ) ) ;
#2501 = VECTOR ( 'NONE', #1411, 1000.000000000000000 ) ;
#2502 = CARTESIAN_POINT ( 'NONE',  ( -5.400000000000002132, -23.59999999999999432, 18.00000000000000355 ) ) ;
#2503 = AXIS2_PLACEMENT_3D ( 'NONE', #125, #1613, #626 ) ;
#2504 = DIRECTION ( 'NONE',  ( -1.097926250618232273E-16, -1.000000000000000000, 0.000000000000000000 ) ) ;
#2505 = CARTESIAN_POINT ( 'NONE',  ( -31.00000000000000355, 4.249999999999993783, 62.50000000000000000 ) ) ;
#2506 = CARTESIAN_POINT ( 'NONE',  ( -25.00000000000000000, 1.200000000000001510, 62.50000000000000000 ) ) ;
#2507 = ORIENTED_EDGE ( 'NONE', *, *, #3049, .F. ) ;
#2508 = CARTESIAN_POINT ( 'NONE',  ( 14.80000000000000249, -16.00000000000000000, 0.000000000000000000 ) ) ;
#2509 = ORIENTED_EDGE ( 'NONE', *, *, #2993, .T. ) ;
#2510 = VERTEX_POINT ( 'NONE', #373 ) ;
#2511 = CARTESIAN_POINT ( 'NONE',  ( -35.50000000000000711, 1.199999999999997735, 22.50000000000000711 ) ) ;
#2512 = CARTESIAN_POINT ( 'NONE',  ( -33.50000000000000000, 4.249999999999993783, 62.50000000000000000 ) ) ;
#2513 = FACE_BOUND ( 'NONE', #1967, .T. ) ;
#2514 = EDGE_CURVE ( 'NONE', #1970, #1043, #1090, .T. ) ;
#2515 = EDGE_CURVE ( 'NONE', #1939, #669, #1809, .T. ) ;
#2516 = VECTOR ( 'NONE', #369, 1000.000000000000000 ) ;
#2517 = CARTESIAN_POINT ( 'NONE',  ( -33.50000000000000000, -19.70000000000000284, 22.50000000000000711 ) ) ;
#2518 = CARTESIAN_POINT ( 'NONE',  ( -35.50000000000000000, 5.100000000000004086, 67.00000000000000000 ) ) ;
#2519 = CIRCLE ( 'NONE', #2620, 3.050000000000001599 ) ;
#2520 = DIRECTION ( 'NONE',  ( 2.102695122396129916E-16, -1.000000000000000000, 0.000000000000000000 ) ) ;
#2521 = EDGE_CURVE ( 'NONE', #1479, #379, #1577, .T. ) ;
#2522 = EDGE_CURVE ( 'NONE', #2252, #2370, #455, .T. ) ;
#2523 = DIRECTION ( 'NONE',  ( 0.000000000000000000, 8.673617379884028570E-16, -1.000000000000000000 ) ) ;
#2524 = DIRECTION ( 'NONE',  ( -0.000000000000000000, 8.673617379884029556E-16, -1.000000000000000000 ) ) ;
#2525 = VECTOR ( 'NONE', #1455, 1000.000000000000000 ) ;
#2526 = EDGE_CURVE ( 'NONE', #2907, #360, #1867, .T. ) ;
#2527 = ORIENTED_EDGE ( 'NONE', *, *, #114, .F. ) ;
#2528 = CARTESIAN_POINT ( 'NONE',  ( 13.40000000000000213, 6.100000000000000533, 122.3085781020933780 ) ) ;
#2529 = DIRECTION ( 'NONE',  ( 1.000000000000000000, -0.000000000000000000, -0.000000000000000000 ) ) ;
#2530 = CIRCLE ( 'NONE', #1191, 3.049999999999990052 ) ;
#2531 = VERTEX_POINT ( 'NONE', #202 ) ;
#2532 = ORIENTED_EDGE ( 'NONE', *, *, #1853, .F. ) ;
#2533 = DIRECTION ( 'NONE',  ( -1.000000000000000000, 0.000000000000000000, 0.000000000000000000 ) ) ;
#2534 = ORIENTED_EDGE ( 'NONE', *, *, #1940, .F. ) ;
#2535 = EDGE_CURVE ( 'NONE', #1060, #1651, #1413, .T. ) ;
#2536 = CARTESIAN_POINT ( 'NONE',  ( 12.20000000000000107, -0.4000000000000000222, 67.00000000000000000 ) ) ;
#2537 = LINE ( 'NONE', #381, #222 ) ;
#2538 = CIRCLE ( 'NONE', #1247, 3.049999999999990052 ) ;
#2539 = PERSON_AND_ORGANIZATION ( #717, #1081 ) ;
#2540 = LINE ( 'NONE', #1144, #3064 ) ;
#2541 = DIRECTION ( 'NONE',  ( 0.000000000000000000, -1.000000000000000000, 0.000000000000000000 ) ) ;
#2542 = CARTESIAN_POINT ( 'NONE',  ( -1.100000000000000533, -13.25000000000000178, 42.50000000000000000 ) ) ;
#2543 = ORIENTED_EDGE ( 'NONE', *, *, #1294, .F. ) ;
#2544 = CARTESIAN_POINT ( 'NONE',  ( -16.50000000000000000, -14.56036721894069430, 36.44999999999999574 ) ) ;
#2545 = ORIENTED_EDGE ( 'NONE', *, *, #206, .T. ) ;
#2546 = ORIENTED_EDGE ( 'NONE', *, *, #2284, .T. ) ;
#2547 = CARTESIAN_POINT ( 'NONE',  ( -35.50000000000000711, -21.39999999999999503, 62.50000000000000000 ) ) ;
#2548 = ORIENTED_EDGE ( 'NONE', *, *, #2891, .F. ) ;
#2549 = FACE_OUTER_BOUND ( 'NONE', #300, .T. ) ;
#2550 = CARTESIAN_POINT ( 'NONE',  ( -25.00000000000000000, 1.200000000000001510, 62.50000000000000000 ) ) ;
#2551 = PERSON_AND_ORGANIZATION ( #717, #1081 ) ;
#2552 = DIRECTION ( 'NONE',  ( -1.000000000000000000, 1.208866533781747157E-16, 0.000000000000000000 ) ) ;
#2553 = DIRECTION ( 'NONE',  ( 0.000000000000000000, 0.000000000000000000, 1.000000000000000000 ) ) ;
#2554 = PLANE ( 'NONE',  #2630 ) ;
#2555 = ADVANCED_FACE ( 'NONE', ( #688 ), #189, .F. ) ;
#2556 = LINE ( 'NONE', #419, #333 ) ;
#2557 = CIRCLE ( 'NONE', #819, 3.050000000000000711 ) ;
#2558 = ORIENTED_EDGE ( 'NONE', *, *, #1008, .T. ) ;
#2559 = DIRECTION ( 'NONE',  ( -1.097926250618232273E-16, -1.000000000000000000, 0.000000000000000000 ) ) ;
#2560 = EDGE_LOOP ( 'NONE', ( #297, #780, #2002, #1253 ) ) ;
#2561 = LOCAL_TIME ( 19, 36, 11.00000000000000000, #3000 ) ;
#2562 = FACE_OUTER_BOUND ( 'NONE', #2032, .T. ) ;
#2563 = ORIENTED_EDGE ( 'NONE', *, *, #252, .T. ) ;
#2564 = ADVANCED_FACE ( 'NONE', ( #1397, #1193 ), #2351, .T. ) ;
#2565 = ADVANCED_FACE ( 'NONE', ( #2338, #3099 ), #1620, .T. ) ;
#2566 = CARTESIAN_POINT ( 'NONE',  ( -35.50000000000000711, -21.59999999999998721, 58.50000000000000711 ) ) ;
#2567 = DIRECTION ( 'NONE',  ( 0.000000000000000000, 0.000000000000000000, 1.000000000000000000 ) ) ;
#2568 = EDGE_CURVE ( 'NONE', #192, #1715, #76, .T. ) ;
#2569 = FACE_OUTER_BOUND ( 'NONE', #2142, .T. ) ;
#2570 = LINE ( 'NONE', #1574, #655 ) ;
#2571 = AXIS2_PLACEMENT_3D ( 'NONE', #882, #558, #356 ) ;
#2572 = EDGE_CURVE ( 'NONE', #67, #1503, #469, .T. ) ;
#2573 = ORIENTED_EDGE ( 'NONE', *, *, #453, .T. ) ;
#2574 = PLANE ( 'NONE',  #1727 ) ;
#2575 = ORIENTED_EDGE ( 'NONE', *, *, #433, .F. ) ;
#2576 = EDGE_LOOP ( 'NONE', ( #1481, #1410, #2713, #143 ) ) ;
#2577 = AXIS2_PLACEMENT_3D ( 'NONE', #942, #1908, #699 ) ;
#2578 = LINE ( 'NONE', #1652, #215 ) ;
#2579 = VECTOR ( 'NONE', #2732, 1000.000000000000000 ) ;
#2580 = DIRECTION ( 'NONE',  ( -1.000000000000000000, 1.208866533781747403E-16, -2.567815292417029038E-32 ) ) ;
#2581 = VERTEX_POINT ( 'NONE', #667 ) ;
#2582 = CARTESIAN_POINT ( 'NONE',  ( -2.799999999999999822, -0.4000000000000000222, 18.00000000000000355 ) ) ;
#2583 = CARTESIAN_POINT ( 'NONE',  ( 8.673617379884035472E-16, -9.250000000000000000, 42.50000000000000000 ) ) ;
#2584 = COORDINATED_UNIVERSAL_TIME_OFFSET ( 5, 0, .BEHIND. ) ;
#2585 = DIRECTION ( 'NONE',  ( -1.208866533781747403E-16, -1.000000000000000000, 0.000000000000000000 ) ) ;
#2586 = DIRECTION ( 'NONE',  ( 0.000000000000000000, 0.000000000000000000, -1.000000000000000000 ) ) ;
#2587 = VECTOR ( 'NONE', #107, 1000.000000000000000 ) ;
#2588 = EDGE_LOOP ( 'NONE', ( #1334, #320, #1221, #656, #1270, #2509, #1887, #2157 ) ) ;
#2589 = LINE ( 'NONE', #439, #2119 ) ;
#2590 = CIRCLE ( 'NONE', #2279, 3.050000000000000711 ) ;
#2591 = EDGE_LOOP ( 'NONE', ( #887, #1366 ) ) ;
#2592 = ORIENTED_EDGE ( 'NONE', *, *, #1195, .F. ) ;
#2593 = VERTEX_POINT ( 'NONE', #1150 ) ;
#2594 = LINE ( 'NONE', #1223, #501 ) ;
#2595 = VERTEX_POINT ( 'NONE', #3070 ) ;
#2596 = LINE ( 'NONE', #3075, #87 ) ;
#2597 = CARTESIAN_POINT ( 'NONE',  ( -1.213513646427832377E-16, -1.405064206302051890E-32, 85.00000000000000000 ) ) ;
#2598 = CARTESIAN_POINT ( 'NONE',  ( -5.400000000000002132, -24.60000000000000142, 67.00000000000000000 ) ) ;
#2599 = CARTESIAN_POINT ( 'NONE',  ( 1.330500891120493753E-15, -13.24999999999999822, 42.50000000000000000 ) ) ;
#2600 = VECTOR ( 'NONE', #1618, 1000.000000000000000 ) ;
#2601 = EDGE_CURVE ( 'NONE', #176, #2480, #4, .T. ) ;
#2602 = EDGE_LOOP ( 'NONE', ( #733, #88, #1436, #2446 ) ) ;
#2603 = CARTESIAN_POINT ( 'NONE',  ( -25.00000000000000000, -18.00000000000000355, 22.50000000000000711 ) ) ;
#2604 = ORIENTED_EDGE ( 'NONE', *, *, #479, .T. ) ;
#2605 = VERTEX_POINT ( 'NONE', #1432 ) ;
#2606 = CIRCLE ( 'NONE', #1265, 1.699999999999999512 ) ;
#2607 = ORIENTED_EDGE ( 'NONE', *, *, #2951, .F. ) ;
#2608 = CYLINDRICAL_SURFACE ( 'NONE', #645, 3.050000000000001599 ) ;
#2609 = LOCAL_TIME ( 19, 36, 11.00000000000000000, #1115 ) ;
#2610 = ORIENTED_EDGE ( 'NONE', *, *, #2895, .T. ) ;
#2611 = CARTESIAN_POINT ( 'NONE',  ( 10.09999999999999964, -2.000000000000001776, 35.61251134302204235 ) ) ;
#2612 = DIRECTION ( 'NONE',  ( 0.000000000000000000, 0.000000000000000000, -1.000000000000000000 ) ) ;
#2613 = CARTESIAN_POINT ( 'NONE',  ( 10.09999999999999964, -2.000000000000001776, 18.00000000000000355 ) ) ;
#2614 = CARTESIAN_POINT ( 'NONE',  ( -25.00000000000000000, 2.899999999999995914, 22.50000000000000711 ) ) ;
#2615 = CARTESIAN_POINT ( 'NONE',  ( -16.50000000000000000, -15.50000000000000000, 32.20000000000000284 ) ) ;
#2616 = EDGE_CURVE ( 'NONE', #949, #1959, #163, .T. ) ;
#2617 = ADVANCED_FACE ( 'NONE', ( #1679 ), #934, .T. ) ;
#2618 = CARTESIAN_POINT ( 'NONE',  ( -31.00000000000000355, -19.70000000000000284, 22.50000000000000711 ) ) ;
#2619 = ORIENTED_EDGE ( 'NONE', *, *, #337, .T. ) ;
#2620 = AXIS2_PLACEMENT_3D ( 'NONE', #1020, #1237, #1521 ) ;
#2621 = ADVANCED_FACE ( 'NONE', ( #1899 ), #2574, .T. ) ;
#2622 = ORIENTED_EDGE ( 'NONE', *, *, #1200, .F. ) ;
#2623 = CARTESIAN_POINT ( 'NONE',  ( -35.50000000000000711, -23.59999999999999076, 18.00000000000000355 ) ) ;
#2624 = CIRCLE ( 'NONE', #1835, 1.699999999999996625 ) ;
#2625 = ORIENTED_EDGE ( 'NONE', *, *, #340, .T. ) ;
#2626 = AXIS2_PLACEMENT_3D ( 'NONE', #2550, #940, #2084 ) ;
#2627 = EDGE_CURVE ( 'NONE', #500, #594, #2589, .T. ) ;
#2628 = CARTESIAN_POINT ( 'NONE',  ( 10.10000000000000142, -9.250000000000000000, 42.50000000000000000 ) ) ;
#2629 = CARTESIAN_POINT ( 'NONE',  ( 13.79999999999999538, -24.60000000000000142, 122.3085781020933780 ) ) ;
#2630 = AXIS2_PLACEMENT_3D ( 'NONE', #1331, #127, #153 ) ;
#2631 = DIRECTION ( 'NONE',  ( 0.000000000000000000, -1.000000000000000000, 0.000000000000000000 ) ) ;
#2632 = VERTEX_POINT ( 'NONE', #2366 ) ;
#2633 = ORIENTED_EDGE ( 'NONE', *, *, #2717, .T. ) ;
#2634 = AXIS2_PLACEMENT_3D ( 'NONE', #1173, #2904, #2111 ) ;
#2635 = VECTOR ( 'NONE', #612, 1000.000000000000000 ) ;
#2636 = ORIENTED_EDGE ( 'NONE', *, *, #871, .F. ) ;
#2637 = CARTESIAN_POINT ( 'NONE',  ( -31.00000000000000355, 4.249999999999998224, 22.50000000000000711 ) ) ;
#2638 = ORIENTED_EDGE ( 'NONE', *, *, #200, .T. ) ;
#2639 = DIRECTION ( 'NONE',  ( -1.000000000000000000, 0.000000000000000000, 0.000000000000000000 ) ) ;
#2640 = VERTEX_POINT ( 'NONE', #467 ) ;
#2641 = CARTESIAN_POINT ( 'NONE',  ( -6.399999999999999467, -3.000000000000000000, 36.44999999999999574 ) ) ;
#2642 = LINE ( 'NONE', #973, #2449 ) ;
#2643 = EDGE_CURVE ( 'NONE', #2632, #1248, #219, .T. ) ;
#2644 = DIRECTION ( 'NONE',  ( 0.000000000000000000, 0.000000000000000000, 1.000000000000000000 ) ) ;
#2645 = EDGE_LOOP ( 'NONE', ( #2783, #2711, #1705, #372 ) ) ;
#2646 = AXIS2_PLACEMENT_3D ( 'NONE', #1166, #1118, #1818 ) ;
#2647 = ORIENTED_EDGE ( 'NONE', *, *, #1135, .F. ) ;
#2648 = CARTESIAN_POINT ( 'NONE',  ( 0.000000000000000000, -20.60000000000000497, 67.00000000000000000 ) ) ;
#2649 = AXIS2_PLACEMENT_3D ( 'NONE', #700, #997, #930 ) ;
#2650 = EDGE_LOOP ( 'NONE', ( #1238, #1134, #984, #1786 ) ) ;
#2651 = VECTOR ( 'NONE', #2134, 1000.000000000000000 ) ;
#2652 = AXIS2_PLACEMENT_3D ( 'NONE', #2933, #1960, #306 ) ;
#2653 = ADVANCED_FACE ( 'NONE', ( #233 ), #2796, .F. ) ;
#2654 = EDGE_CURVE ( 'NONE', #2746, #1789, #985, .T. ) ;
#2655 = CARTESIAN_POINT ( 'NONE',  ( -35.50000000000000711, -21.59999999999998721, 58.50000000000000711 ) ) ;
#2656 = ADVANCED_FACE ( 'NONE', ( #1753 ), #2172, .F. ) ;
#2657 = DIRECTION ( 'NONE',  ( -1.000000000000000000, 1.208866533781747403E-16, -2.567815292417029038E-32 ) ) ;
#2658 = EDGE_LOOP ( 'NONE', ( #2219, #1741, #708, #838 ) ) ;
#2659 = CYLINDRICAL_SURFACE ( 'NONE', #3028, 1.699999999999999512 ) ;
#2660 = DIRECTION ( 'NONE',  ( -1.000000000000000000, 1.208866533781747403E-16, -2.567815292417029038E-32 ) ) ;
#2661 = CARTESIAN_POINT ( 'NONE',  ( -6.399999999999995914, -24.60000000000000142, 18.00000000000000355 ) ) ;
#2662 = PLANE ( 'NONE',  #2333 ) ;
#2663 = DIRECTION ( 'NONE',  ( 1.000000000000000000, -0.000000000000000000, 0.000000000000000000 ) ) ;
#2664 = ORIENTED_EDGE ( 'NONE', *, *, #2070, .T. ) ;
#2665 = DIRECTION ( 'NONE',  ( -1.208866533781747403E-16, -1.000000000000000000, 0.000000000000000000 ) ) ;
#2666 = ORIENTED_EDGE ( 'NONE', *, *, #2758, .T. ) ;
#2667 = CC_DESIGN_PERSON_AND_ORGANIZATION_ASSIGNMENT ( #2551, #431, ( #1218 ) ) ;
#2668 = AXIS2_PLACEMENT_3D ( 'NONE', #1401, #1882, #43 ) ;
#2669 = DIRECTION ( 'NONE',  ( 0.000000000000000000, -1.000000000000000000, 0.000000000000000000 ) ) ;
#2670 = VECTOR ( 'NONE', #1560, 1000.000000000000000 ) ;
#2671 = CARTESIAN_POINT ( 'NONE',  ( -35.50000000000000711, -2.499999999999992895, 26.50000000000000711 ) ) ;
#2672 = CIRCLE ( 'NONE', #2832, 3.050000000000000711 ) ;
#2673 = ORIENTED_EDGE ( 'NONE', *, *, #1565, .F. ) ;
#2674 = LINE ( 'NONE', #2708, #103 ) ;
#2675 = EDGE_CURVE ( 'NONE', #1399, #2978, #2676, .T. ) ;
#2676 = LINE ( 'NONE', #1266, #1485 ) ;
#2677 = DIRECTION ( 'NONE',  ( 0.000000000000000000, 0.000000000000000000, 1.000000000000000000 ) ) ;
#2678 = ORIENTED_EDGE ( 'NONE', *, *, #939, .T. ) ;
#2679 = CARTESIAN_POINT ( 'NONE',  ( 12.20000000000000284, -18.10000000000000497, 67.00000000000000000 ) ) ;
#2680 = ORIENTED_EDGE ( 'NONE', *, *, #2486, .T. ) ;
#2681 = DIRECTION ( 'NONE',  ( 1.734723475976808080E-16, 1.000000000000000000, 0.000000000000000000 ) ) ;
#2682 = VECTOR ( 'NONE', #966, 1000.000000000000000 ) ;
#2683 = ORIENTED_EDGE ( 'NONE', *, *, #915, .T. ) ;
#2684 = ADVANCED_BREP_SHAPE_REPRESENTATION ( 'gripper_body', ( #2743, #663 ), #1773 ) ;
#2685 = LINE ( 'NONE', #75, #1095 ) ;
#2686 = VERTEX_POINT ( 'NONE', #2217 ) ;
#2687 = DIRECTION ( 'NONE',  ( -1.000000000000000000, 1.208866533781747403E-16, -2.567815292417029038E-32 ) ) ;
#2688 = DIRECTION ( 'NONE',  ( -5.387339987505610399E-17, -1.000000000000000000, 0.000000000000000000 ) ) ;
#2689 = DIRECTION ( 'NONE',  ( 2.102695122396129916E-16, -1.000000000000000000, 0.000000000000000000 ) ) ;
#2690 = CYLINDRICAL_SURFACE ( 'NONE', #84, 10.00000000000000178 ) ;
#2691 = EDGE_LOOP ( 'NONE', ( #2365, #2385, #1433, #752 ) ) ;
#2692 = DIRECTION ( 'NONE',  ( -0.000000000000000000, -1.000000000000000000, 6.195440985631459262E-16 ) ) ;
#2693 = ADVANCED_FACE ( 'NONE', ( #2871 ), #1005, .F. ) ;
#2694 = ORIENTED_EDGE ( 'NONE', *, *, #1301, .F. ) ;
#2695 = CARTESIAN_POINT ( 'NONE',  ( 12.20000000000000107, -0.4000000000000000222, 85.00000000000000000 ) ) ;
#2696 = CARTESIAN_POINT ( 'NONE',  ( 13.79999999999999361, -24.60000000000000142, 18.00000000000000355 ) ) ;
#2697 = EDGE_LOOP ( 'NONE', ( #2117, #388, #1226, #1259 ) ) ;
#2698 = ORIENTED_EDGE ( 'NONE', *, *, #1782, .T. ) ;
#2699 = AXIS2_PLACEMENT_3D ( 'NONE', #3068, #2809, #2265 ) ;
#2700 = CARTESIAN_POINT ( 'NONE',  ( -6.400000000000001243, -15.99999999999998579, 65.00000000000000000 ) ) ;
#2701 = CIRCLE ( 'NONE', #1520, 10.00000000000000178 ) ;
#2702 = ADVANCED_FACE ( 'NONE', ( #1962 ), #18, .T. ) ;
#2703 = EDGE_CURVE ( 'NONE', #587, #1399, #2441, .T. ) ;
#2704 = CARTESIAN_POINT ( 'NONE',  ( -6.399999999999998579, 5.100000000000000533, 122.3085781020933780 ) ) ;
#2705 = VERTEX_POINT ( 'NONE', #795 ) ;
#2706 = VECTOR ( 'NONE', #826, 1000.000000000000000 ) ;
#2707 = PLANE ( 'NONE',  #2816 ) ;
#2708 = CARTESIAN_POINT ( 'NONE',  ( -35.50000000000000711, -2.499999999999994227, 20.00000000000000000 ) ) ;
#2709 = DIRECTION ( 'NONE',  ( -1.000000000000000000, 1.208866533781747403E-16, -2.567815292417029038E-32 ) ) ;
#2710 = DIRECTION ( 'NONE',  ( 1.000000000000000000, 0.000000000000000000, 0.000000000000000000 ) ) ;
#2711 = ORIENTED_EDGE ( 'NONE', *, *, #395, .F. ) ;
#2712 = LINE ( 'NONE', #2018, #231 ) ;
#2713 = ORIENTED_EDGE ( 'NONE', *, *, #2122, .T. ) ;
#2714 = LINE ( 'NONE', #2447, #568 ) ;
#2715 = VERTEX_POINT ( 'NONE', #498 ) ;
#2716 = EDGE_CURVE ( 'NONE', #1353, #1043, #543, .T. ) ;
#2717 = EDGE_CURVE ( 'NONE', #802, #1912, #2519, .T. ) ;
#2718 = DIRECTION ( 'NONE',  ( 1.000000000000000000, -1.208866533781747157E-16, 0.000000000000000000 ) ) ;
#2719 = LINE ( 'NONE', #859, #2587 ) ;
#2720 = VECTOR ( 'NONE', #1537, 1000.000000000000000 ) ;
#2721 = ADVANCED_FACE ( 'NONE', ( #2426, #290 ), #2919, .F. ) ;
#2722 = DIRECTION ( 'NONE',  ( 0.000000000000000000, -1.000000000000000000, 0.000000000000000000 ) ) ;
#2723 = AXIS2_PLACEMENT_3D ( 'NONE', #1378, #1146, #415 ) ;
#2724 = DIRECTION ( 'NONE',  ( -1.000000000000000000, 1.208866533781747403E-16, -2.567815292417029038E-32 ) ) ;
#2725 = DIRECTION ( 'NONE',  ( -1.000000000000000000, 0.000000000000000000, 0.000000000000000000 ) ) ;
#2726 = AXIS2_PLACEMENT_3D ( 'NONE', #1779, #2947, #2722 ) ;
#2727 = LINE ( 'NONE', #2046, #2516 ) ;
#2728 = FACE_OUTER_BOUND ( 'NONE', #616, .T. ) ;
#2729 = ORIENTED_EDGE ( 'NONE', *, *, #2069, .T. ) ;
#2730 = LINE ( 'NONE', #2187, #2998 ) ;
#2731 = EDGE_LOOP ( 'NONE', ( #790, #585, #1523, #2048 ) ) ;
#2732 = DIRECTION ( 'NONE',  ( 1.000000000000000000, -1.208866533781747157E-16, -0.000000000000000000 ) ) ;
#2733 = LINE ( 'NONE', #768, #2670 ) ;
#2734 = EDGE_LOOP ( 'NONE', ( #2389, #1152, #3022, #472, #407, #2592 ) ) ;
#2735 = VERTEX_POINT ( 'NONE', #2456 ) ;
#2736 = AXIS2_PLACEMENT_3D ( 'NONE', #2623, #1655, #515 ) ;
#2737 = CARTESIAN_POINT ( 'NONE',  ( -16.50000000000000000, -2.999999999999998668, 59.75000000000000000 ) ) ;
#2738 = FACE_OUTER_BOUND ( 'NONE', #1027, .T. ) ;
#2739 = VECTOR ( 'NONE', #1372, 1000.000000000000000 ) ;
#2740 = CARTESIAN_POINT ( 'NONE',  ( -16.50000000000000000, -2.999999999999998668, 59.75000000000000000 ) ) ;
#2741 = DIRECTION ( 'NONE',  ( 1.000000000000000000, 0.000000000000000000, 0.000000000000000000 ) ) ;
#2742 = DIRECTION ( 'NONE',  ( 1.387778780781445676E-16, 1.000000000000000000, -0.000000000000000000 ) ) ;
#2743 = MANIFOLD_SOLID_BREP ( 'Cut-Extrude20', #2042 ) ;
#2744 = CARTESIAN_POINT ( 'NONE',  ( 5.600000000000002309, -9.250000000000000000, 42.50000000000000000 ) ) ;
#2745 = CARTESIAN_POINT ( 'NONE',  ( -35.50000000000000711, -23.59999999999999076, 18.00000000000000355 ) ) ;
#2746 = VERTEX_POINT ( 'NONE', #59 ) ;
#2747 = DIRECTION ( 'NONE',  ( -1.000000000000000000, 1.097926250618232273E-16, -2.332161357353440310E-32 ) ) ;
#2748 = ORIENTED_EDGE ( 'NONE', *, *, #1109, .F. ) ;
#2749 = CARTESIAN_POINT ( 'NONE',  ( 10.09999999999999964, -2.000000000000001776, 18.00000000000000355 ) ) ;
#2750 = ORIENTED_EDGE ( 'NONE', *, *, #1160, .F. ) ;
#2751 = ORIENTED_EDGE ( 'NONE', *, *, #2026, .F. ) ;
#2752 = ADVANCED_FACE ( 'NONE', ( #1733 ), #2184, .F. ) ;
#2753 = DIRECTION ( 'NONE',  ( 0.000000000000000000, -1.000000000000000000, 0.000000000000000000 ) ) ;
#2754 = LINE ( 'NONE', #1549, #1104 ) ;
#2755 = AXIS2_PLACEMENT_3D ( 'NONE', #2615, #1250, #809 ) ;
#2756 = ADVANCED_FACE ( 'NONE', ( #2203 ), #1490, .F. ) ;
#2757 = EDGE_CURVE ( 'NONE', #1043, #1093, #1703, .T. ) ;
#2758 = EDGE_CURVE ( 'NONE', #1855, #3072, #2409, .T. ) ;
#2759 = CARTESIAN_POINT ( 'NONE',  ( -35.50000000000000711, -19.70000000000000284, 22.50000000000000711 ) ) ;
#2760 = AXIS2_PLACEMENT_3D ( 'NONE', #2004, #1811, #283 ) ;
#2761 = DIRECTION ( 'NONE',  ( -0.000000000000000000, -0.000000000000000000, -1.000000000000000000 ) ) ;
#2762 = EDGE_CURVE ( 'NONE', #1197, #1709, #762, .T. ) ;
#2763 = CARTESIAN_POINT ( 'NONE',  ( 10.09999999999999964, 2.123722073620091121E-15, 67.00000000000000000 ) ) ;
#2764 = DIRECTION ( 'NONE',  ( 1.734723475976806601E-16, -1.000000000000000000, -6.938893903907226405E-16 ) ) ;
#2765 = CARTESIAN_POINT ( 'NONE',  ( -35.50000000000000711, -18.00000000000000000, 62.50000000000000000 ) ) ;
#2766 = ORIENTED_EDGE ( 'NONE', *, *, #1375, .F. ) ;
#2767 = CARTESIAN_POINT ( 'NONE',  ( -2.799999999999999822, -18.10000000000000497, 85.00000000000000000 ) ) ;
#2768 = VERTEX_POINT ( 'NONE', #1251 ) ;
#2769 = PLANE ( 'NONE',  #50 ) ;
#2770 = ORIENTED_EDGE ( 'NONE', *, *, #1061, .T. ) ;
#2771 = CARTESIAN_POINT ( 'NONE',  ( -35.50000000000000711, -23.59999999999998366, 67.00000000000000000 ) ) ;
#2772 = CYLINDRICAL_SURFACE ( 'NONE', #2168, 1.699999999999998845 ) ;
#2773 = VECTOR ( 'NONE', #3018, 1000.000000000000000 ) ;
#2774 = CARTESIAN_POINT ( 'NONE',  ( -31.00000000000000355, 1.200000000000002176, 62.50000000000000000 ) ) ;
#2775 = AXIS2_PLACEMENT_3D ( 'NONE', #65, #1986, #330 ) ;
#2776 = FACE_OUTER_BOUND ( 'NONE', #673, .T. ) ;
#2777 = EDGE_CURVE ( 'NONE', #1350, #2640, #2953, .T. ) ;
#2778 = LINE ( 'NONE', #2299, #758 ) ;
#2779 = AXIS2_PLACEMENT_3D ( 'NONE', #927, #1391, #1629 ) ;
#2780 = ORIENTED_EDGE ( 'NONE', *, *, #1112, .T. ) ;
#2781 = CARTESIAN_POINT ( 'NONE',  ( -6.399999999999998579, -24.60000000000000142, 67.00000000000000000 ) ) ;
#2782 = VECTOR ( 'NONE', #2828, 1000.000000000000000 ) ;
#2783 = ORIENTED_EDGE ( 'NONE', *, *, #1396, .T. ) ;
#2784 = DIRECTION ( 'NONE',  ( 0.000000000000000000, -1.000000000000000000, 0.000000000000000000 ) ) ;
#2785 = ORIENTED_EDGE ( 'NONE', *, *, #1333, .F. ) ;
#2786 = DIRECTION ( 'NONE',  ( -1.000000000000000000, 1.097926250618232273E-16, -2.332161357353440310E-32 ) ) ;
#2787 = AXIS2_PLACEMENT_3D ( 'NONE', #81, #779, #1506 ) ;
#2788 = CARTESIAN_POINT ( 'NONE',  ( -25.00000000000000000, -18.00000000000000355, 22.50000000000000711 ) ) ;
#2789 = ADVANCED_FACE ( 'NONE', ( #2472 ), #2970, .F. ) ;
#2790 = CIRCLE ( 'NONE', #476, 3.049999999999990941 ) ;
#2791 = DATE_TIME_ROLE ( 'creation_date' ) ;
#2792 = CARTESIAN_POINT ( 'NONE',  ( -6.400000000000002132, -23.59999999999998721, 67.00000000000000000 ) ) ;
#2793 = LINE ( 'NONE', #851, #2226 ) ;
#2794 = CARTESIAN_POINT ( 'NONE',  ( -35.50000000000000711, -2.499999999999988898, 58.50000000000000000 ) ) ;
#2795 = ORIENTED_EDGE ( 'NONE', *, *, #814, .T. ) ;
#2796 = PLANE ( 'NONE',  #2827 ) ;
#2797 = ORIENTED_EDGE ( 'NONE', *, *, #227, .F. ) ;
#2798 = ORIENTED_EDGE ( 'NONE', *, *, #1564, .F. ) ;
#2799 = EDGE_CURVE ( 'NONE', #1578, #1353, #1328, .T. ) ;
#2800 = CARTESIAN_POINT ( 'NONE',  ( -35.50000000000000711, -15.99999999999999289, 26.50000000000000711 ) ) ;
#2801 = VERTEX_POINT ( 'NONE', #95 ) ;
#2802 = DIRECTION ( 'NONE',  ( 0.000000000000000000, 0.000000000000000000, -1.000000000000000000 ) ) ;
#2803 = DIRECTION ( 'NONE',  ( -1.157847882830225021E-16, 1.000000000000000000, 0.000000000000000000 ) ) ;
#2804 = DATE_TIME_ROLE ( 'classification_date' ) ;
#2805 = EDGE_CURVE ( 'NONE', #2605, #1866, #810, .T. ) ;
#2806 = FACE_OUTER_BOUND ( 'NONE', #2173, .T. ) ;
#2807 = AXIS2_PLACEMENT_3D ( 'NONE', #2737, #2196, #2718 ) ;
#2808 = DIRECTION ( 'NONE',  ( -1.000000000000000000, 0.000000000000000000, 0.000000000000000000 ) ) ;
#2809 = DIRECTION ( 'NONE',  ( -1.000000000000000000, 1.097926250618232273E-16, -2.332161357353440310E-32 ) ) ;
#2810 = VECTOR ( 'NONE', #1927, 1000.000000000000000 ) ;
#2811 = EDGE_CURVE ( 'NONE', #1964, #690, #1571, .T. ) ;
#2812 = ORIENTED_EDGE ( 'NONE', *, *, #771, .T. ) ;
#2813 = DIRECTION ( 'NONE',  ( -0.000000000000000000, -0.000000000000000000, 1.000000000000000000 ) ) ;
#2814 = DIRECTION ( 'NONE',  ( -0.000000000000000000, -0.000000000000000000, -1.000000000000000000 ) ) ;
#2815 = ORIENTED_EDGE ( 'NONE', *, *, #829, .F. ) ;
#2816 = AXIS2_PLACEMENT_3D ( 'NONE', #2968, #2724, #57 ) ;
#2817 = DIRECTION ( 'NONE',  ( 1.000000000000000000, 0.000000000000000000, 0.000000000000000000 ) ) ;
#2818 = DIRECTION ( 'NONE',  ( 0.000000000000000000, 1.067522139062651855E-15, 1.000000000000000000 ) ) ;
#2819 = EDGE_LOOP ( 'NONE', ( #1879, #817, #1944, #1632 ) ) ;
#2820 = DIRECTION ( 'NONE',  ( -1.734723475976806848E-16, 1.000000000000000000, -0.000000000000000000 ) ) ;
#2821 = ADVANCED_FACE ( 'NONE', ( #1361 ), #1315, .T. ) ;
#2822 = DIRECTION ( 'NONE',  ( -1.000000000000000000, 0.000000000000000000, 0.000000000000000000 ) ) ;
#2823 = DIRECTION ( 'NONE',  ( -1.000000000000000000, 1.097926250618232273E-16, -2.332161357353440584E-32 ) ) ;
#2824 = LINE ( 'NONE', #27, #971 ) ;
#2825 = CARTESIAN_POINT ( 'NONE',  ( -6.400000000000000355, -14.56036721894069963, 36.44999999999999574 ) ) ;
#2826 = CARTESIAN_POINT ( 'NONE',  ( 24.40000000000000213, -0.3999999999999993006, 47.15591022250215758 ) ) ;
#2827 = AXIS2_PLACEMENT_3D ( 'NONE', #2158, #308, #1280 ) ;
#2828 = DIRECTION ( 'NONE',  ( -1.000000000000000000, 1.208866533781747403E-16, -2.567815292417029038E-32 ) ) ;
#2829 = EDGE_LOOP ( 'NONE', ( #562, #3100, #924, #902 ) ) ;
#2830 = AXIS2_PLACEMENT_3D ( 'NONE', #374, #598, #1351 ) ;
#2831 = DIRECTION ( 'NONE',  ( 0.000000000000000000, -1.000000000000000000, 0.000000000000000000 ) ) ;
#2832 = AXIS2_PLACEMENT_3D ( 'NONE', #606, #338, #2982 ) ;
#2833 = ORIENTED_EDGE ( 'NONE', *, *, #633, .T. ) ;
#2834 = DIRECTION ( 'NONE',  ( 0.000000000000000000, 0.000000000000000000, -1.000000000000000000 ) ) ;
#2835 = VERTEX_POINT ( 'NONE', #323 ) ;
#2836 = LINE ( 'NONE', #411, #2432 ) ;
#2837 = LINE ( 'NONE', #397, #1392 ) ;
#2838 = DIRECTION ( 'NONE',  ( 0.000000000000000000, 0.000000000000000000, -1.000000000000000000 ) ) ;
#2839 = EDGE_CURVE ( 'NONE', #1959, #1399, #730, .T. ) ;
#2840 = PLANE ( 'NONE',  #266 ) ;
#2841 = AXIS2_PLACEMENT_3D ( 'NONE', #1778, #2052, #620 ) ;
#2842 = CARTESIAN_POINT ( 'NONE',  ( 12.20000000000000107, -18.10000000000000497, 18.00000000000000355 ) ) ;
#2843 = DIRECTION ( 'NONE',  ( -1.000000000000000000, 1.208866533781747403E-16, -2.567815292417029038E-32 ) ) ;
#2844 = ORIENTED_EDGE ( 'NONE', *, *, #2473, .T. ) ;
#2845 = DIRECTION ( 'NONE',  ( 0.000000000000000000, 0.000000000000000000, -1.000000000000000000 ) ) ;
#2846 = ORIENTED_EDGE ( 'NONE', *, *, #1751, .F. ) ;
#2847 = ORIENTED_EDGE ( 'NONE', *, *, #2654, .T. ) ;
#2848 = ORIENTED_EDGE ( 'NONE', *, *, #1326, .T. ) ;
#2849 = DIRECTION ( 'NONE',  ( 0.000000000000000000, -1.000000000000000000, 0.000000000000000000 ) ) ;
#2850 = VERTEX_POINT ( 'NONE', #138 ) ;
#2851 = CARTESIAN_POINT ( 'NONE',  ( 14.40000000000000213, -2.000000000000001776, 49.38748865697796475 ) ) ;
#2852 = EDGE_CURVE ( 'NONE', #1757, #1353, #1300, .T. ) ;
#2853 = EDGE_CURVE ( 'NONE', #2581, #587, #414, .T. ) ;
#2854 = CARTESIAN_POINT ( 'NONE',  ( -25.00000000000000000, 1.199999999999996403, 22.50000000000000711 ) ) ;
#2855 = EDGE_CURVE ( 'NONE', #2227, #834, #1536, .T. ) ;
#2856 = EDGE_CURVE ( 'NONE', #25, #1820, #2013, .T. ) ;
#2857 = CARTESIAN_POINT ( 'NONE',  ( -31.00000000000000355, -22.75000000000000355, 22.50000000000000711 ) ) ;
#2858 = EDGE_CURVE ( 'NONE', #2207, #534, #2727, .T. ) ;
#2859 = CARTESIAN_POINT ( 'NONE',  ( -35.50000000000000711, -2.499999999999992895, 26.50000000000000711 ) ) ;
#2860 = VECTOR ( 'NONE', #2586, 1000.000000000000000 ) ;
#2861 = CARTESIAN_POINT ( 'NONE',  ( -1.100000000000000311, -9.250000000000003553, 42.50000000000000000 ) ) ;
#2862 = EDGE_LOOP ( 'NONE', ( #2545, #2161 ) ) ;
#2863 = EDGE_LOOP ( 'NONE', ( #2698, #82, #201, #424 ) ) ;
#2864 = AXIS2_PLACEMENT_3D ( 'NONE', #538, #89, #1515 ) ;
#2865 = APPLICATION_CONTEXT ( 'configuration controlled 3d designs of mechanical parts and assemblies' ) ;
#2866 = EDGE_LOOP ( 'NONE', ( #2412, #749 ) ) ;
#2867 = CYLINDRICAL_SURFACE ( 'NONE', #1871, 1.699999999999999512 ) ;
#2868 = ORIENTED_EDGE ( 'NONE', *, *, #2996, .T. ) ;
#2869 = FACE_OUTER_BOUND ( 'NONE', #2862, .T. ) ;
#2870 = CARTESIAN_POINT ( 'NONE',  ( -31.00000000000000355, -21.40000000000000213, 22.50000000000000711 ) ) ;
#2871 = FACE_OUTER_BOUND ( 'NONE', #2819, .T. ) ;
#2872 = ORIENTED_EDGE ( 'NONE', *, *, #2521, .F. ) ;
#2873 = ORIENTED_EDGE ( 'NONE', *, *, #772, .F. ) ;
#2874 = VECTOR ( 'NONE', #2644, 1000.000000000000000 ) ;
#2875 = ORIENTED_EDGE ( 'NONE', *, *, #1794, .T. ) ;
#2876 = FACE_OUTER_BOUND ( 'NONE', #2051, .T. ) ;
#2877 = EDGE_LOOP ( 'NONE', ( #545, #1449 ) ) ;
#2878 = VECTOR ( 'NONE', #855, 1000.000000000000000 ) ;
#2879 = DIRECTION ( 'NONE',  ( -1.000000000000000000, 1.097926250618232273E-16, -2.332161357353440310E-32 ) ) ;
#2880 = EDGE_CURVE ( 'NONE', #3072, #176, #609, .T. ) ;
#2881 = CARTESIAN_POINT ( 'NONE',  ( 1.974353303279924711E-15, -18.10000000000000497, 18.00000000000000355 ) ) ;
#2882 = ORIENTED_EDGE ( 'NONE', *, *, #1972, .F. ) ;
#2883 = PLANE ( 'NONE',  #1122 ) ;
#2884 = AXIS2_PLACEMENT_3D ( 'NONE', #60, #2251, #1963 ) ;
#2885 = DIRECTION ( 'NONE',  ( -0.000000000000000000, 0.000000000000000000, 1.000000000000000000 ) ) ;
#2886 = ORIENTED_EDGE ( 'NONE', *, *, #1112, .F. ) ;
#2887 = ORIENTED_EDGE ( 'NONE', *, *, #1013, .F. ) ;
#2888 = AXIS2_PLACEMENT_3D ( 'NONE', #344, #595, #1540 ) ;
#2889 = AXIS2_PLACEMENT_3D ( 'NONE', #237, #2371, #37 ) ;
#2890 = EDGE_CURVE ( 'NONE', #310, #951, #1804, .T. ) ;
#2891 = EDGE_CURVE ( 'NONE', #2443, #2801, #593, .T. ) ;
#2892 = ORIENTED_EDGE ( 'NONE', *, *, #1488, .F. ) ;
#2893 = DIRECTION ( 'NONE',  ( -5.387339987505610399E-17, -1.000000000000000000, 0.000000000000000000 ) ) ;
#2894 = ORIENTED_EDGE ( 'NONE', *, *, #2568, .T. ) ;
#2895 = EDGE_CURVE ( 'NONE', #2632, #2496, #1827, .T. ) ;
#2896 = FACE_OUTER_BOUND ( 'NONE', #1547, .T. ) ;
#2897 = DIRECTION ( 'NONE',  ( 0.000000000000000000, -1.000000000000000000, 0.000000000000000000 ) ) ;
#2898 = LINE ( 'NONE', #729, #2321 ) ;
#2899 = VERTEX_POINT ( 'NONE', #1053 ) ;
#2900 = CARTESIAN_POINT ( 'NONE',  ( -1.213513646427832377E-16, -1.405064206302051890E-32, 18.00000000000000355 ) ) ;
#2901 = DIRECTION ( 'NONE',  ( -1.097926250618232273E-16, -1.000000000000000000, 0.000000000000000000 ) ) ;
#2902 = CARTESIAN_POINT ( 'NONE',  ( 12.20000000000000284, 0.000000000000000000, 18.00000000000000355 ) ) ;
#2903 = ORIENTED_EDGE ( 'NONE', *, *, #173, .T. ) ;
#2904 = DIRECTION ( 'NONE',  ( -1.000000000000000000, 1.097926250618232273E-16, -2.332161357353440310E-32 ) ) ;
#2905 = ADVANCED_FACE ( 'NONE', ( #2776 ), #2488, .F. ) ;
#2906 = VECTOR ( 'NONE', #2171, 1000.000000000000000 ) ;
#2907 = VERTEX_POINT ( 'NONE', #2505 ) ;
#2908 = CARTESIAN_POINT ( 'NONE',  ( -31.00000000000000355, -19.70000000000000284, 22.50000000000000711 ) ) ;
#2909 = DIRECTION ( 'NONE',  ( -2.102695122396129916E-16, 1.000000000000000000, -0.000000000000000000 ) ) ;
#2910 = AXIS2_PLACEMENT_3D ( 'NONE', #213, #2415, #1244 ) ;
#2911 = ORIENTED_EDGE ( 'NONE', *, *, #2473, .F. ) ;
#2912 = FACE_OUTER_BOUND ( 'NONE', #2829, .T. ) ;
#2913 = EDGE_CURVE ( 'NONE', #2340, #263, #2986, .T. ) ;
#2914 = DIRECTION ( 'NONE',  ( -1.000000000000000000, 1.208866533781747403E-16, -2.567815292417029038E-32 ) ) ;
#2915 = LINE ( 'NONE', #41, #1189 ) ;
#2916 = EDGE_LOOP ( 'NONE', ( #750, #2089, #36, #578, #345, #2948, #550, #2892, #615, #2339, #1761, #2575 ) ) ;
#2917 = CARTESIAN_POINT ( 'NONE',  ( -35.50000000000000711, -2.499999999999992895, 26.50000000000000711 ) ) ;
#2918 = FACE_OUTER_BOUND ( 'NONE', #1934, .T. ) ;
#2919 = PLANE ( 'NONE',  #463 ) ;
#2920 = CARTESIAN_POINT ( 'NONE',  ( -31.00000000000000355, -19.70000000000000284, 22.50000000000000711 ) ) ;
#2921 = ORIENTED_EDGE ( 'NONE', *, *, #2703, .T. ) ;
#2922 = DIRECTION ( 'NONE',  ( -1.000000000000000000, -0.000000000000000000, 0.000000000000000000 ) ) ;
#2923 = ORIENTED_EDGE ( 'NONE', *, *, #625, .F. ) ;
#2924 = CARTESIAN_POINT ( 'NONE',  ( -2.799999999999999822, -18.10000000000000497, 18.00000000000000355 ) ) ;
#2925 = ORIENTED_EDGE ( 'NONE', *, *, #1009, .F. ) ;
#2926 = CIRCLE ( 'NONE', #20, 1.700000000000000178 ) ;
#2927 = CIRCLE ( 'NONE', #1591, 1.699999999999996625 ) ;
#2928 = PLANE ( 'NONE',  #2354 ) ;
#2929 = AXIS2_PLACEMENT_3D ( 'NONE', #957, #434, #2585 ) ;
#2930 = DIRECTION ( 'NONE',  ( -0.000000000000000000, 1.000000000000000000, -0.000000000000000000 ) ) ;
#2931 = VECTOR ( 'NONE', #1335, 1000.000000000000000 ) ;
#2932 = ORIENTED_EDGE ( 'NONE', *, *, #677, .T. ) ;
#2933 = CARTESIAN_POINT ( 'NONE',  ( -25.00000000000000000, 1.200000000000001510, 62.50000000000000000 ) ) ;
#2934 = DIRECTION ( 'NONE',  ( -0.000000000000000000, -0.000000000000000000, 1.000000000000000000 ) ) ;
#2935 = EDGE_CURVE ( 'NONE', #2191, #1959, #282, .T. ) ;
#2936 = DIRECTION ( 'NONE',  ( 9.230858644699207066E-16, 1.000000000000000000, -0.000000000000000000 ) ) ;
#2937 = DIRECTION ( 'NONE',  ( -1.077467997501122080E-16, -1.000000000000000000, 0.000000000000000000 ) ) ;
#2938 = VERTEX_POINT ( 'NONE', #178 ) ;
#2939 = LINE ( 'NONE', #2459, #1004 ) ;
#2940 = AXIS2_PLACEMENT_3D ( 'NONE', #1072, #2971, #1754 ) ;
#2941 = ORIENTED_EDGE ( 'NONE', *, *, #674, .F. ) ;
#2942 = CARTESIAN_POINT ( 'NONE',  ( -33.50000000000000000, -1.849999999999988542, 62.50000000000000000 ) ) ;
#2943 = AXIS2_PLACEMENT_3D ( 'NONE', #2259, #2786, #2025 ) ;
#2944 = ORIENTED_EDGE ( 'NONE', *, *, #586, .F. ) ;
#2945 = ORIENTED_EDGE ( 'NONE', *, *, #2183, .F. ) ;
#2946 = FACE_OUTER_BOUND ( 'NONE', #1089, .T. ) ;
#2947 = DIRECTION ( 'NONE',  ( -1.000000000000000000, 1.208866533781747403E-16, -2.567815292417029038E-32 ) ) ;
#2948 = ORIENTED_EDGE ( 'NONE', *, *, #719, .F. ) ;
#2949 = MECHANICAL_CONTEXT ( 'NONE', #2865, 'mechanical' ) ;
#2950 = PLANE ( 'NONE',  #1768 ) ;
#2951 = EDGE_CURVE ( 'NONE', #1077, #786, #986, .T. ) ;
#2952 = EDGE_CURVE ( 'NONE', #1697, #1079, #1249, .T. ) ;
#2953 = LINE ( 'NONE', #1583, #2720 ) ;
#2954 = CARTESIAN_POINT ( 'NONE',  ( -25.00000000000000000, 2.900000000000000355, 62.50000000000000000 ) ) ;
#2955 = ORIENTED_EDGE ( 'NONE', *, *, #401, .F. ) ;
#2956 = EDGE_CURVE ( 'NONE', #581, #2801, #2170, .T. ) ;
#2957 = FACE_BOUND ( 'NONE', #1462, .T. ) ;
#2958 = DIRECTION ( 'NONE',  ( 0.000000000000000000, -1.000000000000000000, 0.000000000000000000 ) ) ;
#2959 = DIRECTION ( 'NONE',  ( 0.000000000000000000, -1.000000000000000000, 0.000000000000000000 ) ) ;
#2960 = EDGE_LOOP ( 'NONE', ( #13, #2977, #220, #2666 ) ) ;
#2961 = ADVANCED_FACE ( 'NONE', ( #1935 ), #2659, .F. ) ;
#2962 = VECTOR ( 'NONE', #2381, 1000.000000000000000 ) ;
#2963 = ORIENTED_EDGE ( 'NONE', *, *, #1698, .F. ) ;
#2964 = CARTESIAN_POINT ( 'NONE',  ( -6.399999999999999467, -2.499999999999997780, 20.00000000000000000 ) ) ;
#2965 = CARTESIAN_POINT ( 'NONE',  ( -16.50000000000000000, -14.56036721894069430, 36.44999999999999574 ) ) ;
#2966 = VECTOR ( 'NONE', #1946, 1000.000000000000000 ) ;
#2967 = FACE_OUTER_BOUND ( 'NONE', #343, .T. ) ;
#2968 = CARTESIAN_POINT ( 'NONE',  ( -25.00000000000000000, -19.69999999999999929, 62.50000000000000000 ) ) ;
#2969 = CARTESIAN_POINT ( 'NONE',  ( 12.20000000000000284, -20.60000000000000497, 67.00000000000000000 ) ) ;
#2970 = CYLINDRICAL_SURFACE ( 'NONE', #2164, 3.999999999999998224 ) ;
#2971 = DIRECTION ( 'NONE',  ( -1.000000000000000000, 1.208866533781747403E-16, -2.567815292417029038E-32 ) ) ;
#2972 = ORIENTED_EDGE ( 'NONE', *, *, #1661, .T. ) ;
#2973 = CARTESIAN_POINT ( 'NONE',  ( 10.09999999999999964, 0.000000000000000000, 18.00000000000000355 ) ) ;
#2974 = ORIENTED_EDGE ( 'NONE', *, *, #2913, .F. ) ;
#2975 = CARTESIAN_POINT ( 'NONE',  ( -35.50000000000000711, -2.499999999999994227, 65.00000000000000000 ) ) ;
#2976 = DIRECTION ( 'NONE',  ( 0.000000000000000000, -1.000000000000000000, 0.000000000000000000 ) ) ;
#2977 = ORIENTED_EDGE ( 'NONE', *, *, #2601, .T. ) ;
#2978 = VERTEX_POINT ( 'NONE', #2641 ) ;
#2979 = CARTESIAN_POINT ( 'NONE',  ( -33.50000000000000000, 4.249999999999999112, 22.50000000000000711 ) ) ;
#2980 = CARTESIAN_POINT ( 'NONE',  ( -16.50000000000000000, -15.50000000000000000, 32.20000000000000284 ) ) ;
#2981 = VECTOR ( 'NONE', #2520, 1000.000000000000000 ) ;
#2982 = DIRECTION ( 'NONE',  ( 0.000000000000000000, -1.000000000000000000, 0.000000000000000000 ) ) ;
#2983 = CIRCLE ( 'NONE', #23, 10.00000000000000178 ) ;
#2984 = FACE_OUTER_BOUND ( 'NONE', #754, .T. ) ;
#2985 = AXIS2_PLACEMENT_3D ( 'NONE', #2597, #211, #2309 ) ;
#2986 = LINE ( 'NONE', #850, #513 ) ;
#2987 = ORIENTED_EDGE ( 'NONE', *, *, #2890, .T. ) ;
#2988 = DIRECTION ( 'NONE',  ( -1.000000000000000000, 1.097926250618232273E-16, -2.332161357353440310E-32 ) ) ;
#2989 = ORIENTED_EDGE ( 'NONE', *, *, #2891, .T. ) ;
#2990 = DIRECTION ( 'NONE',  ( 0.000000000000000000, -1.000000000000000000, 0.000000000000000000 ) ) ;
#2991 = ORIENTED_EDGE ( 'NONE', *, *, #1234, .F. ) ;
#2992 = EDGE_CURVE ( 'NONE', #2153, #1336, #941, .T. ) ;
#2993 = EDGE_CURVE ( 'NONE', #1248, #2225, #1338, .T. ) ;
#2994 = ORIENTED_EDGE ( 'NONE', *, *, #2102, .F. ) ;
#2995 = CARTESIAN_POINT ( 'NONE',  ( -25.00000000000000000, -18.00000000000000355, 62.50000000000000000 ) ) ;
#2996 = EDGE_CURVE ( 'NONE', #1709, #2705, #3079, .T. ) ;
#2997 = DIRECTION ( 'NONE',  ( 1.000000000000000000, 0.000000000000000000, 0.000000000000000000 ) ) ;
#2998 = VECTOR ( 'NONE', #2692, 1000.000000000000000 ) ;
#2999 = CARTESIAN_POINT ( 'NONE',  ( -33.50000000000000000, -16.65000000000000213, 22.50000000000000711 ) ) ;
#3000 = COORDINATED_UNIVERSAL_TIME_OFFSET ( 5, 0, .BEHIND. ) ;
#3001 = CARTESIAN_POINT ( 'NONE',  ( -16.50000000000000000, -15.50000000000000000, 59.75000000000000000 ) ) ;
#3002 = DIRECTION ( 'NONE',  ( 1.000000000000000000, -1.208866533781747157E-16, -0.000000000000000000 ) ) ;
#3003 = DIRECTION ( 'NONE',  ( 0.000000000000000000, 0.000000000000000000, -1.000000000000000000 ) ) ;
#3004 = CYLINDRICAL_SURFACE ( 'NONE', #2147, 1.700000000000000178 ) ;
#3005 = APPROVAL ( #1408, 'UNSPECIFIED' ) ;
#3006 = VERTEX_POINT ( 'NONE', #935 ) ;
#3007 = DIRECTION ( 'NONE',  ( 0.000000000000000000, -1.000000000000000000, 0.000000000000000000 ) ) ;
#3008 = ORIENTED_EDGE ( 'NONE', *, *, #3052, .F. ) ;
#3009 = ORIENTED_EDGE ( 'NONE', *, *, #1626, .F. ) ;
#3010 = DIRECTION ( 'NONE',  ( -0.000000000000000000, -0.000000000000000000, 1.000000000000000000 ) ) ;
#3011 = ORIENTED_EDGE ( 'NONE', *, *, #2675, .F. ) ;
#3012 = DIRECTION ( 'NONE',  ( 1.000000000000000000, -1.208866533781747157E-16, -0.000000000000000000 ) ) ;
#3013 = VECTOR ( 'NONE', #1130, 1000.000000000000000 ) ;
#3014 = DIRECTION ( 'NONE',  ( 1.000000000000000000, -1.208866533781747157E-16, -0.000000000000000000 ) ) ;
#3015 = EDGE_CURVE ( 'NONE', #2368, #2899, #2926, .T. ) ;
#3016 = PERSON_AND_ORGANIZATION_ROLE ( 'creator' ) ;
#3017 = DIRECTION ( 'NONE',  ( -1.208866533781747157E-16, -1.000000000000000000, 0.000000000000000000 ) ) ;
#3018 = DIRECTION ( 'NONE',  ( 1.000000000000000000, -1.208866533781747157E-16, -0.000000000000000000 ) ) ;
#3019 = CARTESIAN_POINT ( 'NONE',  ( 14.80000000000000426, -23.59999999999999787, 122.3085781020933780 ) ) ;
#3020 = CARTESIAN_POINT ( 'NONE',  ( -6.400000000000001243, -15.50000000000000000, 59.75000000000000000 ) ) ;
#3021 = ORIENTED_EDGE ( 'NONE', *, *, #2330, .T. ) ;
#3022 = ORIENTED_EDGE ( 'NONE', *, *, #165, .T. ) ;
#3023 = ORIENTED_EDGE ( 'NONE', *, *, #1694, .F. ) ;
#3024 = CARTESIAN_POINT ( 'NONE',  ( -6.400000000000000355, -3.939632781059304367, 36.44999999999999574 ) ) ;
#3025 = ORIENTED_EDGE ( 'NONE', *, *, #922, .T. ) ;
#3026 = FACE_OUTER_BOUND ( 'NONE', #1213, .T. ) ;
#3027 = LINE ( 'NONE', #1842, #1645 ) ;
#3028 = AXIS2_PLACEMENT_3D ( 'NONE', #1002, #1717, #507 ) ;
#3029 = DIRECTION ( 'NONE',  ( 1.000000000000000000, 0.000000000000000000, -0.000000000000000000 ) ) ;
#3030 = AXIS2_PLACEMENT_3D ( 'NONE', #2180, #1214, #789 ) ;
#3031 = EDGE_CURVE ( 'NONE', #2039, #192, #2578, .T. ) ;
#3032 = PLANE ( 'NONE',  #2646 ) ;
#3033 = AXIS2_PLACEMENT_3D ( 'NONE', #2695, #635, #2063 ) ;
#3034 = EDGE_LOOP ( 'NONE', ( #962, #2398, #1494, #2987, #989, #249 ) ) ;
#3035 = LINE ( 'NONE', #2975, #2579 ) ;
#3036 = VERTEX_POINT ( 'NONE', #477 ) ;
#3037 = EDGE_LOOP ( 'NONE', ( #262, #2120 ) ) ;
#3038 = DIRECTION ( 'NONE',  ( 0.000000000000000000, -1.219727444046192488E-16, -1.000000000000000000 ) ) ;
#3039 = ORIENTED_EDGE ( 'NONE', *, *, #2777, .T. ) ;
#3040 = EDGE_CURVE ( 'NONE', #1381, #1484, #1456, .T. ) ;
#3041 = CARTESIAN_POINT ( 'NONE',  ( -35.50000000000000711, 3.100000000000006750, 58.50000000000000000 ) ) ;
#3042 = AXIS2_PLACEMENT_3D ( 'NONE', #797, #324, #2937 ) ;
#3043 = CARTESIAN_POINT ( 'NONE',  ( -25.00000000000000000, -18.00000000000000355, 22.50000000000000711 ) ) ;
#3044 = VECTOR ( 'NONE', #2663, 1000.000000000000000 ) ;
#3045 = APPROVAL_DATE_TIME ( #150, #1064 ) ;
#3046 = DIRECTION ( 'NONE',  ( 1.000000000000000000, -0.000000000000000000, 0.000000000000000000 ) ) ;
#3047 = CARTESIAN_POINT ( 'NONE',  ( -6.399999999999999467, -1.199999999999999734, 42.50000000000000000 ) ) ;
#3048 = FACE_OUTER_BOUND ( 'NONE', #2650, .T. ) ;
#3049 = EDGE_CURVE ( 'NONE', #2746, #634, #1766, .T. ) ;
#3050 = ORIENTED_EDGE ( 'NONE', *, *, #2020, .F. ) ;
#3051 = DIRECTION ( 'NONE',  ( 0.000000000000000000, -1.000000000000000000, 0.000000000000000000 ) ) ;
#3052 = EDGE_CURVE ( 'NONE', #2801, #1603, #2201, .T. ) ;
#3053 = ORIENTED_EDGE ( 'NONE', *, *, #824, .F. ) ;
#3054 = ORIENTED_EDGE ( 'NONE', *, *, #2514, .T. ) ;
#3055 = DIRECTION ( 'NONE',  ( -1.000000000000000000, -0.000000000000000000, -0.000000000000000000 ) ) ;
#3056 = PLANE ( 'NONE',  #3069 ) ;
#3057 = ORIENTED_EDGE ( 'NONE', *, *, #2144, .F. ) ;
#3058 = EDGE_CURVE ( 'NONE', #3072, #2595, #776, .T. ) ;
#3059 = DIRECTION ( 'NONE',  ( 0.000000000000000000, 0.000000000000000000, 1.000000000000000000 ) ) ;
#3060 = FACE_BOUND ( 'NONE', #3037, .T. ) ;
#3061 = COORDINATED_UNIVERSAL_TIME_OFFSET ( 5, 0, .BEHIND. ) ;
#3062 = VECTOR ( 'NONE', #1950, 1000.000000000000000 ) ;
#3063 = CARTESIAN_POINT ( 'NONE',  ( -31.00000000000000355, -16.65000000000000924, 62.50000000000000000 ) ) ;
#3064 = VECTOR ( 'NONE', #3046, 1000.000000000000000 ) ;
#3065 = CARTESIAN_POINT ( 'NONE',  ( 12.20000000000000107, -0.3999999999999993006, 47.15591022250215758 ) ) ;
#3066 = ORIENTED_EDGE ( 'NONE', *, *, #2222, .T. ) ;
#3067 = PLANE ( 'NONE',  #420 ) ;
#3068 = CARTESIAN_POINT ( 'NONE',  ( -33.50000000000000000, 1.200000000000002398, 62.50000000000000000 ) ) ;
#3069 = AXIS2_PLACEMENT_3D ( 'NONE', #426, #191, #1242 ) ;
#3070 = CARTESIAN_POINT ( 'NONE',  ( -6.399999999999995914, 5.100000000000000533, 18.00000000000000355 ) ) ;
#3071 = VERTEX_POINT ( 'NONE', #2917 ) ;
#3072 = VERTEX_POINT ( 'NONE', #1033 ) ;
#3073 = DIRECTION ( 'NONE',  ( -1.097926250618232273E-16, -1.000000000000000000, 0.000000000000000000 ) ) ;
#3074 = ORIENTED_EDGE ( 'NONE', *, *, #377, .F. ) ;
#3075 = CARTESIAN_POINT ( 'NONE',  ( -16.50000000000000000, -2.999999999999998668, 36.44999999999999574 ) ) ;
#3076 = CYLINDRICAL_SURFACE ( 'NONE', #2626, 1.699999999999998845 ) ;
#3077 = DIRECTION ( 'NONE',  ( -1.000000000000000000, 1.208866533781747403E-16, -2.567815292417029038E-32 ) ) ;
#3078 = PLANE ( 'NONE',  #396 ) ;
#3079 = CIRCLE ( 'NONE', #1387, 1.000000000000000888 ) ;
#3080 = DIRECTION ( 'NONE',  ( 1.208866533781747157E-16, 1.000000000000000000, -1.067522139062651855E-15 ) ) ;
#3081 = ORIENTED_EDGE ( 'NONE', *, *, #974, .F. ) ;
#3082 = ADVANCED_FACE ( 'NONE', ( #1728 ), #1067, .F. ) ;
#3083 = AXIS2_PLACEMENT_3D ( 'NONE', #2781, #1852, #652 ) ;
#3084 = ADVANCED_FACE ( 'NONE', ( #792 ), #2707, .T. ) ;
#3085 = CIRCLE ( 'NONE', #2125, 1.699999999999996625 ) ;
#3086 = VERTEX_POINT ( 'NONE', #1263 ) ;
#3087 = PLANE ( 'NONE',  #2248 ) ;
#3088 = ORIENTED_EDGE ( 'NONE', *, *, #2156, .T. ) ;
#3089 = EDGE_CURVE ( 'NONE', #3036, #1858, #555, .T. ) ;
#3090 = EDGE_CURVE ( 'NONE', #1735, #1367, #2010, .T. ) ;
#3091 = DIRECTION ( 'NONE',  ( 1.000000000000000000, -1.208866533781747157E-16, -0.000000000000000000 ) ) ;
#3092 = PLANE ( 'NONE',  #2985 ) ;
#3093 = ADVANCED_FACE ( 'NONE', ( #1552 ), #848, .F. ) ;
#3094 = LINE ( 'NONE', #490, #1686 ) ;
#3095 = DIRECTION ( 'NONE',  ( 0.000000000000000000, -1.000000000000000000, 0.000000000000000000 ) ) ;
#3096 = VECTOR ( 'NONE', #1965, 1000.000000000000000 ) ;
#3097 = DIRECTION ( 'NONE',  ( -1.000000000000000000, 1.208866533781747403E-16, -2.567815292417029038E-32 ) ) ;
#3098 = EDGE_LOOP ( 'NONE', ( #97, #866, #1262, #2240 ) ) ;
#3099 = FACE_BOUND ( 'NONE', #42, .T. ) ;
#3100 = ORIENTED_EDGE ( 'NONE', *, *, #2194, .T. ) ;
#3101 = ORIENTED_EDGE ( 'NONE', *, *, #1921, .T. ) ;
#3102 = ORIENTED_EDGE ( 'NONE', *, *, #2070, .F. ) ;
#3103 = CARTESIAN_POINT ( 'NONE',  ( 24.40000000000000213, -16.00000000000000000, 49.87817728168685960 ) ) ;
#3104 = ORIENTED_EDGE ( 'NONE', *, *, #1752, .T. ) ;
#3105 = DIRECTION ( 'NONE',  ( -1.157847882830225021E-16, 1.000000000000000000, 0.000000000000000000 ) ) ;
ENDSEC;
END-ISO-10303-21;
