ISO-10303-21;
HEADER;
FILE_DESCRIPTION (( 'STEP AP203' ),
    '1' );
FILE_NAME ('LID.STEP',
    '2026-06-17T23:36:59',
    ( '' ),
    ( '' ),
    'SwSTEP 2.0',
    'SolidWorks 2024',
    '' );
FILE_SCHEMA (( 'CONFIG_CONTROL_DESIGN' ));
ENDSEC;

DATA;
#1 = CARTESIAN_POINT ( 'NONE',  ( -5.480077554195743161, 5.500000000000000000, -3.780077554195747869 ) ) ;
#2 = VERTEX_POINT ( 'NONE', #388 ) ;
#3 = DIRECTION ( 'NONE',  ( -0.000000000000000000, -1.000000000000000000, -0.000000000000000000 ) ) ;
#4 = VERTEX_POINT ( 'NONE', #1476 ) ;
#5 = DIRECTION ( 'NONE',  ( -0.000000000000000000, -1.000000000000000000, -0.000000000000000000 ) ) ;
#6 = FACE_OUTER_BOUND ( 'NONE', #410, .T. ) ;
#7 = CARTESIAN_POINT ( 'NONE',  ( 5.480077554195744938, 3.400000000000000355, -5.480077554195744050 ) ) ;
#8 = ADVANCED_FACE ( 'NONE', ( #932 ), #536, .F. ) ;
#9 = ORIENTED_EDGE ( 'NONE', *, *, #179, .F. ) ;
#10 = CARTESIAN_POINT ( 'NONE',  ( 24.49999999999999645, 4.499999999999992006, -14.35000000000000142 ) ) ;
#11 = ORIENTED_EDGE ( 'NONE', *, *, #154, .F. ) ;
#12 = DIRECTION ( 'NONE',  ( 0.000000000000000000, 0.000000000000000000, 1.000000000000000000 ) ) ;
#13 = ADVANCED_FACE ( 'NONE', ( #112, #1617 ), #257, .F. ) ;
#14 = VERTEX_POINT ( 'NONE', #1469 ) ;
#15 = CYLINDRICAL_SURFACE ( 'NONE', #1427, 2.874999999999995559 ) ;
#16 = AXIS2_PLACEMENT_3D ( 'NONE', #632, #1183, #1599 ) ;
#17 = VECTOR ( 'NONE', #638, 1000.000000000000000 ) ;
#18 = CYLINDRICAL_SURFACE ( 'NONE', #1136, 1.700000000000005285 ) ;
#19 = CYLINDRICAL_SURFACE ( 'NONE', #1129, 2.874999999999996447 ) ;
#20 = AXIS2_PLACEMENT_3D ( 'NONE', #1091, #292, #1225 ) ;
#21 = LOCAL_TIME ( 19, 36, 59.00000000000000000, #41 ) ;
#22 = AXIS2_PLACEMENT_3D ( 'NONE', #732, #799, #1293 ) ;
#23 = CARTESIAN_POINT ( 'NONE',  ( 19.99999999999999645, 0.000000000000000000, 8.749999999999998224 ) ) ;
#24 = VERTEX_POINT ( 'NONE', #507 ) ;
#25 = DIRECTION ( 'NONE',  ( 0.000000000000000000, 1.000000000000000000, 0.000000000000000000 ) ) ;
#26 = DIRECTION ( 'NONE',  ( 0.000000000000000000, 0.000000000000000000, 1.000000000000000000 ) ) ;
#27 = COORDINATED_UNIVERSAL_TIME_OFFSET ( 5, 0, .BEHIND. ) ;
#28 = EDGE_LOOP ( 'NONE', ( #858, #958, #128, #326 ) ) ;
#29 = LINE ( 'NONE', #1112, #882 ) ;
#30 = FACE_OUTER_BOUND ( 'NONE', #541, .T. ) ;
#31 = DIRECTION ( 'NONE',  ( 0.000000000000000000, -0.000000000000000000, 1.000000000000000000 ) ) ;
#32 = DIRECTION ( 'NONE',  ( -0.000000000000000000, -1.000000000000000000, -0.000000000000000000 ) ) ;
#33 = ORIENTED_EDGE ( 'NONE', *, *, #1125, .F. ) ;
#34 = ORIENTED_EDGE ( 'NONE', *, *, #393, .T. ) ;
#35 = VERTEX_POINT ( 'NONE', #378 ) ;
#36 = CARTESIAN_POINT ( 'NONE',  ( 5.480077554195744938, 0.000000000000000000, -5.480077554195744050 ) ) ;
#37 = PLANE ( 'NONE',  #1744 ) ;
#38 = CARTESIAN_POINT ( 'NONE',  ( 19.99999999999999645, 2.100000000000000089, -8.750000000000001776 ) ) ;
#39 = EDGE_CURVE ( 'NONE', #1757, #1527, #1044, .T. ) ;
#40 = LINE ( 'NONE', #190, #418 ) ;
#41 = COORDINATED_UNIVERSAL_TIME_OFFSET ( 5, 0, .BEHIND. ) ;
#42 = ORIENTED_EDGE ( 'NONE', *, *, #938, .T. ) ;
#43 = ADVANCED_FACE ( 'NONE', ( #367, #1189 ), #758, .T. ) ;
#44 = EDGE_LOOP ( 'NONE', ( #1062, #706 ) ) ;
#45 = EDGE_LOOP ( 'NONE', ( #573, #1149 ) ) ;
#46 = DIRECTION ( 'NONE',  ( 0.000000000000000000, 0.000000000000000000, 1.000000000000000000 ) ) ;
#47 = EDGE_CURVE ( 'NONE', #1403, #205, #217, .T. ) ;
#48 = DIRECTION ( 'NONE',  ( -0.000000000000000000, -1.000000000000000000, -0.000000000000000000 ) ) ;
#49 = DIRECTION ( 'NONE',  ( -0.000000000000000000, -1.000000000000000000, -0.000000000000000000 ) ) ;
#50 = AXIS2_PLACEMENT_3D ( 'NONE', #298, #335, #1430 ) ;
#51 = VECTOR ( 'NONE', #429, 1000.000000000000114 ) ;
#52 = CIRCLE ( 'NONE', #400, 2.874999999999996447 ) ;
#53 = EDGE_LOOP ( 'NONE', ( #211, #172, #1593, #666 ) ) ;
#54 =( GEOMETRIC_REPRESENTATION_CONTEXT ( 3 ) GLOBAL_UNCERTAINTY_ASSIGNED_CONTEXT ( ( #533 ) ) GLOBAL_UNIT_ASSIGNED_CONTEXT ( ( #601, #610, #73 ) ) REPRESENTATION_CONTEXT ( 'NONE', 'WORKASPACE' ) );
#55 = DIRECTION ( 'NONE',  ( -0.000000000000000000, -1.000000000000000000, -0.000000000000000000 ) ) ;
#56 = AXIS2_PLACEMENT_3D ( 'NONE', #1041, #375, #1338 ) ;
#57 = DATE_AND_TIME ( #171, #1138 ) ;
#58 = AXIS2_PLACEMENT_3D ( 'NONE', #1462, #216, #1060 ) ;
#59 = ORIENTED_EDGE ( 'NONE', *, *, #812, .F. ) ;
#60 = CARTESIAN_POINT ( 'NONE',  ( 5.480077554195744938, 3.400000000000000355, -5.480077554195744050 ) ) ;
#61 = FACE_BOUND ( 'NONE', #1278, .T. ) ;
#62 = FACE_OUTER_BOUND ( 'NONE', #1686, .T. ) ;
#63 = EDGE_CURVE ( 'NONE', #1022, #853, #508, .T. ) ;
#64 = CARTESIAN_POINT ( 'NONE',  ( -20.00000000000000355, 2.100000000000000089, 10.45000000000000284 ) ) ;
#65 = VERTEX_POINT ( 'NONE', #519 ) ;
#66 = LINE ( 'NONE', #509, #1230 ) ;
#67 = VERTEX_POINT ( 'NONE', #396 ) ;
#68 = ADVANCED_FACE ( 'NONE', ( #943 ), #215, .F. ) ;
#69 = ORIENTED_EDGE ( 'NONE', *, *, #1661, .T. ) ;
#70 = CARTESIAN_POINT ( 'NONE',  ( 19.99999999999999645, 5.500000000000000000, 7.574999999999998401 ) ) ;
#71 = CARTESIAN_POINT ( 'NONE',  ( -5.480077554195743161, 3.400000000000000355, -5.480077554195746714 ) ) ;
#72 = CARTESIAN_POINT ( 'NONE',  ( -5.480077554195743161, 0.000000000000000000, -5.480077554195746714 ) ) ;
#73 =( NAMED_UNIT ( * ) SI_UNIT ( $, .STERADIAN. ) SOLID_ANGLE_UNIT ( ) );
#74 = VERTEX_POINT ( 'NONE', #1105 ) ;
#75 = EDGE_CURVE ( 'NONE', #906, #205, #269, .T. ) ;
#76 = DIRECTION ( 'NONE',  ( -0.000000000000000000, -1.000000000000000000, -0.000000000000000000 ) ) ;
#77 = CC_DESIGN_PERSON_AND_ORGANIZATION_ASSIGNMENT ( #967, #324, ( #1349 ) ) ;
#78 = VERTEX_POINT ( 'NONE', #23 ) ;
#79 = LINE ( 'NONE', #889, #768 ) ;
#80 = CARTESIAN_POINT ( 'NONE',  ( -5.480077554195743161, 3.400000000000000355, -5.480077554195746714 ) ) ;
#81 = AXIS2_PLACEMENT_3D ( 'NONE', #414, #1247, #145 ) ;
#82 = VECTOR ( 'NONE', #922, 1000.000000000000000 ) ;
#83 = ORIENTED_EDGE ( 'NONE', *, *, #302, .T. ) ;
#84 = VECTOR ( 'NONE', #244, 1000.000000000000000 ) ;
#85 = PLANE ( 'NONE',  #599 ) ;
#86 = AXIS2_PLACEMENT_3D ( 'NONE', #1660, #850, #1541 ) ;
#87 = CARTESIAN_POINT ( 'NONE',  ( -3.780077554195732326, 3.400000000000000355, 5.480077554195741385 ) ) ;
#88 = EDGE_LOOP ( 'NONE', ( #819, #1040 ) ) ;
#89 = CARTESIAN_POINT ( 'NONE',  ( 5.480077554195744938, 0.000000000000000000, -2.605077554195748046 ) ) ;
#90 = CARTESIAN_POINT ( 'NONE',  ( -5.480077554195743161, 5.500000000000000000, -5.480077554195746714 ) ) ;
#91 = FACE_OUTER_BOUND ( 'NONE', #668, .T. ) ;
#92 = ORIENTED_EDGE ( 'NONE', *, *, #742, .F. ) ;
#93 = CARTESIAN_POINT ( 'NONE',  ( 1.377727649040772783E-15, 7.500000000000000000, -10.75000000000000178 ) ) ;
#94 = ORIENTED_EDGE ( 'NONE', *, *, #577, .T. ) ;
#95 = FACE_OUTER_BOUND ( 'NONE', #1762, .T. ) ;
#96 = ORIENTED_EDGE ( 'NONE', *, *, #1126, .F. ) ;
#97 = DIRECTION ( 'NONE',  ( -0.000000000000000000, 1.000000000000000000, -0.000000000000000000 ) ) ;
#98 = CARTESIAN_POINT ( 'NONE',  ( 19.99999999999999645, 2.100000000000000089, 10.44999999999999751 ) ) ;
#99 = ORIENTED_EDGE ( 'NONE', *, *, #1421, .T. ) ;
#100 = CARTESIAN_POINT ( 'NONE',  ( -5.480077554195744938, 0.000000000000000000, 7.180077554195746892 ) ) ;
#101 = FACE_BOUND ( 'NONE', #320, .T. ) ;
#102 = CARTESIAN_POINT ( 'NONE',  ( 19.99999999999999645, 5.500000000000000000, -8.750000000000001776 ) ) ;
#103 = CARTESIAN_POINT ( 'NONE',  ( 19.99999999999999645, 5.500000000000000000, 10.44999999999999751 ) ) ;
#104 = ORIENTED_EDGE ( 'NONE', *, *, #701, .T. ) ;
#105 = PLANE ( 'NONE',  #453 ) ;
#106 = ORIENTED_EDGE ( 'NONE', *, *, #1767, .F. ) ;
#107 = DIRECTION ( 'NONE',  ( 0.000000000000000000, -0.000000000000000000, 1.000000000000000000 ) ) ;
#108 = ADVANCED_FACE ( 'NONE', ( #942 ), #808, .T. ) ;
#109 = CARTESIAN_POINT ( 'NONE',  ( -5.480077554195743161, 3.400000000000000355, -8.355077554195741385 ) ) ;
#110 = ADVANCED_BREP_SHAPE_REPRESENTATION ( 'LID', ( #730, #1535 ), #54 ) ;
#111 = DIRECTION ( 'NONE',  ( 0.000000000000000000, -0.000000000000000000, -1.000000000000000000 ) ) ;
#112 = FACE_BOUND ( 'NONE', #1242, .T. ) ;
#113 = AXIS2_PLACEMENT_3D ( 'NONE', #87, #740, #499 ) ;
#114 = VECTOR ( 'NONE', #1000, 1000.000000000000000 ) ;
#115 = CARTESIAN_POINT ( 'NONE',  ( -5.480077554195743161, 0.000000000000000000, -3.780077554195741207 ) ) ;
#116 = AXIS2_PLACEMENT_3D ( 'NONE', #138, #835, #1522 ) ;
#117 = EDGE_CURVE ( 'NONE', #1191, #1022, #274, .T. ) ;
#118 = DIRECTION ( 'NONE',  ( 0.000000000000000000, 0.000000000000000000, 1.000000000000000000 ) ) ;
#119 = AXIS2_PLACEMENT_3D ( 'NONE', #1566, #770, #379 ) ;
#120 = VERTEX_POINT ( 'NONE', #1228 ) ;
#121 = FACE_OUTER_BOUND ( 'NONE', #488, .T. ) ;
#122 = CARTESIAN_POINT ( 'NONE',  ( 0.000000000000000000, 7.500000000000000000, -10.25000000000000000 ) ) ;
#123 = ADVANCED_FACE ( 'NONE', ( #1778 ), #549, .F. ) ;
#124 = DIRECTION ( 'NONE',  ( 0.000000000000000000, 0.000000000000000000, -1.000000000000000000 ) ) ;
#125 = FACE_OUTER_BOUND ( 'NONE', #412, .T. ) ;
#126 = ADVANCED_FACE ( 'NONE', ( #979 ), #1281, .F. ) ;
#127 = DIRECTION ( 'NONE',  ( 0.000000000000000000, 0.000000000000000000, -1.000000000000000000 ) ) ;
#128 = ORIENTED_EDGE ( 'NONE', *, *, #117, .T. ) ;
#129 = ADVANCED_FACE ( 'NONE', ( #595 ), #1677, .F. ) ;
#130 = CARTESIAN_POINT ( 'NONE',  ( 19.99999999999999645, 5.500000000000000000, -7.575000000000003730 ) ) ;
#131 = EDGE_CURVE ( 'NONE', #279, #120, #1497, .T. ) ;
#132 = ORIENTED_EDGE ( 'NONE', *, *, #1241, .T. ) ;
#133 = FACE_OUTER_BOUND ( 'NONE', #1590, .T. ) ;
#134 = ADVANCED_FACE ( 'NONE', ( #185 ), #19, .F. ) ;
#135 = EDGE_LOOP ( 'NONE', ( #1229, #897 ) ) ;
#136 = EDGE_LOOP ( 'NONE', ( #1235, #805, #1081, #1641 ) ) ;
#137 = AXIS2_PLACEMENT_3D ( 'NONE', #166, #158, #881 ) ;
#138 = CARTESIAN_POINT ( 'NONE',  ( 0.000000000000000000, 6.500000000000000000, 0.000000000000000000 ) ) ;
#139 = AXIS2_PLACEMENT_3D ( 'NONE', #1092, #1640, #1394 ) ;
#140 = DIRECTION ( 'NONE',  ( 0.000000000000000000, 0.000000000000000000, -1.000000000000000000 ) ) ;
#141 = AXIS2_PLACEMENT_3D ( 'NONE', #1203, #945, #1342 ) ;
#142 = ORIENTED_EDGE ( 'NONE', *, *, #286, .F. ) ;
#143 = VECTOR ( 'NONE', #3, 1000.000000000000000 ) ;
#144 = AXIS2_PLACEMENT_3D ( 'NONE', #780, #1703, #612 ) ;
#145 = DIRECTION ( 'NONE',  ( 0.000000000000000000, 0.000000000000000000, -1.000000000000000000 ) ) ;
#146 = AXIS2_PLACEMENT_3D ( 'NONE', #1128, #1260, #1270 ) ;
#147 = ORIENTED_EDGE ( 'NONE', *, *, #1206, .T. ) ;
#148 = DIRECTION ( 'NONE',  ( 0.000000000000000000, 0.000000000000000000, -1.000000000000000000 ) ) ;
#149 = CYLINDRICAL_SURFACE ( 'NONE', #847, 2.874999999999999112 ) ;
#150 = ORIENTED_EDGE ( 'NONE', *, *, #1761, .F. ) ;
#151 = DIRECTION ( 'NONE',  ( 0.000000000000000000, 0.000000000000000000, -1.000000000000000000 ) ) ;
#152 = VERTEX_POINT ( 'NONE', #1523 ) ;
#153 = DIRECTION ( 'NONE',  ( 0.000000000000000000, 0.000000000000000000, -1.000000000000000000 ) ) ;
#154 = EDGE_CURVE ( 'NONE', #781, #1502, #353, .T. ) ;
#155 = CARTESIAN_POINT ( 'NONE',  ( 5.480077554195742273, 3.851859888774471706E-31, 2.605077554195748935 ) ) ;
#156 = ORIENTED_EDGE ( 'NONE', *, *, #1639, .F. ) ;
#157 = CARTESIAN_POINT ( 'NONE',  ( 5.480077554195742273, 3.400000000000000355, 2.605077554195748935 ) ) ;
#158 = DIRECTION ( 'NONE',  ( -0.000000000000000000, 1.000000000000000000, -0.000000000000000000 ) ) ;
#159 = ORIENTED_EDGE ( 'NONE', *, *, #1772, .F. ) ;
#160 = DIRECTION ( 'NONE',  ( -0.000000000000000000, 1.000000000000000000, -0.000000000000000000 ) ) ;
#161 = ORIENTED_EDGE ( 'NONE', *, *, #131, .T. ) ;
#162 = EDGE_CURVE ( 'NONE', #2, #1384, #1158, .T. ) ;
#163 = AXIS2_PLACEMENT_3D ( 'NONE', #1553, #475, #600 ) ;
#164 = VECTOR ( 'NONE', #978, 1000.000000000000000 ) ;
#165 = DIRECTION ( 'NONE',  ( -0.000000000000000000, -1.000000000000000000, -0.000000000000000000 ) ) ;
#166 = CARTESIAN_POINT ( 'NONE',  ( -20.00000000000000355, 5.500000000000000000, -10.44999999999999574 ) ) ;
#167 = AXIS2_PLACEMENT_3D ( 'NONE', #395, #1591, #1605 ) ;
#168 = DIRECTION ( 'NONE',  ( -0.000000000000000000, 1.000000000000000000, -0.000000000000000000 ) ) ;
#169 = AXIS2_PLACEMENT_3D ( 'NONE', #1025, #1726, #107 ) ;
#170 = CARTESIAN_POINT ( 'NONE',  ( -20.00000000000000355, 5.500000000000000000, -7.574999999999996625 ) ) ;
#171 = CALENDAR_DATE ( 2026, 17, 6 ) ;
#172 = ORIENTED_EDGE ( 'NONE', *, *, #708, .F. ) ;
#173 = ORIENTED_EDGE ( 'NONE', *, *, #162, .F. ) ;
#174 = EDGE_CURVE ( 'NONE', #1184, #723, #506, .T. ) ;
#175 = EDGE_CURVE ( 'NONE', #1542, #888, #1143, .T. ) ;
#176 = CARTESIAN_POINT ( 'NONE',  ( 0.000000000000000000, 7.500000000000000000, 0.000000000000000000 ) ) ;
#177 = DIRECTION ( 'NONE',  ( -0.000000000000000000, -1.000000000000000000, -0.000000000000000000 ) ) ;
#178 = DIRECTION ( 'NONE',  ( 0.000000000000000000, 0.000000000000000000, 1.000000000000000000 ) ) ;
#179 = EDGE_CURVE ( 'NONE', #1415, #1130, #606, .T. ) ;
#180 = EDGE_LOOP ( 'NONE', ( #561, #496 ) ) ;
#181 = ORIENTED_EDGE ( 'NONE', *, *, #620, .T. ) ;
#182 = CARTESIAN_POINT ( 'NONE',  ( 19.99999999999999645, 2.100000000000000089, 10.44999999999999751 ) ) ;
#183 = EDGE_CURVE ( 'NONE', #928, #1757, #1234, .T. ) ;
#184 = ORIENTED_EDGE ( 'NONE', *, *, #833, .F. ) ;
#185 = FACE_OUTER_BOUND ( 'NONE', #859, .T. ) ;
#186 = DIRECTION ( 'NONE',  ( -0.000000000000000000, -1.000000000000000000, -0.000000000000000000 ) ) ;
#187 = LINE ( 'NONE', #1724, #821 ) ;
#188 = CARTESIAN_POINT ( 'NONE',  ( -5.480077554195744938, 3.851859888774471706E-31, 5.480077554195741385 ) ) ;
#189 = AXIS2_PLACEMENT_3D ( 'NONE', #1123, #726, #297 ) ;
#190 = CARTESIAN_POINT ( 'NONE',  ( -20.00000000000000355, 5.500000000000000000, 8.750000000000001776 ) ) ;
#191 = ORIENTED_EDGE ( 'NONE', *, *, #1439, .T. ) ;
#192 = DIRECTION ( 'NONE',  ( 0.000000000000000000, 0.000000000000000000, -1.000000000000000000 ) ) ;
#193 = VERTEX_POINT ( 'NONE', #1006 ) ;
#194 = CARTESIAN_POINT ( 'NONE',  ( 19.99999999999999645, 2.100000000000000089, -12.15000000000000213 ) ) ;
#195 = DIRECTION ( 'NONE',  ( -1.000000000000000000, 0.000000000000000000, 1.062075597536820771E-16 ) ) ;
#196 = PLANE ( 'NONE',  #113 ) ;
#197 = CIRCLE ( 'NONE', #1195, 2.874999999999995559 ) ;
#198 = AXIS2_PLACEMENT_3D ( 'NONE', #1243, #25, #12 ) ;
#199 = CIRCLE ( 'NONE', #1773, 2.874999999999999112 ) ;
#200 = CYLINDRICAL_SURFACE ( 'NONE', #1681, 2.874999999999999112 ) ;
#201 = CIRCLE ( 'NONE', #285, 1.699999999999998401 ) ;
#202 = ORIENTED_EDGE ( 'NONE', *, *, #818, .T. ) ;
#203 = EDGE_CURVE ( 'NONE', #1245, #1580, #1489, .T. ) ;
#204 = FACE_OUTER_BOUND ( 'NONE', #1664, .T. ) ;
#205 = VERTEX_POINT ( 'NONE', #472 ) ;
#206 = CARTESIAN_POINT ( 'NONE',  ( 5.480077554195744938, 3.851859888774471706E-31, -8.355077554195739609 ) ) ;
#207 = FACE_BOUND ( 'NONE', #45, .T. ) ;
#208 = DIRECTION ( 'NONE',  ( 0.000000000000000000, 0.000000000000000000, -1.000000000000000000 ) ) ;
#209 = ADVANCED_FACE ( 'NONE', ( #1543 ), #327, .F. ) ;
#210 = DIRECTION ( 'NONE',  ( -0.000000000000000000, 1.000000000000000000, -0.000000000000000000 ) ) ;
#211 = ORIENTED_EDGE ( 'NONE', *, *, #751, .F. ) ;
#212 = FACE_BOUND ( 'NONE', #44, .T. ) ;
#213 = CARTESIAN_POINT ( 'NONE',  ( 5.480077554195742273, 3.851859888774471706E-31, 8.355077554195737832 ) ) ;
#214 = DIRECTION ( 'NONE',  ( -0.000000000000000000, 1.000000000000000000, -0.000000000000000000 ) ) ;
#215 = CYLINDRICAL_SURFACE ( 'NONE', #618, 10.25000000000000000 ) ;
#216 = DIRECTION ( 'NONE',  ( -0.000000000000000000, 1.000000000000000000, -0.000000000000000000 ) ) ;
#217 = CIRCLE ( 'NONE', #332, 1.700000000000012168 ) ;
#218 = ORIENTED_EDGE ( 'NONE', *, *, #1029, .T. ) ;
#219 = ORIENTED_EDGE ( 'NONE', *, *, #338, .F. ) ;
#220 = CARTESIAN_POINT ( 'NONE',  ( -20.00000000000000355, 5.500000000000000000, 7.575000000000003730 ) ) ;
#221 = CARTESIAN_POINT ( 'NONE',  ( 24.49999999999999289, 5.500000000000000000, 14.34999999999999254 ) ) ;
#222 = DIRECTION ( 'NONE',  ( -0.000000000000000000, -1.000000000000000000, -0.000000000000000000 ) ) ;
#223 = AXIS2_PLACEMENT_3D ( 'NONE', #188, #729, #1285 ) ;
#224 = AXIS2_PLACEMENT_3D ( 'NONE', #900, #240, #1679 ) ;
#225 = APPLICATION_PROTOCOL_DEFINITION ( 'international standard', 'config_control_design', 1994, #1652 ) ;
#226 = EDGE_LOOP ( 'NONE', ( #594, #380, #358, #376 ) ) ;
#227 = VECTOR ( 'NONE', #445, 1000.000000000000000 ) ;
#228 = FACE_BOUND ( 'NONE', #1219, .T. ) ;
#229 = AXIS2_PLACEMENT_3D ( 'NONE', #1434, #210, #521 ) ;
#230 = ORIENTED_EDGE ( 'NONE', *, *, #1439, .F. ) ;
#231 = CARTESIAN_POINT ( 'NONE',  ( 5.480077554195744938, 5.500000000000000000, -5.480077554195744050 ) ) ;
#232 = VERTEX_POINT ( 'NONE', #194 ) ;
#233 = DIRECTION ( 'NONE',  ( -0.5773502691896251759, 0.5773502691896280625, 0.5773502691896240657 ) ) ;
#234 = EDGE_LOOP ( 'NONE', ( #773, #991 ) ) ;
#235 = LINE ( 'NONE', #1750, #84 ) ;
#236 = AXIS2_PLACEMENT_3D ( 'NONE', #1263, #443, #1550 ) ;
#237 = DIRECTION ( 'NONE',  ( 0.000000000000000000, 0.000000000000000000, 1.000000000000000000 ) ) ;
#238 = ORIENTED_EDGE ( 'NONE', *, *, #562, .T. ) ;
#239 = DIRECTION ( 'NONE',  ( -0.000000000000000000, 1.000000000000000000, -0.000000000000000000 ) ) ;
#240 = DIRECTION ( 'NONE',  ( -0.000000000000000000, 1.000000000000000000, -0.000000000000000000 ) ) ;
#241 = ADVANCED_FACE ( 'NONE', ( #321 ), #1301, .F. ) ;
#242 = ORIENTED_EDGE ( 'NONE', *, *, #1059, .T. ) ;
#243 = DIRECTION ( 'NONE',  ( -0.000000000000000000, -1.000000000000000000, -0.000000000000000000 ) ) ;
#244 = DIRECTION ( 'NONE',  ( -0.000000000000000000, -0.000000000000000000, 1.000000000000000000 ) ) ;
#245 = DIRECTION ( 'NONE',  ( 0.000000000000000000, 0.000000000000000000, 1.000000000000000000 ) ) ;
#246 = VERTEX_POINT ( 'NONE', #736 ) ;
#247 = CYLINDRICAL_SURFACE ( 'NONE', #564, 2.874999999999999112 ) ;
#248 = ORIENTED_EDGE ( 'NONE', *, *, #1241, .F. ) ;
#249 = CARTESIAN_POINT ( 'NONE',  ( 19.99999999999999645, 2.100000000000000089, -10.45000000000000284 ) ) ;
#250 = ORIENTED_EDGE ( 'NONE', *, *, #1213, .F. ) ;
#251 = AXIS2_PLACEMENT_3D ( 'NONE', #1076, #1461, #1739 ) ;
#252 = CARTESIAN_POINT ( 'NONE',  ( -23.50000000000000355, 5.500000000000000000, 0.000000000000000000 ) ) ;
#253 = DIRECTION ( 'NONE',  ( 0.000000000000000000, 1.000000000000000000, 0.000000000000000000 ) ) ;
#254 = ORIENTED_EDGE ( 'NONE', *, *, #1059, .F. ) ;
#255 = EDGE_CURVE ( 'NONE', #1635, #193, #1296, .T. ) ;
#256 = DIRECTION ( 'NONE',  ( 0.000000000000000000, 0.000000000000000000, 1.000000000000000000 ) ) ;
#257 = PLANE ( 'NONE',  #1100 ) ;
#258 = AXIS2_PLACEMENT_3D ( 'NONE', #1532, #322, #597 ) ;
#259 = AXIS2_PLACEMENT_3D ( 'NONE', #712, #325, #460 ) ;
#260 = DIRECTION ( 'NONE',  ( 0.000000000000000000, 0.000000000000000000, -1.000000000000000000 ) ) ;
#261 = EDGE_CURVE ( 'NONE', #1194, #906, #201, .T. ) ;
#262 = CIRCLE ( 'NONE', #81, 2.874999999999995559 ) ;
#263 = FACE_BOUND ( 'NONE', #1031, .T. ) ;
#264 = AXIS2_PLACEMENT_3D ( 'NONE', #1426, #1153, #1045 ) ;
#265 = ORIENTED_EDGE ( 'NONE', *, *, #886, .T. ) ;
#266 = DESIGN_CONTEXT ( 'detailed design', #885, 'design' ) ;
#267 = LINE ( 'NONE', #806, #766 ) ;
#268 = EDGE_CURVE ( 'NONE', #550, #295, #313, .T. ) ;
#269 = LINE ( 'NONE', #952, #559 ) ;
#270 = ORIENTED_EDGE ( 'NONE', *, *, #630, .T. ) ;
#271 = DIRECTION ( 'NONE',  ( 0.000000000000000000, 0.000000000000000000, 1.000000000000000000 ) ) ;
#272 = ORIENTED_EDGE ( 'NONE', *, *, #438, .F. ) ;
#273 = CARTESIAN_POINT ( 'NONE',  ( 19.99999999999999645, 2.100000000000000089, 13.32499999999999574 ) ) ;
#274 = LINE ( 'NONE', #1498, #1557 ) ;
#275 = EDGE_LOOP ( 'NONE', ( #1005, #1166, #1676, #317 ) ) ;
#276 = CARTESIAN_POINT ( 'NONE',  ( 24.49999999999999289, 4.499999999999992006, 14.34999999999999254 ) ) ;
#277 = VERTEX_POINT ( 'NONE', #1589 ) ;
#278 = CARTESIAN_POINT ( 'NONE',  ( 5.480077554195742273, 3.400000000000000355, 3.780077554195731437 ) ) ;
#279 = VERTEX_POINT ( 'NONE', #220 ) ;
#280 = CYLINDRICAL_SURFACE ( 'NONE', #1107, 1.700000000000000178 ) ;
#281 = DIRECTION ( 'NONE',  ( -0.000000000000000000, -1.000000000000000000, -0.000000000000000000 ) ) ;
#282 = VECTOR ( 'NONE', #1513, 1000.000000000000227 ) ;
#283 = CIRCLE ( 'NONE', #658, 2.874999999999999112 ) ;
#284 = ORIENTED_EDGE ( 'NONE', *, *, #571, .F. ) ;
#285 = AXIS2_PLACEMENT_3D ( 'NONE', #310, #854, #1405 ) ;
#286 = EDGE_CURVE ( 'NONE', #65, #937, #1200, .T. ) ;
#287 = DIRECTION ( 'NONE',  ( 0.000000000000000000, 0.000000000000000000, -1.000000000000000000 ) ) ;
#288 = CIRCLE ( 'NONE', #371, 2.874999999999999112 ) ;
#289 = VERTEX_POINT ( 'NONE', #359 ) ;
#290 = DIRECTION ( 'NONE',  ( 0.000000000000000000, 0.000000000000000000, -1.000000000000000000 ) ) ;
#291 = ORIENTED_EDGE ( 'NONE', *, *, #1623, .T. ) ;
#292 = DIRECTION ( 'NONE',  ( 0.000000000000000000, -1.000000000000000000, 0.000000000000000000 ) ) ;
#293 = ORIENTED_EDGE ( 'NONE', *, *, #630, .F. ) ;
#294 = ADVANCED_FACE ( 'NONE', ( #383 ), #1292, .T. ) ;
#295 = VERTEX_POINT ( 'NONE', #745 ) ;
#296 = FACE_OUTER_BOUND ( 'NONE', #523, .T. ) ;
#297 = DIRECTION ( 'NONE',  ( 0.000000000000000000, 0.000000000000000000, 1.000000000000000000 ) ) ;
#298 = CARTESIAN_POINT ( 'NONE',  ( 19.99999999999999645, 0.000000000000000000, 10.44999999999999751 ) ) ;
#299 = EDGE_CURVE ( 'NONE', #1273, #74, #79, .T. ) ;
#300 = DIRECTION ( 'NONE',  ( -0.000000000000000000, -1.000000000000000000, -0.000000000000000000 ) ) ;
#301 = LINE ( 'NONE', #722, #282 ) ;
#302 = EDGE_CURVE ( 'NONE', #463, #67, #1437, .T. ) ;
#303 = DATE_AND_TIME ( #969, #765 ) ;
#304 = ORIENTED_EDGE ( 'NONE', *, *, #1573, .F. ) ;
#305 = VECTOR ( 'NONE', #678, 1000.000000000000000 ) ;
#306 = ORIENTED_EDGE ( 'NONE', *, *, #183, .T. ) ;
#307 = APPROVAL_PERSON_ORGANIZATION ( #413, #1272, #1362 ) ;
#308 = LINE ( 'NONE', #10, #826 ) ;
#309 = EDGE_CURVE ( 'NONE', #710, #1310, #1168, .T. ) ;
#310 = CARTESIAN_POINT ( 'NONE',  ( 5.480077554195742273, 5.500000000000000000, 5.480077554195744050 ) ) ;
#311 = AXIS2_PLACEMENT_3D ( 'NONE', #755, #1176, #1169 ) ;
#312 = DIRECTION ( 'NONE',  ( 0.000000000000000000, 0.000000000000000000, -1.000000000000000000 ) ) ;
#313 = CIRCLE ( 'NONE', #369, 10.25000000000000000 ) ;
#314 = CARTESIAN_POINT ( 'NONE',  ( 0.000000000000000000, 6.500000000000000000, 10.75000000000000178 ) ) ;
#315 = EDGE_CURVE ( 'NONE', #1502, #781, #1056, .T. ) ;
#316 = COORDINATED_UNIVERSAL_TIME_OFFSET ( 5, 0, .BEHIND. ) ;
#317 = ORIENTED_EDGE ( 'NONE', *, *, #812, .T. ) ;
#318 = VERTEX_POINT ( 'NONE', #206 ) ;
#319 = DIRECTION ( 'NONE',  ( 0.000000000000000000, 0.000000000000000000, 1.000000000000000000 ) ) ;
#320 = EDGE_LOOP ( 'NONE', ( #59, #834 ) ) ;
#321 = FACE_OUTER_BOUND ( 'NONE', #1455, .T. ) ;
#322 = DIRECTION ( 'NONE',  ( -0.000000000000000000, -1.000000000000000000, -0.000000000000000000 ) ) ;
#323 = DIRECTION ( 'NONE',  ( -0.000000000000000000, 1.000000000000000000, -0.000000000000000000 ) ) ;
#324 = PERSON_AND_ORGANIZATION_ROLE ( 'creator' ) ;
#325 = DIRECTION ( 'NONE',  ( -0.000000000000000000, -1.000000000000000000, -0.000000000000000000 ) ) ;
#326 = ORIENTED_EDGE ( 'NONE', *, *, #63, .T. ) ;
#327 = CYLINDRICAL_SURFACE ( 'NONE', #1577, 2.874999999999999112 ) ;
#328 = CARTESIAN_POINT ( 'NONE',  ( 1.255262969126037241E-15, 7.500000000000000000, 10.25000000000000000 ) ) ;
#329 = DIRECTION ( 'NONE',  ( -0.000000000000000000, -1.000000000000000000, -0.000000000000000000 ) ) ;
#330 = ORIENTED_EDGE ( 'NONE', *, *, #1187, .F. ) ;
#331 = DIRECTION ( 'NONE',  ( 0.000000000000000000, 1.000000000000000000, 0.000000000000000000 ) ) ;
#332 = AXIS2_PLACEMENT_3D ( 'NONE', #661, #1352, #124 ) ;
#333 = ORIENTED_EDGE ( 'NONE', *, *, #474, .F. ) ;
#334 = DIRECTION ( 'NONE',  ( 0.000000000000000000, 0.000000000000000000, 1.000000000000000000 ) ) ;
#335 = DIRECTION ( 'NONE',  ( -0.000000000000000000, 1.000000000000000000, -0.000000000000000000 ) ) ;
#336 = AXIS2_PLACEMENT_3D ( 'NONE', #1745, #1586, #999 ) ;
#337 = VECTOR ( 'NONE', #351, 1000.000000000000000 ) ;
#338 = EDGE_CURVE ( 'NONE', #781, #892, #1051, .T. ) ;
#339 = VECTOR ( 'NONE', #177, 1000.000000000000000 ) ;
#340 = APPROVAL_PERSON_ORGANIZATION ( #920, #1719, #1667 ) ;
#341 = DIRECTION ( 'NONE',  ( -0.000000000000000000, -1.000000000000000000, -0.000000000000000000 ) ) ;
#342 = AXIS2_PLACEMENT_3D ( 'NONE', #1327, #1722, #489 ) ;
#343 = CARTESIAN_POINT ( 'NONE',  ( -24.50000000000000355, 5.500000000000000000, 14.34999999999999787 ) ) ;
#344 = ORIENTED_EDGE ( 'NONE', *, *, #1575, .T. ) ;
#345 = CARTESIAN_POINT ( 'NONE',  ( -20.00000000000000355, 0.000000000000000000, 10.45000000000000284 ) ) ;
#346 = DIRECTION ( 'NONE',  ( 1.000000000000000000, -0.000000000000000000, 1.224646799147353207E-16 ) ) ;
#347 = EDGE_CURVE ( 'NONE', #547, #853, #1706, .T. ) ;
#348 = CARTESIAN_POINT ( 'NONE',  ( -5.480077554195744938, 5.500000000000000000, 3.780077554195742984 ) ) ;
#349 = VERTEX_POINT ( 'NONE', #524 ) ;
#350 = FACE_BOUND ( 'NONE', #180, .T. ) ;
#351 = DIRECTION ( 'NONE',  ( 1.000000000000000000, 0.000000000000000000, -1.062075597536820771E-16 ) ) ;
#352 = ORIENTED_EDGE ( 'NONE', *, *, #1636, .T. ) ;
#353 = CIRCLE ( 'NONE', #933, 2.874999999999996447 ) ;
#354 = CARTESIAN_POINT ( 'NONE',  ( -20.00000000000000355, 5.500000000000000000, -12.14999999999999503 ) ) ;
#355 = ORIENTED_EDGE ( 'NONE', *, *, #162, .T. ) ;
#356 = DIRECTION ( 'NONE',  ( 0.000000000000000000, 0.000000000000000000, -1.000000000000000000 ) ) ;
#357 = ADVANCED_FACE ( 'NONE', ( #784, #903, #212, #1717, #350, #1157, #616, #493, #480 ), #635, .F. ) ;
#358 = ORIENTED_EDGE ( 'NONE', *, *, #1101, .T. ) ;
#359 = CARTESIAN_POINT ( 'NONE',  ( -5.480077554195744938, 3.851859888774471706E-31, 8.355077554195736056 ) ) ;
#360 = EDGE_LOOP ( 'NONE', ( #248, #1232, #42, #605 ) ) ;
#361 = EDGE_CURVE ( 'NONE', #24, #1587, #994, .T. ) ;
#362 = CARTESIAN_POINT ( 'NONE',  ( 5.480077554195742273, 0.000000000000000000, 5.480077554195744050 ) ) ;
#363 = CIRCLE ( 'NONE', #1369, 1.700000000000012168 ) ;
#364 = AXIS2_PLACEMENT_3D ( 'NONE', #1381, #300, #153 ) ;
#365 = AXIS2_PLACEMENT_3D ( 'NONE', #426, #1644, #1364 ) ;
#366 = CARTESIAN_POINT ( 'NONE',  ( -23.50000000000000355, 5.500000000000000000, 14.34999999999999787 ) ) ;
#367 = FACE_OUTER_BOUND ( 'NONE', #88, .T. ) ;
#368 = EDGE_CURVE ( 'NONE', #831, #1130, #1457, .T. ) ;
#369 = AXIS2_PLACEMENT_3D ( 'NONE', #176, #719, #1274 ) ;
#370 = CYLINDRICAL_SURFACE ( 'NONE', #828, 1.700000000000000178 ) ;
#371 = AXIS2_PLACEMENT_3D ( 'NONE', #1314, #1576, #1181 ) ;
#372 = ORIENTED_EDGE ( 'NONE', *, *, #1208, .T. ) ;
#373 = CYLINDRICAL_SURFACE ( 'NONE', #731, 1.700000000000000178 ) ;
#374 = ORIENTED_EDGE ( 'NONE', *, *, #525, .T. ) ;
#375 = DIRECTION ( 'NONE',  ( -0.000000000000000000, 1.000000000000000000, -0.000000000000000000 ) ) ;
#376 = ORIENTED_EDGE ( 'NONE', *, *, #175, .F. ) ;
#377 = DIRECTION ( 'NONE',  ( 0.000000000000000000, 0.000000000000000000, 1.000000000000000000 ) ) ;
#378 = CARTESIAN_POINT ( 'NONE',  ( -24.50000000000000355, 4.499999999999992006, -14.34999999999999787 ) ) ;
#379 = DIRECTION ( 'NONE',  ( 0.000000000000000000, 0.000000000000000000, -1.000000000000000000 ) ) ;
#380 = ORIENTED_EDGE ( 'NONE', *, *, #756, .T. ) ;
#381 = CARTESIAN_POINT ( 'NONE',  ( 0.000000000000000000, 7.500000000000000000, 0.000000000000000000 ) ) ;
#382 = VERTEX_POINT ( 'NONE', #1034 ) ;
#383 = FACE_OUTER_BOUND ( 'NONE', #1558, .T. ) ;
#384 = ORIENTED_EDGE ( 'NONE', *, *, #1187, .T. ) ;
#385 = DIRECTION ( 'NONE',  ( 0.000000000000000000, 1.000000000000000000, 0.000000000000000000 ) ) ;
#386 = EDGE_CURVE ( 'NONE', #448, #193, #916, .T. ) ;
#387 = FACE_OUTER_BOUND ( 'NONE', #588, .T. ) ;
#388 = CARTESIAN_POINT ( 'NONE',  ( -20.00000000000000355, 2.100000000000000089, -7.574999999999996625 ) ) ;
#389 = DIRECTION ( 'NONE',  ( 0.000000000000000000, 0.000000000000000000, 1.000000000000000000 ) ) ;
#390 = CARTESIAN_POINT ( 'NONE',  ( -5.480077554195744938, 3.400000000000000355, 5.480077554195741385 ) ) ;
#391 = ORIENTED_EDGE ( 'NONE', *, *, #261, .F. ) ;
#392 = AXIS2_PLACEMENT_3D ( 'NONE', #789, #1171, #1211 ) ;
#393 = EDGE_CURVE ( 'NONE', #1415, #1410, #1401, .T. ) ;
#394 = ORIENTED_EDGE ( 'NONE', *, *, #1623, .F. ) ;
#395 = CARTESIAN_POINT ( 'NONE',  ( 5.480077554195742273, 3.400000000000000355, 5.480077554195744050 ) ) ;
#396 = CARTESIAN_POINT ( 'NONE',  ( -24.50000000000000355, 4.499999999999992006, 14.34999999999999787 ) ) ;
#397 = CIRCLE ( 'NONE', #989, 1.700000000000000178 ) ;
#398 = VECTOR ( 'NONE', #1070, 1000.000000000000000 ) ;
#399 = CARTESIAN_POINT ( 'NONE',  ( -19.05000000000002558, 9.950000000000009948, -8.900000000000019895 ) ) ;
#400 = AXIS2_PLACEMENT_3D ( 'NONE', #814, #950, #1210 ) ;
#401 = VECTOR ( 'NONE', #76, 1000.000000000000000 ) ;
#402 = EDGE_LOOP ( 'NONE', ( #69, #982, #181, #1601 ) ) ;
#403 = ORIENTED_EDGE ( 'NONE', *, *, #886, .F. ) ;
#404 = LINE ( 'NONE', #100, #1165 ) ;
#405 = ORIENTED_EDGE ( 'NONE', *, *, #1696, .F. ) ;
#406 = CYLINDRICAL_SURFACE ( 'NONE', #1594, 1.700000000000000178 ) ;
#407 = ORIENTED_EDGE ( 'NONE', *, *, #1708, .F. ) ;
#408 = LINE ( 'NONE', #1370, #1023 ) ;
#409 = DIRECTION ( 'NONE',  ( 1.000000000000000000, 0.000000000000000000, -7.080503983578804316E-17 ) ) ;
#410 = EDGE_LOOP ( 'NONE', ( #1223, #603, #242, #684 ) ) ;
#411 = DIRECTION ( 'NONE',  ( -0.000000000000000000, 1.000000000000000000, -0.000000000000000000 ) ) ;
#412 = EDGE_LOOP ( 'NONE', ( #428, #1578, #161, #1058 ) ) ;
#413 = PERSON_AND_ORGANIZATION ( #724, #423 ) ;
#414 = CARTESIAN_POINT ( 'NONE',  ( -5.480077554195743161, 3.851859888774471706E-31, -5.480077554195746714 ) ) ;
#415 = DIRECTION ( 'NONE',  ( -0.000000000000000000, -1.000000000000000000, -0.000000000000000000 ) ) ;
#416 = CARTESIAN_POINT ( 'NONE',  ( -20.00000000000000355, 5.500000000000000000, -10.44999999999999574 ) ) ;
#417 = EDGE_CURVE ( 'NONE', #1757, #928, #690, .T. ) ;
#418 = VECTOR ( 'NONE', #1035, 1000.000000000000000 ) ;
#419 = CIRCLE ( 'NONE', #965, 1.699999999999998401 ) ;
#420 = APPROVAL_DATE_TIME ( #1673, #1719 ) ;
#421 = ORIENTED_EDGE ( 'NONE', *, *, #1064, .F. ) ;
#422 = AXIS2_PLACEMENT_3D ( 'NONE', #1560, #1525, #843 ) ;
#423 = ORGANIZATION ( 'UNSPECIFIED', 'UNSPECIFIED', '' ) ;
#424 = AXIS2_PLACEMENT_3D ( 'NONE', #1704, #1695, #237 ) ;
#425 = PRODUCT_DEFINITION_SHAPE ( 'NONE', 'NONE',  #1214 ) ;
#426 = CARTESIAN_POINT ( 'NONE',  ( -20.00000000000000355, 0.000000000000000000, 10.45000000000000284 ) ) ;
#427 = EDGE_CURVE ( 'NONE', #670, #591, #1746, .T. ) ;
#428 = ORIENTED_EDGE ( 'NONE', *, *, #1388, .F. ) ;
#429 = DIRECTION ( 'NONE',  ( 0.5773502691896251759, -0.5773502691896282846, 0.5773502691896237327 ) ) ;
#430 = PERSON_AND_ORGANIZATION_ROLE ( 'design_supplier' ) ;
#431 = ORIENTED_EDGE ( 'NONE', *, *, #47, .T. ) ;
#432 = FACE_OUTER_BOUND ( 'NONE', #1447, .T. ) ;
#433 = ADVANCED_FACE ( 'NONE', ( #121 ), #532, .F. ) ;
#434 = CARTESIAN_POINT ( 'NONE',  ( 19.99999999999999645, 5.500000000000000000, -13.32500000000000107 ) ) ;
#435 = CARTESIAN_POINT ( 'NONE',  ( 19.99999999999999645, 0.000000000000000000, -10.45000000000000284 ) ) ;
#436 = CARTESIAN_POINT ( 'NONE',  ( -20.00000000000000355, 2.100000000000000089, 10.45000000000000284 ) ) ;
#437 = ORIENTED_EDGE ( 'NONE', *, *, #1708, .T. ) ;
#438 = EDGE_CURVE ( 'NONE', #670, #289, #1207, .T. ) ;
#439 = ADVANCED_FACE ( 'NONE', ( #1621 ), #927, .T. ) ;
#440 = ORIENTED_EDGE ( 'NONE', *, *, #470, .F. ) ;
#441 = CARTESIAN_POINT ( 'NONE',  ( -5.480077554195743161, 0.000000000000000000, -5.480077554195746714 ) ) ;
#442 = CARTESIAN_POINT ( 'NONE',  ( -5.480077554195744938, 0.000000000000000000, 5.480077554195741385 ) ) ;
#443 = DIRECTION ( 'NONE',  ( 0.000000000000000000, 1.000000000000000000, 0.000000000000000000 ) ) ;
#444 = ADVANCED_FACE ( 'NONE', ( #101, #387 ), #1460, .F. ) ;
#445 = DIRECTION ( 'NONE',  ( -0.000000000000000000, 1.000000000000000000, -0.000000000000000000 ) ) ;
#446 = DIRECTION ( 'NONE',  ( -0.000000000000000000, 1.000000000000000000, -0.000000000000000000 ) ) ;
#447 = CALENDAR_DATE ( 2026, 17, 6 ) ;
#448 = VERTEX_POINT ( 'NONE', #1416 ) ;
#449 = ORIENTED_EDGE ( 'NONE', *, *, #815, .T. ) ;
#450 = DIRECTION ( 'NONE',  ( 0.000000000000000000, 1.000000000000000000, 0.000000000000000000 ) ) ;
#451 = VECTOR ( 'NONE', #1500, 1000.000000000000000 ) ;
#452 = CIRCLE ( 'NONE', #685, 1.700000000000000178 ) ;
#453 = AXIS2_PLACEMENT_3D ( 'NONE', #1008, #1193, #522 ) ;
#454 = ORIENTED_EDGE ( 'NONE', *, *, #1613, .F. ) ;
#455 = DIRECTION ( 'NONE',  ( -0.000000000000000000, -1.000000000000000000, -0.000000000000000000 ) ) ;
#456 = AXIS2_PLACEMENT_3D ( 'NONE', #71, #1116, #1297 ) ;
#457 = FACE_OUTER_BOUND ( 'NONE', #901, .T. ) ;
#458 = DIRECTION ( 'NONE',  ( 0.000000000000000000, 0.000000000000000000, -1.000000000000000000 ) ) ;
#459 = AXIS2_PLACEMENT_3D ( 'NONE', #345, #754, #513 ) ;
#460 = DIRECTION ( 'NONE',  ( 0.000000000000000000, 0.000000000000000000, -1.000000000000000000 ) ) ;
#461 = VERTEX_POINT ( 'NONE', #778 ) ;
#462 = EDGE_LOOP ( 'NONE', ( #9, #1366, #374, #1548 ) ) ;
#463 = VERTEX_POINT ( 'NONE', #613 ) ;
#464 = DIRECTION ( 'NONE',  ( -0.000000000000000000, -1.000000000000000000, -0.000000000000000000 ) ) ;
#465 = LINE ( 'NONE', #1551, #339 ) ;
#466 = FACE_BOUND ( 'NONE', #1174, .T. ) ;
#467 = DIRECTION ( 'NONE',  ( -0.000000000000000000, -1.000000000000000000, -0.000000000000000000 ) ) ;
#468 = VERTEX_POINT ( 'NONE', #931 ) ;
#469 = CARTESIAN_POINT ( 'NONE',  ( 1.316495309083405012E-15, 6.500000000000000000, -10.75000000000000178 ) ) ;
#470 = EDGE_CURVE ( 'NONE', #65, #761, #1607, .T. ) ;
#471 = VERTEX_POINT ( 'NONE', #1475 ) ;
#472 = CARTESIAN_POINT ( 'NONE',  ( 5.480077554195742273, 3.400000000000000355, 7.180077554195755773 ) ) ;
#473 = CARTESIAN_POINT ( 'NONE',  ( 24.49999999999999289, 5.500000000000000000, 14.34999999999999254 ) ) ;
#474 = EDGE_CURVE ( 'NONE', #1087, #471, #1685, .T. ) ;
#475 = DIRECTION ( 'NONE',  ( 7.080503983578804316E-17, -0.000000000000000000, 1.000000000000000000 ) ) ;
#476 = ORIENTED_EDGE ( 'NONE', *, *, #1494, .T. ) ;
#477 = CARTESIAN_POINT ( 'NONE',  ( 5.480077554195742273, 0.000000000000000000, 5.480077554195744050 ) ) ;
#478 = ORIENTED_EDGE ( 'NONE', *, *, #701, .F. ) ;
#479 = VERTEX_POINT ( 'NONE', #1351 ) ;
#480 = FACE_BOUND ( 'NONE', #744, .T. ) ;
#481 = DIRECTION ( 'NONE',  ( -0.000000000000000000, -1.000000000000000000, -0.000000000000000000 ) ) ;
#482 = CIRCLE ( 'NONE', #1315, 1.700000000000012168 ) ;
#483 = CIRCLE ( 'NONE', #198, 10.75000000000000178 ) ;
#484 = AXIS2_PLACEMENT_3D ( 'NONE', #794, #645, #904 ) ;
#485 = EDGE_CURVE ( 'NONE', #546, #468, #1257, .T. ) ;
#486 = CARTESIAN_POINT ( 'NONE',  ( 24.49999999999999289, 5.500000000000000000, 13.34999999999999432 ) ) ;
#487 = VECTOR ( 'NONE', #233, 1000.000000000000000 ) ;
#488 = EDGE_LOOP ( 'NONE', ( #1308, #718, #584, #384 ) ) ;
#489 = DIRECTION ( 'NONE',  ( 0.000000000000000000, 0.000000000000000000, 1.000000000000000000 ) ) ;
#490 = ORIENTED_EDGE ( 'NONE', *, *, #1772, .T. ) ;
#491 = ORIENTED_EDGE ( 'NONE', *, *, #1299, .F. ) ;
#492 = EDGE_CURVE ( 'NONE', #582, #546, #1372, .T. ) ;
#493 = FACE_OUTER_BOUND ( 'NONE', #1127, .T. ) ;
#494 = LINE ( 'NONE', #896, #798 ) ;
#495 = EDGE_CURVE ( 'NONE', #382, #936, #518, .T. ) ;
#496 = ORIENTED_EDGE ( 'NONE', *, *, #1692, .T. ) ;
#497 = ADVANCED_FACE ( 'NONE', ( #6 ), #15, .F. ) ;
#498 = CYLINDRICAL_SURFACE ( 'NONE', #229, 1.700000000000000178 ) ;
#499 = DIRECTION ( 'NONE',  ( 0.000000000000000000, -0.000000000000000000, 1.000000000000000000 ) ) ;
#500 = ADVANCED_FACE ( 'NONE', ( #1147, #432 ), #1392, .F. ) ;
#501 = ORIENTED_EDGE ( 'NONE', *, *, #1258, .T. ) ;
#502 = DIRECTION ( 'NONE',  ( -0.000000000000000000, -1.000000000000000000, -0.000000000000000000 ) ) ;
#503 = ADVANCED_FACE ( 'NONE', ( #1011 ), #1656, .F. ) ;
#504 = EDGE_CURVE ( 'NONE', #1191, #547, #545, .T. ) ;
#505 = CARTESIAN_POINT ( 'NONE',  ( -5.480077554195744938, 3.851859888774471706E-31, 5.480077554195741385 ) ) ;
#506 = CIRCLE ( 'NONE', #856, 1.700000000000000178 ) ;
#507 = CARTESIAN_POINT ( 'NONE',  ( 19.99999999999999645, 2.100000000000000089, 12.14999999999999680 ) ) ;
#508 = CIRCLE ( 'NONE', #251, 2.874999999999999112 ) ;
#509 = CARTESIAN_POINT ( 'NONE',  ( -24.50000000000000355, 5.500000000000000000, -13.34999999999999787 ) ) ;
#510 = ORIENTED_EDGE ( 'NONE', *, *, #1386, .F. ) ;
#511 = FACE_BOUND ( 'NONE', #1404, .T. ) ;
#512 = ORIENTED_EDGE ( 'NONE', *, *, #39, .F. ) ;
#513 = DIRECTION ( 'NONE',  ( 0.000000000000000000, 0.000000000000000000, 1.000000000000000000 ) ) ;
#514 = DIRECTION ( 'NONE',  ( -0.000000000000000000, -1.000000000000000000, -0.000000000000000000 ) ) ;
#515 = VECTOR ( 'NONE', #1431, 1000.000000000000000 ) ;
#516 = AXIS2_PLACEMENT_3D ( 'NONE', #669, #1467, #256 ) ;
#517 = MECHANICAL_CONTEXT ( 'NONE', #1652, 'mechanical' ) ;
#518 = LINE ( 'NONE', #366, #909 ) ;
#519 = CARTESIAN_POINT ( 'NONE',  ( -20.00000000000000355, 0.000000000000000000, 12.15000000000000213 ) ) ;
#520 = VECTOR ( 'NONE', #1602, 1000.000000000000000 ) ;
#521 = DIRECTION ( 'NONE',  ( 0.000000000000000000, 0.000000000000000000, 1.000000000000000000 ) ) ;
#522 = DIRECTION ( 'NONE',  ( 0.000000000000000000, -0.000000000000000000, 1.000000000000000000 ) ) ;
#523 = EDGE_LOOP ( 'NONE', ( #11, #1239, #1734, #1657 ) ) ;
#524 = CARTESIAN_POINT ( 'NONE',  ( 5.480077554195744938, 5.500000000000000000, -3.780077554195745648 ) ) ;
#525 = EDGE_CURVE ( 'NONE', #1410, #831, #29, .T. ) ;
#526 = ORIENTED_EDGE ( 'NONE', *, *, #1388, .T. ) ;
#527 = CARTESIAN_POINT ( 'NONE',  ( -24.50000000000000355, 4.499999999999992006, -14.34999999999999787 ) ) ;
#528 = DIRECTION ( 'NONE',  ( -0.000000000000000000, -1.000000000000000000, -0.000000000000000000 ) ) ;
#529 = ORIENTED_EDGE ( 'NONE', *, *, #756, .F. ) ;
#530 = ADVANCED_FACE ( 'NONE', ( #1409, #1694 ), #1528, .F. ) ;
#531 = EDGE_CURVE ( 'NONE', #349, #1273, #1026, .T. ) ;
#532 = PLANE ( 'NONE',  #569 ) ;
#533 = UNCERTAINTY_MEASURE_WITH_UNIT (LENGTH_MEASURE( 1.000000000000000082E-05 ), #601, 'distance_accuracy_value', 'NONE');
#534 = ORIENTED_EDGE ( 'NONE', *, *, #1692, .F. ) ;
#535 = DIRECTION ( 'NONE',  ( -0.000000000000000000, -1.000000000000000000, -0.000000000000000000 ) ) ;
#536 = PLANE ( 'NONE',  #1645 ) ;
#537 = DIRECTION ( 'NONE',  ( 0.000000000000000000, 1.000000000000000000, 0.000000000000000000 ) ) ;
#538 = ORIENTED_EDGE ( 'NONE', *, *, #39, .T. ) ;
#539 = VERTEX_POINT ( 'NONE', #641 ) ;
#540 = CARTESIAN_POINT ( 'NONE',  ( 0.000000000000000000, 7.500000000000000000, 0.000000000000000000 ) ) ;
#541 = EDGE_LOOP ( 'NONE', ( #421, #132, #476, #1209 ) ) ;
#542 = CIRCLE ( 'NONE', #1534, 2.874999999999999112 ) ;
#543 = DIRECTION ( 'NONE',  ( -0.000000000000000000, -1.000000000000000000, -0.000000000000000000 ) ) ;
#544 = CIRCLE ( 'NONE', #456, 1.700000000000012168 ) ;
#545 = CIRCLE ( 'NONE', #1714, 2.874999999999999112 ) ;
#546 = VERTEX_POINT ( 'NONE', #93 ) ;
#547 = VERTEX_POINT ( 'NONE', #1307 ) ;
#548 = CARTESIAN_POINT ( 'NONE',  ( 5.480077554195742273, 3.400000000000000355, 8.355077554195737832 ) ) ;
#549 = CYLINDRICAL_SURFACE ( 'NONE', #139, 2.874999999999995559 ) ;
#550 = VERTEX_POINT ( 'NONE', #1162 ) ;
#551 = DIRECTION ( 'NONE',  ( 0.000000000000000000, 0.000000000000000000, 1.000000000000000000 ) ) ;
#552 = EDGE_LOOP ( 'NONE', ( #1627, #1154 ) ) ;
#553 = DIRECTION ( 'NONE',  ( -0.000000000000000000, 1.000000000000000000, -0.000000000000000000 ) ) ;
#554 = ADVANCED_FACE ( 'NONE', ( #1609 ), #1172, .F. ) ;
#555 = ORIENTED_EDGE ( 'NONE', *, *, #1069, .F. ) ;
#556 = CARTESIAN_POINT ( 'NONE',  ( 5.480077554195742273, 3.400000000000000355, 5.480077554195744050 ) ) ;
#557 = LINE ( 'NONE', #810, #592 ) ;
#558 = ORIENTED_EDGE ( 'NONE', *, *, #1634, .F. ) ;
#559 = VECTOR ( 'NONE', #1251, 1000.000000000000000 ) ;
#560 = LINE ( 'NONE', #1775, #143 ) ;
#561 = ORIENTED_EDGE ( 'NONE', *, *, #1001, .T. ) ;
#562 = EDGE_CURVE ( 'NONE', #923, #539, #1110, .T. ) ;
#563 = PERSON_AND_ORGANIZATION ( #724, #423 ) ;
#564 = AXIS2_PLACEMENT_3D ( 'NONE', #1648, #411, #790 ) ;
#565 = CIRCLE ( 'NONE', #1253, 2.874999999999995559 ) ;
#566 = EDGE_LOOP ( 'NONE', ( #156, #1769, #191, #926 ) ) ;
#567 = VECTOR ( 'NONE', #535, 1000.000000000000000 ) ;
#568 = LOCAL_TIME ( 19, 36, 59.00000000000000000, #702 ) ;
#569 = AXIS2_PLACEMENT_3D ( 'NONE', #1072, #667, #793 ) ;
#570 = DIRECTION ( 'NONE',  ( -0.000000000000000000, -1.000000000000000000, -0.000000000000000000 ) ) ;
#571 = EDGE_CURVE ( 'NONE', #1384, #2, #596, .T. ) ;
#572 = DIRECTION ( 'NONE',  ( -0.000000000000000000, -1.000000000000000000, -0.000000000000000000 ) ) ;
#573 = ORIENTED_EDGE ( 'NONE', *, *, #261, .T. ) ;
#574 = DIRECTION ( 'NONE',  ( 0.000000000000000000, 0.000000000000000000, 1.000000000000000000 ) ) ;
#575 = ORIENTED_EDGE ( 'NONE', *, *, #1206, .F. ) ;
#576 = DIRECTION ( 'NONE',  ( -0.000000000000000000, -1.000000000000000000, -0.000000000000000000 ) ) ;
#577 = EDGE_CURVE ( 'NONE', #67, #479, #1190, .T. ) ;
#578 = CC_DESIGN_PERSON_AND_ORGANIZATION_ASSIGNMENT ( #715, #1267, ( #1054 ) ) ;
#579 = DIRECTION ( 'NONE',  ( 0.000000000000000000, 0.000000000000000000, 1.000000000000000000 ) ) ;
#580 = CARTESIAN_POINT ( 'NONE',  ( 23.49999999999999645, 5.500000000000000000, -14.35000000000000142 ) ) ;
#581 = CYLINDRICAL_SURFACE ( 'NONE', #258, 2.874999999999995559 ) ;
#582 = VERTEX_POINT ( 'NONE', #760 ) ;
#583 = CARTESIAN_POINT ( 'NONE',  ( -20.00000000000000355, 2.100000000000000089, 10.45000000000000284 ) ) ;
#584 = ORIENTED_EDGE ( 'NONE', *, *, #1329, .T. ) ;
#585 = EDGE_LOOP ( 'NONE', ( #478, #173, #679, #619 ) ) ;
#586 = DIRECTION ( 'NONE',  ( 0.000000000000000000, 0.000000000000000000, -1.000000000000000000 ) ) ;
#587 = DIRECTION ( 'NONE',  ( -1.000000000000000000, 0.000000000000000000, -1.208866533781747403E-16 ) ) ;
#588 = EDGE_LOOP ( 'NONE', ( #355, #1620 ) ) ;
#589 = FACE_OUTER_BOUND ( 'NONE', #691, .T. ) ;
#590 = ORIENTED_EDGE ( 'NONE', *, *, #1561, .T. ) ;
#591 = VERTEX_POINT ( 'NONE', #887 ) ;
#592 = VECTOR ( 'NONE', #955, 1000.000000000000000 ) ;
#593 = VECTOR ( 'NONE', #693, 1000.000000000000000 ) ;
#594 = ORIENTED_EDGE ( 'NONE', *, *, #1258, .F. ) ;
#595 = FACE_OUTER_BOUND ( 'NONE', #275, .T. ) ;
#596 = CIRCLE ( 'NONE', #264, 2.874999999999999112 ) ;
#597 = DIRECTION ( 'NONE',  ( 0.000000000000000000, 0.000000000000000000, -1.000000000000000000 ) ) ;
#598 = FACE_BOUND ( 'NONE', #1097, .T. ) ;
#599 = AXIS2_PLACEMENT_3D ( 'NONE', #893, #631, #1038 ) ;
#600 = DIRECTION ( 'NONE',  ( 1.000000000000000000, 0.000000000000000000, -7.080503983578804316E-17 ) ) ;
#601 =( LENGTH_UNIT ( ) NAMED_UNIT ( * ) SI_UNIT ( .MILLI., .METRE. ) );
#602 = ADVANCED_FACE ( 'NONE', ( #204 ), #498, .F. ) ;
#603 = ORIENTED_EDGE ( 'NONE', *, *, #1696, .T. ) ;
#604 = AXIS2_PLACEMENT_3D ( 'NONE', #435, #713, #1411 ) ;
#605 = ORIENTED_EDGE ( 'NONE', *, *, #1016, .T. ) ;
#606 = LINE ( 'NONE', #842, #1356 ) ;
#607 = FACE_OUTER_BOUND ( 'NONE', #696, .T. ) ;
#608 = DIRECTION ( 'NONE',  ( 0.000000000000000000, 0.000000000000000000, 1.000000000000000000 ) ) ;
#609 = EDGE_CURVE ( 'NONE', #1486, #1684, #1630, .T. ) ;
#610 =( NAMED_UNIT ( * ) PLANE_ANGLE_UNIT ( ) SI_UNIT ( $, .RADIAN. ) );
#611 = ORIENTED_EDGE ( 'NONE', *, *, #1382, .F. ) ;
#612 = DIRECTION ( 'NONE',  ( 0.000000000000000000, -0.000000000000000000, 1.000000000000000000 ) ) ;
#613 = CARTESIAN_POINT ( 'NONE',  ( 24.49999999999999289, 4.499999999999992006, 14.34999999999999254 ) ) ;
#614 = ORIENTED_EDGE ( 'NONE', *, *, #485, .F. ) ;
#615 = EDGE_LOOP ( 'NONE', ( #1160, #879 ) ) ;
#616 = FACE_BOUND ( 'NONE', #1359, .T. ) ;
#617 = CARTESIAN_POINT ( 'NONE',  ( 19.99999999999999645, 5.500000000000000000, 10.44999999999999751 ) ) ;
#618 = AXIS2_PLACEMENT_3D ( 'NONE', #822, #415, #1631 ) ;
#619 = ORIENTED_EDGE ( 'NONE', *, *, #609, .T. ) ;
#620 = EDGE_CURVE ( 'NONE', #193, #382, #66, .T. ) ;
#621 = FACE_BOUND ( 'NONE', #552, .T. ) ;
#622 = ORIENTED_EDGE ( 'NONE', *, *, #1080, .T. ) ;
#623 = CIRCLE ( 'NONE', #846, 2.874999999999999112 ) ;
#624 = DIRECTION ( 'NONE',  ( -0.000000000000000000, 1.000000000000000000, -0.000000000000000000 ) ) ;
#625 = LINE ( 'NONE', #221, #1289 ) ;
#626 = ADVANCED_FACE ( 'NONE', ( #621, #750 ), #1032, .F. ) ;
#627 = CIRCLE ( 'NONE', #311, 1.700000000000000178 ) ;
#628 = CARTESIAN_POINT ( 'NONE',  ( 19.99999999999999645, 0.000000000000000000, 10.44999999999999751 ) ) ;
#629 = CARTESIAN_POINT ( 'NONE',  ( 24.49999999999999289, 5.500000000000000000, 14.34999999999999254 ) ) ;
#630 = EDGE_CURVE ( 'NONE', #1779, #1179, #288, .T. ) ;
#631 = DIRECTION ( 'NONE',  ( 0.000000000000000000, -1.000000000000000000, 0.000000000000000000 ) ) ;
#632 = CARTESIAN_POINT ( 'NONE',  ( 19.99999999999999645, 5.500000000000000000, -10.45000000000000284 ) ) ;
#633 = EDGE_CURVE ( 'NONE', #1587, #24, #1375, .T. ) ;
#634 = ORIENTED_EDGE ( 'NONE', *, *, #1516, .T. ) ;
#635 = PLANE ( 'NONE',  #169 ) ;
#636 = CC_DESIGN_PERSON_AND_ORGANIZATION_ASSIGNMENT ( #563, #430, ( #1349 ) ) ;
#637 = DIRECTION ( 'NONE',  ( 0.000000000000000000, 0.000000000000000000, -1.000000000000000000 ) ) ;
#638 = DIRECTION ( 'NONE',  ( -0.000000000000000000, 1.000000000000000000, -0.000000000000000000 ) ) ;
#639 = DIRECTION ( 'NONE',  ( 0.000000000000000000, 0.000000000000000000, 1.000000000000000000 ) ) ;
#640 = ORIENTED_EDGE ( 'NONE', *, *, #309, .T. ) ;
#641 = CARTESIAN_POINT ( 'NONE',  ( 19.99999999999999645, 2.100000000000000089, -7.575000000000003730 ) ) ;
#642 = CYLINDRICAL_SURFACE ( 'NONE', #16, 1.700000000000000178 ) ;
#643 = ORIENTED_EDGE ( 'NONE', *, *, #117, .F. ) ;
#644 = DIRECTION ( 'NONE',  ( 0.000000000000000000, 0.000000000000000000, 1.000000000000000000 ) ) ;
#645 = DIRECTION ( 'NONE',  ( -0.000000000000000000, -1.000000000000000000, -0.000000000000000000 ) ) ;
#646 = DIRECTION ( 'NONE',  ( 0.000000000000000000, 0.000000000000000000, 1.000000000000000000 ) ) ;
#647 = CARTESIAN_POINT ( 'NONE',  ( 0.000000000000000000, 0.000000000000000000, 0.000000000000000000 ) ) ;
#648 = CARTESIAN_POINT ( 'NONE',  ( -20.00000000000000355, 5.500000000000000000, 12.15000000000000213 ) ) ;
#649 = VERTEX_POINT ( 'NONE', #348 ) ;
#650 = DIRECTION ( 'NONE',  ( -0.000000000000000000, 1.000000000000000000, -0.000000000000000000 ) ) ;
#651 = ADVANCED_FACE ( 'NONE', ( #228, #1731 ), #85, .F. ) ;
#652 = DIRECTION ( 'NONE',  ( -0.000000000000000000, -1.000000000000000000, -0.000000000000000000 ) ) ;
#653 = ORIENTED_EDGE ( 'NONE', *, *, #1121, .T. ) ;
#654 = DIRECTION ( 'NONE',  ( 0.000000000000000000, 0.000000000000000000, 1.000000000000000000 ) ) ;
#655 = CARTESIAN_POINT ( 'NONE',  ( 0.000000000000000000, 6.500000000000000000, 0.000000000000000000 ) ) ;
#656 = DIRECTION ( 'NONE',  ( 1.000000000000000000, -0.000000000000000000, -1.062075597536820647E-16 ) ) ;
#657 = CIRCLE ( 'NONE', #1651, 1.699999999999998401 ) ;
#658 = AXIS2_PLACEMENT_3D ( 'NONE', #1519, #160, #1254 ) ;
#659 = CIRCLE ( 'NONE', #734, 2.874999999999999112 ) ;
#660 = APPROVAL_PERSON_ORGANIZATION ( #700, #954, #988 ) ;
#661 = CARTESIAN_POINT ( 'NONE',  ( 5.480077554195742273, 3.400000000000000355, 5.480077554195744050 ) ) ;
#662 = AXIS2_PLACEMENT_3D ( 'NONE', #252, #788, #192 ) ;
#663 = EDGE_CURVE ( 'NONE', #1284, #1184, #1585, .T. ) ;
#664 = CARTESIAN_POINT ( 'NONE',  ( 19.99999999999999645, 5.500000000000000000, 10.44999999999999751 ) ) ;
#665 = CARTESIAN_POINT ( 'NONE',  ( 24.49999999999999645, 0.000000000000000000, -14.35000000000000142 ) ) ;
#666 = ORIENTED_EDGE ( 'NONE', *, *, #495, .F. ) ;
#667 = DIRECTION ( 'NONE',  ( 1.000000000000000000, -0.000000000000000000, 0.000000000000000000 ) ) ;
#668 = EDGE_LOOP ( 'NONE', ( #1732, #1472, #809, #1643 ) ) ;
#669 = CARTESIAN_POINT ( 'NONE',  ( -20.00000000000000355, 5.500000000000000000, 10.45000000000000284 ) ) ;
#670 = VERTEX_POINT ( 'NONE', #898 ) ;
#671 = CYLINDRICAL_SURFACE ( 'NONE', #1680, 2.874999999999999112 ) ;
#672 = EDGE_LOOP ( 'NONE', ( #1048, #677 ) ) ;
#673 = ADVANCED_FACE ( 'NONE', ( #1451 ), #370, .F. ) ;
#674 = ORIENTED_EDGE ( 'NONE', *, *, #1433, .T. ) ;
#675 = DIRECTION ( 'NONE',  ( -0.000000000000000000, 1.000000000000000000, -0.000000000000000000 ) ) ;
#676 = CARTESIAN_POINT ( 'NONE',  ( -9.452472818077704366E-16, 5.500000000000000000, -13.34999999999999964 ) ) ;
#677 = ORIENTED_EDGE ( 'NONE', *, *, #427, .T. ) ;
#678 = DIRECTION ( 'NONE',  ( -0.000000000000000000, -1.000000000000000000, -0.000000000000000000 ) ) ;
#679 = ORIENTED_EDGE ( 'NONE', *, *, #1613, .T. ) ;
#680 = ORIENTED_EDGE ( 'NONE', *, *, #255, .F. ) ;
#681 = FACE_OUTER_BOUND ( 'NONE', #1302, .T. ) ;
#682 = EDGE_CURVE ( 'NONE', #853, #1022, #1603, .T. ) ;
#683 = CIRCLE ( 'NONE', #224, 1.700000000000000178 ) ;
#684 = ORIENTED_EDGE ( 'NONE', *, *, #1501, .F. ) ;
#685 = AXIS2_PLACEMENT_3D ( 'NONE', #64, #1306, #1554 ) ;
#686 = CIRCLE ( 'NONE', #1425, 2.874999999999995559 ) ;
#687 = CARTESIAN_POINT ( 'NONE',  ( -20.00000000000000355, 5.500000000000000000, 10.45000000000000284 ) ) ;
#688 = ADVANCED_FACE ( 'NONE', ( #1089 ), #1512, .T. ) ;
#689 = AXIS2_PLACEMENT_3D ( 'NONE', #1333, #929, #377 ) ;
#690 = CIRCLE ( 'NONE', #1322, 1.700000000000000178 ) ;
#691 = EDGE_LOOP ( 'NONE', ( #284, #104, #1488, #454 ) ) ;
#692 = ADVANCED_FACE ( 'NONE', ( #1099 ), #149, .F. ) ;
#693 = DIRECTION ( 'NONE',  ( -0.000000000000000000, 1.000000000000000000, -0.000000000000000000 ) ) ;
#694 = DIRECTION ( 'NONE',  ( 0.000000000000000000, 0.000000000000000000, 1.000000000000000000 ) ) ;
#695 = DIRECTION ( 'NONE',  ( 0.000000000000000000, 0.000000000000000000, 1.000000000000000000 ) ) ;
#696 = EDGE_LOOP ( 'NONE', ( #1053, #1518, #1320, #1198 ) ) ;
#697 = CYLINDRICAL_SURFACE ( 'NONE', #1371, 1.700000000000005285 ) ;
#698 = ORIENTED_EDGE ( 'NONE', *, *, #1262, .F. ) ;
#699 = CARTESIAN_POINT ( 'NONE',  ( 5.480077554195744938, 3.400000000000000355, -8.355077554195739609 ) ) ;
#700 = PERSON_AND_ORGANIZATION ( #724, #423 ) ;
#701 = EDGE_CURVE ( 'NONE', #1384, #1684, #557, .T. ) ;
#702 = COORDINATED_UNIVERSAL_TIME_OFFSET ( 5, 0, .BEHIND. ) ;
#703 = ORIENTED_EDGE ( 'NONE', *, *, #347, .T. ) ;
#704 = CARTESIAN_POINT ( 'NONE',  ( 5.480077554195744938, 3.400000000000000355, -3.780077554195731437 ) ) ;
#705 = DIRECTION ( 'NONE',  ( 0.000000000000000000, 0.000000000000000000, -1.000000000000000000 ) ) ;
#706 = ORIENTED_EDGE ( 'NONE', *, *, #1715, .F. ) ;
#707 = CARTESIAN_POINT ( 'NONE',  ( -5.480077554195743161, 3.400000000000000355, -5.480077554195746714 ) ) ;
#708 = EDGE_CURVE ( 'NONE', #67, #35, #1766, .T. ) ;
#709 = CALENDAR_DATE ( 2026, 17, 6 ) ;
#710 = VERTEX_POINT ( 'NONE', #1470 ) ;
#711 = AXIS2_PLACEMENT_3D ( 'NONE', #980, #1689, #195 ) ;
#712 = CARTESIAN_POINT ( 'NONE',  ( 5.480077554195744938, 0.000000000000000000, -5.480077554195744050 ) ) ;
#713 = DIRECTION ( 'NONE',  ( -0.000000000000000000, 1.000000000000000000, -0.000000000000000000 ) ) ;
#714 = PLANE ( 'NONE',  #711 ) ;
#715 = PERSON_AND_ORGANIZATION ( #724, #423 ) ;
#716 = ORIENTED_EDGE ( 'NONE', *, *, #1078, .T. ) ;
#717 = VERTEX_POINT ( 'NONE', #1 ) ;
#718 = ORIENTED_EDGE ( 'NONE', *, *, #708, .T. ) ;
#719 = DIRECTION ( 'NONE',  ( 0.000000000000000000, 1.000000000000000000, 0.000000000000000000 ) ) ;
#720 = LINE ( 'NONE', #328, #1227 ) ;
#721 = DIRECTION ( 'NONE',  ( -0.000000000000000000, -1.000000000000000000, -0.000000000000000000 ) ) ;
#722 = CARTESIAN_POINT ( 'NONE',  ( -15.66666666666670338, 13.33333333333335879, 5.516666666666701246 ) ) ;
#723 = VERTEX_POINT ( 'NONE', #1238 ) ;
#724 = PERSON ( 'UNSPECIFIED', 'UNSPECIFIED', 'UNSPECIFIED', ('UNSPECIFIED'), ('UNSPECIFIED'), ('UNSPECIFIED') ) ;
#725 = ORIENTED_EDGE ( 'NONE', *, *, #417, .T. ) ;
#726 = DIRECTION ( 'NONE',  ( -0.000000000000000000, 1.000000000000000000, -0.000000000000000000 ) ) ;
#727 = DIRECTION ( 'NONE',  ( 0.000000000000000000, 0.000000000000000000, -1.000000000000000000 ) ) ;
#728 = CARTESIAN_POINT ( 'NONE',  ( 24.49999999999999645, 0.000000000000000000, -14.35000000000000142 ) ) ;
#729 = DIRECTION ( 'NONE',  ( -0.000000000000000000, -1.000000000000000000, -0.000000000000000000 ) ) ;
#730 = MANIFOLD_SOLID_BREP ( 'Chamfer1', #1043 ) ;
#731 = AXIS2_PLACEMENT_3D ( 'NONE', #913, #323, #118 ) ;
#732 = CARTESIAN_POINT ( 'NONE',  ( 0.000000000000000000, 6.500000000000000000, 12.75000000000000178 ) ) ;
#733 = CIRCLE ( 'NONE', #1082, 1.000000000000000888 ) ;
#734 = AXIS2_PLACEMENT_3D ( 'NONE', #1495, #1103, #1517 ) ;
#735 = ORIENTED_EDGE ( 'NONE', *, *, #75, .F. ) ;
#736 = CARTESIAN_POINT ( 'NONE',  ( -5.480077554195743161, 3.851859888774471706E-31, -8.355077554195741385 ) ) ;
#737 = EDGE_CURVE ( 'NONE', #1194, #1403, #1068, .T. ) ;
#738 = AXIS2_PLACEMENT_3D ( 'NONE', #895, #1444, #774 ) ;
#739 = CARTESIAN_POINT ( 'NONE',  ( -5.480077554195743161, 3.400000000000000355, -3.780077554195734102 ) ) ;
#740 = DIRECTION ( 'NONE',  ( 0.000000000000000000, 1.000000000000000000, 0.000000000000000000 ) ) ;
#741 = CARTESIAN_POINT ( 'NONE',  ( 1.561424668912875506E-15, 6.500000000000000000, -12.75000000000000178 ) ) ;
#742 = EDGE_CURVE ( 'NONE', #448, #463, #1077, .T. ) ;
#743 = CARTESIAN_POINT ( 'NONE',  ( -20.00000000000000355, 5.500000000000000000, -10.44999999999999574 ) ) ;
#744 = EDGE_LOOP ( 'NONE', ( #491, #1102 ) ) ;
#745 = CARTESIAN_POINT ( 'NONE',  ( 1.255262969126037241E-15, 7.500000000000000000, 10.25000000000000000 ) ) ;
#746 = CARTESIAN_POINT ( 'NONE',  ( 1.561424668912875506E-15, 5.500000000000000000, -12.75000000000000178 ) ) ;
#747 = LINE ( 'NONE', #486, #337 ) ;
#748 = EDGE_CURVE ( 'NONE', #74, #1417, #764, .T. ) ;
#749 = ADVANCED_FACE ( 'NONE', ( #133 ), #247, .F. ) ;
#750 = FACE_OUTER_BOUND ( 'NONE', #1493, .T. ) ;
#751 = EDGE_CURVE ( 'NONE', #35, #382, #1094, .T. ) ;
#752 = EDGE_CURVE ( 'NONE', #1684, #1486, #1397, .T. ) ;
#753 = ORIENTED_EDGE ( 'NONE', *, *, #179, .T. ) ;
#754 = DIRECTION ( 'NONE',  ( -0.000000000000000000, 1.000000000000000000, -0.000000000000000000 ) ) ;
#755 = CARTESIAN_POINT ( 'NONE',  ( -20.00000000000000355, 0.000000000000000000, -10.44999999999999574 ) ) ;
#756 = EDGE_CURVE ( 'NONE', #717, #1079, #1760, .T. ) ;
#757 = PLANE ( 'NONE',  #163 ) ;
#758 = PLANE ( 'NONE',  #392 ) ;
#759 = ADVANCED_FACE ( 'NONE', ( #1618 ), #406, .F. ) ;
#760 = CARTESIAN_POINT ( 'NONE',  ( 1.500192328955508129E-15, 6.500000000000000000, -11.75000000000000355 ) ) ;
#761 = VERTEX_POINT ( 'NONE', #934 ) ;
#762 = CIRCLE ( 'NONE', #1164, 1.699999999999998401 ) ;
#763 = CARTESIAN_POINT ( 'NONE',  ( 0.000000000000000000, 6.500000000000000000, 0.000000000000000000 ) ) ;
#764 = CIRCLE ( 'NONE', #1085, 1.700000000000012168 ) ;
#765 = LOCAL_TIME ( 19, 36, 59.00000000000000000, #27 ) ;
#766 = VECTOR ( 'NONE', #656, 1000.000000000000000 ) ;
#767 = CYLINDRICAL_SURFACE ( 'NONE', #1021, 2.874999999999995559 ) ;
#768 = VECTOR ( 'NONE', #1175, 1000.000000000000000 ) ;
#769 = DIRECTION ( 'NONE',  ( -1.062075597536820771E-16, 0.000000000000000000, -1.000000000000000000 ) ) ;
#770 = DIRECTION ( 'NONE',  ( -0.000000000000000000, -1.000000000000000000, -0.000000000000000000 ) ) ;
#771 = EDGE_LOOP ( 'NONE', ( #159, #1555 ) ) ;
#772 = CARTESIAN_POINT ( 'NONE',  ( 5.480077554195742273, 5.500000000000000000, 7.180077554195742451 ) ) ;
#773 = ORIENTED_EDGE ( 'NONE', *, *, #1016, .F. ) ;
#774 = DIRECTION ( 'NONE',  ( 0.000000000000000000, 0.000000000000000000, -1.000000000000000000 ) ) ;
#775 = ORIENTED_EDGE ( 'NONE', *, *, #1520, .F. ) ;
#776 = CARTESIAN_POINT ( 'NONE',  ( 5.480077554195742273, 5.500000000000000000, 3.780077554195745648 ) ) ;
#777 = CARTESIAN_POINT ( 'NONE',  ( 19.99999999999999645, 5.500000000000000000, -7.575000000000003730 ) ) ;
#778 = CARTESIAN_POINT ( 'NONE',  ( -5.480077554195744938, 3.400000000000000355, 3.780077554195728773 ) ) ;
#779 = EDGE_LOOP ( 'NONE', ( #1443, #783 ) ) ;
#780 = CARTESIAN_POINT ( 'NONE',  ( -3.780077554195730549, 3.400000000000000355, -5.480077554195746714 ) ) ;
#781 = VERTEX_POINT ( 'NONE', #1221 ) ;
#782 = CARTESIAN_POINT ( 'NONE',  ( 5.480077554195744938, 3.851859888774471706E-31, -2.605077554195748046 ) ) ;
#783 = ORIENTED_EDGE ( 'NONE', *, *, #203, .T. ) ;
#784 = FACE_BOUND ( 'NONE', #871, .T. ) ;
#785 = CARTESIAN_POINT ( 'NONE',  ( 24.49999999999999645, 5.500000000000000000, -14.35000000000000142 ) ) ;
#786 = EDGE_CURVE ( 'NONE', #1417, #74, #482, .T. ) ;
#787 = PERSON_AND_ORGANIZATION ( #724, #423 ) ;
#788 = DIRECTION ( 'NONE',  ( -0.7071067811865500152, 0.7071067811865451302, 0.000000000000000000 ) ) ;
#789 = CARTESIAN_POINT ( 'NONE',  ( 0.000000000000000000, 7.500000000000000000, 0.000000000000000000 ) ) ;
#790 = DIRECTION ( 'NONE',  ( 0.000000000000000000, 0.000000000000000000, 1.000000000000000000 ) ) ;
#791 = DIRECTION ( 'NONE',  ( 0.000000000000000000, 0.000000000000000000, 1.000000000000000000 ) ) ;
#792 = ORIENTED_EDGE ( 'NONE', *, *, #1445, .T. ) ;
#793 = DIRECTION ( 'NONE',  ( 0.000000000000000000, 0.000000000000000000, -1.000000000000000000 ) ) ;
#794 = CARTESIAN_POINT ( 'NONE',  ( -5.480077554195743161, 0.000000000000000000, -5.480077554195746714 ) ) ;
#795 = ORIENTED_EDGE ( 'NONE', *, *, #1767, .T. ) ;
#796 = LINE ( 'NONE', #122, #1319 ) ;
#797 = VECTOR ( 'NONE', #1625, 1000.000000000000000 ) ;
#798 = VECTOR ( 'NONE', #55, 1000.000000000000000 ) ;
#799 = DIRECTION ( 'NONE',  ( -1.000000000000000000, 0.000000000000000000, 0.000000000000000000 ) ) ;
#800 = CARTESIAN_POINT ( 'NONE',  ( 7.180077554195753997, 3.400000000000000355, 5.480077554195744050 ) ) ;
#801 = VECTOR ( 'NONE', #1755, 1000.000000000000000 ) ;
#802 = CYLINDRICAL_SURFACE ( 'NONE', #1503, 1.700000000000005285 ) ;
#803 = ADVANCED_FACE ( 'NONE', ( #817 ), #802, .F. ) ;
#804 = FACE_OUTER_BOUND ( 'NONE', #1205, .T. ) ;
#805 = ORIENTED_EDGE ( 'NONE', *, *, #1246, .T. ) ;
#806 = CARTESIAN_POINT ( 'NONE',  ( 24.49999999999999289, 0.000000000000000000, 14.34999999999999254 ) ) ;
#807 = ADVANCED_FACE ( 'NONE', ( #125 ), #671, .F. ) ;
#808 = PLANE ( 'NONE',  #1220 ) ;
#809 = ORIENTED_EDGE ( 'NONE', *, *, #1266, .T. ) ;
#810 = CARTESIAN_POINT ( 'NONE',  ( -20.00000000000000355, 5.500000000000000000, -13.32499999999999396 ) ) ;
#811 = ORIENTED_EDGE ( 'NONE', *, *, #786, .T. ) ;
#812 = EDGE_CURVE ( 'NONE', #723, #1184, #1134, .T. ) ;
#813 = ORIENTED_EDGE ( 'NONE', *, *, #869, .F. ) ;
#814 = CARTESIAN_POINT ( 'NONE',  ( 5.480077554195744938, 3.851859888774471706E-31, -5.480077554195744050 ) ) ;
#815 = EDGE_CURVE ( 'NONE', #1179, #1779, #542, .T. ) ;
#816 = ORIENTED_EDGE ( 'NONE', *, *, #1078, .F. ) ;
#817 = FACE_OUTER_BOUND ( 'NONE', #1337, .T. ) ;
#818 = EDGE_CURVE ( 'NONE', #936, #67, #301, .T. ) ;
#819 = ORIENTED_EDGE ( 'NONE', *, *, #1579, .T. ) ;
#820 = CYLINDRICAL_SURFACE ( 'NONE', #905, 1.700000000000005285 ) ;
#821 = VECTOR ( 'NONE', #49, 1000.000000000000000 ) ;
#822 = CARTESIAN_POINT ( 'NONE',  ( 0.000000000000000000, 7.500000000000000000, 0.000000000000000000 ) ) ;
#823 = ORIENTED_EDGE ( 'NONE', *, *, #748, .F. ) ;
#824 = AXIS2_PLACEMENT_3D ( 'NONE', #1658, #721, #987 ) ;
#825 = DIRECTION ( 'NONE',  ( -0.000000000000000000, 1.000000000000000000, -0.000000000000000000 ) ) ;
#826 = VECTOR ( 'NONE', #1385, 1000.000000000000000 ) ;
#827 = AXIS2_PLACEMENT_3D ( 'NONE', #1429, #1167, #1614 ) ;
#828 = AXIS2_PLACEMENT_3D ( 'NONE', #912, #239, #1335 ) ;
#829 = ORIENTED_EDGE ( 'NONE', *, *, #1715, .T. ) ;
#830 = LINE ( 'NONE', #1379, #593 ) ;
#831 = VERTEX_POINT ( 'NONE', #155 ) ;
#832 = CARTESIAN_POINT ( 'NONE',  ( -20.00000000000000355, 2.100000000000000089, 8.750000000000001776 ) ) ;
#833 = EDGE_CURVE ( 'NONE', #937, #1574, #40, .T. ) ;
#834 = ORIENTED_EDGE ( 'NONE', *, *, #174, .F. ) ;
#835 = DIRECTION ( 'NONE',  ( 0.000000000000000000, 1.000000000000000000, 0.000000000000000000 ) ) ;
#836 = EDGE_LOOP ( 'NONE', ( #1693, #622, #150, #250 ) ) ;
#837 = DIRECTION ( 'NONE',  ( -0.000000000000000000, 1.000000000000000000, -0.000000000000000000 ) ) ;
#838 = ADVANCED_FACE ( 'NONE', ( #924 ), #1318, .F. ) ;
#839 = ORIENTED_EDGE ( 'NONE', *, *, #393, .F. ) ;
#840 = DIRECTION ( 'NONE',  ( 0.000000000000000000, 0.000000000000000000, -1.000000000000000000 ) ) ;
#841 = CYLINDRICAL_SURFACE ( 'NONE', #259, 2.874999999999996447 ) ;
#842 = CARTESIAN_POINT ( 'NONE',  ( 5.480077554195742273, 0.000000000000000000, 8.355077554195737832 ) ) ;
#843 = DIRECTION ( 'NONE',  ( 0.000000000000000000, 0.000000000000000000, 1.000000000000000000 ) ) ;
#844 = DIRECTION ( 'NONE',  ( 0.000000000000000000, 0.000000000000000000, -1.000000000000000000 ) ) ;
#845 = CARTESIAN_POINT ( 'NONE',  ( 19.99999999999999645, 5.500000000000000000, -10.45000000000000284 ) ) ;
#846 = AXIS2_PLACEMENT_3D ( 'NONE', #1637, #876, #639 ) ;
#847 = AXIS2_PLACEMENT_3D ( 'NONE', #1376, #959, #271 ) ;
#848 = CC_DESIGN_SECURITY_CLASSIFICATION ( #1054, ( #1349 ) ) ;
#849 = ORIENTED_EDGE ( 'NONE', *, *, #175, .T. ) ;
#850 = DIRECTION ( 'NONE',  ( 0.000000000000000000, -1.000000000000000000, 0.000000000000000000 ) ) ;
#851 = CIRCLE ( 'NONE', #1052, 2.874999999999996447 ) ;
#852 = AXIS2_PLACEMENT_3D ( 'NONE', #743, #1713, #1300 ) ;
#853 = VERTEX_POINT ( 'NONE', #1471 ) ;
#854 = DIRECTION ( 'NONE',  ( -0.000000000000000000, -1.000000000000000000, -0.000000000000000000 ) ) ;
#855 = DIRECTION ( 'NONE',  ( -1.000000000000000000, 0.000000000000000000, 0.000000000000000000 ) ) ;
#856 = AXIS2_PLACEMENT_3D ( 'NONE', #872, #1131, #1688 ) ;
#857 = DATE_AND_TIME ( #709, #1771 ) ;
#858 = ORIENTED_EDGE ( 'NONE', *, *, #347, .F. ) ;
#859 = EDGE_LOOP ( 'NONE', ( #219, #1093, #352, #947 ) ) ;
#860 = CARTESIAN_POINT ( 'NONE',  ( 0.000000000000000000, 6.500000000000000000, 0.000000000000000000 ) ) ;
#861 = FACE_OUTER_BOUND ( 'NONE', #779, .T. ) ;
#862 = CARTESIAN_POINT ( 'NONE',  ( -23.50000000000000355, 5.500000000000000000, 13.34999999999999964 ) ) ;
#863 = EDGE_LOOP ( 'NONE', ( #590, #92, #1458, #680 ) ) ;
#864 = CARTESIAN_POINT ( 'NONE',  ( 23.49999999999999289, 5.500000000000000000, 13.34999999999999432 ) ) ;
#865 = DIRECTION ( 'NONE',  ( -0.000000000000000000, 1.000000000000000000, -0.000000000000000000 ) ) ;
#866 = SECURITY_CLASSIFICATION_LEVEL ( 'unclassified' ) ;
#867 = ORIENTED_EDGE ( 'NONE', *, *, #1582, .T. ) ;
#868 = CALENDAR_DATE ( 2026, 17, 6 ) ;
#869 = EDGE_CURVE ( 'NONE', #921, #1759, #1690, .T. ) ;
#870 = CARTESIAN_POINT ( 'NONE',  ( -18.30000000000000426, 2.100000000000000089, -10.44999999999999574 ) ) ;
#871 = EDGE_LOOP ( 'NONE', ( #1368, #1380 ) ) ;
#872 = CARTESIAN_POINT ( 'NONE',  ( -20.00000000000000355, 2.100000000000000089, -10.44999999999999574 ) ) ;
#873 = DIRECTION ( 'NONE',  ( -0.000000000000000000, -1.000000000000000000, -0.000000000000000000 ) ) ;
#874 = FACE_BOUND ( 'NONE', #234, .T. ) ;
#875 = DIRECTION ( 'NONE',  ( 0.000000000000000000, 0.000000000000000000, 1.000000000000000000 ) ) ;
#876 = DIRECTION ( 'NONE',  ( -0.000000000000000000, 1.000000000000000000, -0.000000000000000000 ) ) ;
#877 = ORIENTED_EDGE ( 'NONE', *, *, #299, .F. ) ;
#878 = CIRCLE ( 'NONE', #116, 11.75000000000000178 ) ;
#879 = ORIENTED_EDGE ( 'NONE', *, *, #752, .F. ) ;
#880 = ADVANCED_FACE ( 'NONE', ( #1039 ), #1611, .T. ) ;
#881 = DIRECTION ( 'NONE',  ( 0.000000000000000000, 0.000000000000000000, 1.000000000000000000 ) ) ;
#882 = VECTOR ( 'NONE', #576, 1000.000000000000000 ) ;
#883 = FACE_OUTER_BOUND ( 'NONE', #911, .T. ) ;
#884 = CARTESIAN_POINT ( 'NONE',  ( -24.50000000000000355, 0.000000000000000000, -14.34999999999999787 ) ) ;
#885 = APPLICATION_CONTEXT ( 'configuration controlled 3d designs of mechanical parts and assemblies' ) ;
#886 = EDGE_CURVE ( 'NONE', #1284, #277, #683, .T. ) ;
#887 = CARTESIAN_POINT ( 'NONE',  ( -5.480077554195744938, 3.400000000000000355, 2.605077554195745826 ) ) ;
#888 = VERTEX_POINT ( 'NONE', #1453 ) ;
#889 = CARTESIAN_POINT ( 'NONE',  ( 5.480077554195744938, 0.000000000000000000, -7.180077554195749556 ) ) ;
#890 = EDGE_CURVE ( 'NONE', #1273, #349, #1104, .T. ) ;
#891 = LINE ( 'NONE', #1305, #1768 ) ;
#892 = VERTEX_POINT ( 'NONE', #782 ) ;
#893 = CARTESIAN_POINT ( 'NONE',  ( 21.69999999999999574, 2.100000000000000089, -10.45000000000000284 ) ) ;
#894 = VERTEX_POINT ( 'NONE', #1545 ) ;
#895 = CARTESIAN_POINT ( 'NONE',  ( 5.480077554195742273, 3.400000000000000355, 5.480077554195744050 ) ) ;
#896 = CARTESIAN_POINT ( 'NONE',  ( -5.480077554195743161, 0.000000000000000000, -2.605077554195750711 ) ) ;
#897 = ORIENTED_EDGE ( 'NONE', *, *, #1148, .T. ) ;
#898 = CARTESIAN_POINT ( 'NONE',  ( -5.480077554195744938, 3.400000000000000355, 8.355077554195736056 ) ) ;
#899 = EDGE_LOOP ( 'NONE', ( #1428, #977, #99, #867 ) ) ;
#900 = CARTESIAN_POINT ( 'NONE',  ( -20.00000000000000355, 0.000000000000000000, -10.44999999999999574 ) ) ;
#901 = EDGE_LOOP ( 'NONE', ( #202, #1222, #1117, #1280 ) ) ;
#902 = AXIS2_PLACEMENT_3D ( 'NONE', #1264, #998, #31 ) ;
#903 = FACE_BOUND ( 'NONE', #1716, .T. ) ;
#904 = DIRECTION ( 'NONE',  ( 0.000000000000000000, 0.000000000000000000, -1.000000000000000000 ) ) ;
#905 = AXIS2_PLACEMENT_3D ( 'NONE', #442, #957, #287 ) ;
#906 = VERTEX_POINT ( 'NONE', #772 ) ;
#907 = FACE_OUTER_BOUND ( 'NONE', #1046, .T. ) ;
#908 = VECTOR ( 'NONE', #624, 1000.000000000000000 ) ;
#909 = VECTOR ( 'NONE', #910, 1000.000000000000000 ) ;
#910 = DIRECTION ( 'NONE',  ( 0.000000000000000000, 0.000000000000000000, 1.000000000000000000 ) ) ;
#911 = EDGE_LOOP ( 'NONE', ( #1330, #964, #829, #816 ) ) ;
#912 = CARTESIAN_POINT ( 'NONE',  ( 19.99999999999999645, 5.500000000000000000, -10.45000000000000284 ) ) ;
#913 = CARTESIAN_POINT ( 'NONE',  ( -20.00000000000000355, 5.500000000000000000, -10.44999999999999574 ) ) ;
#914 = ORIENTED_EDGE ( 'NONE', *, *, #1390, .F. ) ;
#915 = EDGE_CURVE ( 'NONE', #1527, #232, #1480, .T. ) ;
#916 = LINE ( 'NONE', #1581, #487 ) ;
#917 = DIRECTION ( 'NONE',  ( -0.000000000000000000, 1.000000000000000000, -0.000000000000000000 ) ) ;
#918 = ORIENTED_EDGE ( 'NONE', *, *, #748, .T. ) ;
#919 = DIRECTION ( 'NONE',  ( 0.000000000000000000, 0.000000000000000000, -1.000000000000000000 ) ) ;
#920 = PERSON_AND_ORGANIZATION ( #724, #423 ) ;
#921 = VERTEX_POINT ( 'NONE', #728 ) ;
#922 = DIRECTION ( 'NONE',  ( 0.000000000000000000, 0.000000000000000000, -1.000000000000000000 ) ) ;
#923 = VERTEX_POINT ( 'NONE', #1047 ) ;
#924 = FACE_OUTER_BOUND ( 'NONE', #136, .T. ) ;
#925 = ADVANCED_FACE ( 'NONE', ( #95 ), #642, .F. ) ;
#926 = ORIENTED_EDGE ( 'NONE', *, *, #361, .T. ) ;
#927 = PLANE ( 'NONE',  #662 ) ;
#928 = VERTEX_POINT ( 'NONE', #1173 ) ;
#929 = DIRECTION ( 'NONE',  ( -0.000000000000000000, -1.000000000000000000, -0.000000000000000000 ) ) ;
#930 = ADVANCED_FACE ( 'NONE', ( #1345 ), #373, .F. ) ;
#931 = CARTESIAN_POINT ( 'NONE',  ( 0.000000000000000000, 7.500000000000000000, 10.75000000000000178 ) ) ;
#932 = FACE_OUTER_BOUND ( 'NONE', #1483, .T. ) ;
#933 = AXIS2_PLACEMENT_3D ( 'NONE', #60, #572, #586 ) ;
#934 = CARTESIAN_POINT ( 'NONE',  ( -20.00000000000000355, 2.100000000000000089, 12.15000000000000213 ) ) ;
#935 = CARTESIAN_POINT ( 'NONE',  ( 19.99999999999999645, 5.500000000000000000, -12.15000000000000213 ) ) ;
#936 = VERTEX_POINT ( 'NONE', #862 ) ;
#937 = VERTEX_POINT ( 'NONE', #1283 ) ;
#938 = EDGE_CURVE ( 'NONE', #649, #461, #187, .T. ) ;
#939 = CARTESIAN_POINT ( 'NONE',  ( 1.255262969126037241E-15, 5.500000000000000000, 10.25000000000000000 ) ) ;
#940 = AXIS2_PLACEMENT_3D ( 'NONE', #381, #652, #356 ) ;
#941 = VECTOR ( 'NONE', #168, 1000.000000000000000 ) ;
#942 = FACE_OUTER_BOUND ( 'NONE', #1705, .T. ) ;
#943 = FACE_OUTER_BOUND ( 'NONE', #836, .T. ) ;
#944 = AXIS2_PLACEMENT_3D ( 'NONE', #1303, #1321, #1735 ) ;
#945 = DIRECTION ( 'NONE',  ( -0.000000000000000000, 1.000000000000000000, -0.000000000000000000 ) ) ;
#946 = ADVANCED_FACE ( 'NONE', ( #1733, #511, #1463, #1336, #598, #466 ), #105, .T. ) ;
#947 = ORIENTED_EDGE ( 'NONE', *, *, #1299, .T. ) ;
#948 = EDGE_CURVE ( 'NONE', #349, #1417, #1552, .T. ) ;
#949 = ORIENTED_EDGE ( 'NONE', *, *, #1064, .T. ) ;
#950 = DIRECTION ( 'NONE',  ( -0.000000000000000000, -1.000000000000000000, -0.000000000000000000 ) ) ;
#951 = ADVANCED_FACE ( 'NONE', ( #874, #1420 ), #196, .F. ) ;
#952 = CARTESIAN_POINT ( 'NONE',  ( 5.480077554195742273, 0.000000000000000000, 7.180077554195749556 ) ) ;
#953 = EDGE_LOOP ( 'NONE', ( #1668, #703, #1013, #643 ) ) ;
#954 = APPROVAL ( #1666, 'UNSPECIFIED' ) ;
#955 = DIRECTION ( 'NONE',  ( -0.000000000000000000, 1.000000000000000000, -0.000000000000000000 ) ) ;
#956 = ORIENTED_EDGE ( 'NONE', *, *, #833, .T. ) ;
#957 = DIRECTION ( 'NONE',  ( -0.000000000000000000, -1.000000000000000000, -0.000000000000000000 ) ) ;
#958 = ORIENTED_EDGE ( 'NONE', *, *, #504, .F. ) ;
#959 = DIRECTION ( 'NONE',  ( -0.000000000000000000, 1.000000000000000000, -0.000000000000000000 ) ) ;
#960 = ORIENTED_EDGE ( 'NONE', *, *, #633, .T. ) ;
#961 = CARTESIAN_POINT ( 'NONE',  ( -20.00000000000000355, 2.100000000000000089, -13.32499999999999396 ) ) ;
#962 = EDGE_CURVE ( 'NONE', #928, #232, #1354, .T. ) ;
#963 = AXIS2_PLACEMENT_3D ( 'NONE', #436, #1544, #1419 ) ;
#964 = ORIENTED_EDGE ( 'NONE', *, *, #438, .T. ) ;
#965 = AXIS2_PLACEMENT_3D ( 'NONE', #1118, #1108, #844 ) ;
#966 = DIRECTION ( 'NONE',  ( 0.000000000000000000, 0.000000000000000000, -1.000000000000000000 ) ) ;
#967 = PERSON_AND_ORGANIZATION ( #724, #423 ) ;
#968 = VECTOR ( 'NONE', #1738, 1000.000000000000000 ) ;
#969 = CALENDAR_DATE ( 2026, 17, 6 ) ;
#970 = ORIENTED_EDGE ( 'NONE', *, *, #75, .T. ) ;
#971 = EDGE_CURVE ( 'NONE', #591, #670, #1423, .T. ) ;
#972 = DIRECTION ( 'NONE',  ( -0.000000000000000000, 1.000000000000000000, -0.000000000000000000 ) ) ;
#973 = ORIENTED_EDGE ( 'NONE', *, *, #315, .T. ) ;
#974 = CARTESIAN_POINT ( 'NONE',  ( 0.000000000000000000, 5.500000000000000000, -10.25000000000000000 ) ) ;
#975 = APPROVAL_DATE_TIME ( #857, #954 ) ;
#976 = PERSON_AND_ORGANIZATION_ROLE ( 'creator' ) ;
#977 = ORIENTED_EDGE ( 'NONE', *, *, #1516, .F. ) ;
#978 = DIRECTION ( 'NONE',  ( -0.000000000000000000, 1.000000000000000000, -0.000000000000000000 ) ) ;
#979 = FACE_OUTER_BOUND ( 'NONE', #28, .T. ) ;
#980 = CARTESIAN_POINT ( 'NONE',  ( 1.417870922711655260E-15, 5.500000000000000000, 13.34999999999999609 ) ) ;
#981 = ADVANCED_FACE ( 'NONE', ( #804 ), #1204, .F. ) ;
#982 = ORIENTED_EDGE ( 'NONE', *, *, #255, .T. ) ;
#983 = EDGE_LOOP ( 'NONE', ( #914, #291, #575, #333 ) ) ;
#984 = CYLINDRICAL_SURFACE ( 'NONE', #1597, 2.874999999999994671 ) ;
#985 = DIRECTION ( 'NONE',  ( 0.000000000000000000, 1.000000000000000000, 0.000000000000000000 ) ) ;
#986 = LINE ( 'NONE', #1406, #941 ) ;
#987 = DIRECTION ( 'NONE',  ( 0.000000000000000000, 0.000000000000000000, -1.000000000000000000 ) ) ;
#988 = APPROVAL_ROLE ( '' ) ;
#989 = AXIS2_PLACEMENT_3D ( 'NONE', #1414, #214, #1720 ) ;
#990 = ADVANCED_FACE ( 'NONE', ( #263, #1699, #61, #207, #861 ), #1412, .T. ) ;
#991 = ORIENTED_EDGE ( 'NONE', *, *, #1494, .F. ) ;
#992 = DIRECTION ( 'NONE',  ( 0.000000000000000000, 0.000000000000000000, 1.000000000000000000 ) ) ;
#993 = CIRCLE ( 'NONE', #1197, 1.699999999999998401 ) ;
#994 = CIRCLE ( 'NONE', #56, 1.700000000000000178 ) ;
#995 = ORIENTED_EDGE ( 'NONE', *, *, #1639, .T. ) ;
#996 = ADVANCED_FACE ( 'NONE', ( #883 ), #581, .F. ) ;
#997 = DIRECTION ( 'NONE',  ( -0.000000000000000000, 1.000000000000000000, -0.000000000000000000 ) ) ;
#998 = DIRECTION ( 'NONE',  ( 0.000000000000000000, 1.000000000000000000, 0.000000000000000000 ) ) ;
#999 = DIRECTION ( 'NONE',  ( -1.208866533781747403E-16, 0.000000000000000000, 1.000000000000000000 ) ) ;
#1000 = DIRECTION ( 'NONE',  ( -0.000000000000000000, -1.000000000000000000, -0.000000000000000000 ) ) ;
#1001 = EDGE_CURVE ( 'NONE', #1725, #78, #1628, .T. ) ;
#1002 = VECTOR ( 'NONE', #1670, 1000.000000000000000 ) ;
#1003 = ORIENTED_EDGE ( 'NONE', *, *, #174, .T. ) ;
#1004 = ORIENTED_EDGE ( 'NONE', *, *, #1501, .T. ) ;
#1005 = ORIENTED_EDGE ( 'NONE', *, *, #663, .F. ) ;
#1006 = CARTESIAN_POINT ( 'NONE',  ( 23.49999999999999645, 5.500000000000000000, -13.35000000000000142 ) ) ;
#1007 = CARTESIAN_POINT ( 'NONE',  ( 19.99999999999999645, 5.500000000000000000, 13.32499999999999574 ) ) ;
#1008 = CARTESIAN_POINT ( 'NONE',  ( 0.000000000000000000, 5.500000000000000000, 0.000000000000000000 ) ) ;
#1009 = CARTESIAN_POINT ( 'NONE',  ( -20.00000000000000355, 2.100000000000000089, 13.32500000000000107 ) ) ;
#1010 = ORIENTED_EDGE ( 'NONE', *, *, #737, .F. ) ;
#1011 = FACE_OUTER_BOUND ( 'NONE', #983, .T. ) ;
#1012 = DIRECTION ( 'NONE',  ( 0.000000000000000000, -1.000000000000000000, 0.000000000000000000 ) ) ;
#1013 = ORIENTED_EDGE ( 'NONE', *, *, #682, .T. ) ;
#1014 = CARTESIAN_POINT ( 'NONE',  ( -20.00000000000000355, 5.500000000000000000, -10.44999999999999574 ) ) ;
#1015 = DIRECTION ( 'NONE',  ( -1.208866533781747403E-16, 0.000000000000000000, 1.000000000000000000 ) ) ;
#1016 = EDGE_CURVE ( 'NONE', #461, #1090, #363, .T. ) ;
#1017 = CARTESIAN_POINT ( 'NONE',  ( 5.480077554195744938, 0.000000000000000000, -5.480077554195744050 ) ) ;
#1018 = EDGE_LOOP ( 'NONE', ( #1464, #1615, #1142, #775 ) ) ;
#1019 = DIRECTION ( 'NONE',  ( -0.000000000000000000, -1.000000000000000000, -0.000000000000000000 ) ) ;
#1020 = DIRECTION ( 'NONE',  ( 1.224646799147351482E-16, 0.000000000000000000, -1.000000000000000000 ) ) ;
#1021 = AXIS2_PLACEMENT_3D ( 'NONE', #72, #467, #1438 ) ;
#1022 = VERTEX_POINT ( 'NONE', #1007 ) ;
#1023 = VECTOR ( 'NONE', #553, 1000.000000000000000 ) ;
#1024 = EDGE_LOOP ( 'NONE', ( #510, #956, #218, #440 ) ) ;
#1025 = CARTESIAN_POINT ( 'NONE',  ( 0.000000000000000000, 0.000000000000000000, 0.000000000000000000 ) ) ;
#1026 = CIRCLE ( 'NONE', #119, 1.699999999999998401 ) ;
#1027 = FACE_OUTER_BOUND ( 'NONE', #1024, .T. ) ;
#1028 = CC_DESIGN_DATE_AND_TIME_ASSIGNMENT ( #1135, #1383, ( #1054 ) ) ;
#1029 = EDGE_CURVE ( 'NONE', #1574, #761, #1286, .T. ) ;
#1030 = DIRECTION ( 'NONE',  ( 0.000000000000000000, 0.000000000000000000, 1.000000000000000000 ) ) ;
#1031 = EDGE_LOOP ( 'NONE', ( #1765, #1120 ) ) ;
#1032 = PLANE ( 'NONE',  #144 ) ;
#1033 = EDGE_LOOP ( 'NONE', ( #1332, #106, #1774, #270 ) ) ;
#1034 = CARTESIAN_POINT ( 'NONE',  ( -23.50000000000000355, 5.500000000000000000, -13.34999999999999787 ) ) ;
#1035 = DIRECTION ( 'NONE',  ( -0.000000000000000000, 1.000000000000000000, -0.000000000000000000 ) ) ;
#1036 = LINE ( 'NONE', #1546, #1287 ) ;
#1037 = EDGE_LOOP ( 'NONE', ( #403, #1569, #1003, #555 ) ) ;
#1038 = DIRECTION ( 'NONE',  ( 0.000000000000000000, -0.000000000000000000, -1.000000000000000000 ) ) ;
#1039 = FACE_OUTER_BOUND ( 'NONE', #863, .T. ) ;
#1040 = ORIENTED_EDGE ( 'NONE', *, *, #485, .T. ) ;
#1041 = CARTESIAN_POINT ( 'NONE',  ( 19.99999999999999645, 2.100000000000000089, 10.44999999999999751 ) ) ;
#1042 = DIRECTION ( 'NONE',  ( 0.000000000000000000, 0.000000000000000000, -1.000000000000000000 ) ) ;
#1043 = CLOSED_SHELL ( 'NONE', ( #688, #503, #68, #554, #1201, #497, #1155, #996, #1326, #1448, #803, #1556, #930, #1742, #759, #749, #925, #807, #1180, #990, #357, #433, #8, #1115, #1756, #946, #602, #1399, #1323, #673, #651, #692, #1524, #530, #126, #129, #444, #209, #1764, #500, #134, #1343, #951, #123, #1442, #626, #1702, #981, #13, #1378, #43, #838, #241, #294, #439, #1075, #108, #880 ) ) ;
#1044 = LINE ( 'NONE', #102, #1588 ) ;
#1045 = DIRECTION ( 'NONE',  ( 0.000000000000000000, 0.000000000000000000, 1.000000000000000000 ) ) ;
#1046 = EDGE_LOOP ( 'NONE', ( #1610, #970, #1646, #1010 ) ) ;
#1047 = CARTESIAN_POINT ( 'NONE',  ( 19.99999999999999645, 2.100000000000000089, -13.32500000000000107 ) ) ;
#1048 = ORIENTED_EDGE ( 'NONE', *, *, #971, .T. ) ;
#1049 = AXIS2_PLACEMENT_3D ( 'NONE', #1642, #865, #26 ) ;
#1050 = CIRCLE ( 'NONE', #824, 1.700000000000012168 ) ;
#1051 = LINE ( 'NONE', #89, #520 ) ;
#1052 = AXIS2_PLACEMENT_3D ( 'NONE', #1622, #1459, #1484 ) ;
#1053 = ORIENTED_EDGE ( 'NONE', *, *, #1266, .F. ) ;
#1054 = SECURITY_CLASSIFICATION ( '', '', #866 ) ;
#1055 = DIRECTION ( 'NONE',  ( 0.000000000000000000, 0.000000000000000000, -1.000000000000000000 ) ) ;
#1056 = CIRCLE ( 'NONE', #944, 2.874999999999996447 ) ;
#1057 = AXIS2_PLACEMENT_3D ( 'NONE', #103, #650, #695 ) ;
#1058 = ORIENTED_EDGE ( 'NONE', *, *, #1421, .F. ) ;
#1059 = EDGE_CURVE ( 'NONE', #894, #246, #197, .T. ) ;
#1060 = DIRECTION ( 'NONE',  ( 0.000000000000000000, 0.000000000000000000, 1.000000000000000000 ) ) ;
#1061 = CARTESIAN_POINT ( 'NONE',  ( 5.480077554195744938, 0.000000000000000000, -3.780077554195738543 ) ) ;
#1062 = ORIENTED_EDGE ( 'NONE', *, *, #1271, .F. ) ;
#1063 = CARTESIAN_POINT ( 'NONE',  ( 5.480077554195742273, 3.851859888774471706E-31, 5.480077554195744050 ) ) ;
#1064 = EDGE_CURVE ( 'NONE', #152, #649, #657, .T. ) ;
#1065 = EDGE_LOOP ( 'NONE', ( #1295, #1549, #538, #1510 ) ) ;
#1066 = CYLINDRICAL_SURFACE ( 'NONE', #1537, 1.700000000000005285 ) ;
#1067 = VERTEX_POINT ( 'NONE', #746 ) ;
#1068 = LINE ( 'NONE', #1212, #451 ) ;
#1069 = EDGE_CURVE ( 'NONE', #277, #723, #1671, .T. ) ;
#1070 = DIRECTION ( 'NONE',  ( -0.000000000000000000, 1.000000000000000000, -0.000000000000000000 ) ) ;
#1071 = ORIENTED_EDGE ( 'NONE', *, *, #525, .F. ) ;
#1072 = CARTESIAN_POINT ( 'NONE',  ( -24.50000000000000355, 5.500000000000000000, 14.34999999999999787 ) ) ;
#1073 = EDGE_CURVE ( 'NONE', #4, #279, #986, .T. ) ;
#1074 = LINE ( 'NONE', #130, #1109 ) ;
#1075 = ADVANCED_FACE ( 'NONE', ( #457 ), #714, .T. ) ;
#1076 = CARTESIAN_POINT ( 'NONE',  ( 19.99999999999999645, 5.500000000000000000, 10.44999999999999751 ) ) ;
#1077 = LINE ( 'NONE', #276, #797 ) ;
#1078 = EDGE_CURVE ( 'NONE', #591, #1111, #465, .T. ) ;
#1079 = VERTEX_POINT ( 'NONE', #739 ) ;
#1080 = EDGE_CURVE ( 'NONE', #295, #1245, #720, .T. ) ;
#1081 = ORIENTED_EDGE ( 'NONE', *, *, #1213, .T. ) ;
#1082 = AXIS2_PLACEMENT_3D ( 'NONE', #314, #855, #178 ) ;
#1083 = CARTESIAN_POINT ( 'NONE',  ( 5.480077554195744938, 5.500000000000000000, -7.180077554195742451 ) ) ;
#1084 = CC_DESIGN_PERSON_AND_ORGANIZATION_ASSIGNMENT ( #1539, #976, ( #1214 ) ) ;
#1085 = AXIS2_PLACEMENT_3D ( 'NONE', #7, #281, #1360 ) ;
#1086 = AXIS2_PLACEMENT_3D ( 'NONE', #655, #253, #1707 ) ;
#1087 = VERTEX_POINT ( 'NONE', #1151 ) ;
#1088 = AXIS2_PLACEMENT_3D ( 'NONE', #763, #1571, #654 ) ;
#1089 = FACE_OUTER_BOUND ( 'NONE', #1018, .T. ) ;
#1090 = VERTEX_POINT ( 'NONE', #1678 ) ;
#1091 = CARTESIAN_POINT ( 'NONE',  ( -18.30000000000000426, 2.100000000000000089, 10.45000000000000284 ) ) ;
#1092 = CARTESIAN_POINT ( 'NONE',  ( -5.480077554195744938, 0.000000000000000000, 5.480077554195741385 ) ) ;
#1093 = ORIENTED_EDGE ( 'NONE', *, *, #315, .F. ) ;
#1094 = LINE ( 'NONE', #399, #1770 ) ;
#1095 = EDGE_LOOP ( 'NONE', ( #725, #306 ) ) ;
#1096 = CARTESIAN_POINT ( 'NONE',  ( -5.480077554195743161, 0.000000000000000000, -5.480077554195746714 ) ) ;
#1097 = EDGE_LOOP ( 'NONE', ( #293, #1749 ) ) ;
#1098 = LINE ( 'NONE', #1265, #114 ) ;
#1099 = FACE_OUTER_BOUND ( 'NONE', #1033, .T. ) ;
#1100 = AXIS2_PLACEMENT_3D ( 'NONE', #800, #1334, #1325 ) ;
#1101 = EDGE_CURVE ( 'NONE', #1079, #888, #544, .T. ) ;
#1102 = ORIENTED_EDGE ( 'NONE', *, *, #1256, .F. ) ;
#1103 = DIRECTION ( 'NONE',  ( -0.000000000000000000, 1.000000000000000000, -0.000000000000000000 ) ) ;
#1104 = CIRCLE ( 'NONE', #1163, 1.699999999999998401 ) ;
#1105 = CARTESIAN_POINT ( 'NONE',  ( 5.480077554195744938, 3.400000000000000355, -7.180077554195755773 ) ) ;
#1106 = ORIENTED_EDGE ( 'NONE', *, *, #286, .T. ) ;
#1107 = AXIS2_PLACEMENT_3D ( 'NONE', #1236, #837, #574 ) ;
#1108 = DIRECTION ( 'NONE',  ( -0.000000000000000000, -1.000000000000000000, -0.000000000000000000 ) ) ;
#1109 = VECTOR ( 'NONE', #675, 1000.000000000000000 ) ;
#1110 = CIRCLE ( 'NONE', #342, 2.874999999999999112 ) ;
#1111 = VERTEX_POINT ( 'NONE', #1275 ) ;
#1112 = CARTESIAN_POINT ( 'NONE',  ( 5.480077554195742273, 0.000000000000000000, 2.605077554195748935 ) ) ;
#1113 = LINE ( 'NONE', #434, #164 ) ;
#1114 = DIRECTION ( 'NONE',  ( 0.000000000000000000, 0.000000000000000000, 1.000000000000000000 ) ) ;
#1115 = ADVANCED_FACE ( 'NONE', ( #607 ), #37, .F. ) ;
#1116 = DIRECTION ( 'NONE',  ( -0.000000000000000000, -1.000000000000000000, -0.000000000000000000 ) ) ;
#1117 = ORIENTED_EDGE ( 'NONE', *, *, #1561, .F. ) ;
#1118 = CARTESIAN_POINT ( 'NONE',  ( -5.480077554195744938, 5.500000000000000000, 5.480077554195741385 ) ) ;
#1119 = COORDINATED_UNIVERSAL_TIME_OFFSET ( 5, 0, .BEHIND. ) ;
#1120 = ORIENTED_EDGE ( 'NONE', *, *, #531, .T. ) ;
#1121 = EDGE_CURVE ( 'NONE', #1067, #471, #1255, .T. ) ;
#1122 = FACE_OUTER_BOUND ( 'NONE', #360, .T. ) ;
#1123 = CARTESIAN_POINT ( 'NONE',  ( -20.00000000000000355, 5.500000000000000000, 10.45000000000000284 ) ) ;
#1124 = DIRECTION ( 'NONE',  ( 0.000000000000000000, 0.000000000000000000, -1.000000000000000000 ) ) ;
#1125 = EDGE_CURVE ( 'NONE', #1087, #582, #1454, .T. ) ;
#1126 = EDGE_CURVE ( 'NONE', #463, #14, #625, .T. ) ;
#1127 = EDGE_LOOP ( 'NONE', ( #330, #813, #558, #1435 ) ) ;
#1128 = CARTESIAN_POINT ( 'NONE',  ( 7.180077554195756662, 3.400000000000000355, -5.480077554195744050 ) ) ;
#1129 = AXIS2_PLACEMENT_3D ( 'NONE', #36, #464, #705 ) ;
#1130 = VERTEX_POINT ( 'NONE', #213 ) ;
#1131 = DIRECTION ( 'NONE',  ( -0.000000000000000000, 1.000000000000000000, -0.000000000000000000 ) ) ;
#1132 = EDGE_CURVE ( 'NONE', #277, #1284, #627, .T. ) ;
#1133 = CARTESIAN_POINT ( 'NONE',  ( -5.480077554195744938, 3.400000000000000355, 5.480077554195741385 ) ) ;
#1134 = CIRCLE ( 'NONE', #1049, 1.700000000000000178 ) ;
#1135 = DATE_AND_TIME ( #447, #21 ) ;
#1136 = AXIS2_PLACEMENT_3D ( 'NONE', #1096, #570, #1662 ) ;
#1137 = CIRCLE ( 'NONE', #1400, 1.699999999999998401 ) ;
#1138 = LOCAL_TIME ( 19, 36, 59.00000000000000000, #1119 ) ;
#1139 = ORIENTED_EDGE ( 'NONE', *, *, #1246, .F. ) ;
#1140 = AXIS2_PLACEMENT_3D ( 'NONE', #469, #1592, #1020 ) ;
#1141 = AXIS2_PLACEMENT_3D ( 'NONE', #1492, #537, #1633 ) ;
#1142 = ORIENTED_EDGE ( 'NONE', *, *, #1579, .F. ) ;
#1143 = LINE ( 'NONE', #1663, #1002 ) ;
#1144 = CARTESIAN_POINT ( 'NONE',  ( -5.480077554195744938, 5.500000000000000000, 5.480077554195741385 ) ) ;
#1145 = DIRECTION ( 'NONE',  ( -0.000000000000000000, -1.000000000000000000, -0.000000000000000000 ) ) ;
#1146 = CARTESIAN_POINT ( 'NONE',  ( 0.000000000000000000, 5.500000000000000000, 0.000000000000000000 ) ) ;
#1147 = FACE_BOUND ( 'NONE', #1598, .T. ) ;
#1148 = EDGE_CURVE ( 'NONE', #547, #1191, #199, .T. ) ;
#1149 = ORIENTED_EDGE ( 'NONE', *, *, #1496, .T. ) ;
#1150 = CARTESIAN_POINT ( 'NONE',  ( -20.00000000000000355, 2.100000000000000089, -10.44999999999999574 ) ) ;
#1151 = CARTESIAN_POINT ( 'NONE',  ( 0.000000000000000000, 6.500000000000000000, 11.75000000000000178 ) ) ;
#1152 = CYLINDRICAL_SURFACE ( 'NONE', #1626, 1.700000000000005285 ) ;
#1153 = DIRECTION ( 'NONE',  ( -0.000000000000000000, 1.000000000000000000, -0.000000000000000000 ) ) ;
#1154 = ORIENTED_EDGE ( 'NONE', *, *, #1101, .F. ) ;
#1155 = ADVANCED_FACE ( 'NONE', ( #1718 ), #1727, .F. ) ;
#1156 = ORIENTED_EDGE ( 'NONE', *, *, #1288, .F. ) ;
#1157 = FACE_BOUND ( 'NONE', #1095, .T. ) ;
#1158 = CIRCLE ( 'NONE', #1277, 2.874999999999999112 ) ;
#1159 = LINE ( 'NONE', #1446, #515 ) ;
#1160 = ORIENTED_EDGE ( 'NONE', *, *, #609, .F. ) ;
#1161 = CIRCLE ( 'NONE', #1224, 10.25000000000000000 ) ;
#1162 = CARTESIAN_POINT ( 'NONE',  ( 0.000000000000000000, 7.500000000000000000, -10.25000000000000000 ) ) ;
#1163 = AXIS2_PLACEMENT_3D ( 'NONE', #231, #1145, #458 ) ;
#1164 = AXIS2_PLACEMENT_3D ( 'NONE', #1407, #5, #148 ) ;
#1165 = VECTOR ( 'NONE', #1616, 1000.000000000000000 ) ;
#1166 = ORIENTED_EDGE ( 'NONE', *, *, #1132, .F. ) ;
#1167 = DIRECTION ( 'NONE',  ( -0.000000000000000000, -1.000000000000000000, -0.000000000000000000 ) ) ;
#1168 = CIRCLE ( 'NONE', #827, 2.874999999999995559 ) ;
#1169 = DIRECTION ( 'NONE',  ( 0.000000000000000000, 0.000000000000000000, 1.000000000000000000 ) ) ;
#1170 = DIRECTION ( 'NONE',  ( -0.000000000000000000, 1.000000000000000000, -0.000000000000000000 ) ) ;
#1171 = DIRECTION ( 'NONE',  ( 0.000000000000000000, 1.000000000000000000, 0.000000000000000000 ) ) ;
#1172 = CYLINDRICAL_SURFACE ( 'NONE', #1538, 2.874999999999994671 ) ;
#1173 = CARTESIAN_POINT ( 'NONE',  ( 19.99999999999999645, 0.000000000000000000, -12.15000000000000213 ) ) ;
#1174 = EDGE_LOOP ( 'NONE', ( #1341, #1391 ) ) ;
#1175 = DIRECTION ( 'NONE',  ( -0.000000000000000000, -1.000000000000000000, -0.000000000000000000 ) ) ;
#1176 = DIRECTION ( 'NONE',  ( -0.000000000000000000, 1.000000000000000000, -0.000000000000000000 ) ) ;
#1177 = CARTESIAN_POINT ( 'NONE',  ( -5.480077554195743161, 5.500000000000000000, -5.480077554195746714 ) ) ;
#1178 = CARTESIAN_POINT ( 'NONE',  ( 19.99999999999999645, 2.100000000000000089, 8.749999999999998224 ) ) ;
#1179 = VERTEX_POINT ( 'NONE', #1339 ) ;
#1180 = ADVANCED_FACE ( 'NONE', ( #1027 ), #1490, .F. ) ;
#1181 = DIRECTION ( 'NONE',  ( 0.000000000000000000, 0.000000000000000000, 1.000000000000000000 ) ) ;
#1182 = ORIENTED_EDGE ( 'NONE', *, *, #268, .F. ) ;
#1183 = DIRECTION ( 'NONE',  ( -0.000000000000000000, 1.000000000000000000, -0.000000000000000000 ) ) ;
#1184 = VERTEX_POINT ( 'NONE', #1199 ) ;
#1185 = DIRECTION ( 'NONE',  ( -1.000000000000000000, -0.000000000000000000, 1.062075597536820771E-16 ) ) ;
#1186 = ORIENTED_EDGE ( 'NONE', *, *, #154, .T. ) ;
#1187 = EDGE_CURVE ( 'NONE', #1759, #479, #235, .T. ) ;
#1188 = DIRECTION ( 'NONE',  ( -0.000000000000000000, -1.000000000000000000, -0.000000000000000000 ) ) ;
#1189 = FACE_BOUND ( 'NONE', #1491, .T. ) ;
#1190 = LINE ( 'NONE', #343, #401 ) ;
#1191 = VERTEX_POINT ( 'NONE', #273 ) ;
#1192 = EDGE_LOOP ( 'NONE', ( #1269, #1529, #1747, #918 ) ) ;
#1193 = DIRECTION ( 'NONE',  ( 0.000000000000000000, 1.000000000000000000, 0.000000000000000000 ) ) ;
#1194 = VERTEX_POINT ( 'NONE', #776 ) ;
#1195 = AXIS2_PLACEMENT_3D ( 'NONE', #1282, #48, #1124 ) ;
#1196 = AXIS2_PLACEMENT_3D ( 'NONE', #628, #1170, #1030 ) ;
#1197 = AXIS2_PLACEMENT_3D ( 'NONE', #1177, #1728, #919 ) ;
#1198 = ORIENTED_EDGE ( 'NONE', *, *, #1634, .T. ) ;
#1199 = CARTESIAN_POINT ( 'NONE',  ( -20.00000000000000355, 2.100000000000000089, -12.14999999999999503 ) ) ;
#1200 = CIRCLE ( 'NONE', #459, 1.700000000000000178 ) ;
#1201 = ADVANCED_FACE ( 'NONE', ( #907 ), #1066, .F. ) ;
#1202 = ORIENTED_EDGE ( 'NONE', *, *, #948, .T. ) ;
#1203 = CARTESIAN_POINT ( 'NONE',  ( -20.00000000000000355, 5.500000000000000000, -10.44999999999999574 ) ) ;
#1204 = CYLINDRICAL_SURFACE ( 'NONE', #1563, 1.700000000000005285 ) ;
#1205 = EDGE_LOOP ( 'NONE', ( #735, #391, #1479, #431 ) ) ;
#1206 = EDGE_CURVE ( 'NONE', #471, #1067, #1482, .T. ) ;
#1207 = LINE ( 'NONE', #1348, #801 ) ;
#1208 = EDGE_CURVE ( 'NONE', #1410, #1415, #1712, .T. ) ;
#1209 = ORIENTED_EDGE ( 'NONE', *, *, #938, .F. ) ;
#1210 = DIRECTION ( 'NONE',  ( 0.000000000000000000, 0.000000000000000000, -1.000000000000000000 ) ) ;
#1211 = DIRECTION ( 'NONE',  ( 0.000000000000000000, -0.000000000000000000, 1.000000000000000000 ) ) ;
#1212 = CARTESIAN_POINT ( 'NONE',  ( 5.480077554195742273, 0.000000000000000000, 3.780077554195738543 ) ) ;
#1213 = EDGE_CURVE ( 'NONE', #550, #1580, #796, .T. ) ;
#1214 = PRODUCT_DEFINITION ( 'UNKNOWN', '', #1349, #266 ) ;
#1215 = ORIENTED_EDGE ( 'NONE', *, *, #1474, .F. ) ;
#1216 = APPROVAL_STATUS ( 'not_yet_approved' ) ;
#1217 = CYLINDRICAL_SURFACE ( 'NONE', #1682, 2.874999999999999112 ) ;
#1218 = DIRECTION ( 'NONE',  ( -5.006672381006953067E-17, 0.7071067811865451302, -0.7071067811865500152 ) ) ;
#1219 = EDGE_LOOP ( 'NONE', ( #1612, #407 ) ) ;
#1220 = AXIS2_PLACEMENT_3D ( 'NONE', #676, #1218, #409 ) ;
#1221 = CARTESIAN_POINT ( 'NONE',  ( 5.480077554195744938, 3.400000000000000355, -2.605077554195748046 ) ) ;
#1222 = ORIENTED_EDGE ( 'NONE', *, *, #302, .F. ) ;
#1223 = ORIENTED_EDGE ( 'NONE', *, *, #309, .F. ) ;
#1224 = AXIS2_PLACEMENT_3D ( 'NONE', #1146, #331, #875 ) ;
#1225 = DIRECTION ( 'NONE',  ( 0.000000000000000000, -0.000000000000000000, -1.000000000000000000 ) ) ;
#1226 = AXIS2_PLACEMENT_3D ( 'NONE', #249, #1328, #791 ) ;
#1227 = VECTOR ( 'NONE', #873, 1000.000000000000000 ) ;
#1228 = CARTESIAN_POINT ( 'NONE',  ( -20.00000000000000355, 5.500000000000000000, 13.32500000000000107 ) ) ;
#1229 = ORIENTED_EDGE ( 'NONE', *, *, #504, .T. ) ;
#1230 = VECTOR ( 'NONE', #1441, 1000.000000000000000 ) ;
#1231 = DIRECTION ( 'NONE',  ( -0.000000000000000000, 1.000000000000000000, -0.000000000000000000 ) ) ;
#1232 = ORIENTED_EDGE ( 'NONE', *, *, #1570, .F. ) ;
#1233 = FACE_OUTER_BOUND ( 'NONE', #1268, .T. ) ;
#1234 = CIRCLE ( 'NONE', #604, 1.700000000000000178 ) ;
#1235 = ORIENTED_EDGE ( 'NONE', *, *, #1080, .F. ) ;
#1236 = CARTESIAN_POINT ( 'NONE',  ( 19.99999999999999645, 5.500000000000000000, 10.44999999999999751 ) ) ;
#1237 = CC_DESIGN_PERSON_AND_ORGANIZATION_ASSIGNMENT ( #787, #1468, ( #1509 ) ) ;
#1238 = CARTESIAN_POINT ( 'NONE',  ( -20.00000000000000355, 2.100000000000000089, -8.749999999999996447 ) ) ;
#1239 = ORIENTED_EDGE ( 'NONE', *, *, #338, .T. ) ;
#1240 = DIRECTION ( 'NONE',  ( 0.000000000000000000, 0.000000000000000000, -1.000000000000000000 ) ) ;
#1241 = EDGE_CURVE ( 'NONE', #152, #1090, #404, .T. ) ;
#1242 = EDGE_LOOP ( 'NONE', ( #1317, #304 ) ) ;
#1243 = CARTESIAN_POINT ( 'NONE',  ( 0.000000000000000000, 7.500000000000000000, 0.000000000000000000 ) ) ;
#1244 = AXIS2_PLACEMENT_3D ( 'NONE', #1248, #1559, #46 ) ;
#1245 = VERTEX_POINT ( 'NONE', #939 ) ;
#1246 = EDGE_CURVE ( 'NONE', #295, #550, #1629, .T. ) ;
#1247 = DIRECTION ( 'NONE',  ( -0.000000000000000000, -1.000000000000000000, -0.000000000000000000 ) ) ;
#1248 = CARTESIAN_POINT ( 'NONE',  ( 19.99999999999999645, 5.500000000000000000, 10.44999999999999751 ) ) ;
#1249 = ORIENTED_EDGE ( 'NONE', *, *, #492, .F. ) ;
#1250 = VECTOR ( 'NONE', #1413, 1000.000000000000000 ) ;
#1251 = DIRECTION ( 'NONE',  ( -0.000000000000000000, -1.000000000000000000, -0.000000000000000000 ) ) ;
#1252 = ORIENTED_EDGE ( 'NONE', *, *, #386, .F. ) ;
#1253 = AXIS2_PLACEMENT_3D ( 'NONE', #707, #32, #966 ) ;
#1254 = DIRECTION ( 'NONE',  ( 0.000000000000000000, 0.000000000000000000, 1.000000000000000000 ) ) ;
#1255 = CIRCLE ( 'NONE', #422, 12.75000000000000178 ) ;
#1256 = EDGE_CURVE ( 'NONE', #892, #318, #52, .T. ) ;
#1257 = CIRCLE ( 'NONE', #424, 10.75000000000000178 ) ;
#1258 = EDGE_CURVE ( 'NONE', #717, #1542, #1137, .T. ) ;
#1259 = ORIENTED_EDGE ( 'NONE', *, *, #1520, .T. ) ;
#1260 = DIRECTION ( 'NONE',  ( 0.000000000000000000, 1.000000000000000000, 0.000000000000000000 ) ) ;
#1261 = CARTESIAN_POINT ( 'NONE',  ( 5.480077554195742273, 0.000000000000000000, 5.480077554195744050 ) ) ;
#1262 = EDGE_CURVE ( 'NONE', #1542, #717, #993, .T. ) ;
#1263 = CARTESIAN_POINT ( 'NONE',  ( 0.000000000000000000, 5.500000000000000000, 0.000000000000000000 ) ) ;
#1264 = CARTESIAN_POINT ( 'NONE',  ( 0.000000000000000000, 5.500000000000000000, 0.000000000000000000 ) ) ;
#1265 = CARTESIAN_POINT ( 'NONE',  ( -5.480077554195743161, 0.000000000000000000, -8.355077554195741385 ) ) ;
#1266 = EDGE_CURVE ( 'NONE', #448, #921, #1758, .T. ) ;
#1267 = PERSON_AND_ORGANIZATION_ROLE ( 'classification_officer' ) ;
#1268 = EDGE_LOOP ( 'NONE', ( #529, #698, #849, #1608 ) ) ;
#1269 = ORIENTED_EDGE ( 'NONE', *, *, #948, .F. ) ;
#1270 = DIRECTION ( 'NONE',  ( 0.000000000000000000, -0.000000000000000000, 1.000000000000000000 ) ) ;
#1271 = EDGE_CURVE ( 'NONE', #1111, #289, #686, .T. ) ;
#1272 = APPROVAL ( #1216, 'UNSPECIFIED' ) ;
#1273 = VERTEX_POINT ( 'NONE', #1083 ) ;
#1274 = DIRECTION ( 'NONE',  ( 0.000000000000000000, 0.000000000000000000, 1.000000000000000000 ) ) ;
#1275 = CARTESIAN_POINT ( 'NONE',  ( -5.480077554195744938, 3.851859888774471706E-31, 2.605077554195745826 ) ) ;
#1276 = FACE_OUTER_BOUND ( 'NONE', #566, .T. ) ;
#1277 = AXIS2_PLACEMENT_3D ( 'NONE', #1150, #1698, #1114 ) ;
#1278 = EDGE_LOOP ( 'NONE', ( #1711, #501 ) ) ;
#1279 = DIRECTION ( 'NONE',  ( -0.000000000000000000, -1.000000000000000000, -0.000000000000000000 ) ) ;
#1280 = ORIENTED_EDGE ( 'NONE', *, *, #1661, .F. ) ;
#1281 = CYLINDRICAL_SURFACE ( 'NONE', #1244, 2.874999999999999112 ) ;
#1282 = CARTESIAN_POINT ( 'NONE',  ( -5.480077554195743161, 3.851859888774471706E-31, -5.480077554195746714 ) ) ;
#1283 = CARTESIAN_POINT ( 'NONE',  ( -20.00000000000000355, 0.000000000000000000, 8.750000000000001776 ) ) ;
#1284 = VERTEX_POINT ( 'NONE', #1340 ) ;
#1285 = DIRECTION ( 'NONE',  ( 0.000000000000000000, 0.000000000000000000, -1.000000000000000000 ) ) ;
#1286 = CIRCLE ( 'NONE', #963, 1.700000000000000178 ) ;
#1287 = VECTOR ( 'NONE', #1311, 1000.000000000000000 ) ;
#1288 = EDGE_CURVE ( 'NONE', #539, #1779, #1074, .T. ) ;
#1289 = VECTOR ( 'NONE', #481, 1000.000000000000000 ) ;
#1290 = CC_DESIGN_APPROVAL ( #1719, ( #1214 ) ) ;
#1291 = DIRECTION ( 'NONE',  ( -0.000000000000000000, 1.000000000000000000, -0.000000000000000000 ) ) ;
#1292 = TOROIDAL_SURFACE ( 'NONE', #1088, 10.75000000000000178, 1.000000000000000000 ) ;
#1293 = DIRECTION ( 'NONE',  ( 0.000000000000000000, 0.000000000000000000, 1.000000000000000000 ) ) ;
#1294 = VECTOR ( 'NONE', #1596, 1000.000000000000000 ) ;
#1295 = ORIENTED_EDGE ( 'NONE', *, *, #962, .F. ) ;
#1296 = LINE ( 'NONE', #580, #1357 ) ;
#1297 = DIRECTION ( 'NONE',  ( 0.000000000000000000, 0.000000000000000000, -1.000000000000000000 ) ) ;
#1298 = CARTESIAN_POINT ( 'NONE',  ( 19.99999999999999645, 5.500000000000000000, 8.749999999999998224 ) ) ;
#1299 = EDGE_CURVE ( 'NONE', #318, #892, #851, .T. ) ;
#1300 = DIRECTION ( 'NONE',  ( 0.000000000000000000, 0.000000000000000000, 1.000000000000000000 ) ) ;
#1301 = TOROIDAL_SURFACE ( 'NONE', #1723, 12.75000000000000178, 1.000000000000000000 ) ;
#1302 = EDGE_LOOP ( 'NONE', ( #634, #526 ) ) ;
#1303 = CARTESIAN_POINT ( 'NONE',  ( 5.480077554195744938, 3.400000000000000355, -5.480077554195744050 ) ) ;
#1304 = CARTESIAN_POINT ( 'NONE',  ( -20.00000000000000355, 5.500000000000000000, -8.749999999999996447 ) ) ;
#1305 = CARTESIAN_POINT ( 'NONE',  ( 24.49999999999999289, 0.000000000000000000, 14.34999999999999254 ) ) ;
#1306 = DIRECTION ( 'NONE',  ( -0.000000000000000000, 1.000000000000000000, -0.000000000000000000 ) ) ;
#1307 = CARTESIAN_POINT ( 'NONE',  ( 19.99999999999999645, 2.100000000000000089, 7.574999999999998401 ) ) ;
#1308 = ORIENTED_EDGE ( 'NONE', *, *, #577, .F. ) ;
#1309 = EDGE_CURVE ( 'NONE', #479, #14, #267, .T. ) ;
#1310 = VERTEX_POINT ( 'NONE', #109 ) ;
#1311 = DIRECTION ( 'NONE',  ( -0.000000000000000000, 1.000000000000000000, -0.000000000000000000 ) ) ;
#1312 = DIRECTION ( 'NONE',  ( -0.000000000000000000, 1.000000000000000000, -0.000000000000000000 ) ) ;
#1313 = CIRCLE ( 'NONE', #1481, 2.874999999999999112 ) ;
#1314 = CARTESIAN_POINT ( 'NONE',  ( 19.99999999999999645, 5.500000000000000000, -10.45000000000000284 ) ) ;
#1315 = AXIS2_PLACEMENT_3D ( 'NONE', #1477, #543, #260 ) ;
#1316 = CC_DESIGN_APPROVAL ( #1272, ( #1349 ) ) ;
#1317 = ORIENTED_EDGE ( 'NONE', *, *, #47, .F. ) ;
#1318 = CYLINDRICAL_SURFACE ( 'NONE', #940, 10.25000000000000000 ) ;
#1319 = VECTOR ( 'NONE', #1763, 1000.000000000000000 ) ;
#1320 = ORIENTED_EDGE ( 'NONE', *, *, #1126, .T. ) ;
#1321 = DIRECTION ( 'NONE',  ( -0.000000000000000000, -1.000000000000000000, -0.000000000000000000 ) ) ;
#1322 = AXIS2_PLACEMENT_3D ( 'NONE', #1331, #97, #644 ) ;
#1323 = ADVANCED_FACE ( 'NONE', ( #1358 ), #1217, .F. ) ;
#1324 = CARTESIAN_POINT ( 'NONE',  ( 19.99999999999999645, 0.000000000000000000, 12.14999999999999680 ) ) ;
#1325 = DIRECTION ( 'NONE',  ( 0.000000000000000000, -0.000000000000000000, 1.000000000000000000 ) ) ;
#1326 = ADVANCED_FACE ( 'NONE', ( #30 ), #820, .F. ) ;
#1327 = CARTESIAN_POINT ( 'NONE',  ( 19.99999999999999645, 2.100000000000000089, -10.45000000000000284 ) ) ;
#1328 = DIRECTION ( 'NONE',  ( -0.000000000000000000, 1.000000000000000000, -0.000000000000000000 ) ) ;
#1329 = EDGE_CURVE ( 'NONE', #35, #1759, #560, .T. ) ;
#1330 = ORIENTED_EDGE ( 'NONE', *, *, #427, .F. ) ;
#1331 = CARTESIAN_POINT ( 'NONE',  ( 19.99999999999999645, 0.000000000000000000, -10.45000000000000284 ) ) ;
#1332 = ORIENTED_EDGE ( 'NONE', *, *, #1445, .F. ) ;
#1333 = CARTESIAN_POINT ( 'NONE',  ( 0.000000000000000000, 5.500000000000000000, 0.000000000000000000 ) ) ;
#1334 = DIRECTION ( 'NONE',  ( 0.000000000000000000, 1.000000000000000000, 0.000000000000000000 ) ) ;
#1335 = DIRECTION ( 'NONE',  ( 0.000000000000000000, 0.000000000000000000, 1.000000000000000000 ) ) ;
#1336 = FACE_BOUND ( 'NONE', #1650, .T. ) ;
#1337 = EDGE_LOOP ( 'NONE', ( #1730, #1202, #811, #877 ) ) ;
#1338 = DIRECTION ( 'NONE',  ( 0.000000000000000000, 0.000000000000000000, 1.000000000000000000 ) ) ;
#1339 = CARTESIAN_POINT ( 'NONE',  ( 19.99999999999999645, 5.500000000000000000, -13.32500000000000107 ) ) ;
#1340 = CARTESIAN_POINT ( 'NONE',  ( -20.00000000000000355, 0.000000000000000000, -12.14999999999999503 ) ) ;
#1341 = ORIENTED_EDGE ( 'NONE', *, *, #1582, .F. ) ;
#1342 = DIRECTION ( 'NONE',  ( 0.000000000000000000, 0.000000000000000000, 1.000000000000000000 ) ) ;
#1343 = ADVANCED_FACE ( 'NONE', ( #1122 ), #697, .F. ) ;
#1344 = ORIENTED_EDGE ( 'NONE', *, *, #361, .F. ) ;
#1345 = FACE_OUTER_BOUND ( 'NONE', #1037, .T. ) ;
#1346 = ORIENTED_EDGE ( 'NONE', *, *, #1390, .T. ) ;
#1347 = CIRCLE ( 'NONE', #364, 2.874999999999994671 ) ;
#1348 = CARTESIAN_POINT ( 'NONE',  ( -5.480077554195744938, 0.000000000000000000, 8.355077554195736056 ) ) ;
#1349 = PRODUCT_DEFINITION_FORMATION_WITH_SPECIFIED_SOURCE ( 'ANY', '', #1509, .NOT_KNOWN. ) ;
#1350 = DIRECTION ( 'NONE',  ( -0.000000000000000000, -1.000000000000000000, -0.000000000000000000 ) ) ;
#1351 = CARTESIAN_POINT ( 'NONE',  ( -24.50000000000000355, 0.000000000000000000, 14.34999999999999787 ) ) ;
#1352 = DIRECTION ( 'NONE',  ( -0.000000000000000000, -1.000000000000000000, -0.000000000000000000 ) ) ;
#1353 = DIRECTION ( 'NONE',  ( -0.000000000000000000, -1.000000000000000000, -0.000000000000000000 ) ) ;
#1354 = LINE ( 'NONE', #935, #398 ) ;
#1355 = EDGE_LOOP ( 'NONE', ( #534, #995, #960, #230 ) ) ;
#1356 = VECTOR ( 'NONE', #455, 1000.000000000000000 ) ;
#1357 = VECTOR ( 'NONE', #1531, 1000.000000000000000 ) ;
#1358 = FACE_OUTER_BOUND ( 'NONE', #899, .T. ) ;
#1359 = EDGE_LOOP ( 'NONE', ( #1106, #1361 ) ) ;
#1360 = DIRECTION ( 'NONE',  ( 0.000000000000000000, 0.000000000000000000, -1.000000000000000000 ) ) ;
#1361 = ORIENTED_EDGE ( 'NONE', *, *, #1386, .T. ) ;
#1362 = APPROVAL_ROLE ( '' ) ;
#1363 = ORIENTED_EDGE ( 'NONE', *, *, #1132, .T. ) ;
#1364 = DIRECTION ( 'NONE',  ( 0.000000000000000000, 0.000000000000000000, 1.000000000000000000 ) ) ;
#1365 = DIRECTION ( 'NONE',  ( -0.000000000000000000, 1.000000000000000000, -0.000000000000000000 ) ) ;
#1366 = ORIENTED_EDGE ( 'NONE', *, *, #1208, .F. ) ;
#1367 = CARTESIAN_POINT ( 'NONE',  ( 5.480077554195744938, 0.000000000000000000, -5.480077554195744050 ) ) ;
#1368 = ORIENTED_EDGE ( 'NONE', *, *, #368, .F. ) ;
#1369 = AXIS2_PLACEMENT_3D ( 'NONE', #1133, #186, #727 ) ;
#1370 = CARTESIAN_POINT ( 'NONE',  ( -20.00000000000000355, 5.500000000000000000, 13.32500000000000107 ) ) ;
#1371 = AXIS2_PLACEMENT_3D ( 'NONE', #1638, #1393, #151 ) ;
#1372 = CIRCLE ( 'NONE', #1140, 1.000000000000000888 ) ;
#1373 = ORIENTED_EDGE ( 'NONE', *, *, #633, .F. ) ;
#1374 = LINE ( 'NONE', #1387, #51 ) ;
#1375 = CIRCLE ( 'NONE', #58, 1.700000000000000178 ) ;
#1376 = CARTESIAN_POINT ( 'NONE',  ( 19.99999999999999645, 5.500000000000000000, -10.45000000000000284 ) ) ;
#1377 = EDGE_LOOP ( 'NONE', ( #839, #753, #344, #1071 ) ) ;
#1378 = ADVANCED_FACE ( 'NONE', ( #1530 ), #984, .F. ) ;
#1379 = CARTESIAN_POINT ( 'NONE',  ( 19.99999999999999645, 5.500000000000000000, 12.14999999999999680 ) ) ;
#1380 = ORIENTED_EDGE ( 'NONE', *, *, #1575, .F. ) ;
#1381 = CARTESIAN_POINT ( 'NONE',  ( 5.480077554195742273, 3.851859888774471706E-31, 5.480077554195744050 ) ) ;
#1382 = EDGE_CURVE ( 'NONE', #35, #448, #308, .T. ) ;
#1383 = DATE_TIME_ROLE ( 'classification_date' ) ;
#1384 = VERTEX_POINT ( 'NONE', #961 ) ;
#1385 = DIRECTION ( 'NONE',  ( 1.000000000000000000, 0.000000000000000000, -7.080503983578804316E-17 ) ) ;
#1386 = EDGE_CURVE ( 'NONE', #937, #65, #1506, .T. ) ;
#1387 = CARTESIAN_POINT ( 'NONE',  ( 15.66666666666667673, 13.33333333333335879, 5.516666666666697694 ) ) ;
#1388 = EDGE_CURVE ( 'NONE', #4, #1751, #659, .T. ) ;
#1389 = DIRECTION ( 'NONE',  ( -0.000000000000000000, 1.000000000000000000, -0.000000000000000000 ) ) ;
#1390 = EDGE_CURVE ( 'NONE', #582, #1087, #878, .T. ) ;
#1391 = ORIENTED_EDGE ( 'NONE', *, *, #131, .F. ) ;
#1392 = PLANE ( 'NONE',  #146 ) ;
#1393 = DIRECTION ( 'NONE',  ( -0.000000000000000000, -1.000000000000000000, -0.000000000000000000 ) ) ;
#1394 = DIRECTION ( 'NONE',  ( 0.000000000000000000, 0.000000000000000000, -1.000000000000000000 ) ) ;
#1395 = DIRECTION ( 'NONE',  ( -0.000000000000000000, -1.000000000000000000, -0.000000000000000000 ) ) ;
#1396 = CIRCLE ( 'NONE', #1533, 1.000000000000000888 ) ;
#1397 = CIRCLE ( 'NONE', #141, 2.874999999999999112 ) ;
#1398 = ORIENTED_EDGE ( 'NONE', *, *, #620, .F. ) ;
#1399 = ADVANCED_FACE ( 'NONE', ( #1505, #681 ), #1654, .F. ) ;
#1400 = AXIS2_PLACEMENT_3D ( 'NONE', #90, #1350, #637 ) ;
#1401 = CIRCLE ( 'NONE', #738, 2.874999999999994671 ) ;
#1402 = DATE_TIME_ROLE ( 'creation_date' ) ;
#1403 = VERTEX_POINT ( 'NONE', #278 ) ;
#1404 = EDGE_LOOP ( 'NONE', ( #147, #653 ) ) ;
#1405 = DIRECTION ( 'NONE',  ( 0.000000000000000000, 0.000000000000000000, -1.000000000000000000 ) ) ;
#1406 = CARTESIAN_POINT ( 'NONE',  ( -20.00000000000000355, 5.500000000000000000, 7.575000000000003730 ) ) ;
#1407 = CARTESIAN_POINT ( 'NONE',  ( 5.480077554195742273, 5.500000000000000000, 5.480077554195744050 ) ) ;
#1408 = ORIENTED_EDGE ( 'NONE', *, *, #63, .F. ) ;
#1409 = FACE_BOUND ( 'NONE', #1584, .T. ) ;
#1410 = VERTEX_POINT ( 'NONE', #157 ) ;
#1411 = DIRECTION ( 'NONE',  ( 0.000000000000000000, 0.000000000000000000, 1.000000000000000000 ) ) ;
#1412 = PLANE ( 'NONE',  #902 ) ;
#1413 = DIRECTION ( 'NONE',  ( -1.000000000000000000, 0.000000000000000000, 7.080503983578804316E-17 ) ) ;
#1414 = CARTESIAN_POINT ( 'NONE',  ( 19.99999999999999645, 2.100000000000000089, -10.45000000000000284 ) ) ;
#1415 = VERTEX_POINT ( 'NONE', #548 ) ;
#1416 = CARTESIAN_POINT ( 'NONE',  ( 24.49999999999999645, 4.499999999999992006, -14.35000000000000142 ) ) ;
#1417 = VERTEX_POINT ( 'NONE', #704 ) ;
#1418 = DIRECTION ( 'NONE',  ( 0.000000000000000000, 0.000000000000000000, 1.000000000000000000 ) ) ;
#1419 = DIRECTION ( 'NONE',  ( 0.000000000000000000, 0.000000000000000000, 1.000000000000000000 ) ) ;
#1420 = FACE_OUTER_BOUND ( 'NONE', #672, .T. ) ;
#1421 = EDGE_CURVE ( 'NONE', #1751, #120, #408, .T. ) ;
#1422 = FACE_OUTER_BOUND ( 'NONE', #1192, .T. ) ;
#1423 = CIRCLE ( 'NONE', #1449, 2.874999999999995559 ) ;
#1424 = ORIENTED_EDGE ( 'NONE', *, *, #562, .F. ) ;
#1425 = AXIS2_PLACEMENT_3D ( 'NONE', #505, #1188, #1042 ) ;
#1426 = CARTESIAN_POINT ( 'NONE',  ( -20.00000000000000355, 2.100000000000000089, -10.44999999999999574 ) ) ;
#1427 = AXIS2_PLACEMENT_3D ( 'NONE', #441, #1279, #840 ) ;
#1428 = ORIENTED_EDGE ( 'NONE', *, *, #1073, .F. ) ;
#1429 = CARTESIAN_POINT ( 'NONE',  ( -5.480077554195743161, 3.400000000000000355, -5.480077554195746714 ) ) ;
#1430 = DIRECTION ( 'NONE',  ( 0.000000000000000000, 0.000000000000000000, 1.000000000000000000 ) ) ;
#1431 = DIRECTION ( 'NONE',  ( -0.000000000000000000, -1.000000000000000000, -0.000000000000000000 ) ) ;
#1432 = ORIENTED_EDGE ( 'NONE', *, *, #1271, .T. ) ;
#1433 = EDGE_CURVE ( 'NONE', #246, #894, #262, .T. ) ;
#1434 = CARTESIAN_POINT ( 'NONE',  ( -20.00000000000000355, 5.500000000000000000, 10.45000000000000284 ) ) ;
#1435 = ORIENTED_EDGE ( 'NONE', *, *, #1309, .F. ) ;
#1436 = ORIENTED_EDGE ( 'NONE', *, *, #751, .T. ) ;
#1437 = LINE ( 'NONE', #1748, #1567 ) ;
#1438 = DIRECTION ( 'NONE',  ( 0.000000000000000000, 0.000000000000000000, -1.000000000000000000 ) ) ;
#1439 = EDGE_CURVE ( 'NONE', #1725, #24, #830, .T. ) ;
#1440 = EDGE_LOOP ( 'NONE', ( #372, #34 ) ) ;
#1441 = DIRECTION ( 'NONE',  ( -1.000000000000000000, 0.000000000000000000, 7.080503983578804316E-17 ) ) ;
#1442 = ADVANCED_FACE ( 'NONE', ( #1233 ), #18, .F. ) ;
#1443 = ORIENTED_EDGE ( 'NONE', *, *, #1761, .T. ) ;
#1444 = DIRECTION ( 'NONE',  ( -0.000000000000000000, -1.000000000000000000, -0.000000000000000000 ) ) ;
#1445 = EDGE_CURVE ( 'NONE', #923, #1179, #1113, .T. ) ;
#1446 = CARTESIAN_POINT ( 'NONE',  ( 5.480077554195744938, 0.000000000000000000, -8.355077554195739609 ) ) ;
#1447 = EDGE_LOOP ( 'NONE', ( #973, #1186 ) ) ;
#1448 = ADVANCED_FACE ( 'NONE', ( #296 ), #841, .F. ) ;
#1449 = AXIS2_PLACEMENT_3D ( 'NONE', #390, #1478, #127 ) ;
#1450 = CIRCLE ( 'NONE', #1595, 1.700000000000012168 ) ;
#1451 = FACE_OUTER_BOUND ( 'NONE', #1065, .T. ) ;
#1452 = PRODUCT_RELATED_PRODUCT_CATEGORY ( 'detail', '', ( #1509 ) ) ;
#1453 = CARTESIAN_POINT ( 'NONE',  ( -5.480077554195743161, 3.400000000000000355, -7.180077554195758438 ) ) ;
#1454 = CIRCLE ( 'NONE', #1086, 11.75000000000000178 ) ;
#1455 = EDGE_LOOP ( 'NONE', ( #394, #33, #1521, #1604 ) ) ;
#1456 = DIRECTION ( 'NONE',  ( 0.000000000000000000, 0.000000000000000000, -1.000000000000000000 ) ) ;
#1457 = CIRCLE ( 'NONE', #1508, 2.874999999999994671 ) ;
#1458 = ORIENTED_EDGE ( 'NONE', *, *, #386, .T. ) ;
#1459 = DIRECTION ( 'NONE',  ( -0.000000000000000000, -1.000000000000000000, -0.000000000000000000 ) ) ;
#1460 = PLANE ( 'NONE',  #1776 ) ;
#1461 = DIRECTION ( 'NONE',  ( -0.000000000000000000, 1.000000000000000000, -0.000000000000000000 ) ) ;
#1462 = CARTESIAN_POINT ( 'NONE',  ( 19.99999999999999645, 2.100000000000000089, 10.44999999999999751 ) ) ;
#1463 = FACE_BOUND ( 'NONE', #615, .T. ) ;
#1464 = ORIENTED_EDGE ( 'NONE', *, *, #1125, .T. ) ;
#1465 = CARTESIAN_POINT ( 'NONE',  ( -5.480077554195744938, 3.400000000000000355, 5.480077554195741385 ) ) ;
#1466 = DIRECTION ( 'NONE',  ( 0.000000000000000000, 0.000000000000000000, 1.000000000000000000 ) ) ;
#1467 = DIRECTION ( 'NONE',  ( -0.000000000000000000, 1.000000000000000000, -0.000000000000000000 ) ) ;
#1468 = PERSON_AND_ORGANIZATION_ROLE ( 'design_owner' ) ;
#1469 = CARTESIAN_POINT ( 'NONE',  ( 24.49999999999999289, 0.000000000000000000, 14.34999999999999254 ) ) ;
#1470 = CARTESIAN_POINT ( 'NONE',  ( -5.480077554195743161, 3.400000000000000355, -2.605077554195750711 ) ) ;
#1471 = CARTESIAN_POINT ( 'NONE',  ( 19.99999999999999645, 5.500000000000000000, 7.574999999999998401 ) ) ;
#1472 = ORIENTED_EDGE ( 'NONE', *, *, #1382, .T. ) ;
#1473 = DIRECTION ( 'NONE',  ( 0.000000000000000000, 0.000000000000000000, -1.000000000000000000 ) ) ;
#1474 = EDGE_CURVE ( 'NONE', #1310, #710, #565, .T. ) ;
#1475 = CARTESIAN_POINT ( 'NONE',  ( 0.000000000000000000, 5.500000000000000000, 12.75000000000000178 ) ) ;
#1476 = CARTESIAN_POINT ( 'NONE',  ( -20.00000000000000355, 2.100000000000000089, 7.575000000000003730 ) ) ;
#1477 = CARTESIAN_POINT ( 'NONE',  ( 5.480077554195744938, 3.400000000000000355, -5.480077554195744050 ) ) ;
#1478 = DIRECTION ( 'NONE',  ( -0.000000000000000000, -1.000000000000000000, -0.000000000000000000 ) ) ;
#1479 = ORIENTED_EDGE ( 'NONE', *, *, #737, .T. ) ;
#1480 = CIRCLE ( 'NONE', #1226, 1.700000000000000178 ) ;
#1481 = AXIS2_PLACEMENT_3D ( 'NONE', #583, #446, #1536 ) ;
#1482 = CIRCLE ( 'NONE', #689, 12.75000000000000178 ) ;
#1483 = EDGE_LOOP ( 'NONE', ( #96, #83, #94, #1697 ) ) ;
#1484 = DIRECTION ( 'NONE',  ( 0.000000000000000000, 0.000000000000000000, -1.000000000000000000 ) ) ;
#1485 = AXIS2_PLACEMENT_3D ( 'NONE', #1465, #243, #1473 ) ;
#1486 = VERTEX_POINT ( 'NONE', #170 ) ;
#1487 = DIRECTION ( 'NONE',  ( 0.5773502691896245098, 0.5773502691896285066, 0.5773502691896245098 ) ) ;
#1488 = ORIENTED_EDGE ( 'NONE', *, *, #752, .T. ) ;
#1489 = CIRCLE ( 'NONE', #236, 10.25000000000000000 ) ;
#1490 = CYLINDRICAL_SURFACE ( 'NONE', #516, 1.700000000000000178 ) ;
#1491 = EDGE_LOOP ( 'NONE', ( #1182, #1139 ) ) ;
#1492 = CARTESIAN_POINT ( 'NONE',  ( 0.000000000000000000, 6.500000000000000000, 0.000000000000000000 ) ) ;
#1493 = EDGE_LOOP ( 'NONE', ( #1687, #640 ) ) ;
#1494 = EDGE_CURVE ( 'NONE', #1090, #461, #1050, .T. ) ;
#1495 = CARTESIAN_POINT ( 'NONE',  ( -20.00000000000000355, 2.100000000000000089, 10.45000000000000284 ) ) ;
#1496 = EDGE_CURVE ( 'NONE', #906, #1194, #762, .T. ) ;
#1497 = CIRCLE ( 'NONE', #189, 2.874999999999999112 ) ;
#1498 = CARTESIAN_POINT ( 'NONE',  ( 19.99999999999999645, 5.500000000000000000, 13.32499999999999574 ) ) ;
#1499 = ORIENTED_EDGE ( 'NONE', *, *, #682, .F. ) ;
#1500 = DIRECTION ( 'NONE',  ( -0.000000000000000000, -1.000000000000000000, -0.000000000000000000 ) ) ;
#1501 = EDGE_CURVE ( 'NONE', #1310, #246, #1098, .T. ) ;
#1502 = VERTEX_POINT ( 'NONE', #699 ) ;
#1503 = AXIS2_PLACEMENT_3D ( 'NONE', #1367, #1353, #140 ) ;
#1504 = AXIS2_PLACEMENT_3D ( 'NONE', #80, #222, #208 ) ;
#1505 = FACE_BOUND ( 'NONE', #771, .T. ) ;
#1506 = CIRCLE ( 'NONE', #365, 1.700000000000000178 ) ;
#1507 = CC_DESIGN_APPROVAL ( #954, ( #1054 ) ) ;
#1508 = AXIS2_PLACEMENT_3D ( 'NONE', #1063, #502, #1456 ) ;
#1509 = PRODUCT ( 'LID', 'LID', '', ( #517 ) ) ;
#1510 = ORIENTED_EDGE ( 'NONE', *, *, #915, .T. ) ;
#1511 = DIRECTION ( 'NONE',  ( -0.000000000000000000, -1.000000000000000000, -0.000000000000000000 ) ) ;
#1512 = TOROIDAL_SURFACE ( 'NONE', #1141, 10.75000000000000178, 1.000000000000000000 ) ;
#1513 = DIRECTION ( 'NONE',  ( -0.5773502691896245098, -0.5773502691896285066, 0.5773502691896240657 ) ) ;
#1514 = SHAPE_DEFINITION_REPRESENTATION ( #425, #110 ) ;
#1515 = ORIENTED_EDGE ( 'NONE', *, *, #962, .T. ) ;
#1516 = EDGE_CURVE ( 'NONE', #1751, #4, #1313, .T. ) ;
#1517 = DIRECTION ( 'NONE',  ( 0.000000000000000000, 0.000000000000000000, 1.000000000000000000 ) ) ;
#1518 = ORIENTED_EDGE ( 'NONE', *, *, #742, .T. ) ;
#1519 = CARTESIAN_POINT ( 'NONE',  ( -20.00000000000000355, 5.500000000000000000, 10.45000000000000284 ) ) ;
#1520 = EDGE_CURVE ( 'NONE', #1087, #468, #733, .T. ) ;
#1521 = ORIENTED_EDGE ( 'NONE', *, *, #474, .T. ) ;
#1522 = DIRECTION ( 'NONE',  ( 0.000000000000000000, 0.000000000000000000, 1.000000000000000000 ) ) ;
#1523 = CARTESIAN_POINT ( 'NONE',  ( -5.480077554195744938, 5.500000000000000000, 7.180077554195739786 ) ) ;
#1524 = ADVANCED_FACE ( 'NONE', ( #1276 ), #280, .F. ) ;
#1525 = DIRECTION ( 'NONE',  ( -0.000000000000000000, -1.000000000000000000, -0.000000000000000000 ) ) ;
#1526 = CARTESIAN_POINT ( 'NONE',  ( -5.480077554195743161, 5.500000000000000000, -7.180077554195745115 ) ) ;
#1527 = VERTEX_POINT ( 'NONE', #38 ) ;
#1528 = PLANE ( 'NONE',  #86 ) ;
#1529 = ORIENTED_EDGE ( 'NONE', *, *, #890, .F. ) ;
#1530 = FACE_OUTER_BOUND ( 'NONE', #462, .T. ) ;
#1531 = DIRECTION ( 'NONE',  ( 1.208866533781747403E-16, 0.000000000000000000, -1.000000000000000000 ) ) ;
#1532 = CARTESIAN_POINT ( 'NONE',  ( -5.480077554195744938, 0.000000000000000000, 5.480077554195741385 ) ) ;
#1533 = AXIS2_PLACEMENT_3D ( 'NONE', #741, #346, #1691 ) ;
#1534 = AXIS2_PLACEMENT_3D ( 'NONE', #845, #1389, #1665 ) ;
#1535 = AXIS2_PLACEMENT_3D ( 'NONE', #647, #245, #1737 ) ;
#1536 = DIRECTION ( 'NONE',  ( 0.000000000000000000, 0.000000000000000000, 1.000000000000000000 ) ) ;
#1537 = AXIS2_PLACEMENT_3D ( 'NONE', #362, #514, #1055 ) ;
#1538 = AXIS2_PLACEMENT_3D ( 'NONE', #477, #1019, #1743 ) ;
#1539 = PERSON_AND_ORGANIZATION ( #724, #423 ) ;
#1540 = ORIENTED_EDGE ( 'NONE', *, *, #183, .F. ) ;
#1541 = DIRECTION ( 'NONE',  ( 0.000000000000000000, -0.000000000000000000, -1.000000000000000000 ) ) ;
#1542 = VERTEX_POINT ( 'NONE', #1526 ) ;
#1543 = FACE_OUTER_BOUND ( 'NONE', #585, .T. ) ;
#1544 = DIRECTION ( 'NONE',  ( -0.000000000000000000, 1.000000000000000000, -0.000000000000000000 ) ) ;
#1545 = CARTESIAN_POINT ( 'NONE',  ( -5.480077554195743161, 3.851859888774471706E-31, -2.605077554195750711 ) ) ;
#1546 = CARTESIAN_POINT ( 'NONE',  ( -20.00000000000000355, 5.500000000000000000, -7.574999999999996625 ) ) ;
#1547 = APPROVAL_DATE_TIME ( #57, #1272 ) ;
#1548 = ORIENTED_EDGE ( 'NONE', *, *, #368, .T. ) ;
#1549 = ORIENTED_EDGE ( 'NONE', *, *, #417, .F. ) ;
#1550 = DIRECTION ( 'NONE',  ( 0.000000000000000000, 0.000000000000000000, 1.000000000000000000 ) ) ;
#1551 = CARTESIAN_POINT ( 'NONE',  ( -5.480077554195744938, 0.000000000000000000, 2.605077554195745826 ) ) ;
#1552 = LINE ( 'NONE', #1061, #1740 ) ;
#1553 = CARTESIAN_POINT ( 'NONE',  ( 24.49999999999999645, 5.500000000000000000, -14.35000000000000142 ) ) ;
#1554 = DIRECTION ( 'NONE',  ( 0.000000000000000000, 0.000000000000000000, 1.000000000000000000 ) ) ;
#1555 = ORIENTED_EDGE ( 'NONE', *, *, #1029, .F. ) ;
#1556 = ADVANCED_FACE ( 'NONE', ( #589 ), #1647, .F. ) ;
#1557 = VECTOR ( 'NONE', #1365, 1000.000000000000000 ) ;
#1558 = EDGE_LOOP ( 'NONE', ( #1249, #1346, #1259, #614 ) ) ;
#1559 = DIRECTION ( 'NONE',  ( -0.000000000000000000, 1.000000000000000000, -0.000000000000000000 ) ) ;
#1560 = CARTESIAN_POINT ( 'NONE',  ( 0.000000000000000000, 5.500000000000000000, 0.000000000000000000 ) ) ;
#1561 = EDGE_CURVE ( 'NONE', #1635, #463, #1374, .T. ) ;
#1562 = CARTESIAN_POINT ( 'NONE',  ( 19.99999999999999645, 0.000000000000000000, -8.750000000000001776 ) ) ;
#1563 = AXIS2_PLACEMENT_3D ( 'NONE', #1753, #528, #1619 ) ;
#1564 = CIRCLE ( 'NONE', #1196, 1.700000000000000178 ) ;
#1565 = ORIENTED_EDGE ( 'NONE', *, *, #470, .T. ) ;
#1566 = CARTESIAN_POINT ( 'NONE',  ( 5.480077554195744938, 5.500000000000000000, -5.480077554195744050 ) ) ;
#1567 = VECTOR ( 'NONE', #1185, 1000.000000000000000 ) ;
#1568 = EDGE_LOOP ( 'NONE', ( #795, #238 ) ) ;
#1569 = ORIENTED_EDGE ( 'NONE', *, *, #663, .T. ) ;
#1570 = EDGE_CURVE ( 'NONE', #649, #152, #419, .T. ) ;
#1571 = DIRECTION ( 'NONE',  ( 0.000000000000000000, 1.000000000000000000, 0.000000000000000000 ) ) ;
#1572 = DIRECTION ( 'NONE',  ( -0.000000000000000000, 1.000000000000000000, -0.000000000000000000 ) ) ;
#1573 = EDGE_CURVE ( 'NONE', #205, #1403, #1450, .T. ) ;
#1574 = VERTEX_POINT ( 'NONE', #832 ) ;
#1575 = EDGE_CURVE ( 'NONE', #1130, #831, #1347, .T. ) ;
#1576 = DIRECTION ( 'NONE',  ( -0.000000000000000000, 1.000000000000000000, -0.000000000000000000 ) ) ;
#1577 = AXIS2_PLACEMENT_3D ( 'NONE', #1014, #997, #1418 ) ;
#1578 = ORIENTED_EDGE ( 'NONE', *, *, #1073, .T. ) ;
#1579 = EDGE_CURVE ( 'NONE', #468, #546, #483, .T. ) ;
#1580 = VERTEX_POINT ( 'NONE', #974 ) ;
#1581 = CARTESIAN_POINT ( 'NONE',  ( 15.66666666666668029, 13.33333333333335524, -5.516666666666699470 ) ) ;
#1582 = EDGE_CURVE ( 'NONE', #120, #279, #283, .T. ) ;
#1583 = LINE ( 'NONE', #1298, #17 ) ;
#1584 = EDGE_LOOP ( 'NONE', ( #1344, #1373 ) ) ;
#1585 = LINE ( 'NONE', #354, #1294 ) ;
#1586 = DIRECTION ( 'NONE',  ( 0.7071067811865493491, 0.7071067811865456854, 8.547977235865524545E-17 ) ) ;
#1587 = VERTEX_POINT ( 'NONE', #1178 ) ;
#1588 = VECTOR ( 'NONE', #1312, 1000.000000000000000 ) ;
#1589 = CARTESIAN_POINT ( 'NONE',  ( -20.00000000000000355, 0.000000000000000000, -8.749999999999996447 ) ) ;
#1590 = EDGE_LOOP ( 'NONE', ( #1424, #792, #449, #1156 ) ) ;
#1591 = DIRECTION ( 'NONE',  ( -0.000000000000000000, -1.000000000000000000, -0.000000000000000000 ) ) ;
#1592 = DIRECTION ( 'NONE',  ( 1.000000000000000000, -0.000000000000000000, 1.224646799147353207E-16 ) ) ;
#1593 = ORIENTED_EDGE ( 'NONE', *, *, #818, .F. ) ;
#1594 = AXIS2_PLACEMENT_3D ( 'NONE', #664, #1752, #389 ) ;
#1595 = AXIS2_PLACEMENT_3D ( 'NONE', #556, #1511, #290 ) ;
#1596 = DIRECTION ( 'NONE',  ( -0.000000000000000000, 1.000000000000000000, -0.000000000000000000 ) ) ;
#1597 = AXIS2_PLACEMENT_3D ( 'NONE', #1261, #165, #1240 ) ;
#1598 = EDGE_LOOP ( 'NONE', ( #823, #1721 ) ) ;
#1599 = DIRECTION ( 'NONE',  ( 0.000000000000000000, 0.000000000000000000, 1.000000000000000000 ) ) ;
#1600 = AXIS2_PLACEMENT_3D ( 'NONE', #1675, #450, #319 ) ;
#1601 = ORIENTED_EDGE ( 'NONE', *, *, #495, .T. ) ;
#1602 = DIRECTION ( 'NONE',  ( -0.000000000000000000, -1.000000000000000000, -0.000000000000000000 ) ) ;
#1603 = CIRCLE ( 'NONE', #1057, 2.874999999999999112 ) ;
#1604 = ORIENTED_EDGE ( 'NONE', *, *, #1121, .F. ) ;
#1605 = DIRECTION ( 'NONE',  ( 0.000000000000000000, 0.000000000000000000, -1.000000000000000000 ) ) ;
#1606 = APPLICATION_PROTOCOL_DEFINITION ( 'international standard', 'config_control_design', 1994, #885 ) ;
#1607 = LINE ( 'NONE', #648, #968 ) ;
#1608 = ORIENTED_EDGE ( 'NONE', *, *, #1655, .T. ) ;
#1609 = FACE_OUTER_BOUND ( 'NONE', #1377, .T. ) ;
#1610 = ORIENTED_EDGE ( 'NONE', *, *, #1496, .F. ) ;
#1611 = PLANE ( 'NONE',  #336 ) ;
#1612 = ORIENTED_EDGE ( 'NONE', *, *, #915, .F. ) ;
#1613 = EDGE_CURVE ( 'NONE', #2, #1486, #1036, .T. ) ;
#1614 = DIRECTION ( 'NONE',  ( 0.000000000000000000, 0.000000000000000000, -1.000000000000000000 ) ) ;
#1615 = ORIENTED_EDGE ( 'NONE', *, *, #492, .T. ) ;
#1616 = DIRECTION ( 'NONE',  ( -0.000000000000000000, -1.000000000000000000, -0.000000000000000000 ) ) ;
#1617 = FACE_OUTER_BOUND ( 'NONE', #1440, .T. ) ;
#1618 = FACE_OUTER_BOUND ( 'NONE', #1355, .T. ) ;
#1619 = DIRECTION ( 'NONE',  ( 0.000000000000000000, 0.000000000000000000, -1.000000000000000000 ) ) ;
#1620 = ORIENTED_EDGE ( 'NONE', *, *, #571, .T. ) ;
#1621 = FACE_OUTER_BOUND ( 'NONE', #53, .T. ) ;
#1622 = CARTESIAN_POINT ( 'NONE',  ( 5.480077554195744938, 3.851859888774471706E-31, -5.480077554195744050 ) ) ;
#1623 = EDGE_CURVE ( 'NONE', #582, #1067, #1396, .T. ) ;
#1624 = DIRECTION ( 'NONE',  ( -1.000000000000000000, 0.000000000000000000, 1.062075597536820771E-16 ) ) ;
#1625 = DIRECTION ( 'NONE',  ( -1.208866533781747403E-16, -0.000000000000000000, 1.000000000000000000 ) ) ;
#1626 = AXIS2_PLACEMENT_3D ( 'NONE', #1017, #341, #1736 ) ;
#1627 = ORIENTED_EDGE ( 'NONE', *, *, #1655, .F. ) ;
#1628 = CIRCLE ( 'NONE', #50, 1.700000000000000178 ) ;
#1629 = CIRCLE ( 'NONE', #1683, 10.25000000000000000 ) ;
#1630 = CIRCLE ( 'NONE', #852, 2.874999999999999112 ) ;
#1631 = DIRECTION ( 'NONE',  ( 0.000000000000000000, 0.000000000000000000, -1.000000000000000000 ) ) ;
#1632 = EDGE_LOOP ( 'NONE', ( #272, #1754, #716, #1432 ) ) ;
#1633 = DIRECTION ( 'NONE',  ( 0.000000000000000000, 0.000000000000000000, 1.000000000000000000 ) ) ;
#1634 = EDGE_CURVE ( 'NONE', #14, #921, #891, .T. ) ;
#1635 = VERTEX_POINT ( 'NONE', #864 ) ;
#1636 = EDGE_CURVE ( 'NONE', #1502, #318, #1159, .T. ) ;
#1637 = CARTESIAN_POINT ( 'NONE',  ( 19.99999999999999645, 2.100000000000000089, -10.45000000000000284 ) ) ;
#1638 = CARTESIAN_POINT ( 'NONE',  ( -5.480077554195744938, 0.000000000000000000, 5.480077554195741385 ) ) ;
#1639 = EDGE_CURVE ( 'NONE', #78, #1587, #1583, .T. ) ;
#1640 = DIRECTION ( 'NONE',  ( -0.000000000000000000, -1.000000000000000000, -0.000000000000000000 ) ) ;
#1641 = ORIENTED_EDGE ( 'NONE', *, *, #203, .F. ) ;
#1642 = CARTESIAN_POINT ( 'NONE',  ( -20.00000000000000355, 2.100000000000000089, -10.44999999999999574 ) ) ;
#1643 = ORIENTED_EDGE ( 'NONE', *, *, #869, .T. ) ;
#1644 = DIRECTION ( 'NONE',  ( -0.000000000000000000, 1.000000000000000000, -0.000000000000000000 ) ) ;
#1645 = AXIS2_PLACEMENT_3D ( 'NONE', #629, #769, #1624 ) ;
#1646 = ORIENTED_EDGE ( 'NONE', *, *, #1573, .T. ) ;
#1647 = CYLINDRICAL_SURFACE ( 'NONE', #1741, 2.874999999999999112 ) ;
#1648 = CARTESIAN_POINT ( 'NONE',  ( 19.99999999999999645, 5.500000000000000000, -10.45000000000000284 ) ) ;
#1649 = APPROVAL_STATUS ( 'not_yet_approved' ) ;
#1650 = EDGE_LOOP ( 'NONE', ( #1408, #1499 ) ) ;
#1651 = AXIS2_PLACEMENT_3D ( 'NONE', #1144, #1395, #312 ) ;
#1652 = APPLICATION_CONTEXT ( 'configuration controlled 3d designs of mechanical parts and assemblies' ) ;
#1653 = CIRCLE ( 'NONE', #1504, 1.700000000000012168 ) ;
#1654 = PLANE ( 'NONE',  #20 ) ;
#1655 = EDGE_CURVE ( 'NONE', #888, #1079, #1653, .T. ) ;
#1656 = TOROIDAL_SURFACE ( 'NONE', #1600, 12.75000000000000178, 1.000000000000000000 ) ;
#1657 = ORIENTED_EDGE ( 'NONE', *, *, #1636, .F. ) ;
#1658 = CARTESIAN_POINT ( 'NONE',  ( -5.480077554195744938, 3.400000000000000355, 5.480077554195741385 ) ) ;
#1659 = ORIENTED_EDGE ( 'NONE', *, *, #1570, .T. ) ;
#1660 = CARTESIAN_POINT ( 'NONE',  ( 21.69999999999999574, 2.100000000000000089, 10.44999999999999751 ) ) ;
#1661 = EDGE_CURVE ( 'NONE', #936, #1635, #747, .T. ) ;
#1662 = DIRECTION ( 'NONE',  ( 0.000000000000000000, 0.000000000000000000, -1.000000000000000000 ) ) ;
#1663 = CARTESIAN_POINT ( 'NONE',  ( -5.480077554195743161, 0.000000000000000000, -7.180077554195751333 ) ) ;
#1664 = EDGE_LOOP ( 'NONE', ( #184, #142, #1565, #490 ) ) ;
#1665 = DIRECTION ( 'NONE',  ( 0.000000000000000000, 0.000000000000000000, 1.000000000000000000 ) ) ;
#1666 = APPROVAL_STATUS ( 'not_yet_approved' ) ;
#1667 = APPROVAL_ROLE ( '' ) ;
#1668 = ORIENTED_EDGE ( 'NONE', *, *, #1148, .F. ) ;
#1669 = CARTESIAN_POINT ( 'NONE',  ( -20.00000000000000355, 5.500000000000000000, 10.45000000000000284 ) ) ;
#1670 = DIRECTION ( 'NONE',  ( -0.000000000000000000, -1.000000000000000000, -0.000000000000000000 ) ) ;
#1671 = LINE ( 'NONE', #1304, #227 ) ;
#1672 = ORIENTED_EDGE ( 'NONE', *, *, #1433, .F. ) ;
#1673 = DATE_AND_TIME ( #868, #568 ) ;
#1674 = EDGE_LOOP ( 'NONE', ( #1659, #949 ) ) ;
#1675 = CARTESIAN_POINT ( 'NONE',  ( 0.000000000000000000, 6.500000000000000000, 0.000000000000000000 ) ) ;
#1676 = ORIENTED_EDGE ( 'NONE', *, *, #1069, .T. ) ;
#1677 = CYLINDRICAL_SURFACE ( 'NONE', #137, 1.700000000000000178 ) ;
#1678 = CARTESIAN_POINT ( 'NONE',  ( -5.480077554195744938, 3.400000000000000355, 7.180077554195753109 ) ) ;
#1679 = DIRECTION ( 'NONE',  ( 0.000000000000000000, 0.000000000000000000, 1.000000000000000000 ) ) ;
#1680 = AXIS2_PLACEMENT_3D ( 'NONE', #687, #1231, #551 ) ;
#1681 = AXIS2_PLACEMENT_3D ( 'NONE', #617, #1572, #608 ) ;
#1682 = AXIS2_PLACEMENT_3D ( 'NONE', #1669, #972, #579 ) ;
#1683 = AXIS2_PLACEMENT_3D ( 'NONE', #540, #385, #646 ) ;
#1684 = VERTEX_POINT ( 'NONE', #1700 ) ;
#1685 = CIRCLE ( 'NONE', #22, 1.000000000000000888 ) ;
#1686 = EDGE_LOOP ( 'NONE', ( #405, #1215, #1004, #674 ) ) ;
#1687 = ORIENTED_EDGE ( 'NONE', *, *, #1474, .T. ) ;
#1688 = DIRECTION ( 'NONE',  ( 0.000000000000000000, 0.000000000000000000, 1.000000000000000000 ) ) ;
#1689 = DIRECTION ( 'NONE',  ( 7.510008571510434530E-17, 0.7071067811865447972, 0.7071067811865503483 ) ) ;
#1690 = LINE ( 'NONE', #665, #1250 ) ;
#1691 = DIRECTION ( 'NONE',  ( 1.224646799147351482E-16, 0.000000000000000000, -1.000000000000000000 ) ) ;
#1692 = EDGE_CURVE ( 'NONE', #78, #1725, #1564, .T. ) ;
#1693 = ORIENTED_EDGE ( 'NONE', *, *, #268, .T. ) ;
#1694 = FACE_OUTER_BOUND ( 'NONE', #135, .T. ) ;
#1695 = DIRECTION ( 'NONE',  ( 0.000000000000000000, 1.000000000000000000, 0.000000000000000000 ) ) ;
#1696 = EDGE_CURVE ( 'NONE', #710, #894, #494, .T. ) ;
#1697 = ORIENTED_EDGE ( 'NONE', *, *, #1309, .T. ) ;
#1698 = DIRECTION ( 'NONE',  ( -0.000000000000000000, 1.000000000000000000, -0.000000000000000000 ) ) ;
#1699 = FACE_BOUND ( 'NONE', #1674, .T. ) ;
#1700 = CARTESIAN_POINT ( 'NONE',  ( -20.00000000000000355, 5.500000000000000000, -13.32499999999999396 ) ) ;
#1701 = EDGE_LOOP ( 'NONE', ( #1363, #265 ) ) ;
#1702 = ADVANCED_FACE ( 'NONE', ( #62 ), #767, .F. ) ;
#1703 = DIRECTION ( 'NONE',  ( 0.000000000000000000, 1.000000000000000000, 0.000000000000000000 ) ) ;
#1704 = CARTESIAN_POINT ( 'NONE',  ( 0.000000000000000000, 7.500000000000000000, 0.000000000000000000 ) ) ;
#1705 = EDGE_LOOP ( 'NONE', ( #1436, #1398, #1252, #611 ) ) ;
#1706 = LINE ( 'NONE', #70, #908 ) ;
#1707 = DIRECTION ( 'NONE',  ( 0.000000000000000000, 0.000000000000000000, 1.000000000000000000 ) ) ;
#1708 = EDGE_CURVE ( 'NONE', #232, #1527, #397, .T. ) ;
#1709 = FACE_OUTER_BOUND ( 'NONE', #953, .T. ) ;
#1710 = CIRCLE ( 'NONE', #223, 2.874999999999995559 ) ;
#1711 = ORIENTED_EDGE ( 'NONE', *, *, #1262, .T. ) ;
#1712 = CIRCLE ( 'NONE', #167, 2.874999999999994671 ) ;
#1713 = DIRECTION ( 'NONE',  ( -0.000000000000000000, 1.000000000000000000, -0.000000000000000000 ) ) ;
#1714 = AXIS2_PLACEMENT_3D ( 'NONE', #182, #1291, #992 ) ;
#1715 = EDGE_CURVE ( 'NONE', #289, #1111, #1710, .T. ) ;
#1716 = EDGE_LOOP ( 'NONE', ( #1672, #254 ) ) ;
#1717 = FACE_BOUND ( 'NONE', #1701, .T. ) ;
#1718 = FACE_OUTER_BOUND ( 'NONE', #226, .T. ) ;
#1719 = APPROVAL ( #1649, 'UNSPECIFIED' ) ;
#1720 = DIRECTION ( 'NONE',  ( 0.000000000000000000, 0.000000000000000000, 1.000000000000000000 ) ) ;
#1721 = ORIENTED_EDGE ( 'NONE', *, *, #786, .F. ) ;
#1722 = DIRECTION ( 'NONE',  ( -0.000000000000000000, 1.000000000000000000, -0.000000000000000000 ) ) ;
#1723 = AXIS2_PLACEMENT_3D ( 'NONE', #860, #985, #334 ) ;
#1724 = CARTESIAN_POINT ( 'NONE',  ( -5.480077554195744938, 0.000000000000000000, 3.780077554195735878 ) ) ;
#1725 = VERTEX_POINT ( 'NONE', #1324 ) ;
#1726 = DIRECTION ( 'NONE',  ( 0.000000000000000000, 1.000000000000000000, 0.000000000000000000 ) ) ;
#1727 = CYLINDRICAL_SURFACE ( 'NONE', #484, 1.700000000000005285 ) ;
#1728 = DIRECTION ( 'NONE',  ( -0.000000000000000000, -1.000000000000000000, -0.000000000000000000 ) ) ;
#1729 = DIRECTION ( 'NONE',  ( 1.208866533781747403E-16, 0.000000000000000000, -1.000000000000000000 ) ) ;
#1730 = ORIENTED_EDGE ( 'NONE', *, *, #531, .F. ) ;
#1731 = FACE_OUTER_BOUND ( 'NONE', #1568, .T. ) ;
#1732 = ORIENTED_EDGE ( 'NONE', *, *, #1329, .F. ) ;
#1733 = FACE_OUTER_BOUND ( 'NONE', #402, .T. ) ;
#1734 = ORIENTED_EDGE ( 'NONE', *, *, #1256, .T. ) ;
#1735 = DIRECTION ( 'NONE',  ( 0.000000000000000000, 0.000000000000000000, -1.000000000000000000 ) ) ;
#1736 = DIRECTION ( 'NONE',  ( 0.000000000000000000, 0.000000000000000000, -1.000000000000000000 ) ) ;
#1737 = DIRECTION ( 'NONE',  ( 1.000000000000000000, 0.000000000000000000, 0.000000000000000000 ) ) ;
#1738 = DIRECTION ( 'NONE',  ( -0.000000000000000000, 1.000000000000000000, -0.000000000000000000 ) ) ;
#1739 = DIRECTION ( 'NONE',  ( 0.000000000000000000, 0.000000000000000000, 1.000000000000000000 ) ) ;
#1740 = VECTOR ( 'NONE', #329, 1000.000000000000000 ) ;
#1741 = AXIS2_PLACEMENT_3D ( 'NONE', #416, #825, #694 ) ;
#1742 = ADVANCED_FACE ( 'NONE', ( #1709 ), #200, .F. ) ;
#1743 = DIRECTION ( 'NONE',  ( 0.000000000000000000, 0.000000000000000000, -1.000000000000000000 ) ) ;
#1744 = AXIS2_PLACEMENT_3D ( 'NONE', #473, #587, #1015 ) ;
#1745 = CARTESIAN_POINT ( 'NONE',  ( 23.49999999999999289, 5.500000000000000000, 2.840836354387105658E-15 ) ) ;
#1746 = CIRCLE ( 'NONE', #1485, 2.874999999999995559 ) ;
#1747 = ORIENTED_EDGE ( 'NONE', *, *, #299, .T. ) ;
#1748 = CARTESIAN_POINT ( 'NONE',  ( -24.50000000000000355, 4.499999999999992006, 14.34999999999999787 ) ) ;
#1749 = ORIENTED_EDGE ( 'NONE', *, *, #815, .F. ) ;
#1750 = CARTESIAN_POINT ( 'NONE',  ( -24.50000000000000355, 0.000000000000000000, 14.34999999999999787 ) ) ;
#1751 = VERTEX_POINT ( 'NONE', #1009 ) ;
#1752 = DIRECTION ( 'NONE',  ( -0.000000000000000000, 1.000000000000000000, -0.000000000000000000 ) ) ;
#1753 = CARTESIAN_POINT ( 'NONE',  ( 5.480077554195742273, 0.000000000000000000, 5.480077554195744050 ) ) ;
#1754 = ORIENTED_EDGE ( 'NONE', *, *, #971, .F. ) ;
#1755 = DIRECTION ( 'NONE',  ( -0.000000000000000000, -1.000000000000000000, -0.000000000000000000 ) ) ;
#1756 = ADVANCED_FACE ( 'NONE', ( #91 ), #757, .F. ) ;
#1757 = VERTEX_POINT ( 'NONE', #1562 ) ;
#1758 = LINE ( 'NONE', #785, #567 ) ;
#1759 = VERTEX_POINT ( 'NONE', #884 ) ;
#1760 = LINE ( 'NONE', #115, #305 ) ;
#1761 = EDGE_CURVE ( 'NONE', #1580, #1245, #1161, .T. ) ;
#1762 = EDGE_LOOP ( 'NONE', ( #1540, #1515, #437, #512 ) ) ;
#1763 = DIRECTION ( 'NONE',  ( -0.000000000000000000, -1.000000000000000000, -0.000000000000000000 ) ) ;
#1764 = ADVANCED_FACE ( 'NONE', ( #1422 ), #1152, .F. ) ;
#1765 = ORIENTED_EDGE ( 'NONE', *, *, #890, .T. ) ;
#1766 = LINE ( 'NONE', #527, #82 ) ;
#1767 = EDGE_CURVE ( 'NONE', #539, #923, #623, .T. ) ;
#1768 = VECTOR ( 'NONE', #1729, 1000.000000000000000 ) ;
#1769 = ORIENTED_EDGE ( 'NONE', *, *, #1001, .F. ) ;
#1770 = VECTOR ( 'NONE', #1487, 1000.000000000000114 ) ;
#1771 = LOCAL_TIME ( 19, 36, 59.00000000000000000, #316 ) ;
#1772 = EDGE_CURVE ( 'NONE', #761, #1574, #452, .T. ) ;
#1773 = AXIS2_PLACEMENT_3D ( 'NONE', #98, #917, #1466 ) ;
#1774 = ORIENTED_EDGE ( 'NONE', *, *, #1288, .T. ) ;
#1775 = CARTESIAN_POINT ( 'NONE',  ( -24.50000000000000355, 5.500000000000000000, -14.34999999999999787 ) ) ;
#1776 = AXIS2_PLACEMENT_3D ( 'NONE', #870, #1012, #111 ) ;
#1777 = CC_DESIGN_DATE_AND_TIME_ASSIGNMENT ( #303, #1402, ( #1214 ) ) ;
#1778 = FACE_OUTER_BOUND ( 'NONE', #1632, .T. ) ;
#1779 = VERTEX_POINT ( 'NONE', #777 ) ;
ENDSEC;
END-ISO-10303-21;
